phrase,degree,degree_centrality,betweenness,closeness,eigenvector,pagerank,frequency,probability,degree_centrality_rank,betweenness_rank,closeness_rank,eigenvector_rank,pagerank_rank,avg_rank
杨柳,141,0.21139430284857572,0.00388544466505486,1.7730456203255827,0.0875775302921239,0.0026717813935722974,551,0.00356,2.0,5.0,3.0,2.0,2.0,2.8
春风,155,0.23238380809595202,0.0032101066583825207,1.7884048410161721,0.09869390790915913,0.0029448315191627043,1155,0.007463,1.0,15.0,1.0,1.0,1.0,3.8
惆怅,132,0.19790104947526235,0.004164584374479427,1.7736461743461163,0.07161197572247399,0.002454671741785362,785,0.005072,3.0,4.0,2.0,7.0,5.0,4.2
万里,130,0.19490254872563717,0.003453228340784563,1.763009538798793,0.0705790388377037,0.0024779145942853483,1462,0.009446,4.0,7.0,4.0,9.0,4.0,5.6
日暮,123,0.18440779610194902,0.003754879317098208,1.758508740295955,0.07156480523026536,0.002303677983496952,509,0.003289,6.0,6.0,5.0,8.0,10.0,7.0
行人,120,0.17991004497751123,0.003160581871226549,1.7429101264290805,0.06924557826455226,0.0023053901056987176,519,0.003353,8.5,17.0,9.0,12.0,9.0,11.1
落花,122,0.1829085457271364,0.0027958993476234857,1.7424651047785935,0.07387217792149488,0.002354102576254103,464,0.002998,7.0,28.0,10.0,4.0,7.0,11.2
芳草,116,0.17391304347826086,0.003228115671893783,1.7461783662558858,0.06674715529306263,0.002233738857407838,483,0.003121,11.0,14.0,7.0,16.0,15.0,12.6
歌舞,115,0.17241379310344826,0.0031425728577152865,1.7319497874467868,0.0694473558031384,0.002320810986163141,272,0.001757,12.0,18.0,14.0,11.0,8.0,12.6
花满,112,0.1679160419790105,0.003363183273228251,1.737764853601101,0.06417686412379166,0.0021509871181958394,171,0.001105,16.5,9.0,12.0,21.0,19.0,15.5
长安,111,0.1664167916041979,0.004340172256214235,1.746990097795589,0.05892381500245573,0.0021307908736883556,1033,0.006674,18.5,3.0,6.0,32.0,21.0,16.1
不归,108,0.1619190404797601,0.004637320979150065,1.7440970903236086,0.058164229376174374,0.0020465622353303316,297,0.001919,23.5,1.0,8.0,37.0,32.0,20.3
肠断,113,0.16941529235382308,0.0024582303442873157,1.7308829203934117,0.06729114253480227,0.002180434129960831,208,0.001344,14.5,49.0,15.0,13.0,17.0,21.7
断肠,108,0.1619190404797601,0.002980491736113925,1.7283602034091836,0.06369479140868013,0.002074690648301974,206,0.001331,23.5,25.0,18.0,23.0,29.0,23.7
年年,103,0.15442278860569714,0.003250626938782861,1.733745108973782,0.05829162631114997,0.001955201922379889,597,0.003857,34.0,12.0,13.0,35.0,44.0,27.6
离别,117,0.17541229385307347,0.002064283173728451,1.7383737770292884,0.06586081125091223,0.002258741880373274,312,0.002016,10.0,98.5,11.0,18.0,11.0,29.7
蛾眉,111,0.1664167916041979,0.002449225837531685,1.7129713116649705,0.06243062192214107,0.00223923519573541,197,0.001273,18.5,51.0,43.0,24.0,14.0,30.1
东风,110,0.1649175412293853,0.002129565847706777,1.7299782061651081,0.06947117837075366,0.002113186582749507,446,0.002882,20.5,90.0,16.0,10.0,26.0,32.5
今日,101,0.15142428785607195,0.00454952703828266,1.7295324530026976,0.05122455590961117,0.001975769658355198,1168,0.007547,39.5,2.0,17.0,87.0,39.0,36.9
垂杨,112,0.1679160419790105,0.0019584802193497847,1.7245041084371286,0.06679953939964796,0.0022093644247039254,144,0.00093,16.5,122.0,21.0,15.0,16.0,38.1
别离,101,0.15142428785607195,0.0025842934388661527,1.7159485548024007,0.05638730507711169,0.001962575156309178,537,0.00347,39.5,36.5,32.0,44.0,42.0,38.8
春草,101,0.15142428785607195,0.0023344183763973868,1.7199343973184453,0.05677468849365391,0.001965975714800471,353,0.002281,39.5,64.0,25.0,42.0,41.0,42.3
陌上,108,0.1619190404797601,0.001989995992994494,1.716050063679222,0.06505813145814755,0.002128957593368273,153,0.000989,23.5,116.0,30.0,20.0,22.0,42.3
依旧,98,0.14692653673163417,0.0032326179252715986,1.7156303098693788,0.05271328555216579,0.0019008623803392058,172,0.001111,47.0,13.0,34.0,71.0,58.0,44.6
高楼,101,0.15142428785607195,0.0023051537294415856,1.720023058417664,0.0543523858776686,0.0019697655919010534,274,0.00177,39.5,69.0,24.0,57.0,40.0,45.9
故乡,103,0.15442278860569714,0.002390696543620082,1.7190962190035386,0.0524328268608719,0.002019614890975115,349,0.002255,34.0,59.0,28.0,75.0,34.0,46.0
江上,99,0.14842578710644677,0.002667585126355741,1.7197387720414916,0.052551571459809245,0.0019026937992017057,708,0.004574,44.0,32.0,26.0,73.0,57.0,46.4
江城,99,0.14842578710644677,0.003040521781151466,1.7165733473570426,0.049326587002877204,0.0019390070895672921,175,0.001131,44.0,20.0,29.0,100.0,46.0,47.8
花落,103,0.15442278860569714,0.0019809914862388626,1.7152962761823067,0.062234802517207664,0.001989500244804799,456,0.002946,34.0,117.0,38.0,26.0,36.0,50.2
歌声,108,0.1619190404797601,0.0018954486720603662,1.7105864657219116,0.06171956441207561,0.0021209044577479856,155,0.001001,23.5,129.0,51.0,28.0,24.0,51.1
宫中,105,0.15742128935532235,0.002064283173728451,1.6981255499527257,0.06407981968716116,0.002152380231070051,164,0.00106,27.0,98.5,96.0,22.0,18.0,52.3
美人,114,0.17091454272863568,0.0015802909356132744,1.7210952192265936,0.07172945570811616,0.0022560648581183926,424,0.002739,13.0,209.0,23.0,6.0,12.0,52.6
春色,110,0.1649175412293853,0.0016928472700586644,1.7192195126950391,0.06656016209992768,0.0021204829990461613,356,0.0023,20.5,174.0,27.0,17.0,25.0,52.7
落日,99,0.14842578710644677,0.0024537280909095005,1.7156299480137376,0.05102633769870281,0.0019468669766495477,505,0.003263,44.0,50.0,35.0,90.0,45.0,52.8
走马,104,0.15592203898050974,0.0019404712058385223,1.709540029698683,0.05883298368870154,0.0020691456664284924,186,0.001202,30.0,125.0,58.0,33.0,30.0,55.2
东流,102,0.15292353823088456,0.0019134576855716287,1.7155927791919101,0.05604611386252859,0.0019956288980002225,240,0.001551,36.5,127.0,36.0,45.0,35.0,55.9
孤城,97,0.1454272863568216,0.0028949489219354287,1.7155013224174707,0.04778191514400236,0.0019146241178592987,163,0.001053,49.5,26.0,37.0,119.0,52.0,56.7
青山,96,0.14392803598200898,0.0025077551314432876,1.7160046783278609,0.05195576490819509,0.0018637844963456777,679,0.004387,55.0,44.0,31.0,83.0,75.0,57.6
孤舟,104,0.15592203898050974,0.0018279148713931323,1.7128312215943347,0.0558724196498265,0.002060614799218938,280,0.001809,30.0,142.0,44.0,46.0,31.0,58.6
罗衣,120,0.17991004497751123,0.0014137075606340975,1.7233171748362994,0.07294788757146949,0.0023896991407415416,142,0.000917,8.5,255.0,22.0,5.0,6.0,59.3
归客,113,0.16941529235382308,0.0015667841754798276,1.7249763678237608,0.058284906894479745,0.002243582940636139,115,0.000743,14.5,215.0,20.0,36.0,13.0,59.7
汉宫,104,0.15592203898050974,0.0017176096636366501,1.7106405587182887,0.06140624948869874,0.002093972672880542,138,0.000892,30.0,167.0,50.0,29.0,27.0,60.6
故园,96,0.14392803598200898,0.002431216824020422,1.7107866620023493,0.05086285650280165,0.0018584802202547567,297,0.001919,55.0,54.0,49.0,91.0,77.0,65.2
公子,94,0.1409295352323838,0.0022984003493748623,1.7113662576031776,0.05467069467837844,0.001833181039404846,275,0.001777,69.0,70.0,48.0,54.0,85.0,65.2
江水,96,0.14392803598200898,0.002044023033528281,1.7102474117238748,0.053393765706750904,0.001885094110710831,302,0.001951,55.0,102.0,53.0,63.0,66.0,67.8
梧桐,93,0.1394302848575712,0.0026225625925775852,1.7053749188521508,0.05213006426532601,0.0018435690560180203,160,0.001034,78.5,33.0,68.0,80.0,82.0,68.3
花枝,93,0.1394302848575712,0.0024177100638869756,1.7102316513643496,0.05288268433102866,0.0018272864836636564,195,0.00126,78.5,55.0,54.0,68.0,89.0,68.9
青楼,124,0.18590704647676162,0.001251626439032736,1.726507480657946,0.07811743436339869,0.0024787068856858027,150,0.000969,5.0,315.0,19.0,3.0,3.0,69.0
草色,102,0.15292353823088456,0.0016343179761470616,1.7117553724905186,0.05775713203782648,0.0020423594566530124,228,0.001473,36.5,193.0,46.0,40.0,33.0,69.7
白首,96,0.14392803598200898,0.0029894962428695564,1.7132207653966598,0.0439139452824846,0.0018989015562091232,262,0.001693,55.0,24.0,41.0,170.0,59.0,69.8
无限,93,0.1394302848575712,0.0023501762632197414,1.7156435662471148,0.05236770716993697,0.0018029354251069617,357,0.002307,78.5,63.0,33.0,76.0,100.0,70.1
秋风,96,0.14392803598200898,0.001877439658549104,1.7131441255284963,0.05482606093436079,0.0018689924026776725,758,0.004897,55.0,133.0,42.0,53.0,72.0,71.0
百花,98,0.14692653673163417,0.0018256637447042244,1.702834862118219,0.05694807457562268,0.001928670397596137,159,0.001027,47.0,143.0,81.0,41.0,48.0,72.0
佳期,93,0.1394302848575712,0.002365934150042096,1.7051717498709995,0.05329397133286808,0.0018230553170796996,168,0.001085,78.5,62.0,69.0,65.0,92.0,73.3
相送,95,0.1424287856071964,0.0023096559828194013,1.7105054554648145,0.04780026338965728,0.0018559850690884191,186,0.001202,62.0,68.0,52.0,118.0,79.0,75.8
今夜,91,0.136431784107946,0.0025190107648878266,1.708006628305111,0.05086134815835755,0.001797267818458858,197,0.001273,92.5,42.0,60.0,92.0,102.0,77.7
夕阳,94,0.1409295352323838,0.0022736379557968763,1.7020826428032536,0.050212549194662136,0.0018474101946053855,471,0.003043,69.0,74.0,85.0,95.0,81.0,80.8
柳色,93,0.1394302848575712,0.002001251626439033,1.6990690382977065,0.05450760044745223,0.0018785544538665617,156,0.001008,78.5,112.0,93.0,55.0,68.0,81.3
满地,96,0.14392803598200898,0.0017896457176816997,1.710110875436011,0.05061583034433578,0.0019136724979080038,120,0.000775,55.0,150.0,57.0,93.0,53.0,81.6
伤心,92,0.13793103448275862,0.002010256133194664,1.7116258953015941,0.05303273439235753,0.0018082556981750828,210,0.001357,86.5,110.0,47.0,66.0,99.0,81.7
白露,94,0.1409295352323838,0.002323162742952848,1.7032857134740178,0.04646590364027334,0.0019083656447530777,199,0.001286,69.0,66.0,78.0,141.0,55.0,81.8
相识,94,0.1409295352323838,0.0020957989473731602,1.7035536517391403,0.0477771131497866,0.0019044178102215145,215,0.001389,69.0,92.5,76.0,120.0,56.0,82.7
消息,91,0.136431784107946,0.0023997010503757133,1.7101896821630935,0.048499382748027134,0.0017804903174024455,244,0.001577,92.5,57.0,55.0,109.0,109.0,84.5
回首,91,0.136431784107946,0.00267884075980028,1.713352988257791,0.04630405326274603,0.0017694782700546253,545,0.003521,92.5,30.0,40.0,146.0,116.0,84.9
千里,90,0.13493253373313344,0.0024852438645542093,1.7118473441164541,0.049389107027882954,0.0017234699503119238,1316,0.008503,100.5,45.0,45.0,99.0,142.0,86.3
多情,95,0.1424287856071964,0.00169734952343648,1.7021516718094785,0.05510109943261903,0.001885103502499327,165,0.001066,62.0,173.0,84.0,52.0,65.0,87.2
明月,91,0.136431784107946,0.00207553880717299,1.7012583892029012,0.05360083804885514,0.0017937211524028437,926,0.005983,92.5,97.0,87.0,61.0,103.0,88.1
归心,92,0.13793103448275862,0.0022736379557968763,1.7085553769040758,0.047218410226079394,0.0018155708463485078,154,0.000995,86.5,74.0,59.0,130.0,96.0,89.1
风起,90,0.13493253373313344,0.0025392709050879965,1.7067469184697182,0.0482428379924223,0.0017499263344180507,359,0.00232,100.5,39.5,65.0,113.0,128.0,89.2
洛阳,89,0.13343328335832083,0.0025392709050879965,1.7036535906136667,0.049150854148652216,0.0017594459364183009,595,0.003844,108.0,39.5,75.0,103.0,121.0,89.3
秋草,94,0.1409295352323838,0.0018684351517934726,1.7101581901710214,0.04761843478638756,0.001861235515220432,206,0.001331,69.0,135.5,56.0,127.0,76.0,92.7
浮云,89,0.13343328335832083,0.0033136584860722794,1.7138085333157969,0.04319862363716878,0.0017508251922534258,386,0.002494,108.0,10.0,39.0,181.0,127.0,93.0
春水,92,0.13793103448275862,0.0017513765639702672,1.7038280679204825,0.053631478349864696,0.0018184724516021225,208,0.001344,86.5,156.0,73.0,60.0,95.0,94.1
花间,95,0.1424287856071964,0.001587044315679998,1.7062924347989528,0.05251984960598117,0.0018895134894334129,118,0.000762,62.0,205.0,67.0,74.0,63.0,94.2
天涯,93,0.1394302848575712,0.0018144081112596855,1.7073678721566965,0.04874034032464756,0.0018218148930039433,433,0.002798,78.5,145.0,61.0,107.0,93.0,96.9
鸳鸯,91,0.136431784107946,0.0017918968443706076,1.6929458307741805,0.05790710568165359,0.0018381414603446888,376,0.002429,92.5,149.0,123.0,38.0,84.0,97.3
相思,96,0.14392803598200898,0.0013866940403672039,1.7041341945535304,0.05777630786258267,0.0018857951992137206,778,0.005027,55.0,266.5,71.0,39.0,64.0,99.1
碧云,88,0.13193403298350825,0.0024649837243540394,1.6990472336633862,0.04737524011152987,0.0017590960216550917,206,0.001331,113.0,47.0,94.0,129.0,122.0,101.0
月落,94,0.1409295352323838,0.001550275913094504,1.7039240691787245,0.05235711978427883,0.0018753825124452274,135,0.000872,69.0,219.0,72.0,77.0,69.0,101.2
红粉,106,0.15892053973013492,0.0010730370550460506,1.7070138149600556,0.06517335102665445,0.0021351780787715,128,0.000827,26.0,390.0,64.0,19.0,20.0,103.8
楼上,100,0.14992503748125938,0.0011435723579651617,1.7066778175758384,0.06084136216556405,0.001985820109308834,234,0.001512,42.0,353.5,66.0,30.0,38.0,105.9
须臾,90,0.13493253373313344,0.00232091161626394,1.695972917646693,0.044010147065998324,0.0018240603573364044,152,0.000982,100.5,67.0,106.0,169.0,91.0,106.7
白云,89,0.13343328335832083,0.0028746887817352584,1.7038210301689714,0.04022453164191562,0.0017991611156186894,1135,0.007333,108.0,27.0,74.0,229.0,101.0,107.8
月满,87,0.13043478260869565,0.003003003003003003,1.704795312664521,0.04235497001265026,0.001717944471572968,164,0.00106,119.5,23.0,70.0,196.0,144.0,110.5
故人,87,0.13043478260869565,0.0025167596381989185,1.7071875218157513,0.04315688787078406,0.0017116886481663015,930,0.006009,119.5,43.0,63.0,183.0,152.0,112.1
暮雨,86,0.12893553223388304,0.002390696543620082,1.6944719995145325,0.047969015354236116,0.0017176029375982897,189,0.001221,130.5,59.0,114.0,116.0,146.0,113.1
朝朝,86,0.12893553223388304,0.0024829927378653017,1.693999402046148,0.047735574511397684,0.001705715929675856,178,0.00115,130.5,46.0,120.0,122.0,157.0,115.1
满眼,95,0.1424287856071964,0.0014137075606340975,1.6963322971226884,0.04845113211144946,0.0019162505294723093,115,0.000743,62.0,255.0,103.0,110.0,51.0,116.2
送客,93,0.1394302848575712,0.0013619316467892181,1.7026280472335567,0.05337930454451794,0.0018247664022964824,233,0.001505,78.5,270.0,82.0,64.0,90.0,116.9
杏花,92,0.13793103448275862,0.0014677346011678846,1.6894374209355318,0.055506302268581026,0.0018525500686792677,184,0.001189,86.5,238.0,144.0,48.0,80.0,119.3
王孙,90,0.13493253373313344,0.0014677346011678846,1.6947329992751192,0.05534746132790433,0.0018104782879389838,215,0.001389,100.5,238.0,111.0,50.0,98.0,119.5
桃李,95,0.1424287856071964,0.0013146579863221543,1.6881727558256487,0.056740519412253124,0.0018948854487533314,392,0.002533,62.0,281.0,152.0,43.0,60.0,119.6
关山,92,0.13793103448275862,0.001474487981234608,1.6877587163944656,0.053405603814793215,0.0018943195827836193,282,0.001822,86.5,235.0,155.0,62.0,62.0,120.1
连天,85,0.12743628185907047,0.002233117675396536,1.7028746190702029,0.04511329464168083,0.0017061900549215812,143,0.000924,142.0,79.0,80.0,159.0,156.0,123.2
风吹,83,0.12443778110944527,0.00301650976313645,1.7073287966578212,0.04776703172253931,0.0015864423469587694,836,0.005401,170.5,22.0,62.0,121.0,242.0,123.5
云间,87,0.13043478260869565,0.0022938980959970466,1.6975636485074288,0.042225548693983914,0.0017486746523868223,164,0.00106,119.5,71.0,100.0,200.0,129.0,123.9
黄昏,90,0.13493253373313344,0.0014497255876566222,1.7003912113258637,0.05140829546891975,0.001792814242722783,205,0.001325,100.5,244.0,88.0,86.0,104.0,124.5
玉楼,96,0.14392803598200898,0.0011345678512095303,1.6902083591811254,0.058412294327906816,0.001957393784887462,123,0.000795,55.0,361.5,136.0,34.0,43.0,125.9
少年,94,0.1409295352323838,0.0012876444660552607,1.6949195052106614,0.051744808245170276,0.001872154223576875,742,0.004794,69.0,296.0,110.0,85.0,70.0,126.0
流水,85,0.12743628185907047,0.0021520771145958554,1.6991009239303243,0.0459929139600177,0.001693867854102658,560,0.003618,142.0,87.0,92.0,150.0,163.0,126.8
看花,93,0.1394302848575712,0.0012786399592996296,1.69681205495062,0.052818769520339585,0.0018416133892502516,254,0.001641,78.5,302.5,101.0,69.0,83.0,126.8
江南,85,0.12743628185907047,0.0020057538798168486,1.7020456764499206,0.048854674077869455,0.0016546232071367726,708,0.004574,142.0,111.0,86.0,105.0,190.0,126.8
君恩,93,0.1394302848575712,0.0012696354525439982,1.6916559418131631,0.054398306589825154,0.0018688304096943153,152,0.000982,78.5,308.0,130.0,56.0,73.0,129.1
日晚,97,0.1454272863568216,0.0010422716569643106,1.69638770566129,0.05557699958088404,0.0019376290739787948,130,0.00084,49.5,401.0,102.0,47.0,47.0,129.3
莺啼,104,0.15592203898050974,0.0008441725083404244,1.6980355223379642,0.06700872946303699,0.0020877060844383777,122,0.000788,30.0,487.0,98.0,14.0,28.0,131.4
故国,88,0.13193403298350825,0.001832417124770948,1.6954653013875134,0.042590010633819037,0.001779659275993975,193,0.001247,113.0,141.0,107.0,191.0,110.0,132.4
摇落,86,0.12893553223388304,0.0022151086618852735,1.6930687152727049,0.043331756348417495,0.0017140132173767727,163,0.001053,130.5,82.0,122.0,180.0,149.0,132.7
他乡,93,0.1394302848575712,0.00127788958373666,1.7030799631738447,0.046581325208457564,0.001879177071714568,130,0.00084,78.5,304.0,79.0,136.0,67.0,132.9
武陵,84,0.12593703148425786,0.0022263642953298125,1.700175550645121,0.042705675416662175,0.0017001419956414914,230,0.001486,155.0,81.0,89.0,187.0,158.0,134.0
阑干,87,0.13043478260869565,0.0016455736095916007,1.6897111303037864,0.0498215349615414,0.0017452032559489741,157,0.001014,119.5,187.0,139.0,97.0,133.0,135.1
凄凉,84,0.12593703148425786,0.0025505265385325354,1.6979998295177623,0.04318133458211482,0.001640438678270515,165,0.001066,155.0,38.0,99.0,182.0,202.0,135.2
愁人,96,0.14392803598200898,0.0010130070100085092,1.6910486943657688,0.05967579469727317,0.0019229658181147944,148,0.000956,55.0,412.0,132.0,31.0,49.0,135.8
客心,90,0.13493253373313344,0.0014609812211011611,1.6925022353970678,0.04655278242701852,0.001829614705699359,132,0.000853,100.5,240.0,126.0,137.0,87.0,138.1
梨花,98,0.14692653673163417,0.0010512761637199418,1.6825505789776363,0.062361792963037864,0.0019876683578849545,147,0.00095,47.0,398.0,198.0,25.0,37.0,141.0
汀洲,94,0.1409295352323838,0.0011075543309426368,1.6927535598080756,0.05119718489115236,0.0019097029227211574,119,0.000769,69.0,374.5,124.0,88.0,54.0,141.9
颜色,88,0.13193403298350825,0.0015172593883238561,1.6915890055702631,0.04675949340257273,0.0017877065885310447,283,0.001828,113.0,227.5,131.0,134.0,106.0,142.3
烟波,85,0.12743628185907047,0.0022286154220187205,1.6945894700252986,0.04024702861490791,0.0017065774989868151,192,0.001241,142.0,80.0,113.0,226.0,155.0,143.2
花飞,88,0.13193403298350825,0.0012966489728108918,1.695081023538716,0.05203876711311951,0.0017478068402025449,128,0.000827,113.0,290.0,109.0,81.0,130.0,144.6
向东,86,0.12893553223388304,0.0016433224829026929,1.7021547472315002,0.044790733923127636,0.0016883706314467484,142,0.000917,130.5,188.0,83.0,163.0,165.0,145.9
所思,83,0.12443778110944527,0.002210606408507458,1.6927260058797788,0.04339704349823756,0.0016618640527184432,215,0.001389,170.5,84.0,125.0,178.0,185.0,148.5
行乐,104,0.15592203898050974,0.0007383695539617579,1.6900710210158154,0.062066981010840565,0.0021286172908232606,127,0.000821,30.0,535.0,137.0,27.0,23.0,150.4
无情,87,0.13043478260869565,0.0015262638950794872,1.6845017562395592,0.047885879385421055,0.0017642757358471636,201,0.001299,119.5,224.0,186.0,117.0,118.0,152.9
蹉跎,86,0.12893553223388304,0.0017941479710595154,1.6942641036767299,0.039839529585283,0.0017463654906487308,207,0.001337,130.5,148.0,118.0,237.0,131.0,152.9
去年,83,0.12443778110944527,0.0018549283916600259,1.6859599761948518,0.04813800251177286,0.0016791081215508433,259,0.001673,170.5,137.0,170.0,114.0,173.0,152.9
多少,81,0.12143928035982009,0.002615809212510862,1.698117072035259,0.041129030242426076,0.0016025001694168401,203,0.001312,193.5,34.0,97.0,213.0,229.0,153.3
芙蓉,86,0.12893553223388304,0.001575788682235459,1.6847599274188247,0.04903274011418611,0.0017317124150990893,468,0.003024,130.5,212.5,182.0,104.0,138.0,153.4
白发,83,0.12443778110944527,0.002669836253044649,1.6924514478181212,0.03772841478470106,0.0016963473496693295,542,0.003502,170.5,31.0,127.0,281.0,159.0,153.7
花开,84,0.12593703148425786,0.0018369193781487636,1.6866981586784027,0.0460825957872613,0.0016871257658295077,393,0.002539,155.0,139.0,164.0,149.0,166.0,154.6
行客,90,0.13493253373313344,0.0012133572853213035,1.6879923238713568,0.04829360393865555,0.0018283796276636764,136,0.000879,100.5,328.0,153.0,112.0,88.0,156.3
寂寞,82,0.12293853073463268,0.0022601311956634298,1.6940657159889887,0.042290862009690726,0.0016255795625733785,594,0.003838,182.0,77.0,119.0,197.0,210.0,157.0
花下,83,0.12443778110944527,0.0019629824727276004,1.69061297008159,0.044442789785356096,0.0016505519477589706,169,0.001092,170.5,120.5,135.0,165.0,194.0,157.0
寒食,91,0.136431784107946,0.0010535272904088496,1.6859136841311755,0.05542017405793757,0.0018572011419748164,366,0.002365,92.5,396.0,172.0,49.0,78.0,157.5
人归,81,0.12143928035982009,0.003174088631359996,1.703413183648313,0.03813582301917294,0.0015885482197616654,303,0.001958,193.5,16.0,77.0,264.0,241.0,158.3
相忆,90,0.13493253373313344,0.0011435723579651617,1.6897782947288957,0.048831253695602136,0.0018188022751342203,228,0.001473,100.5,353.5,138.0,106.0,94.0,158.4
花时,82,0.12293853073463268,0.0019922471196834016,1.6893585554447466,0.04560119072305201,0.0016242341611655774,176,0.001137,182.0,115.0,145.0,155.0,212.0,161.8
细雨,86,0.12893553223388304,0.0012448730589660125,1.6909613789288587,0.051902446308155666,0.0017164099952185373,146,0.000943,130.5,317.0,133.0,84.0,147.0,162.3
经过,82,0.12293853073463268,0.002210606408507458,1.6943797246711696,0.040403659529164984,0.0016251807964157198,183,0.001182,182.0,84.0,115.0,223.0,211.0,163.0
楼前,94,0.1409295352323838,0.0008081544813178997,1.6890540226050987,0.055191952750807426,0.0019194913572034163,116,0.000749,69.0,498.5,147.0,51.0,50.0,163.1
黄叶,84,0.12593703148425786,0.001776138957548253,1.6853169474640948,0.04303135514984134,0.00171356953583616,146,0.000943,155.0,153.0,176.0,184.0,150.0,163.6
君王,90,0.13493253373313344,0.0011120565843204524,1.6803202723692852,0.05408358585832955,0.0018663036518114153,391,0.002526,100.5,372.5,217.0,58.0,74.0,164.4
双飞,83,0.12443778110944527,0.0015172593883238561,1.688522027479939,0.04859113154669484,0.0016805695399523095,122,0.000788,170.5,227.5,149.0,108.0,172.0,165.4
风光,87,0.13043478260869565,0.0012291151721436579,1.6868912834151888,0.049268883388300606,0.0017368682644857926,223,0.001441,119.5,322.0,162.0,101.0,134.0,167.7
春来,89,0.13343328335832083,0.0010535272904088496,1.6896833500216375,0.05289923285139995,0.0017462278636277216,262,0.001693,108.0,396.0,140.0,67.0,132.0,168.6
巫峡,86,0.12893553223388304,0.0013596805201003103,1.6826994157680244,0.04649596491018687,0.0017738271210143042,158,0.001021,130.5,271.0,197.0,138.0,114.0,170.1
猿声,92,0.13793103448275862,0.0009342175758967363,1.6865367924777768,0.05048164855674589,0.0018945118691549077,125,0.000808,86.5,446.0,165.0,94.0,61.0,170.5
门前,79,0.1184407796101949,0.003025514269892081,1.6999948360426727,0.04005224094800729,0.0015458504397717304,381,0.002462,221.5,21.0,90.0,231.0,292.0,171.1
游人,84,0.12593703148425786,0.0016658337497917708,1.6830688157280325,0.04455905761239665,0.0016950311421208867,185,0.001195,155.0,181.5,193.0,164.0,162.0,171.1
秋色,84,0.12593703148425786,0.0016770893832363098,1.6846377014118232,0.04253521493080228,0.0017117225248450667,214,0.001383,155.0,177.0,183.0,193.0,151.0,171.8
白头,81,0.12143928035982009,0.001877439658549104,1.696331632742645,0.040947704656580215,0.001614530269598706,430,0.002778,193.5,133.0,104.0,215.0,218.0,172.7
独立,80,0.1199400299850075,0.0027103565334449893,1.6981709542945767,0.03694554905087989,0.0015922927671765538,182,0.001176,207.5,29.0,95.0,297.0,236.0,172.9
才子,80,0.1199400299850075,0.003115559337448393,1.6952912097150485,0.03563746637047534,0.0016370248849669402,200,0.001292,207.5,19.0,108.0,326.0,205.0,173.1
金谷,86,0.12893553223388304,0.0010805408106757432,1.6874775745109138,0.05274906649664008,0.0017529638583331831,146,0.000943,130.5,387.0,157.0,70.0,125.0,173.9
空馀,81,0.12143928035982009,0.002210606408507458,1.6906297507614818,0.03795189337156516,0.0016429396429083866,132,0.000853,193.5,84.0,134.0,269.0,198.0,175.7
梦魂,84,0.12593703148425786,0.001325163244203724,1.6895388559221525,0.04772662359585228,0.0016719624977796384,141,0.000911,155.0,279.0,142.0,123.0,180.0,175.8
阳城,81,0.12143928035982009,0.0018504261382822104,1.6895214378347212,0.04228961345895404,0.0016303712334089177,159,0.001027,193.5,138.0,143.0,198.0,208.0,176.1
烟雨,83,0.12443778110944527,0.0012966489728108918,1.6961427714623993,0.0463959101716478,0.001670535920666121,119,0.000769,170.5,290.0,105.0,144.0,182.0,178.3
楼台,83,0.12443778110944527,0.0016208112160136148,1.6892263435785333,0.04130604099889851,0.0016750811245399126,252,0.001628,170.5,198.5,146.0,210.0,176.0,180.2
春日,79,0.1184407796101949,0.0019674847261054156,1.6872766369527892,0.04593206433741771,0.001573413038112233,565,0.003651,221.5,118.5,159.0,151.0,257.0,181.4
独自,80,0.1199400299850075,0.0017603810707258983,1.6885551043844893,0.043414361588148945,0.0016101631555347203,184,0.001189,207.5,154.0,148.0,177.0,225.0,182.3
悠悠,80,0.1199400299850075,0.001999000499750125,1.6946892468654131,0.039874784594096345,0.0015822773875196173,741,0.004788,207.5,113.5,112.0,235.0,245.0,182.6
人间,79,0.1184407796101949,0.0034082058070064067,1.699257300745624,0.03273492039066907,0.0016293970990790836,891,0.005757,221.5,8.0,91.0,389.0,209.0,183.7
笙歌,80,0.1199400299850075,0.001728865297081189,1.6922366800378483,0.0421567823685719,0.0016134967306480428,284,0.001835,207.5,161.0,128.0,202.0,222.0,184.1
风景,79,0.1184407796101949,0.002390696543620082,1.6895535310465595,0.037863685148797205,0.0016005308097315285,212,0.00137,221.5,59.0,141.0,274.0,230.0,185.1
松柏,81,0.12143928035982009,0.0020462741602171887,1.6845181605642554,0.03823587523202639,0.0016581327221752834,171,0.001105,193.5,101.0,185.0,260.0,189.0,185.7
楚客,86,0.12893553223388304,0.0010962986974980978,1.687537990635763,0.04642905282450194,0.0017690298052119929,130,0.00084,130.5,384.0,156.0,143.0,117.0,186.1
日斜,85,0.12743628185907047,0.0012921467194330764,1.682320859841405,0.045053035238055664,0.0017286422729536608,136,0.000879,142.0,294.0,199.0,160.0,139.0,186.8
相逢,78,0.1169415292353823,0.002264633449041245,1.6943543171714888,0.03937917229935886,0.001558009787979117,644,0.004161,235.5,76.0,116.0,242.0,271.0,188.1
夜雨,80,0.1199400299850075,0.002401952177064621,1.6859803765331571,0.03787236896706166,0.001591242420334625,158,0.001021,207.5,56.0,169.0,273.0,237.0,188.5
月色,85,0.12743628185907047,0.0012943978461219842,1.680695950642551,0.04543997257800288,0.0017281250155607333,153,0.000989,142.0,292.5,214.0,157.0,140.0,189.1
鹧鸪,86,0.12893553223388304,0.0011458234846540693,1.6707755052547868,0.05201634928381505,0.0017840954284551835,153,0.000989,130.5,350.5,289.0,82.0,108.0,192.0
马上,77,0.11544227886056971,0.0022871447159303233,1.6919539972370061,0.04158044329602461,0.0015352401686403682,202,0.001305,253.5,72.0,129.0,206.0,300.0,192.1
湘水,81,0.12143928035982009,0.0016996006501253879,1.6798683245162074,0.041324195918318825,0.0016918399643646618,190,0.001228,193.5,172.0,225.0,209.0,164.0,192.7
叶落,84,0.12593703148425786,0.0011705858782320552,1.6883347429451883,0.04421679761341719,0.0017068025211942448,121,0.000782,155.0,341.0,150.0,167.0,154.0,193.4
绿杨,88,0.13193403298350825,0.0007856432144288216,1.685201065507914,0.053787111258613914,0.0017616695504858802,121,0.000782,113.0,510.0,177.0,59.0,120.0,195.8
迢递,79,0.1184407796101949,0.0019472245859052455,1.687364195484193,0.038857749032682236,0.0016032521778407884,203,0.001312,221.5,124.0,158.0,248.0,228.0,195.9
水流,81,0.12143928035982009,0.0014564789677233457,1.6862970009023281,0.04354165771470834,0.0016372714833203547,233,0.001505,193.5,241.0,166.0,175.0,204.0,195.9
扬州,84,0.12593703148425786,0.0012651331991661828,1.685036775915003,0.0441406012550999,0.0016858015242502788,194,0.001253,155.0,310.5,179.0,168.0,168.0,196.1
月明,84,0.12593703148425786,0.0010535272904088496,1.6872357569362806,0.05119191087632978,0.0016709105801547511,518,0.003347,155.0,396.0,160.0,89.0,181.0,196.2
花前,90,0.13493253373313344,0.0006955981468725097,1.6867520267887175,0.05223977181379342,0.0018312854502286354,141,0.000911,100.5,555.0,163.0,79.0,86.0,196.7
城中,77,0.11544227886056971,0.003264133698916308,1.69333323357815,0.036755953116179144,0.0015422320320335721,172,0.001111,253.5,11.0,121.0,304.0,297.0,197.3
经年,78,0.1169415292353823,0.0025842934388661527,1.6882753808087998,0.03690320976789597,0.0015645778217171498,176,0.001137,235.5,36.5,151.0,300.0,266.0,197.8
往事,86,0.12893553223388304,0.0011210610910760835,1.683612814406742,0.04279004628903182,0.0017710987411115099,143,0.000924,130.5,368.0,191.0,186.0,115.0,198.1
桃源,81,0.12143928035982009,0.001787394590992792,1.6792282887117689,0.03834515713893761,0.0016963241381708154,154,0.000995,193.5,151.0,230.0,257.0,160.0,198.3
斜阳,84,0.12593703148425786,0.0012651331991661828,1.6844406980328315,0.042377843083125054,0.001717716676416105,122,0.000788,155.0,310.5,187.0,195.0,145.0,198.5
日照,78,0.1169415292353823,0.002332167249708479,1.6812405435890774,0.03986483925288593,0.00157996174186474,166,0.001073,235.5,65.0,209.0,236.0,251.0,199.3
残阳,79,0.1184407796101949,0.0020395207801504655,1.6856173737265043,0.03837929014353567,0.001585533354798824,153,0.000989,221.5,103.0,175.0,256.0,243.0,199.7
昨夜,83,0.12443778110944527,0.0012381196788992892,1.6818008869132044,0.0476474546168961,0.0016584773703794467,268,0.001732,170.5,318.5,206.0,126.0,188.0,201.8
曲江,81,0.12143928035982009,0.0013146579863221543,1.6821346513683002,0.04615596732283081,0.0016520095802547577,278,0.001796,193.5,281.0,202.0,147.0,191.0,202.9
御沟,85,0.12743628185907047,0.0009814912363638002,1.6803897954104765,0.04985667661770193,0.0017340104825485532,129,0.000833,142.0,426.0,215.0,96.0,137.0,203.2
咸阳,85,0.12743628185907047,0.0013664339001670336,1.6745641026163742,0.039554745876447105,0.0017739530634834017,154,0.000995,142.0,268.0,260.0,240.0,112.0,204.4
万户,84,0.12593703148425786,0.0011188099643871757,1.676992806442559,0.04669868312998778,0.0017623082628416733,124,0.000801,155.0,369.5,244.0,135.0,119.0,204.5
金陵,83,0.12443778110944527,0.0011705858782320552,1.6860305292859332,0.044279346493340525,0.0016749815346890856,211,0.001363,170.5,341.0,168.0,166.0,177.0,204.5
洞庭,85,0.12743628185907047,0.0011030520775648213,1.6777907083372023,0.045712021476418306,0.00177945713386724,533,0.003444,142.0,379.0,238.0,154.0,111.0,204.8
云飞,83,0.12443778110944527,0.001251626439032736,1.6812157447250884,0.04384606510306022,0.0016867052917200677,135,0.000872,170.5,315.0,210.0,174.0,167.0,207.3
君家,81,0.12143928035982009,0.0015262638950794872,1.684636658967153,0.03828489077437647,0.0016733188556101474,121,0.000782,193.5,224.0,184.0,259.0,179.0,207.9
千门,84,0.12593703148425786,0.001283142212677445,1.6629984088196859,0.047009550800096826,0.0017920663939823848,170,0.001098,155.0,299.5,356.0,132.0,105.0,209.5
管弦,80,0.1199400299850075,0.0014362188275231754,1.6802015973890705,0.04574229134469782,0.0016138401037467047,217,0.001402,207.5,248.0,220.0,153.0,221.0,209.9
楚水,86,0.12893553223388304,0.0008644326485405945,1.6848379470448158,0.04644499765355144,0.0017571101062965027,121,0.000782,130.5,477.5,181.0,142.0,123.0,210.8
深处,79,0.1184407796101949,0.0017266141703922815,1.682210722491851,0.039833198697158415,0.0015968643509732408,163,0.001053,221.5,162.5,201.0,238.0,233.0,211.2
长江,79,0.1184407796101949,0.0017063540301921112,1.6813730934628162,0.039938702073884697,0.0016065109486623481,147,0.00095,221.5,170.5,207.0,233.0,227.0,211.8
江边,78,0.1169415292353823,0.0018234126180153168,1.685045242921617,0.04148033319920537,0.0015338235749938903,208,0.001344,235.5,144.0,178.0,207.0,301.0,213.1
相看,77,0.11544227886056971,0.00252576414495455,1.6858543515055155,0.03602011286008913,0.001548635617007485,171,0.001105,253.5,41.0,173.0,318.0,285.0,214.1
含情,84,0.12593703148425786,0.0009679844762303533,1.6808407998112862,0.049207970605539525,0.0016834303316740126,137,0.000885,155.0,432.5,212.0,102.0,171.0,214.5
夜月,77,0.11544227886056971,0.00243346795070933,1.6820773405997123,0.037662555031538314,0.0015533698572303524,187,0.001208,253.5,53.0,204.0,283.0,279.0,214.5
万事,76,0.11394302848575712,0.002435719077398238,1.6827172028975523,0.038126368276705166,0.0015469040387838195,187,0.001208,272.0,52.0,196.0,265.0,291.0,215.2
思归,78,0.1169415292353823,0.0016545781163472318,1.6856871611340751,0.04022618806315674,0.0015744916783845884,187,0.001208,235.5,184.0,174.0,228.0,255.0,215.3
还家,77,0.11544227886056971,0.0017378698038368204,1.6879236141024798,0.04064423337930417,0.001536350712950461,154,0.000995,253.5,160.0,154.0,220.0,299.0,217.3
明年,76,0.11394302848575712,0.0017558788173480829,1.682225325744397,0.042677181340206274,0.001556565549219084,182,0.001176,272.0,155.0,200.0,189.0,273.0,217.8
忆昔,82,0.12293853073463268,0.001406954180567374,1.677236399228431,0.03979996410313905,0.0016772554052286814,144,0.00093,182.0,259.0,240.0,239.0,175.0,219.0
当年,78,0.1169415292353823,0.0016155585870728298,1.6787959464049806,0.04217959144508288,0.0015990684191761542,175,0.001131,235.5,201.0,232.0,201.0,232.0,220.3
无力,83,0.12443778110944527,0.001127814471142807,1.675002066254423,0.045489847864015574,0.0017115455523270555,133,0.000859,170.5,365.5,257.0,156.0,153.0,220.4
梦中,78,0.1169415292353823,0.0017063540301921112,1.6839574253754266,0.0390486870733367,0.0015672952542233683,220,0.001421,235.5,170.5,189.0,245.0,263.0,220.6
等闲,80,0.1199400299850075,0.00158479318899109,1.6827568793151062,0.037310003434426225,0.001635314763098996,150,0.000969,207.5,206.5,195.0,289.0,206.0,220.8
古木,80,0.1199400299850075,0.001508254881568225,1.684993190694946,0.03793251653102148,0.0016204495194989796,158,0.001021,207.5,230.5,180.0,270.0,216.0,220.8
春光,81,0.12143928035982009,0.0012381196788992892,1.6734211287330887,0.04772453380639269,0.001637430614074076,196,0.001266,193.5,318.5,270.0,124.0,203.0,221.8
绿水,87,0.13043478260869565,0.0007533770652211431,1.6764360116501493,0.049611869417517745,0.0017566961195531383,128,0.000827,119.5,529.0,248.0,98.0,124.0,223.7
归去,76,0.11394302848575712,0.0018684351517934726,1.694348433483424,0.037465279928600145,0.0015173117294298847,500,0.003231,272.0,135.5,117.0,286.0,314.0,224.9
芳树,84,0.12593703148425786,0.0007968988478733606,1.6737014530190233,0.05225161273623585,0.0017350729577714904,128,0.000827,155.0,506.5,268.0,78.0,136.0,228.7
可怜,78,0.1169415292353823,0.0014002008005006507,1.6765678302783893,0.04701236512349106,0.0015589887206470274,540,0.003489,235.5,261.0,246.0,131.0,270.0,228.7
岐路,82,0.12293853073463268,0.0011435723579651617,1.6808095068883906,0.040165289131077066,0.0016847637978698933,142,0.000917,182.0,353.5,213.0,230.0,169.0,229.5
朱门,78,0.1169415292353823,0.001742372057214636,1.6785215459416971,0.036988017596544256,0.0016112425485866238,187,0.001208,235.5,159.0,234.0,296.0,224.0,229.7
有情,73,0.10944527736131934,0.0022511266889077984,1.68181820554289,0.04073570030726539,0.0014859165412674548,191,0.001234,316.0,78.0,205.0,219.0,331.0,229.8
红叶,80,0.1199400299850075,0.0015172593883238561,1.669901681822076,0.04001206822646338,0.0016517855412330749,154,0.000995,207.5,227.5,298.0,232.0,192.0,231.4
日夜,75,0.11244377811094453,0.0023726875301088197,1.6794635536580107,0.03759061091433035,0.0015324683838595164,174,0.001124,286.0,61.0,229.0,284.0,302.0,232.4
寥落,82,0.12293853073463268,0.0011300655978317149,1.681338572370881,0.039362613268234196,0.0016784623849479183,124,0.000801,182.0,363.5,208.0,243.0,174.0,234.1
单于,82,0.12293853073463268,0.0010310160235197717,1.6742462707074237,0.04270164437840259,0.0017361718287846716,141,0.000911,182.0,404.5,265.0,188.0,135.0,234.9
故山,77,0.11544227886056971,0.0017243630437033736,1.6862673077863397,0.0366366310244766,0.0015475315940907707,206,0.001331,253.5,164.0,167.0,306.0,289.0,235.9
秋天,79,0.1184407796101949,0.0013641827734781258,1.682124724575089,0.0367739522293529,0.0016429091878393336,139,0.000898,221.5,269.0,203.0,303.0,199.0,239.1
年华,77,0.11544227886056971,0.0013866940403672039,1.6768523673985245,0.04647994842022346,0.0015398242683967204,135,0.000872,253.5,266.5,245.0,140.0,298.0,240.6
对酒,75,0.11244377811094453,0.0019674847261054156,1.68592677929003,0.036015450001959395,0.0015235377954197322,205,0.001325,286.0,118.5,171.0,320.0,308.0,240.7
未央,89,0.13343328335832083,0.0006955981468725097,1.6632873712836578,0.04767297710425624,0.0018715379062229265,141,0.000911,108.0,555.0,352.0,125.0,71.0,242.2
红尘,77,0.11544227886056971,0.0015937976957467212,1.675672784004517,0.037814752900201254,0.001608726862172874,148,0.000956,253.5,203.0,255.0,277.0,226.0,242.9
秋来,77,0.11544227886056971,0.0014677346011678846,1.6836260778352654,0.03805622443175749,0.001560346213545604,162,0.001047,253.5,238.0,190.0,267.0,268.0,243.3
百尺,76,0.11394302848575712,0.0016275645960803383,1.677934229813258,0.040238573615149306,0.0015501174921166978,163,0.001053,272.0,197.0,237.0,227.0,284.0,243.4
游子,75,0.11244377811094453,0.0020957989473731602,1.6772505366560488,0.03582902415446485,0.0015529260390619317,180,0.001163,286.0,92.5,239.0,323.0,281.0,244.3
阳春,74,0.11094452773613193,0.0019629824727276004,1.6830884581356083,0.03741379692837384,0.0014921891066658442,176,0.001137,300.0,120.5,192.0,287.0,330.0,245.9
近来,74,0.11094452773613193,0.0020282651467059265,1.6871163037172772,0.034516510826538345,0.0015026246128414388,139,0.000898,300.0,106.0,161.0,348.0,324.0,247.8
昔时,83,0.12443778110944527,0.0007451229340284813,1.6737192814232802,0.04531621747298734,0.001773845013056656,114,0.000737,170.5,531.5,267.0,158.0,113.0,248.0
宁知,77,0.11544227886056971,0.0016163089626357993,1.6786375925628956,0.03610887287288923,0.001589918762956311,145,0.000937,253.5,200.0,233.0,316.0,238.0,248.1
昨日,77,0.11544227886056971,0.0016658337497917708,1.677077921986001,0.036607745347391245,0.001569996317620083,274,0.00177,253.5,181.5,242.0,307.0,261.0,249.0
黄花,80,0.1199400299850075,0.0010310160235197717,1.6789907144286982,0.04038930372618815,0.0016733864369533002,123,0.000795,207.5,404.5,231.0,224.0,178.0,249.0
草绿,82,0.12293853073463268,0.0008734371552962258,1.675697272269079,0.04578418494577379,0.001665614831202932,120,0.000775,182.0,474.5,254.0,152.0,184.0,249.3
山头,86,0.12893553223388304,0.000659580119849985,1.670317529190383,0.046378709219473235,0.0017868310162119164,125,0.000808,130.5,577.0,292.0,145.0,107.0,250.3
今年,82,0.12293853073463268,0.0008914461688074882,1.6681806844464815,0.04608662813142147,0.0017140284025084496,225,0.001454,182.0,463.0,312.0,148.0,148.0,250.6
夜长,87,0.13043478260869565,0.00048174111142626887,1.6668854485056313,0.05268686236241632,0.0018152957408280742,137,0.000885,119.5,642.0,324.0,72.0,97.0,250.9
古来,74,0.11094452773613193,0.0022736379557968763,1.6810414783349945,0.034463218929661095,0.0015134444847439328,185,0.001195,300.0,74.0,211.0,351.0,319.0,251.0
梦里,81,0.12143928035982009,0.0008509258884071477,1.6784499261780228,0.0448074228790081,0.0016511506578634615,119,0.000769,193.5,482.5,235.0,162.0,193.0,253.2
来往,76,0.11394302848575712,0.0016703360031695865,1.6771112394041143,0.036112162494126146,0.0015711921274698093,167,0.001079,272.0,179.0,241.0,315.0,260.0,253.4
望乡,80,0.1199400299850075,0.0009927468698083391,1.6761401210018874,0.04175242885991518,0.001660846987894295,120,0.000775,207.5,423.0,250.0,205.0,186.0,254.3
生涯,74,0.11094452773613193,0.0018796907852380116,1.6827833199782485,0.034962689262024726,0.0015136776367391776,184,0.001189,300.0,131.0,194.0,340.0,318.0,256.6
山僧,76,0.11394302848575712,0.002012507259883572,1.679531128089993,0.03159177444410721,0.00156866425375697,155,0.001001,272.0,109.0,228.0,413.0,262.0,256.8
相见,75,0.11244377811094453,0.0015802909356132744,1.6798733507465597,0.03914222653279053,0.001508298741195136,473,0.003056,286.0,209.0,224.0,244.0,323.0,257.2
世事,78,0.1169415292353823,0.001313907610759185,1.6803869039704182,0.036094387752652966,0.0015949212028116618,130,0.00084,235.5,283.0,216.0,317.0,235.0,257.3
远客,77,0.11544227886056971,0.0012989000994997996,1.6801012127227481,0.037669062425849054,0.0015815632492730421,117,0.000756,253.5,288.0,221.0,282.0,247.0,258.3
芳菲,77,0.11544227886056971,0.0012201106653880267,1.6682865846124955,0.04747065153099591,0.0015556401226423356,197,0.001273,253.5,325.0,310.0,128.0,275.0,258.3
昔日,76,0.11394302848575712,0.0016680848764806786,1.6732380687740083,0.036401641137383804,0.0015717308263841162,112,0.000724,272.0,180.0,272.0,310.0,259.0,258.6
黄鹤,84,0.12593703148425786,0.0006955981468725097,1.6708507951958445,0.043490635670706254,0.0017522376423822286,118,0.000762,155.0,555.0,288.0,176.0,126.0,260.0
高台,84,0.12593703148425786,0.0006235620928274602,1.6680214902387083,0.048051758783559016,0.0017219031945822454,141,0.000911,155.0,589.0,316.0,115.0,143.0,263.6
绮罗,80,0.1199400299850075,0.0007991499745622684,1.6693242417046454,0.04843125575687759,0.0016493011992818212,140,0.000905,207.5,503.5,301.0,111.0,195.0,263.6
白蘋,78,0.1169415292353823,0.0009995002498750624,1.674502850459507,0.04295761598626855,0.0016138801392836272,142,0.000917,235.5,417.5,262.0,185.0,220.0,264.0
萧索,83,0.12443778110944527,0.0006730868799834318,1.6796014021322578,0.04388045789522211,0.0016666741435531172,115,0.000743,170.5,568.0,227.0,172.0,183.0,264.1
苍苔,79,0.1184407796101949,0.0011188099643871757,1.672219991425598,0.03858409754823598,0.0016413646196507955,136,0.000879,221.5,369.5,278.0,253.0,200.0,264.4
潇湘,77,0.11544227886056971,0.0011908460184322253,1.671759073721758,0.04224535793949837,0.0015758015002941231,282,0.001822,253.5,332.5,283.0,199.0,254.0,264.4
月照,76,0.11394302848575712,0.001217859538699119,1.6803012405772384,0.0419666786403479,0.0015286477881909,238,0.001538,272.0,327.0,218.0,204.0,306.0,265.4
人生,79,0.1184407796101949,0.001139070104587346,1.6697553510758631,0.03882052175898341,0.0016406187501972866,313,0.002022,221.5,356.5,300.0,249.0,201.0,265.6
水边,76,0.11394302848575712,0.0015802909356132744,1.675783721523859,0.03592720148221751,0.0015536692015246012,145,0.000937,272.0,209.0,253.0,321.0,277.0,266.4
梅花,77,0.11544227886056971,0.0010085047566306938,1.678311772550136,0.046489909219128364,0.00154399993472529,191,0.001234,253.5,413.5,236.0,139.0,294.0,267.2
别后,75,0.11244377811094453,0.0013979496738117428,1.672947367570916,0.03942975945090344,0.0015563602255096879,233,0.001505,286.0,262.5,273.0,241.0,274.0,267.3
杜陵,77,0.11544227886056971,0.00120660390525458,1.6745383862543364,0.03849876608324189,0.0015898127558733178,120,0.000775,253.5,330.5,261.0,254.0,239.0,267.6
茫茫,73,0.10944527736131934,0.0017468743105924515,1.679995529549527,0.03638739419657653,0.0014857850292219826,305,0.001971,316.0,158.0,222.0,311.0,333.0,268.0
终日,73,0.10944527736131934,0.0020485252869060964,1.6802468017037442,0.03361650017783297,0.0014738942520629863,383,0.002475,316.0,100.0,219.0,367.0,339.0,268.2
意气,78,0.1169415292353823,0.0011480746113429771,1.6683621678592955,0.03820344115026851,0.0016600441302079567,130,0.00084,235.5,348.5,308.0,262.0,187.0,268.2
九衢,78,0.1169415292353823,0.0010850430640535588,1.6742506791935492,0.038811846719770726,0.0016334681047572503,124,0.000801,235.5,386.0,264.0,250.0,207.0,268.5
十里,73,0.10944527736131934,0.002113807960884423,1.679800464889186,0.033181007315183725,0.0014748654358028009,168,0.001085,316.0,91.0,226.0,377.0,336.0,269.2
车马,75,0.11244377811094453,0.0015172593883238561,1.6746710671096938,0.03777003064989542,0.001531110670008648,286,0.001848,286.0,227.5,259.0,280.0,303.0,271.1
萧条,72,0.10794602698650674,0.0020800410605508056,1.6764844941559547,0.03501781934746431,0.0014594229222616886,345,0.002229,328.5,96.0,247.0,338.0,352.0,272.3
路傍,81,0.12143928035982009,0.0007316161738950345,1.669265544608057,0.04388187294954049,0.0016844042982138581,124,0.000801,193.5,538.0,303.0,171.0,170.0,275.1
巫山,78,0.1169415292353823,0.0009027018022520272,1.663923832502043,0.04387137389875644,0.0016962691787973608,233,0.001505,235.5,457.0,349.0,173.0,161.0,275.1
路长,75,0.11244377811094453,0.00156453304879092,1.6719956493620372,0.03686930898929273,0.001544804405464438,160,0.001034,286.0,216.0,280.0,302.0,293.0,275.4
九重,76,0.11394302848575712,0.0014114564339451896,1.6609527443579795,0.03865109803357943,0.0015993313761442562,180,0.001163,272.0,257.5,372.0,252.0,231.0,276.9
自古,70,0.10494752623688156,0.0026045535790663226,1.68398197356628,0.030743188432575678,0.0014235301194145465,204,0.001318,350.0,35.0,188.0,434.0,380.0,277.4
南国,72,0.10794602698650674,0.0017783900842371608,1.6722192745283513,0.03739656842688282,0.001468429116451025,190,0.001228,328.5,152.0,279.0,288.0,344.0,278.3
西风,77,0.11544227886056971,0.0010242626434530482,1.6747867543239843,0.04089025480817823,0.0015672359847910852,241,0.001557,253.5,408.0,258.0,216.0,264.0,279.9
闻道,72,0.10794602698650674,0.001629815722769246,1.679917809655963,0.03693602741297107,0.001454835567603529,235,0.001518,328.5,195.5,223.0,298.0,359.0,280.8
向人,70,0.10494752623688156,0.0024604814709762238,1.6762034517547535,0.03321971161842767,0.0014205442140205115,175,0.001131,350.0,48.0,249.0,376.0,383.0,281.2
月夜,73,0.10944527736131934,0.001418209814011913,1.676017626328101,0.038783536516012004,0.0014744098175724244,233,0.001505,316.0,252.5,252.0,251.0,338.0,281.9
欢娱,73,0.10944527736131934,0.002089045567306437,1.6689348166405622,0.03331085793672529,0.0015023795425069988,157,0.001014,316.0,95.0,305.0,373.0,325.0,282.8
桃花,74,0.11094452773613193,0.0013101557329443386,1.665186697661808,0.04260475706915289,0.0015225998178312187,495,0.003198,300.0,284.0,342.0,190.0,310.0,285.2
汉家,75,0.11244377811094453,0.0011120565843204524,1.671175642198599,0.037874112000079105,0.0015956162438819942,230,0.001486,286.0,372.5,285.0,272.0,234.0,289.9
关河,79,0.1184407796101949,0.000769885327606467,1.6726177922899592,0.040269966859787294,0.0016227782134777939,116,0.000749,221.5,519.5,276.0,225.0,214.0,291.2
风波,75,0.11244377811094453,0.0013034023528776153,1.6712811985039613,0.03584292490929661,0.001553280781468914,161,0.00104,286.0,287.0,284.0,322.0,280.0,291.8
青苔,77,0.11544227886056971,0.000949975462719091,1.6655634077866814,0.04115478808962944,0.0016140414102411734,140,0.000905,253.5,439.5,338.0,212.0,219.0,292.4
花发,77,0.11544227886056971,0.0007968988478733606,1.6710466419256729,0.04689121557003962,0.0015483665048917003,232,0.001499,253.5,506.5,286.0,133.0,286.0,293.0
风烟,70,0.10494752623688156,0.0021745883814849334,1.6727511925449527,0.031906907193399614,0.0014620988784617205,169,0.001092,350.0,86.0,275.0,406.0,350.0,293.4
千秋,73,0.10944527736131934,0.0016343179761470616,1.6665746136136084,0.034985441579335634,0.0015438333499497667,150,0.000969,316.0,193.0,326.0,339.0,295.0,293.8
雨后,74,0.11094452773613193,0.0014489752120936529,1.6690241319745174,0.03689319936633203,0.0015113972021527377,175,0.001131,300.0,245.0,304.0,301.0,321.0,294.2
帝城,73,0.10944527736131934,0.0015750383066724899,1.6770024577212719,0.03358442588593175,0.0014927981857294846,135,0.000872,316.0,214.0,243.0,370.0,329.0,294.4
青门,75,0.11244377811094453,0.001105303204253729,1.6682568380797316,0.0408815352751245,0.0015477772041594066,153,0.000989,286.0,376.5,311.0,217.0,287.0,295.5
怜君,79,0.1184407796101949,0.0007721364542953748,1.672921197332926,0.03840833956480688,0.0016195433804473045,129,0.000833,221.5,517.0,274.0,255.0,217.0,296.9
浮生,72,0.10794602698650674,0.0018031524778151465,1.6719914790701835,0.03184787224308963,0.0014933589816032626,169,0.001092,328.5,146.5,281.0,407.0,328.0,298.2
东西,69,0.10344827586206896,0.0016478247362805083,1.6725897323703465,0.036689619982663214,0.0014336489705321892,337,0.002177,365.0,185.5,277.0,305.0,371.0,300.7
谢公,70,0.10494752623688156,0.0020260140200170185,1.6693177284210663,0.03207621995610042,0.0014686586392283006,194,0.001253,350.0,107.0,302.0,405.0,343.0,301.4
佳人,76,0.11394302848575712,0.0008644326485405945,1.6674667382072397,0.04335759610375159,0.0015601052862085295,252,0.001628,272.0,477.5,321.0,179.0,269.0,303.7
辛苦,73,0.10944527736131934,0.0014114564339451896,1.6734062413100321,0.03375621458785453,0.0015206528372359784,153,0.000989,316.0,257.5,271.0,366.0,311.0,304.3
青草,73,0.10944527736131934,0.0012876444660552607,1.6619476862273366,0.039878534384147644,0.0015117939665657849,156,0.001008,316.0,296.0,362.0,234.0,320.0,305.6
东林,71,0.10644677661169415,0.0016478247362805083,1.6700537710743073,0.03297606856133538,0.0014713882102668843,177,0.001144,337.5,185.5,294.0,383.0,341.0,308.2
承恩,74,0.11094452773613193,0.0010985498241870056,1.6623770070619694,0.040503866166726035,0.0015536171250962179,146,0.000943,300.0,382.5,359.0,222.0,278.0,308.3
丈夫,70,0.10494752623688156,0.0021408214811513165,1.6652434078424898,0.03144668360820189,0.0014645588939635051,178,0.00115,350.0,88.0,341.0,416.0,348.0,308.6
明时,68,0.10194902548725637,0.0021385703544624084,1.6751463983772288,0.031000584300707342,0.0014077312423163553,158,0.001021,378.5,89.0,256.0,424.0,396.0,308.7
独坐,69,0.10344827586206896,0.0016388202295248772,1.674429433651783,0.035393438312422865,0.0013936714940002164,188,0.001215,365.0,189.5,263.0,333.0,405.0,311.1
眼前,70,0.10494752623688156,0.0016905961433697565,1.6686144258596711,0.03328410364276866,0.0014595805943776199,195,0.00126,350.0,175.0,306.0,374.0,351.0,311.2
凉风,71,0.10644677661169415,0.0015375195285240264,1.6672172941314773,0.0343314796215802,0.0015019785189325967,214,0.001383,337.5,222.0,322.0,353.0,326.0,312.1
白玉,68,0.10194902548725637,0.0019292155723939833,1.667899962410986,0.03402242713693705,0.0014219797313639454,217,0.001402,378.5,126.0,317.0,363.0,381.0,313.1
南北,74,0.11094452773613193,0.0012313662988325657,1.657455022839544,0.03807491709052924,0.0015516890198169456,193,0.001247,300.0,321.0,402.0,266.0,283.0,314.4
登楼,72,0.10794602698650674,0.001440721080900991,1.6648634431703817,0.03601728179279403,0.0014666825368148118,195,0.00126,328.5,246.5,343.0,319.0,346.0,316.6
风月,70,0.10494752623688156,0.0016028022025023525,1.6699190614516095,0.03316632641771509,0.001453586801251264,188,0.001215,350.0,202.0,297.0,378.0,360.0,317.4
山路,77,0.11544227886056971,0.0009229619424521974,1.661282111779977,0.03814807600934932,0.0015664005483449282,149,0.000963,253.5,447.5,368.0,263.0,265.0,319.4
劝君,74,0.11094452773613193,0.0010490250370310341,1.6647422005561252,0.037792271103436796,0.001552756339367941,119,0.000769,300.0,399.5,344.0,278.0,282.0,320.7
两相,77,0.11544227886056971,0.0007293650472061266,1.6567731065475404,0.042403627902730626,0.0016231543037680842,111,0.000717,253.5,539.5,406.0,194.0,213.0,321.2
风流,67,0.10044977511244378,0.001877439658549104,1.6683444116696613,0.03479633514460477,0.0013655644847561529,356,0.0023,394.0,133.0,309.0,342.0,429.0,321.4
猿啼,79,0.1184407796101949,0.0004952478715597157,1.6620745109498378,0.04256400775465559,0.0016483654945332654,130,0.00084,221.5,637.5,361.0,192.0,196.0,321.6
宫殿,80,0.1199400299850075,0.0005222613918266092,1.654527175053207,0.04078230699958598,0.001727574878459571,110,0.000711,207.5,630.0,414.0,218.0,141.0,322.1
空山,76,0.11394302848575712,0.0009927468698083391,1.6603018402359944,0.037265142622572016,0.0015779756937186755,258,0.001667,272.0,423.0,377.0,290.0,253.0,323.0
杯酒,69,0.10344827586206896,0.002030516273394834,1.666847329259755,0.030614885108526415,0.0014201859536819741,171,0.001105,365.0,105.0,325.0,437.0,384.0,323.2
帝乡,71,0.10644677661169415,0.001283142212677445,1.66999519409434,0.03421475689302073,0.0014771345723844707,147,0.00095,337.5,299.5,295.0,355.0,335.0,324.4
水声,76,0.11394302848575712,0.000916208562385474,1.6617145993765297,0.036579017712158615,0.0015895001361028213,121,0.000782,272.0,450.0,365.0,308.0,240.0,327.0
阳台,76,0.11394302848575712,0.0006715861288574932,1.6502498189988928,0.04504239248590484,0.0016456727684472676,131,0.000846,272.0,569.0,437.0,161.0,197.0,327.2
晚来,76,0.11394302848575712,0.0006325665995830914,1.6676891159457483,0.041289158041602866,0.0015794805972584969,113,0.00073,272.0,586.0,320.0,211.0,252.0,328.2
东方,69,0.10344827586206896,0.0018346682514598558,1.6597037201925453,0.03164774495303302,0.001469565848314312,151,0.000976,365.0,140.0,383.0,411.0,342.0,328.2
路岐,75,0.11244377811094453,0.0009589799694747222,1.6623033819709345,0.0365177598897065,0.0015800278623911645,118,0.000762,286.0,436.5,360.0,309.0,250.0,328.3
牡丹,73,0.10944527736131934,0.0009454732093412754,1.6631569400718973,0.04059659695614555,0.001523317536328268,253,0.001635,316.0,441.5,354.0,221.0,309.0,328.3
知音,68,0.10194902548725637,0.0018954486720603662,1.6705130249938125,0.028951072857014072,0.0014296828372862122,263,0.001699,378.5,129.0,290.0,471.0,375.0,328.7
八月,73,0.10944527736131934,0.0009995002498750624,1.6639810212561528,0.037856799396093065,0.00154697119351409,218,0.001409,316.0,417.5,348.0,275.0,290.0,329.3
他人,69,0.10344827586206896,0.0016380698539619082,1.6709017387228136,0.03043261848323331,0.001440386705150447,131,0.000846,365.0,191.0,287.0,441.0,367.0,330.2
依然,73,0.10944527736131934,0.001038894966930949,1.6736250366757863,0.034409668718694955,0.0015180938426083935,132,0.000853,316.0,402.0,269.0,352.0,312.0,330.2
独行,77,0.11544227886056971,0.0007743875809842827,1.6641503607105785,0.035788702717309884,0.001622347350295546,115,0.000743,253.5,515.5,346.0,324.0,215.0,330.8
马嘶,73,0.10944527736131934,0.0008981995488742116,1.6660404735733285,0.03893771897079167,0.0015281595937434711,131,0.000846,316.0,460.0,331.0,247.0,307.0,332.2
自怜,67,0.10044977511244378,0.0018954486720603662,1.6661109882607517,0.03220950555075006,0.0013863796933537753,183,0.001182,394.0,129.0,330.0,402.0,410.0,333.0
鸟飞,74,0.11094452773613193,0.0008869439154296726,1.6680763245403194,0.03792636900825392,0.0015179910292159565,127,0.000821,300.0,467.5,315.0,271.0,313.0,333.3
十年,67,0.10044977511244378,0.0016568292430361397,1.6739664570952686,0.03216105193502122,0.0013744031104970726,685,0.004426,394.0,183.0,266.0,404.0,424.0,334.2
遥知,67,0.10044977511244378,0.0017213615414514967,1.6760390039052437,0.029217329914689363,0.0013878350590585645,131,0.000846,394.0,165.0,251.0,466.0,409.0,337.0
月下,70,0.10494752623688156,0.0011435723579651617,1.6717594173077788,0.0356353325093594,0.001426828118563583,217,0.001402,350.0,353.5,282.0,327.0,377.0,337.9
头白,71,0.10644677661169415,0.0011908460184322253,1.6685975534127082,0.03404284674751466,0.0014577964912721073,123,0.000795,337.5,332.5,307.0,361.0,354.0,338.4
玉堂,72,0.10794602698650674,0.0009747378562970767,1.664025182613666,0.03782608056152984,0.0015145728162454248,124,0.000801,328.5,429.5,347.0,276.0,315.0,339.2
黄金,75,0.11244377811094453,0.0008509258884071477,1.6551075806031437,0.03822870429607978,0.0015741391836457989,593,0.003831,286.0,482.5,412.0,261.0,256.0,339.5
闻说,74,0.11094452773613193,0.0009004506755631193,1.6664386244096305,0.03459886794613898,0.001560395120858669,116,0.000749,300.0,458.5,327.0,347.0,267.0,339.9
名利,74,0.11094452773613193,0.0011368189778984382,1.6652559053051506,0.0308344655378105,0.0015577642788417517,154,0.000995,300.0,359.0,340.0,430.0,272.0,340.2
思量,72,0.10794602698650674,0.0009972491231861546,1.6704661381411985,0.03477127021516879,0.0015144682955095965,136,0.000879,328.5,420.0,291.0,345.0,317.0,340.3
日出,68,0.10194902548725637,0.0013529271400335868,1.6656662472076211,0.03553610486981458,0.001417434763439469,142,0.000917,378.5,273.0,335.0,330.0,387.0,340.7
年少,71,0.10644677661169415,0.0009634822228525377,1.6604187002906083,0.04101901945266612,0.0014648230274898492,255,0.001648,337.5,434.5,376.0,214.0,347.0,341.8
凤凰,68,0.10194902548725637,0.0014722368545457,1.6603010384660262,0.035092257384669756,0.0014176627335837667,385,0.002488,378.5,236.0,378.0,335.0,385.0,342.5
日落,69,0.10344827586206896,0.001575788682235459,1.6609885263395028,0.03242621559926436,0.001438431853796627,160,0.001034,365.0,212.5,371.0,397.0,368.0,342.7
山河,67,0.10044977511244378,0.0018031524778151465,1.6662075769343183,0.02935805428491582,0.0014164406639582414,203,0.001312,394.0,146.5,329.0,462.0,388.0,343.9
零落,67,0.10044977511244378,0.0013259136197666932,1.6702199155525292,0.03448533237255458,0.00139045376397773,232,0.001499,394.0,278.0,293.0,349.0,407.0,344.2
扁舟,75,0.11244377811094453,0.0007878943411177295,1.6611807355873667,0.036142257026638015,0.0015732535027554887,236,0.001525,286.0,509.0,369.0,313.0,258.0,347.0
婵娟,69,0.10344827586206896,0.0012223617920769346,1.6566707203933773,0.03778578264563218,0.0014383967991193065,166,0.001073,365.0,323.0,408.0,279.0,369.0,348.8
北斗,73,0.10944527736131934,0.0008284146215180698,1.6541078097227164,0.03722131185528077,0.0015821074599808552,126,0.000814,316.0,492.5,417.0,292.0,246.0,352.7
东山,66,0.09895052473763118,0.001708605156881019,1.6654456810796165,0.03070854868536419,0.0013854315509183035,217,0.001402,409.5,169.0,339.0,436.0,412.0,353.1
次第,65,0.09745127436281859,0.001629815722769246,1.669942127542173,0.03147314446457327,0.0013427809472088574,136,0.000879,424.0,195.5,296.0,415.0,449.0,355.9
至今,67,0.10044977511244378,0.0015532774153463808,1.6633936507885285,0.03114362877686162,0.0014025388707311773,319,0.002061,394.0,218.0,351.0,421.0,400.0,356.8
城下,70,0.10494752623688156,0.001017509263386325,1.668178093542799,0.03425764793873012,0.0014548727873759863,125,0.000808,350.0,411.0,313.0,354.0,358.0,357.2
明朝,64,0.095952023988006,0.0017266141703922815,1.6678043909793978,0.03355873226615793,0.001282944514399733,272,0.001757,438.0,162.5,318.0,372.0,496.0,357.3
男儿,73,0.10944527736131934,0.0011368189778984382,1.648337943658776,0.0316054774889967,0.001581388672738923,152,0.000982,316.0,359.0,452.0,412.0,248.0,357.4
渭水,73,0.10944527736131934,0.0007338673005839423,1.6578284155294978,0.03834434466383856,0.001547595301903017,136,0.000879,316.0,536.5,399.0,258.0,288.0,359.5
叹息,71,0.10644677661169415,0.0008329168748958854,1.6592661365391794,0.03803739054488014,0.001514539440120317,153,0.000989,337.5,491.0,387.0,268.0,316.0,359.9
莓苔,67,0.10044977511244378,0.0017491254372813594,1.6611529712113,0.028227657780806152,0.0014121073003236977,158,0.001021,394.0,157.0,370.0,488.0,391.0,360.0
半夜,67,0.10044977511244378,0.0013911962937450193,1.6655998212639087,0.032650637318687274,0.0013794606453341426,217,0.001402,394.0,265.0,336.0,394.0,419.0,361.6
风尘,69,0.10344827586206896,0.0014204609407008208,1.659839583049093,0.029811147463415427,0.0014441413597676251,298,0.001925,365.0,250.5,382.0,453.0,365.0,363.1
寒山,72,0.10794602698650674,0.0009972491231861546,1.65957375129578,0.034038793095965775,0.001510273812865037,169,0.001092,328.5,420.0,384.0,362.0,322.0,363.3
汉水,68,0.10194902548725637,0.0010737874306090199,1.6677186754420208,0.03491040882883337,0.0014081546298999193,124,0.000801,378.5,389.0,319.0,341.0,394.0,364.3
怅望,65,0.09745127436281859,0.001418209814011913,1.669841434961689,0.03241705622208321,0.0013364840768248102,209,0.00135,424.0,252.5,299.0,398.0,452.0,365.1
西山,64,0.095952023988006,0.0019517268392830612,1.666407399158649,0.028533474881252987,0.0013309854618195158,210,0.001357,438.0,123.0,328.0,480.0,458.0,365.4
沧洲,66,0.09895052473763118,0.0016208112160136148,1.6657239842664253,0.02917631846247504,0.0013801213443474733,215,0.001389,409.5,198.5,334.0,467.0,418.0,365.4
尘土,69,0.10344827586206896,0.001161581371476424,1.665565208667091,0.03134459575196415,0.0014448000145239114,123,0.000795,365.0,344.0,337.0,418.0,364.0,365.6
夜来,68,0.10194902548725637,0.0011705858782320552,1.6591453445823123,0.035701409806695845,0.0013887570711161208,191,0.001234,378.5,341.0,388.0,325.0,408.0,368.1
河汉,74,0.11094452773613193,0.0006483244864054459,1.652763616645538,0.03722939245769533,0.001583059852883364,111,0.000717,300.0,581.5,425.0,291.0,244.0,368.3
功名,74,0.11094452773613193,0.0007406206806506657,1.6532358808202827,0.035080035409016525,0.0015805895730703864,135,0.000872,300.0,534.0,422.0,337.0,249.0,368.4
溪水,71,0.10644677661169415,0.00084867476171824,1.666917124921636,0.033925883841371324,0.0014857928293796048,112,0.000724,337.5,485.0,323.0,365.0,332.0,368.5
远近,69,0.10344827586206896,0.001274137705921814,1.658000935445619,0.0316704848370423,0.0014368074404743475,157,0.001014,365.0,305.0,394.0,410.0,370.0,368.8
江山,68,0.10194902548725637,0.0012696354525439982,1.6643280653216277,0.03052243800108831,0.0014307699924562345,239,0.001544,378.5,308.0,345.0,440.0,374.0,369.1
富贵,71,0.10644677661169415,0.0011075543309426368,1.6481410220820283,0.03179601710081001,0.0015544083532224486,213,0.001376,337.5,374.5,454.0,408.0,276.0,370.0
湖上,67,0.10044977511244378,0.001271886579232906,1.6632659278815125,0.03230094453608109,0.0013974137250541982,210,0.001357,394.0,306.0,353.0,400.0,403.0,371.2
多病,66,0.09895052473763118,0.0016343179761470616,1.66314037272033,0.027991345428091848,0.0013815936851689673,167,0.001079,409.5,193.0,355.0,491.0,413.0,372.3
世上,68,0.10194902548725637,0.0013979496738117428,1.6599007007085407,0.028250693569186677,0.001455775198927004,154,0.000995,378.5,262.5,381.0,486.0,356.0,372.8
旧游,70,0.10494752623688156,0.0008869439154296726,1.65681069232592,0.03710110290606866,0.0014563328396469744,259,0.001673,350.0,467.5,405.0,293.0,355.0,374.1
江流,69,0.10344827586206896,0.0008779394086740414,1.6624641757351948,0.03611866607249457,0.0014506933202743,129,0.000833,365.0,471.5,358.0,314.0,363.0,374.3
台上,66,0.09895052473763118,0.0011480746113429771,1.66579656060162,0.03463300617309242,0.0013572571429302897,145,0.000937,409.5,348.5,333.0,346.0,439.0,375.2
飞鸟,70,0.10494752623688156,0.0007968988478733606,1.6658926884279606,0.035481163956834975,0.0014555902483468297,137,0.000885,350.0,506.5,332.0,331.0,357.0,375.3
自知,62,0.09295352323838081,0.00203501852677265,1.6681589144304054,0.027655202856845938,0.001277790935036522,167,0.001079,460.0,104.0,314.0,497.0,502.0,375.4
封侯,74,0.11094452773613193,0.0006190598394496446,1.6469673079804272,0.036922789216181064,0.0016134229796293499,122,0.000788,300.0,592.5,464.0,299.0,223.0,375.7
相望,68,0.10194902548725637,0.0011525768647207928,1.658095431938633,0.033125428004544336,0.0014037290647974164,189,0.001221,378.5,346.5,393.0,380.0,397.0,379.0
秋月,65,0.09745127436281859,0.0013056534795665231,1.66073727851342,0.03415062767990962,0.0013318465704815641,274,0.00177,424.0,285.5,374.0,357.0,456.0,379.3
相随,62,0.09295352323838081,0.001999000499750125,1.661458190363652,0.028514048940815558,0.001304893996619989,191,0.001234,460.0,113.5,366.0,481.0,476.0,379.3
苍茫,67,0.10044977511244378,0.0013589301445373408,1.6545941778224413,0.030865622550391193,0.0014082800451570502,141,0.000911,394.0,272.0,413.0,429.0,393.0,380.2
北阙,70,0.10494752623688156,0.0008869439154296726,1.6528740931783212,0.03395149706942547,0.0015305645871842874,126,0.000814,350.0,467.5,423.0,364.0,304.0,381.7
清明,70,0.10494752623688156,0.0006798402600501552,1.650958730794016,0.04208974940100908,0.0014521165726087187,188,0.001215,350.0,562.0,434.0,203.0,361.0,382.0
野花,70,0.10494752623688156,0.0006618312465388927,1.6635579996927679,0.03753765818584269,0.0014623452865220753,115,0.000743,350.0,576.0,350.0,285.0,349.0,382.0
徘徊,64,0.095952023988006,0.0014857436146791469,1.6608691542927474,0.03178162441185312,0.0013219782165965338,153,0.000989,438.0,233.0,373.0,409.0,465.0,383.6
山川,65,0.09745127436281859,0.00145197671434553,1.6591140866569118,0.029718181676189188,0.0013807562463638348,353,0.002281,424.0,243.0,389.0,454.0,416.0,385.2
临水,63,0.0944527736131934,0.0014789902346124236,1.6617485097697222,0.032470935307321404,0.0012941612593041494,200,0.001292,448.0,234.0,364.0,396.0,484.0,385.2
马蹄,65,0.09745127436281859,0.0014204609407008208,1.6540077747838142,0.03217183031383851,0.001364082827006386,175,0.001131,424.0,250.5,418.0,403.0,433.0,385.7
残月,66,0.09895052473763118,0.0011458234846540693,1.6571068618998919,0.03448179568110314,0.0013808777276251383,150,0.000969,409.5,350.5,404.0,350.0,415.0,385.8
云雨,66,0.09895052473763118,0.0011345678512095303,1.6525582581726754,0.034778061683990946,0.0014028148235793593,253,0.001635,409.5,361.5,427.0,344.0,399.0,388.2
思君,66,0.09895052473763118,0.001062531797164481,1.657847539140575,0.03479283647399533,0.00139760754481062,153,0.000989,409.5,393.0,398.0,343.0,402.0,389.1
自言,71,0.10644677661169415,0.0007766387076731904,1.6585000087301252,0.03285638772442292,0.001497629923554115,113,0.00073,337.5,513.0,390.0,385.0,327.0,390.5
长沙,65,0.09745127436281859,0.001184092638365502,1.6561086635712083,0.03358395547532384,0.0013649724983661926,211,0.001363,424.0,336.0,409.0,371.0,431.0,394.2
秋水,68,0.10194902548725637,0.0009454732093412754,1.6523444079301928,0.03404978534762424,0.0014405802917041536,241,0.001557,378.5,441.5,429.0,360.0,366.0,395.0
秋日,65,0.09745127436281859,0.001395698547122835,1.6578261162756538,0.030387744784303432,0.0013429726955846556,356,0.0023,424.0,264.0,400.0,442.0,448.0,395.6
相访,67,0.10044977511244378,0.0011548279914097006,1.6619291470220163,0.028581105183682974,0.0014037238173445613,139,0.000898,394.0,345.0,363.0,478.0,398.0,395.6
窈窕,70,0.10494752623688156,0.0006078042060051055,1.6487228642926643,0.039015247931186076,0.0014747781094680695,124,0.000801,350.0,597.0,449.0,246.0,337.0,395.8
翡翠,69,0.10344827586206896,0.0007496251874062968,1.6345035094383191,0.0414489257889067,0.0014669921878448032,193,0.001247,365.0,530.0,535.0,208.0,345.0,396.6
老人,65,0.09745127436281859,0.0012943978461219842,1.6600381905847537,0.029881247930514356,0.001356689696460517,166,0.001073,424.0,292.5,380.0,450.0,440.0,397.3
石上,65,0.09745127436281859,0.0015465240352796575,1.6519648932346358,0.027186141814441678,0.00138122471930551,184,0.001189,424.0,220.0,430.0,505.0,414.0,398.6
心事,66,0.09895052473763118,0.0009769889829859845,1.6625384200913844,0.03294344369517218,0.0013804574499998055,130,0.00084,409.5,427.5,357.0,384.0,417.0,399.0
人家,67,0.10044977511244378,0.0008419213816515166,1.656726802620599,0.0369941495816455,0.0013782136356794111,244,0.001577,394.0,488.0,407.0,295.0,420.0,400.8
同心,66,0.09895052473763118,0.0011008009508759135,1.6454320738355845,0.03545714436138462,0.0013928341250961742,161,0.00104,409.5,381.0,476.0,332.0,406.0,400.9
古今,64,0.095952023988006,0.0015262638950794872,1.6535472156413011,0.027816336146083184,0.0013645803266358833,161,0.00104,438.0,224.0,421.0,493.0,432.0,401.6
干戈,65,0.09745127436281859,0.0016388202295248772,1.6465469044151702,0.025920393697818657,0.0014001402210206718,159,0.001027,424.0,189.5,468.0,527.0,401.0,401.9
人情,67,0.10044977511244378,0.001127814471142807,1.65285738600312,0.030769727962101524,0.001408019772171898,141,0.000911,394.0,365.5,424.0,432.0,395.0,402.1
云深,65,0.09745127436281859,0.0011750881316098707,1.6579773820366122,0.030833966046814983,0.0013579746132071314,138,0.000892,424.0,338.0,395.0,431.0,436.0,404.8
北风,67,0.10044977511244378,0.0010220115167641406,1.6411225167786447,0.03408509111218239,0.001431945735090814,210,0.001357,394.0,410.0,497.0,358.0,372.0,406.2
白日,61,0.0914542728635682,0.0016838427633030333,1.6544607358280847,0.02717422141808986,0.0013135417795829176,701,0.004529,472.5,176.0,416.0,506.0,469.0,407.9
苍梧,71,0.10644677661169415,0.0005942974458716587,1.6456601926205532,0.03508151557066981,0.0015427845093106184,139,0.000898,337.5,603.5,475.0,336.0,296.0,409.6
今朝,59,0.08845577211394302,0.001719860790325558,1.656090455889127,0.029933907751397315,0.001237291174573227,517,0.00334,505.5,166.0,410.0,449.0,534.0,412.9
远山,65,0.09745127436281859,0.001105303204253729,1.651175451628482,0.031005822198097065,0.001386123400789567,195,0.00126,424.0,376.5,433.0,423.0,411.0,413.5
日夕,64,0.095952023988006,0.0011683347515431474,1.6584840495010593,0.02941250839158865,0.001352172395036398,159,0.001027,438.0,343.0,391.0,461.0,443.0,415.2
寂寥,60,0.08995502248875561,0.001674838256547402,1.6578857258740836,0.028273059932209722,0.001241251480240854,316,0.002042,488.0,178.0,397.0,485.0,531.0,415.8
他日,60,0.08995502248875561,0.0015915465690578136,1.6551983958641023,0.028508784931852358,0.0012592648522975194,186,0.001202,488.0,204.0,411.0,482.0,514.0,419.8
逶迤,65,0.09745127436281859,0.000972486729608169,1.6490760849735133,0.03360906561384121,0.0013685072414168793,140,0.000905,424.0,431.0,448.0,369.0,427.0,419.8
无穷,59,0.08845577211394302,0.001440721080900991,1.6612958946347263,0.029957803426482032,0.001232571053984866,264,0.001706,505.5,246.5,367.0,448.0,536.0,420.6
岁寒,66,0.09895052473763118,0.0009432220826523676,1.6582594404722377,0.02870892599021059,0.001417537095263034,113,0.00073,409.5,443.0,392.0,476.0,386.0,421.3
雨中,60,0.08995502248875561,0.001508254881568225,1.6601524474933107,0.028242391741840817,0.0012429594534035227,207,0.001337,488.0,230.5,379.0,487.0,528.0,422.5
微雨,69,0.10344827586206896,0.0006123064593829212,1.6402210490742677,0.03622193286227215,0.0014731901402051746,124,0.000801,365.0,595.0,505.0,312.0,340.0,423.4
山色,67,0.10044977511244378,0.0008014011012511763,1.6464069462753248,0.03274601274700888,0.001431876872754035,229,0.00148,394.0,502.0,469.0,388.0,373.0,425.2
从军,69,0.10344827586206896,0.0004682343512928221,1.6439130087472364,0.037081366663284945,0.0014854144907923063,204,0.001318,365.0,647.5,486.0,294.0,334.0,425.3
今已,69,0.10344827586206896,0.0006528267397832616,1.6471938350261486,0.03360936087406683,0.0014590821946610696,129,0.000833,365.0,579.0,463.0,368.0,353.0,425.6
羽翼,62,0.09295352323838081,0.0012538775657216438,1.6593736035808258,0.02696372567020331,0.001327015165203287,147,0.00095,460.0,313.0,385.0,511.0,461.0,426.0
微风,65,0.09745127436281859,0.000938719829274552,1.650657385316334,0.03156761400967527,0.001374242021934559,142,0.000917,424.0,444.0,435.0,414.0,425.0,428.4
老去,66,0.09895052473763118,0.0006663334999167084,1.6606392309297389,0.03267014626588215,0.0013955867407974415,115,0.000743,409.5,572.5,375.0,393.0,404.0,430.8
钓鱼,67,0.10044977511244378,0.000769885327606467,1.6578911447664284,0.02958057460574029,0.0014120528629752629,128,0.000827,394.0,519.5,396.0,456.0,392.0,431.5
秋雨,63,0.0944527736131934,0.0010242626434530482,1.6517553319064529,0.03088401093604307,0.0013435440367193094,140,0.000905,448.0,408.0,431.0,427.0,447.0,432.2
世间,63,0.0944527736131934,0.0011525768647207928,1.6572998044637186,0.02520981224676512,0.0013609894680813596,256,0.001654,448.0,346.5,403.0,536.0,435.0,433.7
黄河,67,0.10044977511244378,0.0007451229340284813,1.6398779733117408,0.03322641350834707,0.0014512145168625796,230,0.001486,394.0,531.5,507.0,375.0,362.0,433.9
临风,63,0.0944527736131934,0.001037769403586495,1.6538297451505144,0.030757657141263516,0.001315020990400811,144,0.00093,448.0,403.0,419.0,433.0,468.0,434.2
始知,60,0.08995502248875561,0.0015622819221020122,1.6486533654713795,0.023852827809023987,0.0013064172433530682,207,0.001337,488.0,217.0,450.0,560.0,475.0,438.0
月出,64,0.095952023988006,0.0009094551823187506,1.6491868397471525,0.03038167263440153,0.0013781705243458035,112,0.000724,438.0,454.0,445.0,443.0,421.0,440.2
当时,59,0.08845577211394302,0.0012696354525439982,1.659266561690568,0.02853429118083478,0.0012463624643420062,460,0.002972,505.5,308.0,386.0,479.0,524.0,440.5
憔悴,62,0.09295352323838081,0.0008554281417849634,1.657809366527479,0.03281933361316047,0.0012869878377469932,236,0.001525,460.0,479.0,401.0,386.0,491.0,443.4
读书,60,0.08995502248875561,0.001350676013344679,1.6497104259826612,0.02471332530120178,0.001294097338618271,209,0.00135,488.0,274.0,441.0,545.0,485.0,446.6
路难,66,0.09895052473763118,0.0006213109661385523,1.6447927033109335,0.03307875815671209,0.001428912925069344,212,0.00137,409.5,590.5,480.0,382.0,376.0,447.6
霓裳,68,0.10194902548725637,0.00047048547798172986,1.6245916666787232,0.035625050138545944,0.0015288008445084442,122,0.000788,378.5,646.0,581.0,329.0,305.0,447.9
随风,62,0.09295352323838081,0.000893697295496396,1.645956105228012,0.03405181123334179,0.0012848154698872729,154,0.000995,460.0,462.0,472.0,359.0,493.0,449.2
到处,63,0.0944527736131934,0.0008081544813178997,1.6544728955022914,0.03089516954744845,0.0013292195624331207,113,0.00073,448.0,498.5,415.0,426.0,459.0,449.3
相亲,59,0.08845577211394302,0.00133942037990014,1.6497668214133105,0.02706422715842986,0.0012579061735165772,176,0.001137,505.5,276.0,440.0,509.0,516.0,449.3
秋声,67,0.10044977511244378,0.0005740373056714886,1.6465803286509164,0.032646552524057994,0.0014130425811159657,115,0.000743,394.0,609.0,467.0,395.0,390.0,451.0
山下,59,0.08845577211394302,0.0012111061586323956,1.6537697256917199,0.029338907524225667,0.0012297172185909305,360,0.002326,505.5,329.0,420.0,463.0,540.0,451.5
天寒,62,0.09295352323838081,0.0010242626434530482,1.646176836852056,0.02903851056414574,0.0013378997175464617,145,0.000937,460.0,408.0,471.0,468.0,451.0,451.6
九天,63,0.0944527736131934,0.000916208562385474,1.6474070335670346,0.028817450504990846,0.0013668599755805172,133,0.000859,448.0,450.0,462.0,474.0,428.0,452.4
相对,52,0.07796101949025487,0.0020170095132613875,1.6524081515122415,0.024860750140576444,0.0011003457587337349,173,0.001118,579.5,108.0,428.0,541.0,606.0,452.5
雨雪,65,0.09745127436281859,0.000699350024687356,1.6443914045901018,0.031202221415523874,0.0014142735126877722,128,0.000827,424.0,552.0,481.0,420.0,389.0,453.2
题诗,59,0.08845577211394302,0.0013056534795665231,1.648020765358139,0.026994121356910455,0.0012556117459880107,218,0.001409,505.5,285.5,456.0,510.0,518.0,455.0
殷勤,60,0.08995502248875561,0.0010670340505422964,1.650279808776561,0.02985428366717924,0.0012696586571344076,379,0.002449,488.0,392.0,436.0,451.0,508.0,455.0
白马,60,0.08995502248875561,0.001004002503252878,1.6459146401079445,0.03143174928757727,0.001296371016889932,221,0.001428,488.0,415.0,474.0,417.0,482.0,455.2
青春,60,0.08995502248875561,0.0008531770150960556,1.65166005975404,0.03314341336952285,0.0012792810050645687,215,0.001389,488.0,480.0,432.0,379.0,499.0,455.6
咫尺,62,0.09295352323838081,0.0010782896839868353,1.6459528599150273,0.02693749873090061,0.0013500246985660971,126,0.000814,460.0,388.0,473.0,512.0,445.0,455.6
知己,63,0.0944527736131934,0.0009072040556298427,1.6494755415853248,0.027123622702092336,0.0013578293367188905,312,0.002016,448.0,455.0,443.0,507.0,437.0,458.0
可惜,64,0.095952023988006,0.0007226116671394032,1.63979673689349,0.03418113798679712,0.0013454471647760247,140,0.000905,438.0,543.0,508.0,356.0,446.0,458.2
镜中,59,0.08845577211394302,0.0011030520775648213,1.6502318256554769,0.030577133688686624,0.0012395622451369522,160,0.001034,505.5,379.0,438.0,439.0,532.0,458.7
昆仑,64,0.095952023988006,0.000904952928940935,1.6410979101501404,0.02607404317221628,0.0014254448897420677,135,0.000872,438.0,456.0,498.0,525.0,378.0,459.0
江海,60,0.08995502248875561,0.0012786399592996296,1.6422515120501435,0.025515882570064048,0.001291729301697317,200,0.001292,488.0,302.5,492.0,531.0,488.0,460.3
公卿,56,0.08395802098950525,0.0017153585369477423,1.6481114724285961,0.02207374676020803,0.0012111112696441763,181,0.001169,542.0,168.0,455.0,593.0,548.0,461.2
青云,57,0.08545727136431784,0.0015442729085907497,1.6485820837151168,0.02355816558341809,0.001229423230251639,449,0.002901,532.0,221.0,451.0,565.0,541.0,462.0
高秋,63,0.0944527736131934,0.0008509258884071477,1.6442040253876244,0.029554546724848484,0.0013561616360851126,125,0.000808,448.0,482.5,483.0,457.0,441.0,462.3
归路,62,0.09295352323838081,0.0007113560336948643,1.6491229000162944,0.032212701879687375,0.0013192254427110883,247,0.001596,460.0,548.0,446.0,401.0,466.0,464.2
落叶,62,0.09295352323838081,0.0008891950421185804,1.6406335348456025,0.03031828501976947,0.0013422759778182027,204,0.001318,460.0,464.0,503.0,445.0,450.0,464.4
天上,59,0.08845577211394302,0.0011300655978317149,1.6474826858523428,0.02738784511054904,0.0012869372424318968,392,0.002533,505.5,363.5,461.0,502.0,492.0,464.8
太守,51,0.07646176911544228,0.0020912966939953446,1.652704735173257,0.02015281338753849,0.001109747626579053,298,0.001925,589.5,94.0,426.0,619.0,602.0,466.1
风飘,61,0.0914542728635682,0.0007586296941619281,1.6477333296126344,0.033088581512210835,0.0012758211596641809,122,0.000788,472.5,525.0,457.0,381.0,503.0,467.7
千金,61,0.0914542728635682,0.0009747378562970767,1.6355448674891726,0.030590776907567122,0.0013085741966193346,187,0.001208,472.5,429.5,530.0,438.0,472.0,468.4
新月,61,0.0914542728635682,0.0007646326986656821,1.6468114860671799,0.03240143779186511,0.001289212708164268,135,0.000872,472.5,524.0,466.0,399.0,490.0,470.3
骨肉,64,0.095952023988006,0.0006640823732278005,1.64943661143264,0.02926480063283538,0.0013650503887557897,130,0.00084,438.0,575.0,444.0,465.0,430.0,470.4
兄弟,62,0.09295352323838081,0.000769885327606467,1.6475087051383597,0.029479412201540163,0.0013327949206687242,229,0.00148,460.0,519.5,460.0,458.0,455.0,470.5
人稀,65,0.09745127436281859,0.00018009013511262388,1.6398943465490623,0.03517969989533234,0.001374661907739111,109,0.000704,424.0,668.0,506.0,334.0,423.0,471.0
仙人,55,0.08245877061469264,0.0014992503748125937,1.6490853768264049,0.023230624558994304,0.0012057110399021904,208,0.001344,553.0,232.0,447.0,571.0,553.0,471.2
宛转,64,0.095952023988006,0.0005065035050042546,1.6270511226658844,0.035626149079753054,0.001421764456728707,144,0.00093,438.0,635.0,576.0,328.0,382.0,471.8
归来,56,0.08395802098950525,0.0013146579863221543,1.6449838476643743,0.028286727034952934,0.0011743354163245702,479,0.003095,542.0,281.0,478.0,484.0,575.0,472.0
阙下,62,0.09295352323838081,0.0010002506254380315,1.639424039512764,0.0251128695534279,0.0013509783874944023,131,0.000846,460.0,416.0,511.0,538.0,444.0,473.8
昔年,61,0.0914542728635682,0.0007743875809842827,1.6371892581651488,0.03270375008535367,0.0013075451175688744,158,0.001021,472.5,515.5,519.0,391.0,474.0,474.4
行路,65,0.09745127436281859,0.00047723885804845325,1.633670890724004,0.03281065775772207,0.0014252985789779602,248,0.001602,424.0,644.0,539.0,387.0,379.0,474.6
风动,61,0.0914542728635682,0.000826163494829162,1.6440428581515016,0.03030709292858306,0.001303363823751615,145,0.000937,472.5,494.0,484.0,446.0,478.0,474.9
千年,55,0.08245877061469264,0.00158479318899109,1.6475614217382055,0.022460489891503538,0.0011766231182599061,397,0.002565,553.0,206.5,459.0,586.0,572.0,475.3
枕上,61,0.0914542728635682,0.0007563785674730202,1.6436402605221563,0.03104406274443012,0.001298711859570293,135,0.000872,472.5,526.5,487.0,422.0,481.0,477.8
白雪,60,0.08995502248875561,0.000882441662051857,1.64216419001635,0.02964846047147577,0.0012932420171129942,209,0.00135,488.0,470.0,493.0,455.0,486.0,478.4
携手,62,0.09295352323838081,0.0006798402600501552,1.6426055086398634,0.030965122680082547,0.0013280490180823039,246,0.001589,460.0,562.0,489.0,425.0,460.0,479.2
海上,53,0.07946026986506746,0.0014047030538784661,1.6497076065163518,0.02479246766311702,0.0011267783201255206,305,0.001971,572.0,260.0,442.0,543.0,591.0,481.6
物外,63,0.0944527736131934,0.0008869439154296726,1.6360775999602084,0.024579729698844418,0.001377174820225441,109,0.000704,448.0,467.5,528.0,549.0,422.0,482.9
分明,54,0.08095952023988005,0.0013371692532112322,1.6499006867388804,0.0236247334834284,0.001157787492571061,339,0.00219,564.0,277.0,439.0,563.0,582.0,485.0
夜深,62,0.09295352323838081,0.0007113560336948643,1.6363973514572756,0.030872156836848037,0.0013225100875549171,240,0.001551,460.0,548.0,525.0,428.0,464.0,485.0
百年,58,0.08695652173913043,0.0010580295437866653,1.6421157397345127,0.02756162471944585,0.0012479454429462702,324,0.002093,520.0,394.0,495.0,498.0,522.0,485.8
大道,62,0.09295352323838081,0.0007001004002503253,1.6391754699666596,0.029321734411137067,0.001355125869179958,127,0.000821,460.0,551.0,512.0,464.0,442.0,485.8
南山,56,0.08395802098950525,0.001116558837698268,1.6448552814523831,0.027844845552232572,0.0011979024900675658,489,0.003159,542.0,371.0,479.0,492.0,557.0,488.2
君心,60,0.08995502248875561,0.0008734371552962258,1.6365497752197657,0.02901183253836133,0.0012907522526349868,137,0.000885,488.0,474.5,523.0,470.0,489.0,488.9
是非,54,0.08095952023988005,0.0014542278410344378,1.6443596177307152,0.022181522994118723,0.0011835407449758328,215,0.001389,564.0,242.0,482.0,589.0,568.0,489.0
闲居,58,0.08695652173913043,0.0011030520775648213,1.647655216303621,0.02363104462187128,0.0012435122523485297,261,0.001686,520.0,379.0,458.0,562.0,526.0,489.0
焚香,57,0.08545727136431784,0.0012358685522103814,1.6427797582195172,0.022252651246234573,0.0012461773210851927,207,0.001337,532.0,320.0,488.0,588.0,525.0,490.6
山阴,61,0.0914542728635682,0.0006865936401168785,1.642455008380165,0.029038302311458295,0.0013265388825434048,127,0.000821,472.5,560.0,491.0,469.0,462.0,490.9
青松,59,0.08845577211394302,0.000916208562385474,1.6409694379012463,0.027404480088778275,0.0012737411180144935,143,0.000924,505.5,450.0,500.0,501.0,504.0,492.1
将军,60,0.08995502248875561,0.0007203605404504955,1.6349474723610353,0.030369413324925196,0.001335872952847652,634,0.004096,488.0,544.0,532.0,444.0,453.0,492.2
明日,57,0.08545727136431784,0.0010985498241870056,1.6377530853665978,0.028375032324471614,0.0012080313199351112,283,0.001828,532.0,382.5,517.0,483.0,550.0,492.9
得意,58,0.08695652173913043,0.000888444666555611,1.6421283978224688,0.029454975914958284,0.0012386648112231477,162,0.001047,520.0,465.0,494.0,459.0,533.0,494.2
蓬莱,62,0.09295352323838081,0.0007541274407841125,1.6362602814488378,0.02614216581579914,0.0013619201421723325,238,0.001538,460.0,528.0,527.0,524.0,434.0,494.6
孤云,60,0.08995502248875561,0.0009004506755631193,1.631350197263135,0.027679366152481358,0.0013029795474532703,167,0.001079,488.0,458.5,553.0,496.0,479.0,494.9
旌旗,60,0.08995502248875561,0.0008779394086740414,1.6362755027336278,0.026161844247159016,0.001316718585773619,245,0.001583,488.0,471.5,526.0,523.0,467.0,495.1
家贫,60,0.08995502248875561,0.0007968988478733606,1.6463143949766708,0.02633647754881501,0.00128333342174988,130,0.00084,488.0,506.5,470.0,518.0,495.0,495.5
清秋,64,0.095952023988006,0.000513256885070978,1.6345824436601706,0.030060138274599472,0.001369279479648251,143,0.000924,438.0,634.0,534.0,447.0,426.0,495.8
深山,59,0.08845577211394302,0.0009229619424521974,1.6397292099557024,0.02674708510844395,0.0012719882514106212,167,0.001079,505.5,447.5,509.0,514.0,506.0,496.4
万古,60,0.08995502248875561,0.0007653830742286515,1.6410917162118899,0.02806854168972402,0.0012942745833547135,244,0.001577,488.0,522.5,499.0,490.0,483.0,496.5
姓名,59,0.08845577211394302,0.0009364687025856442,1.6440197806882544,0.024538643727689612,0.0012778103711862025,159,0.001027,505.5,445.0,485.0,550.0,501.0,497.3
庭前,61,0.0914542728635682,0.0005717861789825808,1.6342576028708011,0.03269460985830375,0.0013040719182869033,121,0.000782,472.5,610.0,537.0,392.0,477.0,497.7
神仙,56,0.08395802098950525,0.0012876444660552607,1.638097215647082,0.021781633329138083,0.0012322847590624244,379,0.002449,542.0,296.0,515.0,599.0,537.0,497.8
风雨,54,0.08095952023988005,0.001251626439032736,1.6450107414885424,0.02420567443953499,0.001163107241337941,469,0.00303,564.0,315.0,477.0,555.0,578.0,497.8
吟诗,59,0.08845577211394302,0.0010865438151794974,1.6326756368379218,0.024582611461142673,0.001268553103946676,162,0.001047,505.5,385.0,544.0,548.0,510.0,498.5
往来,58,0.08695652173913043,0.0009139574356965661,1.641625345639971,0.027792921603125926,0.0012305499010050846,233,0.001505,520.0,452.0,496.0,494.0,538.0,500.0
古人,55,0.08245877061469264,0.001283142212677445,1.636885851809298,0.023113284117050294,0.0011970195426107065,277,0.00179,553.0,299.5,520.0,575.0,558.0,501.1
流年,60,0.08995502248875561,0.0008464236350293322,1.6365019367252096,0.025787250413003986,0.001302006979632053,150,0.000969,488.0,486.0,524.0,528.0,480.0,501.2
英雄,61,0.0914542728635682,0.0006573289931610771,1.6409251192384264,0.0265968426114719,0.0013577555303940466,125,0.000808,472.5,578.0,501.0,517.0,438.0,501.3
池上,56,0.08395802098950525,0.0010692851772312042,1.637755815862424,0.027415279076555124,0.0011940729816417117,272,0.001757,542.0,391.0,516.0,500.0,559.0,501.6
闭门,60,0.08995502248875561,0.000769885327606467,1.6396919477550584,0.027250017802358893,0.0012828434868048801,141,0.000911,488.0,519.5,510.0,504.0,497.0,503.7
世人,59,0.08845577211394302,0.0009128318723521122,1.6408287430903246,0.023614384516820363,0.0012812415796527583,224,0.001447,505.5,453.0,502.0,564.0,498.0,504.5
乔木,56,0.08395802098950525,0.0009972491231861546,1.646815523564566,0.02436139244143284,0.0012116312078485842,123,0.000795,542.0,420.0,465.0,553.0,547.0,505.4
千载,52,0.07796101949025487,0.0013439226332779557,1.6426009901564291,0.021681135543560385,0.0011192121439386673,275,0.001777,579.5,275.0,490.0,601.0,594.0,507.9
岁月,57,0.08545727136431784,0.0010085047566306938,1.638794104046325,0.02346411102018116,0.0012512620369549683,230,0.001486,532.0,413.5,513.0,567.0,520.0,509.1
池塘,55,0.08245877061469264,0.000989745367556462,1.6317514585069137,0.029434828810620366,0.0011833958494682725,162,0.001047,553.0,425.0,550.0,460.0,569.0,511.4
松风,58,0.08695652173913043,0.0007428718073395734,1.6481886108170387,0.025503339436367817,0.0012478769803952244,113,0.00073,520.0,533.0,453.0,532.0,523.0,512.2
泉声,58,0.08695652173913043,0.0008059033546289918,1.6377419423035053,0.02708831017289215,0.0012592120618106955,143,0.000924,520.0,500.5,518.0,508.0,515.0,512.3
高树,58,0.08695652173913043,0.0007248627938283111,1.6405562546284687,0.028850741527250232,0.001243172054842556,124,0.000801,520.0,541.5,504.0,473.0,527.0,513.1
出入,55,0.08245877061469264,0.0011863437650544099,1.631929086491116,0.022532721973695675,0.0012127709361687202,135,0.000872,553.0,335.0,548.0,584.0,546.0,513.2
裴回,58,0.08695652173913043,0.0006978492735614175,1.6385848476688614,0.02983806372779367,0.0012416563380963557,346,0.002236,520.0,553.0,514.0,452.0,529.0,513.6
时节,59,0.08845577211394302,0.0004884944914929923,1.635330429828264,0.03273034370896469,0.0012689554459113413,241,0.001557,505.5,639.5,531.0,390.0,509.0,515.0
烟霞,58,0.08695652173913043,0.001026513770141956,1.627841726291251,0.023426861524947447,0.0012669870175861895,417,0.002694,520.0,406.0,573.0,568.0,511.0,515.6
平生,55,0.08245877061469264,0.0011255633444538992,1.6367889614520543,0.023049150178088965,0.0011916612169417652,598,0.003864,553.0,367.0,521.0,576.0,561.0,515.6
青天,52,0.07796101949025487,0.001172837004920963,1.6301378517398177,0.02627050956873011,0.0011233767049771564,206,0.001331,579.5,339.0,560.0,520.0,592.0,518.1
菊花,60,0.08995502248875561,0.0005245125185155171,1.6320669253340223,0.0287272985535614,0.0013345335507622422,144,0.00093,488.0,628.5,546.0,475.0,454.0,518.3
苦辛,60,0.08995502248875561,0.0006505756130943537,1.6333998342566902,0.026660747511135244,0.0013076895702874116,135,0.000872,488.0,580.0,540.0,515.0,473.0,519.2
中原,60,0.08995502248875561,0.0006775891333612473,1.6305229954332572,0.025260093621743012,0.0013312020286741992,118,0.000762,488.0,564.0,558.0,535.0,457.0,520.4
水清,57,0.08545727136431784,0.0009634822228525377,1.6298243607437894,0.024292104173322938,0.0012543965759881687,136,0.000879,532.0,434.5,565.0,554.0,519.0,520.9
子孙,54,0.08095952023988005,0.00120660390525458,1.629906866388563,0.021863445385421714,0.001185365182751255,167,0.001079,564.0,330.5,564.0,598.0,565.0,524.3
玉树,58,0.08695652173913043,0.0005402704053378716,1.6355639416746717,0.030728324000253663,0.0012494243105380756,142,0.000917,520.0,622.5,529.0,435.0,521.0,525.5
相寻,57,0.08545727136431784,0.0008351680015847932,1.6301236209013639,0.025174192179349537,0.0012596053616218288,136,0.000879,532.0,489.5,561.0,537.0,513.0,526.5
千古,49,0.07346326836581708,0.0014249631940786364,1.6311332002250387,0.02121467761852962,0.0010754356731467291,171,0.001105,608.0,249.0,557.0,608.0,617.0,527.8
双阙,58,0.08695652173913043,0.0006798402600501552,1.6318626291677683,0.026232983862490657,0.0012924322547110396,117,0.000756,520.0,562.0,549.0,521.0,487.0,527.8
山高,55,0.08245877061469264,0.0009544777160969065,1.6311349154533374,0.024526876620782352,0.0012197492244937142,166,0.001073,553.0,438.0,556.0,551.0,543.0,528.2
氛氲,56,0.08395802098950525,0.0007811409610510061,1.6348497775020925,0.02552740558979726,0.001218411170668343,135,0.000872,542.0,511.0,533.0,530.0,544.0,532.0
饮酒,57,0.08545727136431784,0.0007991499745622684,1.6296083706106859,0.024767046538507937,0.0012578922505099147,125,0.000808,532.0,503.5,566.0,544.0,517.0,532.5
春雨,57,0.08545727136431784,0.0006190598394496446,1.6224416163289763,0.031272121150394766,0.0012303571098791076,143,0.000924,532.0,592.5,588.0,419.0,539.0,534.1
沧浪,51,0.07646176911544228,0.0012606309457883671,1.6249364234488626,0.022019318849022335,0.0011181858854520648,183,0.001182,589.5,312.0,580.0,594.0,595.0,534.1
十载,55,0.08245877061469264,0.0008756882819851336,1.6367199188583463,0.023048044206333086,0.0012059738802263503,151,0.000976,553.0,473.0,522.0,577.0,552.0,535.4
雨露,51,0.07646176911544228,0.001139070104587346,1.6313143921460023,0.02293206958571133,0.0011162901457254628,197,0.001273,589.5,356.5,554.0,579.0,599.0,535.6
道士,56,0.08395802098950525,0.0008059033546289918,1.631143040897811,0.022661789082739348,0.0012789564007069083,365,0.002358,542.0,500.5,555.0,583.0,500.0,536.1
萧萧,56,0.08395802098950525,0.0007158582870726799,1.628464858678084,0.028666748470777777,0.0012149413429714294,357,0.002307,542.0,545.5,571.0,477.0,545.0,536.1
百里,46,0.06896551724137931,0.0015780398089243668,1.6262153125165257,0.018154516636223174,0.0010100652393744281,162,0.001047,629.0,211.0,578.0,641.0,639.0,539.6
衣裳,48,0.07196401799100449,0.0012201106653880267,1.6303910205161025,0.02311461647267266,0.001044023185583888,244,0.001577,616.0,325.0,559.0,574.0,629.0,540.6
紫微,58,0.08695652173913043,0.0005492749120935028,1.617084758920628,0.02887026341478899,0.0012836153984857707,143,0.000924,520.0,617.5,602.0,472.0,494.0,541.1
登临,49,0.07346326836581708,0.001283142212677445,1.6299479988672667,0.019919354833562445,0.0010748885407687796,185,0.001195,608.0,299.5,562.0,623.0,619.0,542.3
夫子,49,0.07346326836581708,0.0012201106653880267,1.6320575008064677,0.01848826828135446,0.0011049204883559697,191,0.001234,608.0,325.0,547.0,636.0,604.0,544.0
龙门,55,0.08245877061469264,0.0007653830742286515,1.6324504241938336,0.02461976810127431,0.0011983962780502246,205,0.001325,553.0,522.5,545.0,546.0,556.0,544.5
天地,54,0.08095952023988005,0.0009589799694747222,1.6286818104317613,0.019638040463845267,0.0012364912386559049,586,0.003786,564.0,436.5,570.0,624.0,535.0,545.9
逢人,58,0.08695652173913043,0.0004682343512928221,1.634454404711024,0.026641786534380103,0.0012641353496816912,114,0.000737,520.0,647.5,536.0,516.0,512.0,546.3
太平,58,0.08695652173913043,0.0004412208310259285,1.621393045870021,0.02729439906537633,0.0013087124649007555,228,0.001473,520.0,651.5,591.0,503.0,471.0,547.3
诸侯,49,0.07346326836581708,0.0011368189778984382,1.6299103753337818,0.02044713842376409,0.0010974532013819924,190,0.001228,608.0,359.0,563.0,616.0,608.0,550.8
风霜,57,0.08545727136431784,0.0005155080117598858,1.6190819139466848,0.028215278131255083,0.0012725929610771323,116,0.000749,532.0,633.0,596.0,489.0,505.0,551.0
星辰,58,0.08695652173913043,0.0004952478715597157,1.6154560244654155,0.024601680990746482,0.0013236721184051636,110,0.000711,520.0,637.5,609.0,547.0,463.0,555.3
使君,46,0.06896551724137931,0.0011885948917433175,1.6263470286317931,0.020008852357421683,0.0010324725766845603,774,0.005001,629.0,334.0,577.0,620.0,631.0,558.2
道路,54,0.08095952023988005,0.0006888447668057863,1.6317453389114887,0.02445890366446167,0.0011839239451079196,207,0.001337,564.0,559.0,551.0,552.0,567.0,558.6
生死,55,0.08245877061469264,0.0007068537803170487,1.618395010589605,0.023887907348249256,0.0012266911649977186,152,0.000982,553.0,550.0,598.0,558.0,542.0,560.2
天外,52,0.07796101949025487,0.0007758883321102212,1.6327565489045128,0.022723254977288505,0.0011349927353738768,141,0.000911,579.5,514.0,542.0,582.0,588.0,561.1
丞相,40,0.05997001499250375,0.0014137075606340975,1.6280503219175388,0.015828192319353545,0.0008997054202090235,198,0.001279,659.5,255.0,572.0,658.0,662.0,561.3
清风,45,0.06746626686656672,0.0012966489728108918,1.6148450463209465,0.017992767002230382,0.0010216491704501199,427,0.002759,633.5,290.0,610.0,642.0,635.0,562.1
感激,56,0.08395802098950525,0.0005897951924938432,1.6241754487988198,0.022423120479173886,0.0012701762235703476,120,0.000775,542.0,605.5,583.0,587.0,507.0,564.9
人皆,51,0.07646176911544228,0.0008239123681402542,1.6272710842989315,0.02322539458240045,0.0011144687103757116,141,0.000911,589.5,495.0,575.0,572.0,600.0,566.3
相知,54,0.08095952023988005,0.0005380192786489639,1.6326908194789032,0.024935074592386124,0.0011899248722731129,125,0.000808,564.0,625.0,543.0,540.0,562.0,566.8
天台,52,0.07796101949025487,0.0008104056080068074,1.6257831918031784,0.02099487970419565,0.0011818025300834223,309,0.001996,579.5,497.0,579.0,613.0,570.0,567.7
寻常,51,0.07646176911544228,0.0008351680015847932,1.6289770069333755,0.02118251443791102,0.0011284908202618996,141,0.000911,589.5,489.5,567.0,609.0,590.0,569.0
月中,50,0.07496251874062969,0.0007113560336948643,1.6332924575164043,0.024162487061955798,0.0010976734200259376,265,0.001712,599.0,548.0,541.0,556.0,607.0,570.2
前程,54,0.08095952023988005,0.0005402704053378716,1.6229901286869115,0.02530321028499978,0.0012105893563511582,117,0.000756,564.0,622.5,587.0,534.0,549.0,571.3
人世,53,0.07946026986506746,0.0005650327989158574,1.6337717342190823,0.023887034003395813,0.0011645117295800008,116,0.000749,572.0,611.0,538.0,559.0,577.0,571.4
壮士,54,0.08095952023988005,0.0005425215320267794,1.6216167434325932,0.025379908546827985,0.0012075123351354973,130,0.00084,564.0,620.0,590.0,533.0,551.0,571.6
圣主,55,0.08245877061469264,0.00060330195262729,1.618769647164352,0.022752165894796776,0.0012415641715414415,146,0.000943,553.0,600.0,597.0,581.0,530.0,572.2
鬼神,56,0.08395802098950525,0.0006010508259383821,1.597667595019328,0.020890136274579488,0.0013108303544942176,116,0.000749,542.0,601.0,647.0,614.0,470.0,574.8
圣朝,53,0.07946026986506746,0.0006280643462052757,1.6287221373808027,0.02288626768978599,0.001178888618117115,113,0.00073,572.0,588.0,569.0,580.0,571.0,576.0
鹦鹉,53,0.07946026986506746,0.0004412208310259285,1.6167790228705343,0.027686460230472613,0.0011919852341256488,227,0.001467,572.0,651.5,603.0,495.0,560.0,576.3
山水,44,0.06596701649175413,0.0011795903849876864,1.6142088402604537,0.01556992363369579,0.0009993591655724067,351,0.002268,639.5,337.0,612.0,659.0,642.0,577.9
骑马,54,0.08095952023988005,0.0003646825236030633,1.6234609115933092,0.0268720168298514,0.0011747958691603938,124,0.000801,564.0,659.0,585.0,513.0,574.0,579.0
鱼龙,54,0.08095952023988005,0.0005042523783153469,1.61483704725356,0.025586282165192917,0.0012004896513963784,111,0.000717,564.0,636.0,611.0,529.0,555.0,579.0
沧海,47,0.0704647676161919,0.0009769889829859845,1.6206401817857756,0.018472387188508563,0.0010651147483714657,290,0.001874,623.0,427.5,592.0,637.0,623.0,580.5
纵横,49,0.07346326836581708,0.0008126567346957152,1.6275663414829786,0.020806899093787946,0.0010901860629747373,210,0.001357,608.0,496.0,574.0,615.0,612.0,581.0
飘飖,52,0.07796101949025487,0.0006415711063387225,1.6197109861538217,0.0233279320005049,0.0011609028420544987,140,0.000905,579.5,583.5,594.0,570.0,579.0,581.2
回头,49,0.07346326836581708,0.0006753380066723395,1.6314162018555227,0.023900065124219733,0.0010599679710394704,161,0.00104,608.0,566.0,552.0,557.0,627.0,582.0
玲珑,52,0.07796101949025487,0.0004884944914929923,1.6234250963294694,0.0262991448340934,0.001137546437122205,120,0.000775,579.5,639.5,586.0,519.0,587.0,582.2
重阳,51,0.07646176911544228,0.0006055530793161978,1.612739927796594,0.024859558752987412,0.0011885013667609658,197,0.001273,589.5,599.0,618.0,542.0,563.0,582.3
淹留,49,0.07346326836581708,0.0007338673005839423,1.628868158322097,0.02304179145667539,0.001066650061966071,192,0.001241,608.0,536.5,568.0,578.0,622.0,582.5
万国,53,0.07946026986506746,0.0006078042060051055,1.6062322234101705,0.023489201923254724,0.0012022222158539118,156,0.001008,572.0,597.0,628.0,566.0,554.0,583.4
草堂,51,0.07646176911544228,0.0007248627938283111,1.6198595460344836,0.021974948562788844,0.001117083370202488,287,0.001854,589.5,541.5,593.0,597.0,597.0,583.6
自然,46,0.06896551724137931,0.0010490250370310341,1.5995593408265358,0.016134683610818757,0.0010697196106399453,213,0.001376,629.0,399.5,643.0,657.0,620.0,589.7
人心,44,0.06596701649175413,0.0009679844762303533,1.6176653832816081,0.018685406503543004,0.0009959908677163807,279,0.001803,639.5,432.5,601.0,633.0,645.0,590.2
山中,52,0.07796101949025487,0.0006078042060051055,1.6237893208191745,0.0210073386901115,0.00115729115709806,614,0.003967,579.5,597.0,584.0,612.0,583.0,591.1
尘埃,50,0.07496251874062969,0.0005402704053378716,1.624394218158983,0.023419670751948406,0.0011173704068035224,291,0.00188,599.0,622.5,582.0,569.0,596.0,593.7
功成,44,0.06596701649175413,0.0009927468698083391,1.6072987227763358,0.01815680525699141,0.0009989456508333753,165,0.001066,639.5,423.0,626.0,640.0,643.0,594.3
月光,52,0.07796101949025487,0.0004187095641368505,1.6003579849654117,0.026196491630332795,0.0011705661520941164,120,0.000775,579.5,653.5,641.0,522.0,576.0,594.4
日月,50,0.07496251874062969,0.0007788898343620982,1.5943216296636527,0.017763646383614353,0.0011844228391211403,509,0.003289,599.0,512.0,652.0,645.0,566.0,594.8
明主,50,0.07496251874062969,0.0006663334999167084,1.6082304091791215,0.02132525839783344,0.0011461104595909268,212,0.00137,599.0,572.5,624.0,606.0,584.0,597.1
竹林,51,0.07646176911544228,0.0005267636452044248,1.6180186084220527,0.022007923228688536,0.0011452431135454096,140,0.000905,589.5,627.0,600.0,595.0,585.0,599.3
苍生,48,0.07196401799100449,0.0008284146215180698,1.6048141807675156,0.017070853761609148,0.001107315643957077,153,0.000989,616.0,492.5,632.0,653.0,603.0,599.3
今来,44,0.06596701649175413,0.0008959484221853038,1.6135723546043699,0.01868130631778699,0.0009771169180759383,234,0.001512,639.5,461.0,615.0,634.0,652.0,600.3
蛟龙,51,0.07646176911544228,0.0005515260387824107,1.6061019545574522,0.0220916373378436,0.001160747198628778,132,0.000853,589.5,614.5,629.0,591.0,580.0,600.8
林下,50,0.07496251874062969,0.0005942974458716587,1.6180519756526213,0.02150662772268729,0.0011111005096997527,245,0.001583,599.0,603.5,599.0,604.0,601.0,601.3
东海,50,0.07496251874062969,0.0005957981969975974,1.6161905951518887,0.021482784307673492,0.0011222044798377899,130,0.00084,599.0,602.0,608.0,605.0,593.0,601.4
从容,45,0.06746626686656672,0.000871186028607318,1.6128092200187665,0.017451080156664932,0.0010255536689569775,150,0.000969,633.5,476.0,617.0,649.0,633.0,601.7
春深,48,0.07196401799100449,0.00048174111142626887,1.6022992508996363,0.0274880525870594,0.0010750787577265993,154,0.000995,616.0,642.0,639.0,499.0,618.0,602.8
文章,44,0.06596701649175413,0.000949975462719091,1.6005327379217171,0.015466852888817433,0.0010194782259940432,307,0.001984,639.5,439.5,640.0,660.0,637.0,603.2
草木,47,0.0704647676161919,0.0008509258884071477,1.598722030984254,0.017096973250185287,0.001088233221249535,327,0.002113,623.0,482.5,645.0,651.0,615.0,603.3
清净,48,0.07196401799100449,0.0006910958934946941,1.6163698533005744,0.01925759706361789,0.0010917993304479768,117,0.000756,616.0,558.0,606.0,628.0,610.0,603.6
衣冠,52,0.07796101949025487,0.00032416224320272295,1.5961108039455294,0.02378007767359966,0.0011884728453595771,118,0.000762,579.5,664.5,649.0,561.0,564.0,603.6
光辉,48,0.07196401799100449,0.0006753380066723395,1.6099965657107738,0.021997692748466,0.0010671701351054428,211,0.001363,616.0,566.0,622.0,596.0,621.0,604.2
心期,47,0.0704647676161919,0.0005875440658049354,1.6218815564166782,0.023189009001586484,0.0010376635930833104,129,0.000833,623.0,607.0,589.0,573.0,630.0,604.4
潺湲,48,0.07196401799100449,0.0006483244864054459,1.608584968295357,0.022171093407800622,0.0010771453374883776,194,0.001253,616.0,581.5,623.0,590.0,616.0,605.3
弟子,50,0.07496251874062969,0.0005492749120935028,1.6130715307114358,0.021079097322195487,0.001143672741559048,134,0.000866,599.0,617.5,616.0,611.0,586.0,605.9
朝廷,50,0.07496251874062969,0.0005515260387824107,1.6068982005248071,0.01996509816459127,0.0011585941525767167,113,0.00073,599.0,614.5,627.0,622.0,581.0,608.7
依稀,49,0.07346326836581708,0.0002836419628023826,1.5985047964790045,0.02593429612632215,0.0011170455602727426,112,0.000724,608.0,666.0,646.0,526.0,598.0,608.8
霄汉,50,0.07496251874062969,0.0004187095641368505,1.6162671477614665,0.021773666722637898,0.0011338801337518224,127,0.000821,599.0,653.5,607.0,600.0,589.0,609.7
莲花,47,0.0704647676161919,0.0006415711063387225,1.6113157871367487,0.02159440214212389,0.0010634515570729045,186,0.001202,623.0,583.5,621.0,602.0,624.0,610.7
所以,51,0.07646176911544228,0.0004029516773144959,1.6025542879740897,0.021270259942355457,0.0011762599115863386,125,0.000808,589.5,657.0,638.0,607.0,573.0,612.9
江湖,43,0.06446776611694152,0.0007563785674730202,1.6166732872709908,0.017084311567098238,0.0009872928477823713,250,0.001615,647.5,526.5,604.0,652.0,648.0,615.6
自由,49,0.07346326836581708,0.00032416224320272295,1.6124381827885501,0.022522699826512796,0.0010970430798575024,119,0.000769,608.0,664.5,620.0,585.0,609.0,617.3
瑶池,47,0.0704647676161919,0.0003331667499583542,1.5941385528243395,0.024964414400324868,0.001090865306043198,112,0.000724,623.0,663.0,653.0,539.0,611.0,617.8
千万,42,0.06296851574212893,0.0006753380066723395,1.6191213974403258,0.020394748182148703,0.0009332119517992361,372,0.002404,653.5,566.0,595.0,617.0,659.0,618.1
青冥,45,0.06746626686656672,0.0006348177262719991,1.6165653361746621,0.01779739891836197,0.0010263026170636166,142,0.000917,633.5,585.0,605.0,644.0,632.0,619.9
乾坤,46,0.06896551724137931,0.0006708357532945239,1.599520905359336,0.01785134414087454,0.0010887553550129525,258,0.001667,629.0,570.0,644.0,643.0,614.0,620.0
登高,44,0.06596701649175413,0.000580790685738212,1.6125773139253263,0.021155666486061063,0.001022859780561633,244,0.001577,639.5,608.0,619.0,610.0,634.0,622.1
翠微,48,0.07196401799100449,0.0004727366046706377,1.5998624473287264,0.02152753555971461,0.0010888577700948197,236,0.001525,616.0,645.0,642.0,603.0,613.0,623.8
丹青,46,0.06896551724137931,0.0005515260387824107,1.6078510029015227,0.0195432856574263,0.0010565018960678543,157,0.001014,629.0,614.5,625.0,625.0,628.0,624.3
早晚,43,0.06446776611694152,0.0006663334999167084,1.6138200015384763,0.018652928090723206,0.0009645531490246749,243,0.00157,647.5,572.5,613.0,635.0,655.0,624.6
文字,47,0.0704647676161919,0.0005515260387824107,1.605844677550602,0.018821720563013074,0.0010627222346102914,126,0.000814,623.0,614.5,630.0,632.0,625.0,624.9
参差,43,0.06446776611694152,0.0005402704053378716,1.6025596553732702,0.022084762116760477,0.000981800946406772,434,0.002804,647.5,622.5,637.0,592.0,650.0,629.8
交亲,45,0.06746626686656672,0.00048174111142626887,1.6135894324745905,0.019471534193861287,0.0010197914776794417,114,0.000737,633.5,642.0,614.0,626.0,636.0,630.3
圣人,47,0.0704647676161919,0.0004457230844037441,1.589434548627063,0.018367929737382355,0.0011044312077949359,125,0.000808,623.0,650.0,656.0,638.0,605.0,634.4
南宫,43,0.06446776611694152,0.0005177591384487937,1.6041919560894515,0.01914767973718378,0.0009996106586282643,134,0.000866,647.5,631.5,634.0,629.0,641.0,636.6
造化,38,0.05697151424287856,0.0007293650472061266,1.5822102485147274,0.01296871153812095,0.0009341234812638936,215,0.001389,661.5,539.5,660.0,665.0,658.0,636.8
他年,43,0.06446776611694152,0.0005177591384487937,1.6054902818782637,0.019092828094607647,0.0009862780753653764,126,0.000814,647.5,631.5,631.0,630.0,649.0,637.8
东南,43,0.06446776611694152,0.0005245125185155171,1.6040787986610892,0.019409343284969915,0.0009751321054195218,232,0.001499,647.5,628.5,635.0,627.0,653.0,638.2
新诗,41,0.06146926536731634,0.0006303154728941836,1.5957360440041704,0.017621913400156994,0.0009428692085264534,253,0.001635,657.0,587.0,650.0,646.0,657.0,639.4
珍重,42,0.06296851574212893,0.0005897951924938432,1.603893420257848,0.017470897190372828,0.0009694668982673609,116,0.000749,653.5,605.5,636.0,648.0,654.0,639.4
天子,44,0.06596701649175413,0.00040070055062558813,1.569453574949119,0.020252258173098107,0.0010608732931855337,594,0.003838,639.5,658.0,663.0,618.0,626.0,640.9
主人,37,0.05547226386806597,0.0006663334999167084,1.5967201386217365,0.016307844662826303,0.0008602318637937753,584,0.003773,663.0,572.5,648.0,656.0,666.0,641.1
先生,35,0.05247376311844078,0.0007158582870726799,1.5611679932408868,0.012775069061859134,0.0008643215272314494,420,0.002714,665.0,545.5,667.0,666.0,664.0,641.5
天下,38,0.05697151424287856,0.0006933470201836019,1.564768459733046,0.013042389141401248,0.0009239636761674325,480,0.003101,661.5,557.0,666.0,664.0,661.0,641.9
皎然,44,0.06596701649175413,0.0004142073107590349,1.5879300442204234,0.01997597231518356,0.0010131985159086137,631,0.004077,639.5,655.0,657.0,621.0,638.0,642.1
丹砂,43,0.06446776611694152,0.0002498750624687656,1.6047167219674425,0.019082942990398838,0.0010054192806959066,114,0.000737,647.5,667.0,633.0,631.0,640.0,643.7
逍遥,41,0.06146926536731634,0.0006145575860718289,1.5825932396552025,0.014354709304585048,0.0009810333418511295,233,0.001505,657.0,594.0,659.0,662.0,651.0,644.6
万年,42,0.06296851574212893,0.0005447726587156873,1.5787944360244837,0.017472395228354688,0.0009927918950687592,178,0.00115,653.5,619.0,662.0,647.0,646.0,645.5
鸡鸣,40,0.05997001499250375,0.0005605305455380418,1.595040160684011,0.01672609881084766,0.0009311960349694435,149,0.000963,659.5,612.0,651.0,654.0,660.0,647.3
波涛,43,0.06446776611694152,0.0004592298445371909,1.5850868639958968,0.01836677276201106,0.0009977847146451979,152,0.000982,647.5,649.0,658.0,639.0,644.0,647.5
尚书,33,0.04947526236881559,0.0006213109661385523,1.5790394618201704,0.013252542955127183,0.0007939776199423091,436,0.002817,668.0,590.5,661.0,663.0,668.0,650.1
吾道,42,0.06296851574212893,0.0004119561840701271,1.5896566897334194,0.016503791839470167,0.0009887332350598484,132,0.000853,653.5,656.0,654.0,655.0,647.0,653.1
永日,41,0.06146926536731634,0.0003399201300250776,1.5895413043737814,0.01744395764087435,0.0009516051053527156,118,0.000762,657.0,662.0,655.0,650.0,656.0,656.0
君子,34,0.050974512743628186,0.000535768151960056,1.5658839350487683,0.011992614161187977,0.0008476350431575418,366,0.002365,667.0,626.0,665.0,667.0,667.0,658.4
清晨,35,0.05247376311844078,0.00034442238340289314,1.567488312706088,0.01489951782155447,0.0008639054275781356,120,0.000775,665.0,661.0,664.0,661.0,665.0,663.2
万物,35,0.05247376311844078,0.00034667351009180097,1.5489516334232578,0.01167061082344469,0.0008809083836398226,146,0.000943,665.0,660.0,668.0,668.0,663.0,664.8
