词1,词2,NPMI值,PMI值,共现文档数,词1文档频次,词2文档频次,词1概率,词2概率,联合概率
万户,千门,0.689438,4.776841,15,45,43,0.002938,0.002808,0.000979
今年,去年,0.635165,4.359815,16,36,87,0.00235,0.00568,0.001045
东西,南北,0.590088,3.811145,24,107,76,0.006986,0.004962,0.001567
北阙,南宫,0.581032,4.664066,5,38,19,0.002481,0.001241,0.000326
千门,霓裳,0.577665,4.531718,6,43,23,0.002808,0.001502,0.000392
两相,北斗,0.560705,4.626018,4,30,20,0.001959,0.001306,0.000261
北阙,南山,0.542358,3.878804,12,38,100,0.002481,0.006529,0.000783
意气,昆仑,0.537972,4.593228,3,15,31,0.000979,0.002024,0.000196
单于,汉家,0.527054,4.348386,4,22,36,0.001436,0.00235,0.000261
山色,水声,0.523627,3.628004,15,109,56,0.007117,0.003656,0.000979
云雨,巫山,0.520248,3.931622,8,89,27,0.005811,0.001763,0.000522
圣人,尚书,0.517249,4.626018,2,25,12,0.001632,0.000783,0.000131
南宫,衣冠,0.508989,4.552148,2,19,17,0.001241,0.00111,0.000131
渭水,霓裳,0.508896,4.198574,4,40,23,0.002612,0.001502,0.000261
壮士,意气,0.501622,4.486256,2,23,15,0.001502,0.000979,0.000131
叹息,行路,0.493459,4.213173,3,20,34,0.001306,0.00222,0.000196
北斗,水清,0.490064,4.184185,3,20,35,0.001306,0.002285,0.000196
兄弟,出入,0.48973,4.181332,3,54,13,0.003526,0.000849,0.000196
衣冠,霓裳,0.487627,4.361093,2,17,23,0.00111,0.001502,0.000131
皎然,风霜,0.487203,4.695011,1,7,20,0.000457,0.001306,6.5e-05
出入,金陵,0.484247,4.330864,2,13,31,0.000849,0.002024,0.000131
出入,骑马,0.484247,4.330864,2,13,31,0.000849,0.002024,0.000131
新月,罗衣,0.4808,3.966772,4,29,40,0.001893,0.002612,0.000261
宛转,逶迤,0.47867,4.612773,1,19,8,0.001241,0.000522,6.5e-05
南宫,霓裳,0.47519,4.249867,2,19,23,0.001241,0.001502,0.000131
弟子,霓裳,0.474787,3.917162,4,53,23,0.00346,0.001502,0.000261
今朝,昨日,0.474686,3.288914,15,119,72,0.00777,0.004701,0.000979
君恩,宫中,0.473698,3.908178,4,41,30,0.002677,0.001959,0.000261
登高,重阳,0.472717,3.900081,4,31,40,0.002024,0.002612,0.000261
歌声,窈窕,0.471739,3.786752,5,62,28,0.004048,0.001828,0.000326
梨花,满地,0.469861,3.686011,6,48,48,0.003134,0.003134,0.000392
同心,鸳鸯,0.469467,3.357507,12,40,160,0.002612,0.010447,0.000783
氛氲,汉家,0.467527,4.181332,2,13,36,0.000849,0.00235,0.000131
老人,逢人,0.467324,3.990029,3,25,34,0.001632,0.00222,0.000196
出入,朝朝,0.464464,4.153933,2,13,37,0.000849,0.002416,0.000131
九天,霓裳,0.464063,3.962185,3,38,23,0.002481,0.001502,0.000196
叶落,江城,0.463951,3.724232,5,42,44,0.002742,0.002873,0.000326
秋日,马蹄,0.463144,3.717759,5,30,62,0.001959,0.004048,0.000326
出入,歌舞,0.46273,3.950809,3,13,68,0.000849,0.00444,0.000196
白玉,黄金,0.461489,3.167694,16,57,181,0.003722,0.011818,0.001045
北阙,氛氲,0.461482,4.127265,2,38,13,0.002481,0.000849,0.000131
乾坤,昆仑,0.460478,3.612399,6,80,31,0.005223,0.002024,0.000392
翡翠,鸳鸯,0.460357,3.132013,17,71,160,0.004636,0.010447,0.00111
古木,山高,0.459914,3.607973,6,53,47,0.00346,0.003069,0.000392
圣人,自言,0.454677,4.066402,2,25,21,0.001632,0.001371,0.000131
登高,衣冠,0.454251,4.0626,2,31,17,0.002024,0.00111,0.000131
宛转,紫微,0.453196,4.053157,2,19,28,0.001241,0.001828,0.000131
万国,宫殿,0.452826,3.866251,3,26,37,0.001698,0.002416,0.000196
北斗,远近,0.451527,4.038231,2,20,27,0.001306,0.001763,0.000131
东海,宁知,0.451527,4.038231,2,27,20,0.001763,0.001306,0.000131
双阙,圣人,0.451254,3.852828,3,39,25,0.002546,0.001632,0.000196
圣人,梦里,0.451254,3.852828,3,25,39,0.001632,0.002546,0.000196
云雨,阳台,0.451068,3.538579,6,89,30,0.005811,0.001959,0.000392
功名,壮士,0.449585,3.838571,3,43,23,0.002808,0.001502,0.000196
圣人,玲珑,0.449475,4.019882,2,25,22,0.001632,0.001436,0.000131
九重,尚书,0.449069,4.016252,2,46,12,0.003003,0.000783,0.000131
凤凰,鹦鹉,0.448557,3.172065,13,107,78,0.006986,0.005093,0.000849
九天,瑶池,0.448039,3.696482,4,38,40,0.002481,0.002612,0.000261
北斗,窈窕,0.44746,4.001864,2,20,28,0.001306,0.001828,0.000131
叹息,路难,0.44746,4.001864,2,20,28,0.001306,0.001828,0.000131
北斗,紫微,0.44746,4.001864,2,20,28,0.001306,0.001828,0.000131
中原,自言,0.447356,3.819542,3,48,21,0.003134,0.001371,0.000196
宫中,百尺,0.447244,3.689925,4,30,51,0.001959,0.00333,0.000261
尚书,走马,0.446664,3.994746,2,12,47,0.000783,0.003069,0.000131
壮士,干戈,0.446376,3.682761,4,23,67,0.001502,0.004375,0.000261
山头,白露,0.44597,3.807708,3,34,30,0.00222,0.001959,0.000196
宛转,宫中,0.445481,3.984164,2,19,30,0.001241,0.001959,0.000131
归客,花下,0.444891,3.670507,4,30,52,0.001959,0.003395,0.000261
丈夫,壮士,0.444505,3.97543,2,25,23,0.001632,0.001502,0.000131
明主,衣冠,0.443923,3.970227,2,34,17,0.00222,0.00111,0.000131
叹息,清净,0.443537,3.966772,2,20,29,0.001306,0.001893,0.000131
北斗,清净,0.443537,3.966772,2,20,29,0.001306,0.001893,0.000131
万国,太平,0.44314,3.557178,5,26,84,0.001698,0.005484,0.000326
芳树,金谷,0.442577,3.958189,2,15,39,0.000979,0.002546,0.000131
两相,夜长,0.442575,3.77872,3,30,35,0.001959,0.002285,0.000196
夜长,宫中,0.442575,3.77872,3,35,30,0.002285,0.001959,0.000196
宫中,承恩,0.442575,3.77872,3,30,35,0.001959,0.002285,0.000196
公卿,出入,0.44224,3.775867,3,81,13,0.005289,0.000849,0.000196
菊花,重阳,0.441822,3.645189,4,40,40,0.002612,0.002612,0.000261
九天,紫微,0.441023,3.765475,3,38,28,0.002481,0.001828,0.000196
万国,朝廷,0.440119,3.93621,2,26,23,0.001698,0.001502,0.000131
九天,蓬莱,0.439875,3.530968,5,38,59,0.002481,0.003852,0.000326
出入,日夕,0.43983,4.238491,1,13,17,0.000849,0.00111,6.5e-05
北斗,宫中,0.439746,3.932871,2,20,30,0.001306,0.001959,0.000131
思量,罗衣,0.439658,3.449074,6,73,40,0.004766,0.002612,0.000392
闭门,霓裳,0.439167,3.749624,3,47,23,0.003069,0.001502,0.000196
宛转,相对,0.43895,3.747775,3,19,57,0.001241,0.003722,0.000196
垂杨,春来,0.438563,3.314313,8,55,81,0.003591,0.005289,0.000522
欢娱,送客,0.437969,4.220553,1,15,15,0.000979,0.000979,6.5e-05
万物,天地,0.437871,3.367557,7,28,132,0.001828,0.008618,0.000457
白玉,花下,0.437752,3.434118,6,57,52,0.003722,0.003395,0.000392
万古,千秋,0.43752,3.364855,7,109,34,0.007117,0.00222,0.000457
云飞,清净,0.436913,3.730384,3,38,29,0.002481,0.001893,0.000196
人间,天上,0.436908,2.68268,33,323,107,0.021089,0.006986,0.002155
桃源,梨花,0.436701,3.72857,3,23,48,0.001502,0.003134,0.000196
宛转,尚书,0.436594,4.207308,1,19,12,0.001241,0.000783,6.5e-05
承恩,相忆,0.436152,3.501088,5,35,66,0.002285,0.004309,0.000326
宁知,松柏,0.43608,3.900081,2,20,31,0.001306,0.002024,0.000131
叶落,罗衣,0.435908,3.596399,4,42,40,0.002742,0.002612,0.000261
花间,霓裳,0.435899,3.898469,2,27,23,0.001763,0.001502,0.000131
咸阳,壮士,0.435899,3.898469,2,27,23,0.001763,0.001502,0.000131
万年,东方,0.435899,3.898469,2,23,27,0.001502,0.001763,0.000131
秋天,蛟龙,0.435435,3.717759,3,36,31,0.00235,0.002024,0.000196
未央,草绿,0.435435,3.717759,3,31,36,0.002024,0.00235,0.000196
封侯,黄鹤,0.434807,3.712398,3,51,22,0.00333,0.001436,0.000196
岁寒,青松,0.433871,3.704408,3,39,29,0.002546,0.001893,0.000196
千门,渭水,0.433056,3.572868,4,43,40,0.002808,0.002612,0.000261
罗衣,鸳鸯,0.432936,3.175185,10,40,160,0.002612,0.010447,0.000653
万物,壮士,0.431833,3.862102,2,28,23,0.001828,0.001502,0.000131
壮士,对酒,0.431833,3.862102,2,23,28,0.001502,0.001828,0.000131
紫微,霓裳,0.431833,3.862102,2,28,23,0.001828,0.001502,0.000131
南宫,明主,0.431486,3.859001,2,19,34,0.001241,0.00222,0.000131
北阙,衣冠,0.431486,3.859001,2,38,17,0.002481,0.00111,0.000131
乔木,逶迤,0.431272,4.156014,1,30,8,0.001959,0.000522,6.5e-05
尚书,日照,0.431141,3.85591,2,12,54,0.000783,0.003526,0.000131
宁知,高台,0.430906,3.67909,3,20,58,0.001306,0.003787,0.000196
劝君,昆仑,0.430624,3.851291,2,21,31,0.001371,0.002024,0.000131
残月,马嘶,0.430089,3.199613,9,77,73,0.005027,0.004766,0.000588
玉楼,罗衣,0.429332,3.446338,5,61,40,0.003983,0.002612,0.000326
登高,黄花,0.429102,3.663692,3,31,38,0.002024,0.002481,0.000196
日夜,黄鹤,0.429089,3.837561,2,30,22,0.001959,0.001436,0.000131
凤凰,霓裳,0.428264,3.437768,5,107,23,0.006986,0.001502,0.000326
感激,青天,0.428112,3.655239,3,22,54,0.001436,0.003526,0.000196
霓裳,鹦鹉,0.42795,3.530745,4,23,78,0.001502,0.005093,0.000261
昆仑,逶迤,0.427869,4.123225,1,31,8,0.002024,0.000522,6.5e-05
尚书,相随,0.427074,3.819542,2,12,56,0.000783,0.003656,0.000131
北斗,花满,0.426935,3.645189,3,20,60,0.001306,0.003917,0.000196
意气,秋草,0.426576,3.815088,2,15,45,0.000979,0.002938,0.000131
前程,岐路,0.426355,3.422445,5,49,51,0.003199,0.00333,0.000326
尚书,自言,0.426209,4.107224,1,12,21,0.000783,0.001371,6.5e-05
万国,天下,0.42601,3.342003,6,26,125,0.001698,0.008161,0.000392
北斗,明主,0.425751,3.807708,2,20,34,0.001306,0.00222,0.000131
渭水,衣冠,0.425751,3.807708,2,40,17,0.002612,0.00111,0.000131
千秋,日照,0.425146,3.507603,4,34,54,0.00222,0.003526,0.000261
尚书,青楼,0.425095,3.801843,2,12,57,0.000783,0.003722,0.000131
尚书,白玉,0.425095,3.801843,2,12,57,0.000783,0.003722,0.000131
意气,日夕,0.424981,4.09539,1,15,17,0.000979,0.00111,6.5e-05
日夕,芳树,0.424981,4.09539,1,17,15,0.00111,0.000979,6.5e-05
昔时,逶迤,0.424574,4.091476,1,32,8,0.002089,0.000522,6.5e-05
归客,霓裳,0.424119,3.793109,2,30,23,0.001959,0.001502,0.000131
归客,桃源,0.424119,3.793109,2,30,23,0.001959,0.001502,0.000131
宫中,美人,0.424064,3.326735,6,30,110,0.001959,0.007182,0.000392
翡翠,芙蓉,0.423538,2.934529,15,71,172,0.004636,0.01123,0.000979
玉树,金陵,0.423095,3.612399,3,40,31,0.002612,0.002024,0.000196
未央,风飘,0.423095,3.612399,3,31,40,0.002024,0.002612,0.000196
北斗,夜长,0.42251,3.77872,2,20,35,0.001306,0.002285,0.000131
紫微,老人,0.42251,3.77872,2,28,25,0.001828,0.001632,0.000131
出入,白蘋,0.422191,3.775867,2,13,54,0.000849,0.003526,0.000131
扬州,猿声,0.421407,3.597987,3,34,37,0.00222,0.002416,0.000196
君心,咫尺,0.421407,3.597987,3,37,34,0.002416,0.00222,0.000196
尚书,感激,0.421381,4.060704,1,12,22,0.000783,0.001436,6.5e-05
富贵,汉宫,0.421221,3.596399,3,36,35,0.00235,0.002285,0.000196
江海,皎然,0.420598,4.053157,1,38,7,0.002481,0.000457,6.5e-05
霓裳,骑马,0.420452,3.760319,2,23,31,0.001502,0.002024,0.000131
丈夫,封侯,0.419834,3.584564,3,25,51,0.001632,0.00333,0.000196
汉水,行客,0.419834,3.584564,3,25,51,0.001632,0.00333,0.000196
玉堂,青松,0.419743,3.58378,3,44,29,0.002873,0.001893,0.000196
白马,相知,0.419376,3.58065,3,40,32,0.002612,0.002089,0.000196
九重,紫微,0.418646,3.57442,3,46,28,0.003003,0.001828,0.000196
朝廷,雨后,0.418646,3.57442,3,23,56,0.001502,0.003656,0.000196
梧桐,花间,0.417921,3.568228,3,48,27,0.003134,0.001763,0.000196
千门,衣冠,0.417665,3.735387,2,43,17,0.002808,0.00111,0.000131
御沟,衣冠,0.417665,3.735387,2,43,17,0.002808,0.00111,0.000131
牡丹,骑马,0.417658,3.445826,4,63,31,0.004113,0.002024,0.000261
头白,百年,0.417466,3.210627,7,47,92,0.003069,0.006007,0.000457
孤舟,行客,0.417136,3.208087,7,85,51,0.00555,0.00333,0.000457
人情,欢娱,0.417055,3.72993,2,49,15,0.003199,0.000979,0.000131
壮士,庭前,0.416903,3.72857,2,23,32,0.001502,0.002089,0.000131
尚书,朝廷,0.416768,4.016252,1,12,23,0.000783,0.001502,6.5e-05
叹息,大道,0.416297,3.72315,2,20,37,0.001306,0.002416,0.000131
北斗,宫殿,0.416297,3.72315,2,20,37,0.001306,0.002416,0.000131
尚书,歌声,0.415694,3.717759,2,12,62,0.000783,0.004048,0.000131
劝君,珍重,0.415506,3.547608,3,21,63,0.001371,0.004113,0.000196
往事,梦里,0.415341,3.334034,5,70,39,0.00457,0.002546,0.000326
君王,承恩,0.415295,3.257944,6,101,35,0.006594,0.002285,0.000392
承恩,白玉,0.415079,3.424548,4,35,57,0.002285,0.003722,0.000261
圣人,白露,0.414796,3.709727,2,25,30,0.001632,0.001959,0.000131
清明,罗衣,0.414775,3.422045,4,50,40,0.003265,0.002612,0.000261
今年,所以,0.414712,3.540829,3,36,37,0.00235,0.002416,0.000196
楼上,罗衣,0.41398,3.323105,5,69,40,0.004505,0.002612,0.000326
尚书,来往,0.413905,3.701759,2,12,63,0.000783,0.004113,0.000131
东海,帝城,0.413905,3.701759,2,27,28,0.001763,0.001828,0.000131
叶落,梧桐,0.41381,3.414077,4,42,48,0.002742,0.003134,0.000261
梨花,莺啼,0.41381,3.414077,4,48,42,0.003134,0.002742,0.000261
云飞,叹息,0.413315,3.696482,2,38,20,0.002481,0.001306,0.000131
宛转,罗衣,0.413315,3.696482,2,19,40,0.001241,0.002612,0.000131
南宫,渭水,0.413315,3.696482,2,19,40,0.001241,0.002612,0.000131
十载,思君,0.41314,3.527406,3,54,25,0.003526,0.001632,0.000196
往事,新月,0.412971,3.407157,4,70,29,0.00457,0.001893,0.000261
玲珑,苍梧,0.411853,3.68341,2,22,35,0.001436,0.002285,0.000131
圣人,文章,0.411782,3.397353,4,25,82,0.001632,0.005354,0.000261
秋天,蛾眉,0.411589,3.514161,3,36,38,0.00235,0.002481,0.000196
寒食,梨花,0.411284,3.226478,6,76,48,0.004962,0.003134,0.000392
云雨,巫峡,0.411249,3.226204,6,89,41,0.005811,0.002677,0.000392
月出,未央,0.411129,3.676937,2,25,31,0.001632,0.002024,0.000131
今已,大道,0.410841,3.67436,2,21,37,0.001371,0.002416,0.000131
江水,金陵,0.410196,3.384268,4,67,31,0.004375,0.002024,0.000261
山头,霓裳,0.410124,3.667946,2,34,23,0.00222,0.001502,0.000131
咫尺,朝廷,0.410124,3.667946,2,34,23,0.00222,0.001502,0.000131
明主,霓裳,0.410124,3.667946,2,34,23,0.00222,0.001502,0.000131
伤心,玲珑,0.410058,3.501088,3,63,22,0.004113,0.001436,0.000196
年华,未央,0.409299,3.494616,3,45,31,0.002938,0.002024,0.000196
咸阳,饮酒,0.409159,3.942921,1,27,11,0.001763,0.000718,6.5e-05
婵娟,承恩,0.408862,3.373255,4,60,35,0.003917,0.002285,0.000261
楼前,金谷,0.408546,3.488185,3,36,39,0.00235,0.002546,0.000196
古来,意气,0.40828,3.651458,2,53,15,0.00346,0.000979,0.000131
山头,草木,0.408246,3.277079,5,34,85,0.00222,0.00555,0.000326
意气,须臾,0.408116,3.932871,1,15,20,0.000979,0.001306,6.5e-05
叹息,欢娱,0.408116,3.932871,1,20,15,0.001306,0.000979,6.5e-05
公子,梨花,0.407848,3.136651,7,97,48,0.006333,0.003134,0.000457
衣冠,闭门,0.407719,3.64644,2,17,47,0.00111,0.003069,0.000131
圣人,圣朝,0.407579,3.645189,2,25,32,0.001632,0.002089,0.000131
竹林,萧索,0.407579,3.645189,2,25,32,0.001632,0.002089,0.000131
功名,夫子,0.407302,3.477558,3,43,33,0.002808,0.002155,0.000196
人生,叹息,0.407219,3.476853,3,71,20,0.004636,0.001306,0.000196
承恩,霓裳,0.406883,3.638958,2,35,23,0.002285,0.001502,0.000131
万年,人皆,0.406883,3.638958,2,23,35,0.001502,0.002285,0.000131
逶迤,龙门,0.406741,3.919626,1,8,38,0.000522,0.002481,6.5e-05
咸阳,忆昔,0.40619,3.632766,2,27,30,0.001763,0.001959,0.000131
巫山,阳台,0.40619,3.632766,2,27,30,0.001763,0.001959,0.000131
清净,路难,0.405915,3.6303,2,29,28,0.001893,0.001828,0.000131
梨花,行乐,0.405581,3.462867,3,48,30,0.003134,0.001959,0.000196
千门,南宫,0.405228,3.624161,2,43,19,0.002808,0.001241,0.000131
南宫,御沟,0.405228,3.624161,2,19,43,0.001241,0.002808,0.000131
云飞,相对,0.405111,3.34231,4,38,57,0.002481,0.003722,0.000261
才子,竹林,0.40477,3.455947,3,58,25,0.003787,0.001632,0.000196
万物,雨露,0.404287,3.451817,3,28,52,0.001828,0.003395,0.000196
未央,走马,0.404206,3.451131,3,31,47,0.002024,0.003069,0.000196
他乡,月出,0.404139,3.614417,2,33,25,0.002155,0.001632,0.000131
双阙,逶迤,0.404046,3.89365,1,39,8,0.002546,0.000522,6.5e-05
溪水,逶迤,0.404046,3.89365,1,39,8,0.002546,0.000522,6.5e-05
万国,尚书,0.404046,3.89365,1,26,12,0.001698,0.000783,6.5e-05
今年,朝廷,0.403733,3.610787,2,36,23,0.00235,0.001502,0.000131
意气,自言,0.403053,3.884081,1,15,21,0.000979,0.001371,6.5e-05
圣人,蓬莱,0.402768,3.438852,3,25,59,0.001632,0.003852,0.000196
东方,未央,0.402524,3.599976,2,27,31,0.001763,0.002024,0.000131
心事,罗衣,0.402372,3.435468,3,37,40,0.002416,0.002612,0.000196
宛转,鹦鹉,0.402214,3.434118,3,19,78,0.001241,0.005093,0.000196
山路,杜陵,0.402214,3.434118,3,39,38,0.002546,0.002481,0.000196
家贫,雨雪,0.402214,3.434118,3,38,39,0.002481,0.002546,0.000196
两相,窈窕,0.402124,3.596399,2,30,28,0.001959,0.001828,0.000131
宫中,窈窕,0.402124,3.596399,2,30,28,0.001959,0.001828,0.000131
万物,秋日,0.402124,3.596399,2,28,30,0.001828,0.001959,0.000131
世上,叹息,0.402124,3.596399,2,42,20,0.002742,0.001306,0.000131
世事,鬼神,0.402124,3.596399,2,28,30,0.001828,0.001959,0.000131
九衢,双阙,0.401962,3.316335,4,57,39,0.003722,0.002546,0.000261
同心,逶迤,0.401419,3.868332,1,40,8,0.002612,0.000522,6.5e-05
罗衣,逶迤,0.401419,3.868332,1,40,8,0.002612,0.000522,6.5e-05
瑶池,逶迤,0.401419,3.868332,1,40,8,0.002612,0.000522,6.5e-05
光辉,玉堂,0.401113,3.424715,3,34,44,0.00222,0.002873,0.000196
对酒,看花,0.401039,3.308717,4,28,80,0.001828,0.005223,0.000261
城中,朝廷,0.400669,3.583388,2,37,23,0.002416,0.001502,0.000131
壮士,大道,0.400669,3.583388,2,23,37,0.001502,0.002416,0.000131
花前,萧索,0.400488,3.419382,3,47,32,0.003069,0.002089,0.000196
仙人,走马,0.400176,3.301599,4,48,47,0.003134,0.003069,0.000261
双阙,玲珑,0.399753,3.575196,2,39,22,0.002546,0.001436,0.000131
千金,宁知,0.399493,3.572868,2,43,20,0.002808,0.001306,0.000131
北斗,千门,0.399493,3.572868,2,20,43,0.001306,0.002808,0.000131
宁知,鱼龙,0.399493,3.572868,2,20,43,0.001306,0.002808,0.000131
相知,老去,0.398974,3.568228,2,32,27,0.002089,0.001763,0.000131
巫山,昔时,0.398974,3.568228,2,27,32,0.001763,0.002089,0.000131
中原,太平,0.398526,3.126395,6,48,84,0.003134,0.005484,0.000392
万物,蛟龙,0.398458,3.563609,2,28,31,0.001828,0.002024,0.000131
两相,饮酒,0.398225,3.837561,1,30,11,0.001959,0.000718,6.5e-05
送客,黄鹤,0.398225,3.837561,1,15,22,0.000979,0.001436,6.5e-05
无力,欢娱,0.3982,3.561307,2,58,15,0.003787,0.000979,0.000131
出入,相寻,0.398072,3.560159,2,13,67,0.000849,0.004375,0.000131
夜长,江城,0.397717,3.395728,3,35,44,0.002285,0.002873,0.000196
九重,南宫,0.397687,3.55672,2,46,19,0.003003,0.001241,0.000131
北阙,霓裳,0.397687,3.55672,2,38,23,0.002481,0.001502,0.000131
万年,九天,0.397687,3.55672,2,23,38,0.001502,0.002481,0.000131
丈夫,苍梧,0.39756,3.555577,2,25,35,0.001632,0.002285,0.000131
水清,老人,0.39756,3.555577,2,35,25,0.002285,0.001632,0.000131
单于,闻道,0.396922,3.549879,2,22,40,0.001436,0.002612,0.000131
宁知,玉堂,0.396922,3.549879,2,20,44,0.001306,0.002873,0.000131
无力,罗衣,0.396786,3.273625,4,58,40,0.003787,0.002612,0.000261
尚书,紫微,0.396356,3.819542,1,12,28,0.000783,0.001828,6.5e-05
淹留,逶迤,0.396356,3.819542,1,42,8,0.002742,0.000522,6.5e-05
相随,青楼,0.395864,3.177688,5,56,57,0.003656,0.003722,0.000326
相对,相随,0.395864,3.177688,5,57,56,0.003722,0.003656,0.000326
东流,日夜,0.395745,3.265041,4,78,30,0.005093,0.001959,0.000261
南宫,闭门,0.395283,3.535214,2,19,47,0.001241,0.003069,0.000131
万物,庭前,0.394908,3.53186,2,28,32,0.001828,0.002089,0.000131
两相,宫中,0.39441,3.527406,2,30,30,0.001959,0.001959,0.000131
婵娟,意气,0.39441,3.527406,2,60,15,0.003917,0.000979,0.000131
宫中,白露,0.39441,3.527406,2,30,30,0.001959,0.001959,0.000131
圣人,风波,0.39441,3.527406,2,25,36,0.001632,0.00235,0.000131
年华,须臾,0.39441,3.527406,2,45,20,0.002938,0.001306,0.000131
丈夫,富贵,0.39441,3.527406,2,25,36,0.001632,0.00235,0.000131
月满,霓裳,0.394196,3.365665,3,69,23,0.004505,0.001502,0.000196
春来,罗衣,0.394005,3.162763,5,81,40,0.005289,0.002612,0.000326
宫中,弟子,0.393975,3.363776,3,30,53,0.001959,0.00346,0.000196
楼上,走马,0.39389,3.161837,5,69,47,0.004505,0.003069,0.000326
花开,花落,0.393789,2.615123,20,135,166,0.008814,0.010838,0.001306
承恩,歌舞,0.393691,3.248092,4,35,68,0.002285,0.00444,0.000261
意气,朝廷,0.393613,3.793109,1,15,23,0.000979,0.001502,6.5e-05
桃源,芳树,0.393613,3.793109,1,23,15,0.001502,0.000979,6.5e-05
九衢,对酒,0.393534,3.36001,3,57,28,0.003722,0.001828,0.000196
相对,紫微,0.393534,3.36001,3,57,28,0.003722,0.001828,0.000196
山头,月色,0.393387,3.358757,3,34,47,0.00222,0.003069,0.000196
头白,扬州,0.393387,3.358757,3,47,34,0.003069,0.00222,0.000196
同心,白马,0.393241,3.357507,3,40,40,0.002612,0.002612,0.000196
万国,汉宫,0.393174,3.516356,2,26,35,0.001698,0.002285,0.000131
微雨,怜君,0.393081,3.243063,4,52,46,0.003395,0.003003,0.000261
九重,春色,0.392384,3.017724,7,46,114,0.003003,0.007443,0.000457
万国,东南,0.392366,3.350035,3,26,62,0.001698,0.004048,0.000196
光辉,远近,0.392196,3.507603,2,34,27,0.00222,0.001763,0.000131
天寒,日晚,0.392196,3.507603,2,34,27,0.00222,0.001763,0.000131
罗衣,霓裳,0.391952,3.505427,2,40,23,0.002612,0.001502,0.000131
北斗,次第,0.391952,3.505427,2,20,46,0.001306,0.003003,0.000131
万年,瑶池,0.391952,3.505427,2,23,40,0.001502,0.002612,0.000131
瑶池,霓裳,0.391952,3.505427,2,40,23,0.002612,0.001502,0.000131
太平,时节,0.391828,2.873693,10,84,103,0.005484,0.006725,0.000653
万户,富贵,0.391786,3.345084,3,45,36,0.002938,0.00235,0.000196
垂杨,旧游,0.391719,3.144413,5,55,60,0.003591,0.003917,0.000326
感激,携手,0.391467,3.501088,2,22,42,0.001436,0.002742,0.000131
北风,自言,0.391467,3.501088,2,44,21,0.002873,0.001371,0.000131
太平,饮酒,0.391467,3.501088,2,84,11,0.005484,0.000718,0.000131
思君,朝朝,0.391346,3.500007,2,25,37,0.001632,0.002416,0.000131
心事,河汉,0.391346,3.500007,2,37,25,0.002416,0.001632,0.000131
圣人,所以,0.391346,3.500007,2,25,37,0.001632,0.002416,0.000131
所以,文字,0.391346,3.500007,2,37,25,0.002416,0.001632,0.000131
佳期,朝朝,0.391209,3.340158,3,44,37,0.002873,0.002416,0.000196
佳期,心事,0.391209,3.340158,3,44,37,0.002873,0.002416,0.000196
凤凰,罗衣,0.390917,3.066704,6,107,40,0.006986,0.002612,0.000392
圣人,日月,0.390779,3.136866,5,25,133,0.001632,0.008684,0.000326
鱼龙,黄花,0.390778,3.336479,3,43,38,0.002808,0.002481,0.000196
北阙,千门,0.390778,3.336479,3,38,43,0.002481,0.002808,0.000196
参差,次第,0.39075,2.95298,8,139,46,0.009075,0.003003,0.000522
秋日,蛟龙,0.390743,3.494616,2,30,31,0.001959,0.002024,0.000131
宫中,未央,0.390743,3.494616,2,30,31,0.001959,0.002024,0.000131
宫中,骑马,0.390743,3.494616,2,30,31,0.001959,0.002024,0.000131
光辉,是非,0.390517,3.134763,5,34,98,0.00222,0.006399,0.000326
叶落,梦里,0.390492,3.334034,3,42,39,0.002742,0.002546,0.000196
君恩,罗衣,0.390349,3.332814,3,41,40,0.002677,0.002612,0.000196
今已,衣冠,0.390065,3.758918,1,21,17,0.001371,0.00111,6.5e-05
承恩,走马,0.389992,3.32977,3,35,47,0.002285,0.003069,0.000196
八月,夜长,0.389992,3.32977,3,47,35,0.003069,0.002285,0.000196
君子,圣人,0.389637,3.326735,3,66,25,0.004309,0.001632,0.000196
垂杨,行乐,0.389637,3.326735,3,55,30,0.003591,0.001959,0.000196
叹息,山高,0.389548,3.483921,2,20,47,0.001306,0.003069,0.000131
万物,黄河,0.389495,3.325524,3,28,59,0.001828,0.003852,0.000196
九重,草绿,0.389212,3.323105,3,46,36,0.003003,0.00235,0.000196
尚书,白露,0.389196,3.750549,1,12,30,0.000783,0.001959,6.5e-05
宫中,尚书,0.389196,3.750549,1,30,12,0.001959,0.000783,6.5e-05
君恩,霓裳,0.389191,3.480734,2,41,23,0.002677,0.001502,0.000131
桃源,苦辛,0.389191,3.480734,2,23,41,0.001502,0.002677,0.000131
巫山,芳菲,0.388954,3.478616,2,27,35,0.001763,0.002285,0.000131
桃花,武陵,0.388572,2.988409,7,135,40,0.008814,0.002612,0.000457
楼上,楼前,0.388507,3.205322,4,69,36,0.004505,0.00235,0.000261
兄弟,子孙,0.388507,3.205322,4,54,46,0.003526,0.003003,0.000261
圣人,家贫,0.388364,3.473339,2,25,38,0.001632,0.002481,0.000131
老人,蛾眉,0.388364,3.473339,2,25,38,0.001632,0.002481,0.000131
今来,忆昔,0.388215,3.20291,4,83,30,0.005419,0.001959,0.000261
独坐,蛾眉,0.388085,3.31349,3,44,38,0.002873,0.002481,0.000196
万物,氛氲,0.38805,3.739499,1,28,13,0.001828,0.000849,6.5e-05
沧海,清净,0.38802,3.201305,4,86,29,0.005615,0.001893,0.000261
蛟龙,青天,0.387945,3.312294,3,31,54,0.002024,0.003526,0.000196
白蘋,骑马,0.387945,3.312294,3,54,31,0.003526,0.002024,0.000196
巫山,管弦,0.387945,3.312294,3,27,62,0.001763,0.004048,0.000196
愁人,满眼,0.387736,3.310504,3,43,39,0.002808,0.002546,0.000196
单于,将军,0.387634,3.111624,5,22,155,0.001436,0.01012,0.000326
春草,洛阳,0.387613,2.981029,7,85,64,0.00555,0.004179,0.000457
依稀,寂寞,0.387592,2.842627,10,51,175,0.00333,0.011426,0.000653
清晨,空馀,0.387543,3.465997,2,29,33,0.001893,0.002155,0.000131
仙人,承恩,0.387526,3.308717,3,48,35,0.003134,0.002285,0.000196
湘水,路难,0.387526,3.308717,3,60,28,0.003917,0.001828,0.000196
夜长,梧桐,0.387526,3.308717,3,35,48,0.002285,0.003134,0.000196
相识,青门,0.387526,3.308717,3,48,35,0.003134,0.002285,0.000196
红粉,莺啼,0.387526,3.308717,3,40,42,0.002612,0.002742,0.000196
金陵,骑马,0.387077,3.461826,2,31,31,0.002024,0.002024,0.000131
路傍,骑马,0.387077,3.461826,2,31,31,0.002024,0.002024,0.000131
牡丹,红粉,0.386763,3.190933,4,63,40,0.004113,0.002612,0.000261
可惜,萧索,0.386416,3.299238,3,53,32,0.00346,0.002089,0.000196
宛转,百尺,0.38615,3.453536,2,19,51,0.001241,0.00333,0.000131
北斗,离别,0.38614,3.296882,3,20,85,0.001306,0.00555,0.000196
巫山,暮雨,0.386071,3.296294,3,27,63,0.001763,0.004113,0.000196
公卿,尚书,0.385804,3.450445,2,81,12,0.005289,0.000783,0.000131
尚书,春来,0.385804,3.450445,2,12,81,0.000783,0.005289,0.000131
尚书,衣裳,0.385804,3.450445,2,12,81,0.000783,0.005289,0.000131
尚书,骑马,0.385794,3.717759,1,12,31,0.000783,0.002024,6.5e-05
人稀,河汉,0.38546,3.447363,2,39,25,0.002546,0.001632,0.000131
宫中,白玉,0.385453,3.291017,3,30,57,0.001959,0.003722,0.000196
歌声,相随,0.38539,3.093605,5,62,56,0.004048,0.003656,0.000326
咫尺,饮酒,0.385237,3.712398,1,34,11,0.00222,0.000718,6.5e-05
意气,老人,0.38496,3.709727,1,15,25,0.000979,0.001632,6.5e-05
凉风,宁知,0.384888,3.442248,2,49,20,0.003199,0.001306,0.000131
夜长,窈窕,0.384888,3.442248,2,35,28,0.002285,0.001828,0.000131
叹息,游子,0.384888,3.442248,2,20,49,0.001306,0.003199,0.000131
水清,紫微,0.384888,3.442248,2,35,28,0.002285,0.001828,0.000131
北斗,沧海,0.38477,3.285186,3,20,86,0.001306,0.005615,0.000196
天子,霓裳,0.384531,3.086716,5,152,23,0.009924,0.001502,0.000326
壮士,山河,0.38443,3.282283,3,23,75,0.001502,0.004897,0.000196
月满,河汉,0.38443,3.282283,3,69,25,0.004505,0.001632,0.000196
出入,青松,0.384408,3.704408,1,13,29,0.000849,0.001893,6.5e-05
封侯,将军,0.384254,2.858627,9,51,155,0.00333,0.01012,0.000588
晚来,草绿,0.384227,3.280546,3,48,36,0.003134,0.00235,0.000196
清净,行路,0.384205,3.436144,2,29,34,0.001893,0.00222,0.000131
九重,相随,0.384099,3.168955,4,46,56,0.003003,0.003656,0.000261
御沟,霓裳,0.383866,3.433106,2,43,23,0.002808,0.001502,0.000131
昆仑,月光,0.383527,3.430077,2,31,32,0.002024,0.002089,0.000131
登高,苍茫,0.383527,3.430077,2,31,32,0.002024,0.002089,0.000131
依然,花飞,0.383527,3.430077,2,31,32,0.002024,0.002089,0.000131
头白,猿声,0.383484,3.2742,3,47,37,0.003069,0.002416,0.000196
九衢,尘土,0.383185,3.075906,5,57,62,0.003722,0.004048,0.000326
羽翼,青冥,0.382975,3.159681,4,50,52,0.003265,0.003395,0.000261
云飞,日斜,0.382879,3.269038,3,38,46,0.002481,0.003003,0.000196
东方,宫殿,0.382741,3.423046,2,27,37,0.001763,0.002416,0.000131
大道,日晚,0.382741,3.423046,2,37,27,0.002416,0.001763,0.000131
东海,大道,0.382741,3.423046,2,27,37,0.001763,0.002416,0.000131
同心,思君,0.382629,3.422045,2,40,25,0.002612,0.001632,0.000131
月出,罗衣,0.382629,3.422045,2,25,40,0.001632,0.002612,0.000131
尚书,花飞,0.382499,3.686011,1,12,32,0.000783,0.002089,6.5e-05
尚书,松风,0.382499,3.686011,1,12,32,0.000783,0.002089,6.5e-05
尚书,阳春,0.382499,3.686011,1,12,32,0.000783,0.002089,6.5e-05
晚来,逶迤,0.382499,3.686011,1,48,8,0.003134,0.000522,6.5e-05
关山,雨雪,0.382411,3.265041,3,45,39,0.002938,0.002546,0.000196
叶落,花开,0.382228,2.939619,7,42,135,0.002742,0.008814,0.000457
古人,叹息,0.382078,3.262197,3,88,20,0.005746,0.001306,0.000196
柳色,梅花,0.382078,3.262197,3,40,44,0.002612,0.002873,0.000196
佳期,罗衣,0.382078,3.262197,3,44,40,0.002873,0.002612,0.000196
功名,男儿,0.381907,3.150874,4,43,61,0.002808,0.003983,0.000261
断肠,萧索,0.381861,3.150493,4,82,32,0.005354,0.002089,0.000261
万物,秋天,0.381738,3.414077,2,28,36,0.001828,0.00235,0.000131
窈窕,风波,0.381738,3.414077,2,28,36,0.001828,0.00235,0.000131
太平,尚书,0.381738,3.414077,2,84,12,0.005484,0.000783,0.000131
今年,对酒,0.381738,3.414077,2,36,28,0.00235,0.001828,0.000131
劝君,梨花,0.381738,3.414077,2,21,48,0.001371,0.003134,0.000131
白玉,骑马,0.381613,3.258227,3,57,31,0.003722,0.002024,0.000196
从容,昆仑,0.381613,3.258227,3,57,31,0.003722,0.002024,0.000196
乾坤,日月,0.381581,2.762173,11,80,133,0.005223,0.008684,0.000718
世人,秋日,0.381414,3.256531,3,59,30,0.003852,0.001959,0.000196
世人,鬼神,0.381414,3.256531,3,59,30,0.003852,0.001959,0.000196
北风,壮士,0.381295,3.410117,2,44,23,0.002873,0.001502,0.000131
参差,宛转,0.381079,3.144035,4,139,19,0.009075,0.001241,0.000261
两相,出入,0.38089,3.670507,1,30,13,0.001959,0.000849,6.5e-05
江流,送客,0.38089,3.670507,1,26,15,0.001698,0.000979,6.5e-05
蹉跎,青门,0.380426,3.248092,3,51,35,0.00333,0.002285,0.000196
意气,歌舞,0.380415,3.402243,2,15,68,0.000979,0.00444,0.000131
云飞,山高,0.38036,3.247532,3,38,47,0.002481,0.003069,0.000196
北阙,风景,0.38036,3.247532,3,38,47,0.002481,0.003069,0.000196
消息,相忆,0.379591,2.823942,9,124,66,0.008096,0.004309,0.000588
自然,蛟龙,0.379576,3.240835,3,58,31,0.003787,0.002024,0.000196
人世,相送,0.379576,3.240835,3,31,58,0.002024,0.003787,0.000196
两相,花满,0.379446,3.239724,3,30,60,0.001959,0.003917,0.000196
游子,自言,0.379433,3.393458,2,49,21,0.003199,0.001371,0.000131
白玉,走马,0.379347,3.129749,4,57,47,0.003722,0.003069,0.000261
山头,弟子,0.379316,3.238613,3,34,53,0.00222,0.00346,0.000196
君家,尚书,0.379306,3.655239,1,33,12,0.002155,0.000783,6.5e-05
尚书,当年,0.379107,3.390547,2,12,86,0.000783,0.005615,0.000131
含情,微风,0.379056,3.236396,3,43,42,0.002808,0.002742,0.000196
从军,黄鹤,0.378891,3.38861,2,47,22,0.003069,0.001436,0.000131
朝廷,鸟飞,0.378783,3.387644,2,23,45,0.001502,0.002938,0.000131
万户,朝廷,0.378783,3.387644,2,45,23,0.002938,0.001502,0.000131
欢娱,绮罗,0.378783,3.387644,2,15,69,0.000979,0.004505,0.000131
大道,路难,0.378675,3.386678,2,37,28,0.002416,0.001828,0.000131
云飞,消息,0.37866,2.970545,6,38,124,0.002481,0.008096,0.000392
宁知,辛苦,0.378244,3.382825,2,20,52,0.001306,0.003395,0.000131
乾坤,子孙,0.378141,3.035423,5,80,46,0.005223,0.003003,0.000326
昆仑,黄河,0.377574,3.223741,3,31,59,0.002024,0.003852,0.000196
春深,氛氲,0.377488,3.637717,1,31,13,0.002024,0.000849,6.5e-05
未央,氛氲,0.377488,3.637717,1,31,13,0.002024,0.000849,6.5e-05
清明,游人,0.377466,3.030003,5,50,74,0.003265,0.004832,0.000326
出入,门前,0.377318,3.221556,3,13,141,0.000849,0.009206,0.000196
梦里,花前,0.377318,3.221556,3,39,47,0.002546,0.003069,0.000196
双飞,思君,0.377174,3.373255,2,42,25,0.002742,0.001632,0.000131
意气,水流,0.377174,3.373255,2,15,70,0.000979,0.00457,0.000131
人皆,日夜,0.377174,3.373255,2,35,30,0.002285,0.001959,0.000131
蹉跎,风波,0.377126,3.219921,3,51,36,0.00333,0.00235,0.000196
东海,欢娱,0.376974,3.632766,1,27,15,0.001763,0.000979,6.5e-05
人归,风飘,0.376872,3.217745,3,46,40,0.003003,0.002612,0.000196
人归,罗衣,0.376872,3.217745,3,46,40,0.003003,0.002612,0.000196
巫山,梦里,0.376855,3.370402,2,27,39,0.001763,0.002546,0.000131
古今,日夕,0.376749,3.369453,2,62,17,0.004048,0.00111,0.000131
千秋,未央,0.376749,3.369453,2,34,31,0.00222,0.002024,0.000131
昆仑,明主,0.376749,3.369453,2,31,34,0.002024,0.00222,0.000131
才子,皎然,0.376718,3.6303,1,58,7,0.003787,0.000457,6.5e-05
心事,鸳鸯,0.376618,2.896472,7,37,160,0.002416,0.010447,0.000457
相知,空馀,0.376537,3.367557,2,32,33,0.002089,0.002155,0.000131
佳期,双飞,0.376363,3.213406,3,44,42,0.002873,0.002742,0.000196
万物,君子,0.376363,3.213406,3,28,66,0.001828,0.004309,0.000196
叶落,风尘,0.376363,3.213406,3,42,44,0.002742,0.002873,0.000196
叶落,玉堂,0.376363,3.213406,3,42,44,0.002742,0.002873,0.000196
次第,霓裳,0.376325,3.365665,2,46,23,0.003003,0.001502,0.000131
桃源,鸡鸣,0.376325,3.365665,2,23,46,0.001502,0.003003,0.000131
万年,九重,0.376325,3.365665,2,23,46,0.001502,0.003003,0.000131
千门,御沟,0.3763,3.212865,3,43,43,0.002808,0.002808,0.000196
楚客,白雪,0.376237,3.212325,3,37,50,0.002416,0.003265,0.000196
咫尺,尚书,0.376208,3.625386,1,34,12,0.00222,0.000783,6.5e-05
古木,叹息,0.376114,3.363776,2,53,20,0.00346,0.001306,0.000131
弟子,承恩,0.375921,3.209626,3,53,35,0.00346,0.002285,0.000196
日出,青草,0.375903,3.361891,2,18,59,0.001175,0.003852,0.000131
使君,圣朝,0.375857,3.209087,3,58,32,0.003787,0.002089,0.000196
独立,萧索,0.375857,3.209087,3,58,32,0.003787,0.002089,0.000196
依然,零落,0.375781,3.100324,4,31,89,0.002024,0.005811,0.000261
日斜,花满,0.375737,3.099962,4,46,60,0.003003,0.003917,0.000261
万物,蛾眉,0.375693,3.36001,2,28,38,0.001828,0.002481,0.000131
云飞,路难,0.375693,3.36001,2,38,28,0.002481,0.001828,0.000131
世事,家贫,0.375693,3.36001,2,28,38,0.001828,0.002481,0.000131
云飞,紫微,0.375693,3.36001,2,38,28,0.002481,0.001828,0.000131
宫中,歌声,0.375605,3.206934,3,30,62,0.001959,0.004048,0.000196
东南,阳台,0.375605,3.206934,3,62,30,0.004048,0.001959,0.000196
朝廷,衣裳,0.375417,3.205322,3,23,81,0.001502,0.005289,0.000196
湖上,相看,0.374852,3.200503,3,39,48,0.002546,0.003134,0.000196
双阙,帝乡,0.374852,3.200503,3,39,48,0.002546,0.003134,0.000196
寥落,日暮,0.374801,3.008612,5,36,105,0.00235,0.006856,0.000326
月中,阳城,0.374774,3.092022,4,107,26,0.006986,0.001698,0.000261
清净,莲花,0.374751,3.351587,2,29,37,0.001893,0.002416,0.000131
大道,清净,0.374751,3.351587,2,37,29,0.002416,0.001893,0.000131
新月,楚客,0.374751,3.351587,2,29,37,0.001893,0.002416,0.000131
所以,青松,0.374751,3.351587,2,37,29,0.002416,0.001893,0.000131
宫殿,清净,0.374751,3.351587,2,37,29,0.002416,0.001893,0.000131
丈夫,功名,0.374543,3.349725,2,25,43,0.001632,0.002808,0.000131
千秋,文章,0.374513,3.089868,4,34,82,0.00222,0.005354,0.000261
王孙,路傍,0.374426,3.089151,4,90,31,0.005876,0.002024,0.000261
圣人,天子,0.374144,3.003335,5,25,152,0.001632,0.009924,0.000326
寒食,清明,0.374144,3.003335,5,76,50,0.004962,0.003265,0.000326
天地,所以,0.37409,2.934693,6,132,37,0.008618,0.002416,0.000392
秋天,秋日,0.374024,3.345084,2,36,30,0.00235,0.001959,0.000131
意气,朱门,0.374024,3.345084,2,15,72,0.000979,0.004701,0.000131
咸阳,渭水,0.374024,3.345084,2,27,40,0.001763,0.002612,0.000131
北斗,日照,0.374024,3.345084,2,20,54,0.001306,0.003526,0.000131
同心,巫山,0.374024,3.345084,2,40,27,0.002612,0.001763,0.000131
桃源,独自,0.373979,3.193052,3,23,82,0.001502,0.005354,0.000196
月色,霓裳,0.37392,3.344159,2,47,23,0.003069,0.001502,0.000131
走马,霓裳,0.37392,3.344159,2,47,23,0.003069,0.001502,0.000131
桃源,风景,0.37392,3.344159,2,23,47,0.001502,0.003069,0.000131
万年,闭门,0.37392,3.344159,2,23,47,0.001502,0.003069,0.000131
万年,花前,0.37392,3.344159,2,23,47,0.001502,0.003069,0.000131
花落,霓裳,0.373555,2.998609,5,166,23,0.010838,0.001502,0.000326
未央,汉宫,0.373507,3.340465,2,31,35,0.002024,0.002285,0.000131
昆仑,水清,0.373507,3.340465,2,31,35,0.002024,0.002285,0.000131
文章,旌旗,0.373407,2.871779,7,82,74,0.005354,0.004832,0.000457
天子,诸侯,0.373288,2.821013,8,152,48,0.009924,0.003134,0.000522
尚书,承恩,0.3732,3.596399,1,12,35,0.000783,0.002285,6.5e-05
万物,意气,0.3732,3.596399,1,28,15,0.001828,0.000979,6.5e-05
自言,长沙,0.3732,3.596399,1,21,20,0.001371,0.001306,6.5e-05
劝君,须臾,0.3732,3.596399,1,21,20,0.001371,0.001306,6.5e-05
劝君,北斗,0.3732,3.596399,1,21,20,0.001371,0.001306,6.5e-05
宁知,自言,0.3732,3.596399,1,20,21,0.001306,0.001371,6.5e-05
欢娱,紫微,0.3732,3.596399,1,15,28,0.000979,0.001828,6.5e-05
明主,苍茫,0.373199,3.337704,2,34,32,0.00222,0.002089,0.000131
花发,风景,0.37313,3.078456,4,60,47,0.003917,0.003069,0.000261
秋雨,闲居,0.372867,3.183553,3,56,34,0.003656,0.00222,0.000196
自言,辛苦,0.372788,3.334034,2,21,52,0.001371,0.003395,0.000131
头白,草色,0.372386,2.989224,5,47,82,0.003069,0.005354,0.000326
东海,人生,0.37207,3.176749,3,27,71,0.001763,0.004636,0.000196
佳期,思君,0.371972,3.326735,2,44,25,0.002873,0.001632,0.000131
梅花,绿水,0.371972,3.326735,2,44,25,0.002873,0.001632,0.000131
意气,楼台,0.371887,3.175185,3,15,128,0.000979,0.008357,0.000196
梨花,闻道,0.371887,3.175185,3,48,40,0.003134,0.002612,0.000196
新月,陌上,0.371769,3.324919,2,29,38,0.001893,0.002481,0.000131
春深,道路,0.371765,3.174144,3,31,62,0.002024,0.004048,0.000196
歌舞,青楼,0.371677,2.983532,5,68,57,0.00444,0.003722,0.000326
城中,寻常,0.371643,3.173104,3,37,52,0.002416,0.003395,0.000196
仙人,霓裳,0.371566,3.323105,2,48,23,0.003134,0.001502,0.000131
中原,霓裳,0.371566,3.323105,2,48,23,0.003134,0.001502,0.000131
皎然,颜色,0.371485,3.579869,1,7,61,0.000457,0.003983,6.5e-05
白日,青春,0.371325,2.687931,11,191,60,0.012471,0.003917,0.000718
巫山,巫峡,0.371263,3.320392,2,27,41,0.001763,0.002677,0.000131
巫山,楚水,0.371263,3.320392,2,27,41,0.001763,0.002677,0.000131
太平,霓裳,0.371157,3.168955,3,84,23,0.005484,0.001502,0.000196
欢娱,相见,0.370975,3.167403,3,15,129,0.000979,0.008423,0.000196
宫殿,白露,0.37096,3.317685,2,37,30,0.002416,0.001959,0.000131
闻道,马上,0.370578,3.057402,4,40,72,0.002612,0.004701,0.000261
昨日,闻道,0.370578,3.057402,4,72,40,0.004701,0.002612,0.000261
寥落,路傍,0.370357,3.312294,2,36,31,0.00235,0.002024,0.000131
尚书,楼前,0.370277,3.568228,1,12,36,0.000783,0.00235,6.5e-05
尚书,风波,0.370277,3.568228,1,12,36,0.000783,0.00235,6.5e-05
万国,千门,0.370157,3.310504,2,26,43,0.001698,0.002808,0.000131
纵横,黄河,0.370116,3.05359,4,49,59,0.003199,0.003852,0.000261
孤城,飞鸟,0.369957,3.308717,2,40,28,0.002612,0.001828,0.000131
昔时,芳菲,0.369957,3.308717,2,32,35,0.002089,0.002285,0.000131
无力,有情,0.36993,2.902062,6,58,87,0.003787,0.00568,0.000392
玲珑,蹉跎,0.369758,3.306932,2,22,51,0.001436,0.00333,0.000131
感激,行客,0.369758,3.306932,2,22,51,0.001436,0.00333,0.000131
临风,同心,0.369472,3.154566,3,49,40,0.003199,0.002612,0.000196
山河,意气,0.369459,3.304262,2,75,15,0.004897,0.000979,0.000131
古木,大道,0.369412,3.154056,3,53,37,0.00346,0.002416,0.000196
壮士,游子,0.369261,3.302486,2,23,49,0.001502,0.003199,0.000131
人情,朝廷,0.369261,3.302486,2,49,23,0.003199,0.001502,0.000131
月色,歌声,0.369156,3.045666,4,47,62,0.003069,0.004048,0.000261
宛转,霓裳,0.369083,3.55672,1,19,23,0.001241,0.001502,6.5e-05
垂杨,朱门,0.369006,2.962092,5,55,72,0.003591,0.004701,0.000326
出入,有情,0.368865,3.298943,2,13,87,0.000849,0.00568,0.000131
东林,寒山,0.368865,3.298943,2,39,29,0.002546,0.001893,0.000131
新月,梦里,0.368865,3.298943,2,29,39,0.001893,0.002546,0.000131
楚客,碧云,0.368782,3.042582,4,37,79,0.002416,0.005158,0.000261
昆仑,楼台,0.368755,2.960074,5,31,128,0.002024,0.008357,0.000326
时节,饮酒,0.368667,3.297176,2,103,11,0.006725,0.000718,0.000131
残月,蛾眉,0.368657,3.041556,4,77,38,0.005027,0.002481,0.000261
叶落,山高,0.368638,3.147448,3,42,47,0.002742,0.003069,0.000196
十载,自言,0.368568,3.296294,2,54,21,0.003526,0.001371,0.000131
壮士,知己,0.368401,3.145424,3,23,86,0.001502,0.005615,0.000196
叹息,无情,0.368283,3.144413,3,20,99,0.001306,0.006464,0.000196
天地,意气,0.368283,3.144413,3,132,15,0.008618,0.000979,0.000196
自言,飘飖,0.368137,3.547608,1,21,21,0.001371,0.001371,6.5e-05
珍重,皎然,0.368137,3.547608,1,63,7,0.004113,0.000457,6.5e-05
秋日,蛾眉,0.367978,3.291017,2,30,38,0.001959,0.002481,0.000131
九天,宫中,0.367978,3.291017,2,38,30,0.002481,0.001959,0.000131
婵娟,宛转,0.367978,3.291017,2,60,19,0.003917,0.001241,0.000131
月照,芳树,0.367978,3.291017,2,76,15,0.004962,0.000979,0.000131
北斗,相对,0.367978,3.291017,2,20,57,0.001306,0.003722,0.000131
苍生,鬼神,0.367978,3.291017,2,38,30,0.002481,0.001959,0.000131
从容,北斗,0.367978,3.291017,2,57,20,0.003722,0.001306,0.000131
光辉,出入,0.367902,3.545343,1,34,13,0.00222,0.000849,6.5e-05
明主,氛氲,0.367902,3.545343,1,34,13,0.00222,0.000849,6.5e-05
出入,闲居,0.367902,3.545343,1,13,34,0.000849,0.00222,6.5e-05
白日,青天,0.36787,2.697981,10,191,54,0.012471,0.003526,0.000653
人生,飞鸟,0.367811,3.140381,3,71,28,0.004636,0.001828,0.000196
行客,雨雪,0.367752,3.139878,3,51,39,0.00333,0.002546,0.000196
丞相,闻说,0.367752,3.139878,3,39,51,0.002546,0.00333,0.000196
东林,相亲,0.367752,3.139878,3,39,51,0.002546,0.00333,0.000196
出入,古人,0.367587,3.287514,2,13,88,0.000849,0.005746,0.000131
春水,楼前,0.367585,3.032709,4,82,36,0.005354,0.00235,0.000261
时节,清明,0.367329,2.881661,6,103,50,0.006725,0.003265,0.000392
朝朝,金陵,0.367294,3.284895,2,37,31,0.002416,0.002024,0.000131
朝朝,骑马,0.367294,3.284895,2,37,31,0.002416,0.002024,0.000131
宫殿,昆仑,0.367294,3.284895,2,37,31,0.002416,0.002024,0.000131
星辰,白蘋,0.367223,3.135364,3,37,54,0.002416,0.003526,0.000196
路难,骨肉,0.367196,3.284024,2,28,41,0.001828,0.002677,0.000131
紫微,阙下,0.367196,3.284024,2,28,41,0.001828,0.002677,0.000131
丈夫,乾坤,0.367106,3.134363,3,25,80,0.001632,0.005223,0.000196
丈夫,子孙,0.367002,3.282283,2,25,46,0.001632,0.003003,0.000131
草绿,萧索,0.366808,3.280546,2,36,32,0.00235,0.002089,0.000131
今年,苍茫,0.366808,3.280546,2,36,32,0.00235,0.002089,0.000131
扬州,青草,0.366755,3.131368,3,34,59,0.00222,0.003852,0.000196
梨花,管弦,0.366604,3.024612,4,48,62,0.003134,0.004048,0.000261
白露,落叶,0.366521,3.129376,3,30,67,0.001959,0.004375,0.000196
登楼,逶迤,0.366503,3.53186,1,56,8,0.003656,0.000522,6.5e-05
歌舞,衣冠,0.36642,3.277079,2,68,17,0.00444,0.00111,0.000131
来往,相知,0.366172,3.126395,3,63,32,0.004113,0.002089,0.000196
朱门,紫微,0.366172,3.126395,3,72,28,0.004701,0.001828,0.000196
日出,老人,0.366041,3.527406,1,18,25,0.001175,0.001632,6.5e-05
芳树,行乐,0.366041,3.527406,1,15,30,0.000979,0.001959,6.5e-05
同心,清晨,0.366034,3.273625,2,40,29,0.002612,0.001893,0.000131
千秋,天台,0.365954,3.01925,4,34,88,0.00222,0.005746,0.000261
东方,千金,0.365937,3.272764,2,27,43,0.001763,0.002808,0.000131
千门,远近,0.365937,3.272764,2,43,27,0.002808,0.001763,0.000131
巫峡,饮酒,0.36581,3.525186,1,41,11,0.002677,0.000718,6.5e-05
子孙,玉堂,0.365709,3.122435,3,46,44,0.003003,0.002873,0.000196
梦里,花下,0.365477,3.12046,3,39,52,0.002546,0.003395,0.000196
微雨,溪水,0.365477,3.12046,3,52,39,0.003395,0.002546,0.000196
婵娟,歌舞,0.365287,2.932239,5,60,68,0.003917,0.00444,0.000326
晚来,杏花,0.365287,2.932239,5,48,85,0.003134,0.00555,0.000326
梦里,白露,0.365074,3.265041,2,39,30,0.002546,0.001959,0.000131
归客,湖上,0.365074,3.265041,2,30,39,0.001959,0.002546,0.000131
万国,秋草,0.365074,3.265041,2,26,45,0.001698,0.002938,0.000131
依旧,花前,0.365013,2.930036,5,87,47,0.00568,0.003069,0.000326
出入,承恩,0.364894,3.516356,1,13,35,0.000849,0.002285,6.5e-05
湘水,行路,0.364786,3.114561,3,60,34,0.003917,0.00222,0.000196
宫中,歌舞,0.364786,3.114561,3,30,68,0.001959,0.00444,0.000196
扬州,旧游,0.364786,3.114561,3,34,60,0.00222,0.003917,0.000196
九天,尚书,0.364666,3.514161,1,38,12,0.002481,0.000783,6.5e-05
圣人,走马,0.364597,3.260777,2,25,47,0.001632,0.003069,0.000131
老人,闭门,0.364597,3.260777,2,25,47,0.001632,0.003069,0.000131
世事,思量,0.364557,3.112602,3,28,73,0.001828,0.004766,0.000196
兄弟,南北,0.364557,2.926374,5,54,76,0.003526,0.004962,0.000326
世上,路难,0.364502,3.259926,2,42,28,0.002742,0.001828,0.000131
夜深,白露,0.364424,3.00663,4,101,30,0.006594,0.001959,0.000261
蛟龙,蛾眉,0.364312,3.258227,2,31,38,0.002024,0.002481,0.000131
昆仑,蛾眉,0.364312,3.258227,2,31,38,0.002024,0.002481,0.000131
北斗,蓬莱,0.364122,3.256531,2,20,59,0.001306,0.003852,0.000131
壮士,须臾,0.36376,3.505427,1,23,20,0.001502,0.001306,6.5e-05
万年,北斗,0.36376,3.505427,1,23,20,0.001502,0.001306,6.5e-05
北斗,霓裳,0.36376,3.505427,1,20,23,0.001306,0.001502,6.5e-05
北斗,桃源,0.36376,3.505427,1,20,23,0.001306,0.001502,6.5e-05
新月,深处,0.363701,3.10529,3,29,71,0.001893,0.004636,0.000196
今夜,去年,0.363502,2.851631,6,61,87,0.003983,0.00568,0.000392
中原,千门,0.363416,3.102864,3,48,43,0.003134,0.002808,0.000196
弟子,梦里,0.363246,3.101412,3,53,39,0.00346,0.002546,0.000196
杏花,草绿,0.36323,2.996777,4,85,36,0.00555,0.00235,0.000261
歌舞,玉楼,0.363228,2.91571,5,68,61,0.00444,0.003983,0.000326
山头,承恩,0.363179,3.248092,2,34,35,0.00222,0.002285,0.000131
九重,曲江,0.363076,3.099962,3,46,45,0.003003,0.002938,0.000196
山头,男儿,0.36285,3.098031,3,34,61,0.00222,0.003983,0.000196
先生,弟子,0.362813,2.741857,8,149,53,0.009728,0.00346,0.000522
意气,登高,0.362638,3.494616,1,15,31,0.000979,0.002024,6.5e-05
未央,欢娱,0.362638,3.494616,1,31,15,0.002024,0.000979,6.5e-05
意气,路傍,0.362638,3.494616,1,15,31,0.000979,0.002024,6.5e-05
春深,芳树,0.362638,3.494616,1,31,15,0.002024,0.000979,6.5e-05
昆仑,芳树,0.362638,3.494616,1,31,15,0.002024,0.000979,6.5e-05
万国,九重,0.362616,3.243063,2,26,46,0.001698,0.003003,0.000131
朝廷,连天,0.362616,3.243063,2,23,52,0.001502,0.003395,0.000131
桃源,花下,0.362616,3.243063,2,23,52,0.001502,0.003395,0.000131
万年,雨露,0.362616,3.243063,2,23,52,0.001502,0.003395,0.000131
劝君,年少,0.362568,3.095623,3,21,99,0.001371,0.006464,0.000196
北斗,婵娟,0.362243,3.239724,2,20,60,0.001306,0.003917,0.000131
两相,罗衣,0.362243,3.239724,2,30,40,0.001959,0.002612,0.000131
两相,白马,0.362243,3.239724,2,30,40,0.001959,0.002612,0.000131
圣人,诸侯,0.362243,3.239724,2,25,48,0.001632,0.003134,0.000131
红粉,行乐,0.362243,3.239724,2,40,30,0.002612,0.001959,0.000131
玉树,行乐,0.362243,3.239724,2,40,30,0.002612,0.001959,0.000131
行乐,闻道,0.362243,3.239724,2,30,40,0.001959,0.002612,0.000131
满地,老人,0.362243,3.239724,2,48,25,0.003134,0.001632,0.000131
圣人,梧桐,0.362243,3.239724,2,25,48,0.001632,0.003134,0.000131
尚书,梦里,0.361971,3.488185,1,12,39,0.000783,0.002546,6.5e-05
尚书,百里,0.361971,3.488185,1,12,39,0.000783,0.002546,6.5e-05
人稀,尚书,0.361971,3.488185,1,39,12,0.002546,0.000783,6.5e-05
富贵,氛氲,0.361971,3.488185,1,36,13,0.00235,0.000849,6.5e-05
千门,飞鸟,0.361871,3.236396,2,43,28,0.002808,0.001828,0.000131
皎然,路岐,0.361749,3.486051,1,7,67,0.000457,0.004375,6.5e-05
皎然,相寻,0.361749,3.486051,1,7,67,0.000457,0.004375,6.5e-05
文章,衣裳,0.361655,2.781395,7,82,81,0.005354,0.005289,0.000457
桃花,霓裳,0.36146,2.982179,4,135,23,0.008814,0.001502,0.000261
明年,风光,0.361409,2.901111,5,69,61,0.004505,0.003983,0.000326
圣人,太平,0.361391,3.085573,3,25,84,0.001632,0.005484,0.000196
焚香,紫微,0.361391,3.085573,3,75,28,0.004897,0.001828,0.000196
城下,往事,0.361391,3.085573,3,30,70,0.001959,0.00457,0.000196
丈夫,太平,0.361391,3.085573,3,25,84,0.001632,0.005484,0.000196
封侯,男儿,0.361226,2.980248,4,51,61,0.00333,0.003983,0.000261
歌舞,管弦,0.361202,2.899449,5,68,62,0.00444,0.004048,0.000326
万国,衣裳,0.361057,3.08272,3,26,81,0.001698,0.005289,0.000196
归路,日晚,0.361057,3.08272,3,78,27,0.005093,0.001763,0.000196
歌舞,骑马,0.360946,3.081771,3,68,31,0.00444,0.002024,0.000196
微雨,花满,0.360876,2.977359,4,52,60,0.003395,0.003917,0.000261
得意,饮酒,0.360868,3.477558,1,43,11,0.002808,0.000718,6.5e-05
东方,风动,0.360854,3.227301,2,27,45,0.001763,0.002938,0.000131
万户,远近,0.360854,3.227301,2,45,27,0.002938,0.001763,0.000131
圣朝,家贫,0.360762,3.226478,2,32,38,0.002089,0.002481,0.000131
庭前,黄花,0.360762,3.226478,2,32,38,0.002089,0.002481,0.000131
月光,蛾眉,0.360762,3.226478,2,32,38,0.002089,0.002481,0.000131
花飞,陌上,0.360762,3.226478,2,32,38,0.002089,0.002481,0.000131
独行,相忆,0.360724,3.079875,3,32,66,0.002089,0.004309,0.000196
佳期,梧桐,0.360724,3.079875,3,44,48,0.002873,0.003134,0.000196
圣人,天下,0.360682,2.975758,4,25,125,0.001632,0.008161,0.000261
丈夫,天下,0.360682,2.975758,4,25,125,0.001632,0.008161,0.000261
世上,清净,0.360578,3.224835,2,42,29,0.002742,0.001893,0.000131
今已,高台,0.360578,3.224835,2,21,58,0.001371,0.003787,0.000131
叶落,新月,0.360578,3.224835,2,42,29,0.002742,0.001893,0.000131
圣人,宛转,0.36043,3.473339,1,25,19,0.001632,0.001241,6.5e-05
垂杨,绿杨,0.360295,2.972563,4,55,57,0.003591,0.003722,0.000261
从军,阳城,0.360212,3.221556,2,47,26,0.003069,0.001698,0.000131
万国,山高,0.360212,3.221556,2,26,47,0.001698,0.003069,0.000131
清明,阑干,0.360202,2.891417,5,50,85,0.003265,0.00555,0.000326
山头,汉家,0.360029,3.219921,2,34,36,0.00222,0.00235,0.000131
天子,紫微,0.360026,2.890006,5,152,28,0.009924,0.001828,0.000326
丈夫,游子,0.359938,3.219104,2,25,49,0.001632,0.003199,0.000131
凉风,月出,0.359938,3.219104,2,49,25,0.003199,0.001632,0.000131
思君,百花,0.359938,3.219104,2,25,49,0.001632,0.003199,0.000131
东流,往事,0.359879,2.823209,6,78,70,0.005093,0.00457,0.000392
水声,猿啼,0.35984,3.072328,3,56,38,0.003656,0.002481,0.000196
梦里,衣裳,0.359371,2.964937,4,39,81,0.002546,0.005289,0.000261
尚书,罗衣,0.359343,3.462867,1,12,40,0.000783,0.002612,6.5e-05
尚书,白马,0.359343,3.462867,1,12,40,0.000783,0.002612,6.5e-05
意气,阳春,0.359343,3.462867,1,15,32,0.000979,0.002089,6.5e-05
婵娟,逶迤,0.359343,3.462867,1,60,8,0.003917,0.000522,6.5e-05
湘水,逶迤,0.359343,3.462867,1,60,8,0.003917,0.000522,6.5e-05
花发,逶迤,0.359343,3.462867,1,60,8,0.003917,0.000522,6.5e-05
苍茫,送客,0.359343,3.462867,1,32,15,0.002089,0.000979,6.5e-05
欢娱,苍茫,0.359343,3.462867,1,15,32,0.000979,0.002089,6.5e-05
万物,北风,0.359301,3.213406,2,28,44,0.001828,0.002873,0.000131
玉堂,窈窕,0.359301,3.213406,2,44,28,0.002873,0.001828,0.000131
宫殿,氛氲,0.359127,3.460786,1,37,13,0.002416,0.000849,6.5e-05
光辉,车马,0.359072,3.06577,3,34,63,0.00222,0.004113,0.000196
公卿,弟子,0.358948,2.88135,5,81,53,0.005289,0.00346,0.000326
千门,南山,0.358745,2.879721,5,43,100,0.002808,0.006529,0.000326
朝廷,自言,0.358697,3.456637,1,23,21,0.001502,0.001371,6.5e-05
万年,劝君,0.358697,3.456637,1,23,21,0.001502,0.001371,6.5e-05
劝君,霓裳,0.358697,3.456637,1,21,23,0.001371,0.001502,6.5e-05
劝君,桃源,0.358697,3.456637,1,21,23,0.001371,0.001502,6.5e-05
劝君,黄河,0.358667,3.207741,2,21,59,0.001371,0.003852,0.000131
含情,清明,0.358635,3.062042,3,43,50,0.002808,0.003265,0.000196
思君,花时,0.358635,3.062042,3,25,86,0.001632,0.005615,0.000196
北斗,春日,0.358577,3.206934,2,20,62,0.001306,0.004048,0.000131
北斗,歌声,0.358577,3.206934,2,20,62,0.001306,0.004048,0.000131
歌声,须臾,0.358577,3.206934,2,62,20,0.004048,0.001306,0.000131
昆仑,瑶池,0.358577,3.206934,2,31,40,0.002024,0.002612,0.000131
春深,柳色,0.358577,3.206934,2,31,40,0.002024,0.002612,0.000131
人世,武陵,0.358577,3.206934,2,31,40,0.002024,0.002612,0.000131
日出,楼上,0.358397,3.205322,2,18,69,0.001175,0.004505,0.000131
朱门,花满,0.358167,2.875081,5,72,60,0.004701,0.003917,0.000326
白蘋,经过,0.358092,3.057402,3,54,40,0.003526,0.002612,0.000196
东方,日出,0.358054,3.450445,1,27,18,0.001763,0.001175,6.5e-05
东海,日出,0.358054,3.450445,1,27,18,0.001763,0.001175,6.5e-05
关山,迢递,0.357997,2.953605,4,45,71,0.002938,0.004636,0.000261
时节,莺啼,0.357994,2.873693,5,103,42,0.006725,0.002742,0.000326
九重,山高,0.357983,3.056477,3,46,47,0.003003,0.003069,0.000196
千门,清净,0.357947,3.201305,2,43,29,0.002808,0.001893,0.000131
满眼,花飞,0.357858,3.200503,2,39,32,0.002546,0.002089,0.000131
万国,中原,0.357858,3.200503,2,26,48,0.001698,0.003134,0.000131
岁寒,萧索,0.357858,3.200503,2,39,32,0.002546,0.002089,0.000131
满眼,萧索,0.357858,3.200503,2,39,32,0.002546,0.002089,0.000131
九天,白玉,0.357767,3.054628,3,38,57,0.002481,0.003722,0.000196
沧浪,逶迤,0.357628,3.446338,1,61,8,0.003983,0.000522,6.5e-05
单于,白玉,0.357321,3.195707,2,22,57,0.001436,0.003722,0.000131
青楼,黄鹤,0.357321,3.195707,2,57,22,0.003722,0.001436,0.000131
君王,歌舞,0.357304,2.747935,7,101,68,0.006594,0.00444,0.000457
清晨,焚香,0.357281,3.050482,3,29,75,0.001893,0.004897,0.000196
山头,行人,0.357199,2.802186,6,34,164,0.00222,0.010708,0.000392
春来,杏花,0.356983,2.745463,7,81,85,0.005289,0.00555,0.000457
宫殿,山头,0.356965,3.192522,2,37,34,0.002416,0.00222,0.000131
大道,行路,0.356965,3.192522,2,37,34,0.002416,0.00222,0.000131
扬州,青苔,0.356965,3.192522,2,34,37,0.00222,0.002416,0.000131
辛苦,道路,0.356902,2.94457,4,52,62,0.003395,0.004048,0.000261
猿声,青草,0.356851,3.04681,3,37,59,0.002416,0.003852,0.000196
忆昔,携手,0.356788,3.190933,2,30,42,0.001959,0.002742,0.000131
白露,西山,0.356788,3.190933,2,30,42,0.001959,0.002742,0.000131
秋日,西山,0.356788,3.190933,2,30,42,0.001959,0.002742,0.000131
归客,微风,0.356788,3.190933,2,30,42,0.001959,0.002742,0.000131
两相,叶落,0.356788,3.190933,2,30,42,0.001959,0.002742,0.000131
来往,须臾,0.356788,3.190933,2,63,20,0.004113,0.001306,0.000131
劝君,花发,0.356788,3.190933,2,21,60,0.001371,0.003917,0.000131
莺啼,行乐,0.356788,3.190933,2,42,30,0.002742,0.001959,0.000131
叶落,秋日,0.356788,3.190933,2,42,30,0.002742,0.001959,0.000131
日夕,青松,0.35657,3.436144,1,17,29,0.00111,0.001893,6.5e-05
城下,马嘶,0.356476,3.043609,3,30,73,0.001959,0.004766,0.000196
天子,太平,0.356394,2.579851,11,152,84,0.009924,0.005484,0.000718
得意,相亲,0.356316,3.04224,3,43,51,0.002808,0.00333,0.000196
王孙,草绿,0.356302,2.939619,4,90,36,0.005876,0.00235,0.000261
十载,读书,0.356302,2.939619,4,54,60,0.003526,0.003917,0.000261
凤凰,君恩,0.356249,2.85969,5,107,41,0.006986,0.002677,0.000326
今夜,今年,0.356156,3.040873,3,61,36,0.003983,0.00235,0.000196
东海,八月,0.355992,3.183816,2,27,47,0.001763,0.003069,0.000131
东方,闭门,0.355992,3.183816,2,27,47,0.001763,0.003069,0.000131
九衢,相对,0.355966,2.936845,4,57,57,0.003722,0.003722,0.000261
叹息,美人,0.355943,3.039053,3,20,110,0.001306,0.007182,0.000196
人生,骑马,0.355889,3.038599,3,71,31,0.004636,0.002024,0.000196
北斗,悠悠,0.355881,2.856731,5,20,220,0.001306,0.014364,0.000326
经过,门前,0.355744,2.790773,6,40,141,0.002612,0.009206,0.000392
梨花,鸡鸣,0.355518,3.035423,3,48,46,0.003134,0.003003,0.000196
封侯,月出,0.355465,3.179099,2,51,25,0.00333,0.001632,0.000131
封侯,望乡,0.355465,3.179099,2,51,25,0.00333,0.001632,0.000131
昔日,行客,0.355465,3.179099,2,25,51,0.001632,0.00333,0.000131
岐路,河汉,0.355465,3.179099,2,51,25,0.00333,0.001632,0.000131
流年,衣冠,0.355465,3.179099,2,75,17,0.004897,0.00111,0.000131
闭门,风景,0.355464,3.03497,3,47,47,0.003069,0.003069,0.000196
人心,圣朝,0.355407,2.932239,4,102,32,0.00666,0.002089,0.000261
玲珑,相送,0.355377,3.178315,2,22,58,0.001436,0.003787,0.000131
青松,风尘,0.355377,3.178315,2,29,44,0.001893,0.002873,0.000131
微雨,杏花,0.355316,2.852196,5,52,85,0.003395,0.00555,0.000326
独自,花间,0.3552,3.032709,3,82,27,0.005354,0.001763,0.000196
汉水,长沙,0.355107,3.422045,1,25,20,0.001632,0.001306,6.5e-05
北斗,河汉,0.355107,3.422045,1,20,25,0.001306,0.001632,6.5e-05
叹息,圣人,0.355107,3.422045,1,20,25,0.001306,0.001632,6.5e-05
北斗,老人,0.355107,3.422045,1,20,25,0.001306,0.001632,6.5e-05
丹砂,叹息,0.355107,3.422045,1,25,20,0.001632,0.001306,6.5e-05
宁知,望乡,0.355107,3.422045,1,20,25,0.001306,0.001632,6.5e-05
宁知,老人,0.355107,3.422045,1,20,25,0.001306,0.001632,6.5e-05
同心,昔时,0.355027,3.175185,2,40,32,0.002612,0.002089,0.000131
逶迤,鸳鸯,0.355027,3.175185,2,8,160,0.000522,0.010447,0.000131
同心,花飞,0.355027,3.175185,2,40,32,0.002612,0.002089,0.000131
同心,庭前,0.355027,3.175185,2,40,32,0.002612,0.002089,0.000131
红粉,花飞,0.355027,3.175185,2,40,32,0.002612,0.002089,0.000131
罗衣,花飞,0.355027,3.175185,2,40,32,0.002612,0.002089,0.000131
罗衣,萧索,0.355027,3.175185,2,40,32,0.002612,0.002089,0.000131
九重,天子,0.354978,2.730042,7,46,152,0.003003,0.009924,0.000457
劝君,男儿,0.35494,3.174404,2,21,61,0.001371,0.003983,0.000131
春水,经过,0.354815,2.927349,4,82,40,0.005354,0.002612,0.000261
关山,马嘶,0.35463,2.925826,4,45,73,0.002938,0.004766,0.000261
叶落,弟子,0.354567,3.027304,3,42,53,0.002742,0.00346,0.000196
梦里,生死,0.354417,3.169731,2,39,33,0.002546,0.002155,0.000131
他乡,满眼,0.354417,3.169731,2,33,39,0.002155,0.002546,0.000131
次第,窈窕,0.35433,3.168955,2,46,28,0.003003,0.001828,0.000131
人归,对酒,0.35433,3.168955,2,46,28,0.003003,0.001828,0.000131
公子,桃源,0.354304,3.02506,3,97,23,0.006333,0.001502,0.000196
日照,男儿,0.354298,2.92309,4,54,61,0.003526,0.003983,0.000261
尚书,微风,0.35428,3.414077,1,12,42,0.000783,0.002742,6.5e-05
尚书,携手,0.35428,3.414077,1,12,42,0.000783,0.002742,6.5e-05
忆昔,鱼龙,0.354157,3.167403,2,30,43,0.001959,0.002808,0.000131
始知,鬼神,0.354157,3.167403,2,43,30,0.002808,0.001959,0.000131
出入,芙蓉,0.354042,3.022822,3,13,172,0.000849,0.01123,0.000196
云飞,行路,0.353984,3.165854,2,38,34,0.002481,0.00222,0.000131
北阙,明主,0.353984,3.165854,2,38,34,0.002481,0.00222,0.000131
千秋,蛾眉,0.353984,3.165854,2,34,38,0.00222,0.002481,0.000131
逢人,陌上,0.353984,3.165854,2,34,38,0.00222,0.002481,0.000131
同心,春雨,0.353832,3.021034,3,40,56,0.002612,0.003656,0.000196
巫山,桃李,0.35378,3.020588,3,27,83,0.001763,0.005419,0.000196
蓬莱,蛾眉,0.353728,3.020142,3,59,38,0.003852,0.002481,0.000196
心事,承恩,0.353724,3.163535,2,37,35,0.002416,0.002285,0.000131
宫殿,水清,0.353724,3.163535,2,37,35,0.002416,0.002285,0.000131
出入,溪水,0.353665,3.408142,1,13,39,0.000849,0.002546,6.5e-05
出入,岁寒,0.353665,3.408142,1,13,39,0.000849,0.002546,6.5e-05
东林,氛氲,0.353665,3.408142,1,39,13,0.002546,0.000849,6.5e-05
九重,朱门,0.353638,2.91764,4,46,72,0.003003,0.004701,0.000261
咸阳,相看,0.353638,3.162763,2,27,48,0.001763,0.003134,0.000131
东海,中原,0.353638,3.162763,2,27,48,0.001763,0.003134,0.000131
东方,满地,0.353638,3.162763,2,27,48,0.001763,0.003134,0.000131
岐路,风尘,0.353623,3.01925,3,51,44,0.00333,0.002873,0.000196
东西,飘飖,0.353467,3.017914,3,107,21,0.006986,0.001371,0.000196
凤凰,劝君,0.353467,3.017914,3,107,21,0.006986,0.001371,0.000196
单于,黄河,0.353465,3.161221,2,22,59,0.001436,0.003852,0.000131
东西,昆仑,0.353455,2.916132,4,107,31,0.006986,0.002024,0.000261
桃李,随风,0.353346,2.915228,4,83,40,0.005419,0.002612,0.000261
君恩,春来,0.353309,2.914926,4,41,81,0.002677,0.005289,0.000261
万事,蛟龙,0.353121,3.158144,2,42,31,0.002742,0.002024,0.000131
叶落,未央,0.353121,3.158144,2,42,31,0.002742,0.002024,0.000131
咫尺,意气,0.353052,3.402243,1,34,15,0.00222,0.000979,6.5e-05
千秋,意气,0.353052,3.402243,1,34,15,0.00222,0.000979,6.5e-05
千秋,欢娱,0.353052,3.402243,1,34,15,0.00222,0.000979,6.5e-05
两相,日夕,0.353052,3.402243,1,30,17,0.001959,0.00111,6.5e-05
意气,扬州,0.353052,3.402243,1,15,34,0.000979,0.00222,6.5e-05
欢娱,行路,0.353052,3.402243,1,15,34,0.000979,0.00222,6.5e-05
梨花,还家,0.352999,3.013917,3,48,47,0.003134,0.003069,0.000196
山河,日月,0.35299,2.626041,9,75,133,0.004897,0.008684,0.000588
曲江,游人,0.352981,2.91222,4,45,74,0.002938,0.004832,0.000261
东流,新月,0.352688,3.011261,3,78,29,0.005093,0.001893,0.000196
洛阳,逶迤,0.352646,3.398329,1,64,8,0.004179,0.000522,6.5e-05
伤心,楼前,0.352377,3.008612,3,63,36,0.004113,0.00235,0.000196
怅望,有情,0.352363,2.709936,7,82,87,0.005354,0.00568,0.000457
相对,霓裳,0.352351,3.151255,2,57,23,0.003722,0.001502,0.000131
万年,相对,0.352351,3.151255,2,23,57,0.001502,0.003722,0.000131
歌声,鹧鸪,0.352328,2.906829,4,62,54,0.004048,0.003526,0.000261
苍茫,长江,0.352266,3.150493,2,32,41,0.002089,0.002677,0.000131
天子,闭门,0.352181,2.708535,7,152,47,0.009924,0.003069,0.000457
山高,路难,0.351926,3.147448,2,47,28,0.003069,0.001828,0.000131
头白,紫微,0.351926,3.147448,2,47,28,0.003069,0.001828,0.000131
紫微,走马,0.351926,3.147448,2,28,47,0.001828,0.003069,0.000131
山高,窈窕,0.351926,3.147448,2,47,28,0.003069,0.001828,0.000131
紫微,闭门,0.351926,3.147448,2,28,47,0.001828,0.003069,0.000131
紫微,风景,0.351926,3.147448,2,28,47,0.001828,0.003069,0.000131
山头,干戈,0.351862,3.004212,3,34,67,0.00222,0.004375,0.000196
尚书,得意,0.351839,3.390547,1,12,43,0.000783,0.002808,6.5e-05
东风,垂杨,0.351789,2.580047,10,211,55,0.013776,0.003591,0.000653
九天,花发,0.351759,3.003335,3,38,60,0.002481,0.003917,0.000196
白马,青楼,0.351759,3.003335,3,40,57,0.002612,0.003722,0.000196
云飞,花满,0.351759,3.003335,3,38,60,0.002481,0.003917,0.000196
星辰,昨夜,0.351642,2.90117,4,37,91,0.002416,0.005941,0.000261
还家,饮酒,0.351638,3.38861,1,47,11,0.003069,0.000718,6.5e-05
九重,无情,0.351595,2.82233,5,46,99,0.003003,0.006464,0.000326
君家,风飘,0.351586,3.144413,2,33,40,0.002155,0.002612,0.000131
尚书,美人,0.351586,3.144413,2,12,110,0.000783,0.007182,0.000131
君家,随风,0.351586,3.144413,2,33,40,0.002155,0.002612,0.000131
君子,宁知,0.351586,3.144413,2,66,20,0.004309,0.001306,0.000131
天子,宫中,0.351431,2.821013,5,152,30,0.009924,0.001959,0.000326
微雨,江城,0.351349,2.999832,3,52,44,0.003395,0.002873,0.000196
来往,自言,0.351332,3.142143,2,63,21,0.004113,0.001371,0.000131
云深,劝君,0.351332,3.142143,2,63,21,0.004113,0.001371,0.000131
古来,望乡,0.351163,3.140633,2,53,25,0.00346,0.001632,0.000131
圣人,弟子,0.351163,3.140633,2,25,53,0.001632,0.00346,0.000131
尚书,白日,0.351144,2.998086,3,12,191,0.000783,0.012471,0.000196
丞相,行路,0.351079,3.139878,2,39,34,0.002546,0.00222,0.000131
溪水,闲居,0.351079,3.139878,2,39,34,0.002546,0.00222,0.000131
衣冠,鹦鹉,0.351079,3.139878,2,17,78,0.00111,0.005093,0.000131
天寒,雨雪,0.351079,3.139878,2,34,39,0.00222,0.002546,0.000131
人稀,天寒,0.351079,3.139878,2,39,34,0.002546,0.00222,0.000131
岁寒,闲居,0.351079,3.139878,2,39,34,0.002546,0.00222,0.000131
出入,罗衣,0.351037,3.382825,1,13,40,0.000849,0.002612,6.5e-05
万国,北斗,0.351037,3.382825,1,26,20,0.001698,0.001306,6.5e-05
太守,焚香,0.351022,2.817729,5,61,75,0.003983,0.004897,0.000326
万户,封侯,0.350991,2.996777,3,45,51,0.002938,0.00333,0.000196
关山,行客,0.350991,2.996777,3,45,51,0.002938,0.00333,0.000196
东海,草木,0.350991,2.996777,3,27,85,0.001763,0.00555,0.000196
满地,落花,0.350915,2.651937,8,48,180,0.003134,0.011752,0.000522
九天,承恩,0.350742,3.136866,2,38,35,0.002481,0.002285,0.000131
承恩,蛾眉,0.350742,3.136866,2,35,38,0.002285,0.002481,0.000131
夜长,猿啼,0.350742,3.136866,2,35,38,0.002285,0.002481,0.000131
人归,清明,0.350736,2.994601,3,46,50,0.003003,0.003265,0.000196
富贵,霄汉,0.350574,3.135364,2,36,37,0.00235,0.002416,0.000131
今年,洛阳,0.350533,2.992864,3,36,64,0.00235,0.004179,0.000196
千金,松柏,0.35049,3.134613,2,43,31,0.002808,0.002024,0.000131
始知,昆仑,0.35049,3.134613,2,43,31,0.002808,0.002024,0.000131
千门,路傍,0.35049,3.134613,2,43,31,0.002808,0.002024,0.000131
御沟,未央,0.35049,3.134613,2,43,31,0.002808,0.002024,0.000131
世间,天上,0.350453,2.607172,9,95,107,0.006203,0.006986,0.000588
天下,自然,0.350266,2.693807,7,125,58,0.008161,0.003787,0.000457
双飞,高树,0.350228,2.990263,3,42,55,0.002742,0.003591,0.000196
微风,高树,0.350228,2.990263,3,42,55,0.002742,0.003591,0.000196
丹青,造化,0.350228,2.990263,3,33,70,0.002155,0.00457,0.000196
闭门,黄昏,0.350181,2.810976,5,47,98,0.003069,0.006399,0.000326
满地,翡翠,0.350175,2.889067,4,48,71,0.003134,0.004636,0.000261
远山,高树,0.350104,2.88848,4,62,55,0.004048,0.003591,0.000261
水清,芳树,0.350044,3.373255,1,35,15,0.002285,0.000979,6.5e-05
劝君,老人,0.350044,3.373255,1,21,25,0.001371,0.001632,6.5e-05
意气,相望,0.350044,3.373255,1,15,35,0.000979,0.002285,6.5e-05
承恩,送客,0.350044,3.373255,1,35,15,0.002285,0.000979,6.5e-05
劝君,月出,0.350044,3.373255,1,21,25,0.001371,0.001632,6.5e-05
白玉,衣裳,0.349884,2.808591,5,57,81,0.003722,0.005289,0.000326
白首,苍生,0.349823,2.986806,3,61,38,0.003983,0.002481,0.000196
白玉,花满,0.349749,2.885552,4,57,60,0.003722,0.003917,0.000261
独立,罗衣,0.349722,2.985943,3,58,40,0.003787,0.002612,0.000196
依然,衣冠,0.34965,3.369453,1,31,17,0.002024,0.00111,6.5e-05
东海,自古,0.349621,2.985081,3,27,86,0.001763,0.005615,0.000196
相识,路难,0.349572,3.126395,2,48,28,0.003134,0.001828,0.000131
梨花,紫微,0.349572,3.126395,2,48,28,0.003134,0.001828,0.000131
劝君,洛阳,0.349572,3.126395,2,21,64,0.001371,0.004179,0.000131
劝君,等闲,0.349572,3.126395,2,21,64,0.001371,0.004179,0.000131
微风,花飞,0.349572,3.126395,2,42,32,0.002742,0.002089,0.000131
万物,相识,0.349572,3.126395,2,28,48,0.001828,0.003134,0.000131
花飞,莺啼,0.349572,3.126395,2,32,42,0.002089,0.002742,0.000131
公子,王孙,0.349543,2.641574,8,97,90,0.006333,0.005876,0.000522
新诗,相访,0.34947,2.98379,3,75,31,0.004897,0.002024,0.000196
仙人,饮酒,0.349453,3.367557,1,48,11,0.003134,0.000718,6.5e-05
春色,连天,0.349396,2.740971,6,114,52,0.007443,0.003395,0.000392
春色,花下,0.349396,2.740971,6,114,52,0.007443,0.003395,0.000392
万年,壮士,0.349257,3.365665,1,23,23,0.001502,0.001502,6.5e-05
万年,霓裳,0.349257,3.365665,1,23,23,0.001502,0.001502,6.5e-05
万年,桃源,0.349257,3.365665,1,23,23,0.001502,0.001502,6.5e-05
桃源,霓裳,0.349257,3.365665,1,23,23,0.001502,0.001502,6.5e-05
楼前,笙歌,0.349157,2.80276,5,36,129,0.00235,0.008423,0.000326
弟子,江城,0.349118,2.980784,3,53,44,0.00346,0.002873,0.000196
咸阳,羽翼,0.349073,3.121941,2,27,50,0.001763,0.003265,0.000131
圣人,日照,0.349073,3.121941,2,25,54,0.001632,0.003526,0.000131
白露,秋草,0.349073,3.121941,2,30,45,0.001959,0.002938,0.000131
行乐,风动,0.349073,3.121941,2,30,45,0.001959,0.002938,0.000131
兄弟,圣人,0.349073,3.121941,2,54,25,0.003526,0.001632,0.000131
万户,行乐,0.349073,3.121941,2,45,30,0.002938,0.001959,0.000131
年华,日夜,0.349073,3.121941,2,45,30,0.002938,0.001959,0.000131
思量,萧索,0.348917,2.97907,3,73,32,0.004766,0.002089,0.000196
花飞,马嘶,0.348917,2.97907,3,32,73,0.002089,0.004766,0.000196
半夜,宛转,0.348867,2.978642,3,123,19,0.008031,0.001241,0.000196
从容,阙下,0.348867,2.978642,3,57,41,0.003722,0.002677,0.000196
万户,连天,0.348717,2.977359,3,45,52,0.002938,0.003395,0.000196
宫中,鹦鹉,0.348717,2.977359,3,30,78,0.001959,0.005093,0.000196
东山,谢公,0.348717,2.977359,3,36,65,0.00235,0.004244,0.000196
连天,鸟飞,0.348717,2.977359,3,52,45,0.003395,0.002938,0.000196
不归,秋日,0.34869,2.876818,4,115,30,0.007508,0.001959,0.000261
多少,心事,0.348675,2.798891,5,126,37,0.008227,0.002416,0.000326
南宫,帝城,0.34867,3.36001,1,19,28,0.001241,0.001828,6.5e-05
南宫,紫微,0.34867,3.36001,1,19,28,0.001241,0.001828,6.5e-05
王孙,芳草,0.348634,2.415548,15,90,228,0.005876,0.014886,0.000979
壮士,黄河,0.348495,3.116769,2,23,59,0.001502,0.003852,0.000131
桃源,蓬莱,0.348495,3.116769,2,23,59,0.001502,0.003852,0.000131
万年,蓬莱,0.348495,3.116769,2,23,59,0.001502,0.003852,0.000131
君恩,氛氲,0.348475,3.358132,1,41,13,0.002677,0.000849,6.5e-05
出入,骨肉,0.348475,3.358132,1,13,41,0.000849,0.002677,6.5e-05
山头,月满,0.348417,2.974799,3,34,69,0.00222,0.004505,0.000196
九重,秋声,0.348417,2.974799,3,46,51,0.003003,0.00333,0.000196
百尺,鸡鸣,0.348417,2.974799,3,51,46,0.00333,0.003003,0.000196
春光,须臾,0.348248,3.114561,2,68,20,0.00444,0.001306,0.000131
明主,渭水,0.348248,3.114561,2,34,40,0.00222,0.002612,0.000131
文字,知音,0.348217,2.973095,3,25,94,0.001632,0.006137,0.000196
万物,茫茫,0.348118,2.972244,3,28,84,0.001828,0.005484,0.000196
山高,清净,0.348002,3.112357,2,47,29,0.003069,0.001893,0.000131
新月,花前,0.348002,3.112357,2,29,47,0.001893,0.003069,0.000131
东南,黄鹤,0.34792,3.111624,2,62,22,0.004048,0.001436,0.000131
逶迤,钓鱼,0.347892,3.352519,1,8,67,0.000522,0.004375,6.5e-05
双阙,相望,0.347838,3.110891,2,39,35,0.002546,0.002285,0.000131
有情,罗衣,0.347641,2.86816,4,87,40,0.00568,0.002612,0.000261
去年,红粉,0.347641,2.86816,4,87,40,0.00568,0.002612,0.000261
富贵,黄花,0.347592,3.108695,2,36,38,0.00235,0.002481,0.000131
九天,楼前,0.347592,3.108695,2,38,36,0.002481,0.00235,0.000131
东山,苍生,0.347592,3.108695,2,36,38,0.00235,0.002481,0.000131
东山,北阙,0.347592,3.108695,2,36,38,0.00235,0.002481,0.000131
苍生,风波,0.347592,3.108695,2,38,36,0.002481,0.00235,0.000131
天子,未央,0.347346,2.788223,5,152,31,0.009924,0.002024,0.000326
百花,饮酒,0.347313,3.346938,1,49,11,0.003199,0.000718,6.5e-05
临风,饮酒,0.347313,3.346938,1,49,11,0.003199,0.000718,6.5e-05
今年,意气,0.347121,3.345084,1,36,15,0.00235,0.000979,6.5e-05
意气,楼前,0.347121,3.345084,1,15,36,0.000979,0.00235,6.5e-05
东方,北斗,0.347121,3.345084,1,27,20,0.001763,0.001306,6.5e-05
北斗,花间,0.347121,3.345084,1,20,27,0.001306,0.001763,6.5e-05
日落,芳树,0.347121,3.345084,1,36,15,0.00235,0.000979,6.5e-05
宁知,日晚,0.347121,3.345084,1,20,27,0.001306,0.001763,6.5e-05
东山,送客,0.347121,3.345084,1,36,15,0.00235,0.000979,6.5e-05
富贵,欢娱,0.347121,3.345084,1,36,15,0.00235,0.000979,6.5e-05
欢娱,草绿,0.347121,3.345084,1,15,36,0.000979,0.00235,6.5e-05
垂杨,绿水,0.347022,3.103591,2,55,25,0.003591,0.001632,0.000131
圣朝,御沟,0.34694,3.102864,2,32,43,0.002089,0.002808,0.000131
始知,花飞,0.34694,3.102864,2,43,32,0.002808,0.002089,0.000131
愁人,花飞,0.34694,3.102864,2,43,32,0.002808,0.002089,0.000131
姓名,老去,0.346859,3.102138,2,51,27,0.00333,0.001763,0.000131
玉楼,金谷,0.346781,2.96083,3,61,39,0.003983,0.002546,0.000196
人稀,沧浪,0.346781,2.96083,3,39,61,0.002546,0.003983,0.000196
古来,阳城,0.346778,3.101412,2,53,26,0.00346,0.001698,0.000131
万物,草木,0.346732,2.96041,3,28,85,0.001828,0.00555,0.000196
千秋,往事,0.346732,2.96041,3,34,70,0.00222,0.00457,0.000196
两相,次第,0.346616,3.099962,2,30,46,0.001959,0.003003,0.000131
宫中,次第,0.346616,3.099962,2,30,46,0.001959,0.003003,0.000131
日夜,鸡鸣,0.346616,3.099962,2,30,46,0.001959,0.003003,0.000131
桃源,花发,0.346616,3.099962,2,23,60,0.001502,0.003917,0.000131
朝廷,青春,0.346616,3.099962,2,23,60,0.001502,0.003917,0.000131
花满,霓裳,0.346616,3.099962,2,60,23,0.003917,0.001502,0.000131
花发,霓裳,0.346616,3.099962,2,60,23,0.003917,0.001502,0.000131
未央,残月,0.346388,2.957473,3,31,77,0.002024,0.005027,0.000196
未央,池塘,0.346388,2.957473,3,31,77,0.002024,0.005027,0.000196
春光,逶迤,0.346355,3.337704,1,68,8,0.00444,0.000522,6.5e-05
年少,梨花,0.346293,2.77977,5,99,48,0.006464,0.003134,0.000326
微雨,日斜,0.346143,2.95538,3,52,46,0.003395,0.003003,0.000196
牡丹,长安,0.346139,2.538608,10,63,192,0.004113,0.012536,0.000653
携手,生死,0.346131,3.095623,2,42,33,0.002742,0.002155,0.000131
宛转,裴回,0.34605,3.094902,2,19,73,0.001241,0.004766,0.000131
万国,自言,0.345974,3.334034,1,26,21,0.001698,0.001371,6.5e-05
氛氲,西山,0.345974,3.334034,1,13,42,0.000849,0.002742,6.5e-05
劝君,阳城,0.345974,3.334034,1,21,26,0.001371,0.001698,6.5e-05
去年,造化,0.345959,2.714009,6,87,70,0.00568,0.00457,0.000392
管弦,青楼,0.345774,2.852762,4,62,57,0.004048,0.003722,0.000261
歌声,青楼,0.345774,2.852762,4,62,57,0.004048,0.003722,0.000261
花满,闻道,0.345752,2.952042,3,60,40,0.003917,0.002612,0.000196
红粉,青春,0.345752,2.952042,3,40,60,0.002612,0.003917,0.000196
红粉,花发,0.345752,2.952042,3,40,60,0.002612,0.003917,0.000196
武陵,花发,0.345752,2.952042,3,40,60,0.002612,0.003917,0.000196
婵娟,红粉,0.345752,2.952042,3,60,40,0.003917,0.002612,0.000196
圣人,白日,0.345692,2.774942,5,25,191,0.001632,0.012471,0.000326
新月,梨花,0.345648,3.091304,2,29,48,0.001893,0.003134,0.000131
行路,骨肉,0.345487,3.089868,2,34,41,0.00222,0.002677,0.000131
昆仑,秋草,0.345407,3.089151,2,31,45,0.002024,0.002938,0.000131
万户,路傍,0.345407,3.089151,2,45,31,0.002938,0.002024,0.000131
对酒,知己,0.345362,2.948714,3,28,86,0.001828,0.005615,0.000196
沧海,紫微,0.345362,2.948714,3,86,28,0.005615,0.001828,0.000196
愁人,相随,0.345362,2.948714,3,43,56,0.002808,0.003656,0.000196
空馀,裴回,0.345313,2.948299,3,33,73,0.002155,0.004766,0.000196
感激,汉水,0.345217,3.326735,1,22,25,0.001436,0.001632,6.5e-05
圣人,感激,0.345217,3.326735,1,25,22,0.001632,0.001436,6.5e-05
昔日,玲珑,0.345217,3.326735,1,25,22,0.001632,0.001436,6.5e-05
单于,望乡,0.345217,3.326735,1,22,25,0.001436,0.001632,6.5e-05
感激,绿水,0.345217,3.326735,1,22,25,0.001436,0.001632,6.5e-05
玲珑,老人,0.345217,3.326735,1,22,25,0.001436,0.001632,6.5e-05
楼前,花枝,0.345167,2.947054,3,36,67,0.00235,0.004375,0.000196
承恩,楼上,0.345022,2.945811,3,35,69,0.002285,0.004505,0.000196
芳菲,风飘,0.345007,3.085573,2,35,40,0.002285,0.002612,0.000131
柳色,芳菲,0.345007,3.085573,2,40,35,0.002612,0.002285,0.000131
同心,夜长,0.345007,3.085573,2,40,35,0.002612,0.002285,0.000131
承恩,罗衣,0.345007,3.085573,2,35,40,0.002285,0.002612,0.000131
承恩,白马,0.345007,3.085573,2,35,40,0.002285,0.002612,0.000131
圣人,相随,0.345007,3.085573,2,25,56,0.001632,0.003656,0.000131
宁知,造化,0.345007,3.085573,2,20,70,0.001306,0.00457,0.000131
水清,瑶池,0.345007,3.085573,2,35,40,0.002285,0.002612,0.000131
汉宫,渭水,0.345007,3.085573,2,35,40,0.002285,0.002612,0.000131
渭水,青门,0.345007,3.085573,2,40,35,0.002612,0.002285,0.000131
汉宫,红粉,0.345007,3.085573,2,35,40,0.002285,0.002612,0.000131
夜长,红粉,0.345007,3.085573,2,35,40,0.002285,0.002612,0.000131
同心,相望,0.345007,3.085573,2,40,35,0.002612,0.002285,0.000131
骑马,鹦鹉,0.344876,2.94457,3,31,78,0.002024,0.005093,0.000196
明朝,骑马,0.344876,2.94457,3,78,31,0.005093,0.002024,0.000196
古今,百里,0.344876,2.94457,3,62,39,0.004048,0.002546,0.000196
人归,尚书,0.34484,3.323105,1,46,12,0.003003,0.000783,6.5e-05
感激,故国,0.34478,2.943743,3,22,110,0.001436,0.007182,0.000196
咸阳,青冥,0.344688,3.08272,2,27,52,0.001763,0.003395,0.000131
东海,雨露,0.344688,3.08272,2,27,52,0.001763,0.003395,0.000131
万国,十载,0.344688,3.08272,2,26,54,0.001698,0.003526,0.000131
东林,寥落,0.344688,3.08272,2,39,36,0.002546,0.00235,0.000131
花下,花间,0.344688,3.08272,2,52,27,0.003395,0.001763,0.000131
汀洲,江流,0.344688,3.08272,2,54,26,0.003526,0.001698,0.000131
公子,昔日,0.344538,2.941679,3,97,25,0.006333,0.001632,0.000196
山川,河汉,0.344538,2.941679,3,97,25,0.006333,0.001632,0.000196
云飞,大道,0.344529,3.081296,2,38,37,0.002481,0.002416,0.000131
九天,宫殿,0.344529,3.081296,2,38,37,0.002481,0.002416,0.000131
君心,江海,0.344529,3.081296,2,37,38,0.002416,0.002481,0.000131
所以,苍生,0.344529,3.081296,2,37,38,0.002416,0.002481,0.000131
朝朝,陌上,0.344529,3.081296,2,37,38,0.002416,0.002481,0.000131
北风,庭前,0.34437,3.079875,2,44,32,0.002873,0.002089,0.000131
君心,意气,0.344278,3.317685,1,37,15,0.002416,0.000979,6.5e-05
城中,意气,0.344278,3.317685,1,37,15,0.002416,0.000979,6.5e-05
城中,欢娱,0.344278,3.317685,1,37,15,0.002416,0.000979,6.5e-05
头白,宫中,0.344211,3.078456,2,47,30,0.003069,0.001959,0.000131
山高,鬼神,0.344211,3.078456,2,47,30,0.003069,0.001959,0.000131
南北,苍茫,0.3442,2.938796,3,76,32,0.004962,0.002089,0.000196
白蘋,门前,0.343896,2.64482,7,54,141,0.003526,0.009206,0.000457
武陵,风光,0.343816,2.935512,3,40,61,0.002612,0.003983,0.000196
玉楼,红粉,0.343816,2.935512,3,61,40,0.003983,0.002612,0.000196
花下,风景,0.343624,2.933874,3,52,47,0.003395,0.003069,0.000196
花下,花前,0.343624,2.933874,3,52,47,0.003395,0.003069,0.000196
出入,御沟,0.343533,3.310504,1,13,43,0.000849,0.002808,6.5e-05
花发,青春,0.343532,2.834259,4,60,60,0.003917,0.003917,0.000261
生死,鱼龙,0.3435,3.072093,2,33,43,0.002155,0.002808,0.000131
仙人,百尺,0.343432,2.932239,3,48,51,0.003134,0.00333,0.000196
宁知,窈窕,0.343347,3.308717,1,20,28,0.001306,0.001828,6.5e-05
北斗,飞鸟,0.343347,3.308717,1,20,28,0.001306,0.001828,6.5e-05
路难,风霜,0.343347,3.308717,1,28,20,0.001828,0.001306,6.5e-05
叹息,紫微,0.343347,3.308717,1,20,28,0.001306,0.001828,6.5e-05
世事,叹息,0.343347,3.308717,1,28,20,0.001828,0.001306,6.5e-05
万物,宁知,0.343347,3.308717,1,28,20,0.001828,0.001306,6.5e-05
凉风,新月,0.343342,3.070684,2,49,29,0.003199,0.001893,0.000131
相亲,饮酒,0.343162,3.306932,1,51,11,0.00333,0.000718,6.5e-05
岐路,饮酒,0.343162,3.306932,1,51,11,0.00333,0.000718,6.5e-05
饮酒,高秋,0.343162,3.306932,1,11,51,0.000718,0.00333,6.5e-05
花时,莺啼,0.343128,2.830931,4,86,42,0.005615,0.002742,0.000261
碧云,红叶,0.343062,2.638405,7,79,97,0.005158,0.006333,0.000457
圣人,青楼,0.343028,3.067873,2,25,57,0.001632,0.003722,0.000131
圣人,白玉,0.343028,3.067873,2,25,57,0.001632,0.003722,0.000131
南宫,流年,0.343028,3.067873,2,19,75,0.001241,0.004897,0.000131
相对,老人,0.343028,3.067873,2,57,25,0.003722,0.001632,0.000131
白玉,老人,0.343028,3.067873,2,57,25,0.003722,0.001632,0.000131
丹砂,九衢,0.343028,3.067873,2,25,57,0.001632,0.003722,0.000131
伤心,金谷,0.343002,2.928569,3,63,39,0.004113,0.002546,0.000196
伤心,满眼,0.343002,2.928569,3,63,39,0.004113,0.002546,0.000196
九重,金陵,0.34295,3.067172,2,46,31,0.003003,0.002024,0.000131
故乡,日晚,0.342927,2.829271,4,134,27,0.008749,0.001763,0.000261
池塘,风景,0.342894,2.828995,4,77,47,0.005027,0.003069,0.000261
宁知,黄金,0.34286,2.828718,4,20,181,0.001306,0.011818,0.000261
日夜,烟波,0.34286,2.927349,3,30,82,0.001959,0.005354,0.000196
孤云,楚水,0.34286,2.927349,3,60,41,0.003917,0.002677,0.000196
月中,霓裳,0.342812,2.926943,3,107,23,0.006986,0.001502,0.000196
窈窕,蹉跎,0.342793,3.06577,2,28,51,0.001828,0.00333,0.000131
世上,行路,0.342793,3.06577,2,42,34,0.002742,0.00222,0.000131
扬州,淹留,0.342793,3.06577,2,34,42,0.00222,0.002742,0.000131
春光,自言,0.342793,3.06577,2,68,21,0.00444,0.001371,0.000131
旌旗,纵横,0.342659,2.827062,4,74,49,0.004832,0.003199,0.000261
尚书,还家,0.342608,3.301599,1,12,47,0.000783,0.003069,6.5e-05
头白,尚书,0.342608,3.301599,1,47,12,0.003069,0.000783,6.5e-05
尚书,闭门,0.342608,3.301599,1,12,47,0.000783,0.003069,6.5e-05
他乡,故国,0.342526,2.82596,4,33,110,0.002155,0.007182,0.000261
相望,长江,0.342246,3.06088,2,35,41,0.002285,0.002677,0.000131
憔悴,空馀,0.342148,2.92127,3,75,33,0.004897,0.002155,0.000196
东方,今已,0.342058,3.296294,1,27,21,0.001763,0.001371,6.5e-05
东海,飘飖,0.342058,3.296294,1,27,21,0.001763,0.001371,6.5e-05
东方,劝君,0.342058,3.296294,1,27,21,0.001763,0.001371,6.5e-05
劝君,花间,0.342058,3.296294,1,21,27,0.001371,0.001763,6.5e-05
日晚,自言,0.342058,3.296294,1,27,21,0.001763,0.001371,6.5e-05
东海,自言,0.342058,3.296294,1,27,21,0.001763,0.001371,6.5e-05
老去,自言,0.342058,3.296294,1,27,21,0.001763,0.001371,6.5e-05
叹息,消息,0.341911,2.919252,3,20,124,0.001306,0.008096,0.000196
未央,看花,0.341911,2.919252,3,31,80,0.002024,0.005223,0.000196
歌声,玉树,0.341911,2.919252,3,62,40,0.004048,0.002612,0.000196
圣朝,曲江,0.341857,3.057402,2,32,45,0.002089,0.002938,0.000131
楼前,罗衣,0.341857,3.057402,2,36,40,0.00235,0.002612,0.000131
昨日,须臾,0.341857,3.057402,2,72,20,0.004701,0.001306,0.000131
归客,相看,0.341857,3.057402,2,30,48,0.001959,0.003134,0.000131
楼前,红粉,0.341857,3.057402,2,36,40,0.00235,0.002612,0.000131
徘徊,行乐,0.341857,3.057402,2,48,30,0.003134,0.001959,0.000131
千秋,潺湲,0.341817,2.918446,3,34,73,0.00222,0.004766,0.000196
东山,绮罗,0.341722,2.91764,3,36,69,0.00235,0.004505,0.000196
佳人,花间,0.341722,2.91764,3,92,27,0.006007,0.001763,0.000196
汉宫,翡翠,0.341675,2.917238,3,35,71,0.002285,0.004636,0.000196
憔悴,茫茫,0.341637,2.680108,6,75,84,0.004897,0.005484,0.000392
弟子,月满,0.341627,2.818549,4,53,69,0.00346,0.004505,0.000261
岁寒,所以,0.341625,3.055321,2,39,37,0.002546,0.002416,0.000131
云飞,蛾眉,0.341547,3.054628,2,38,38,0.002481,0.002481,0.000131
九天,蛾眉,0.341547,3.054628,2,38,38,0.002481,0.002481,0.000131
宛转,白露,0.34151,3.291017,1,19,30,0.001241,0.001959,6.5e-05
欢娱,苍生,0.34151,3.291017,1,15,38,0.000979,0.002481,6.5e-05
宛转,忆昔,0.34151,3.291017,1,19,30,0.001241,0.001959,6.5e-05
大道,无情,0.341429,2.81691,4,37,99,0.002416,0.006464,0.000261
弟子,走马,0.341393,2.914826,3,53,47,0.00346,0.003069,0.000196
含情,无力,0.341252,2.913622,3,43,58,0.002808,0.003787,0.000196
自言,萧条,0.341161,3.051172,2,21,69,0.001371,0.004505,0.000131
肠断,花飞,0.341158,2.912821,3,78,32,0.005093,0.002089,0.000196
出入,玉堂,0.341147,3.287514,1,13,44,0.000849,0.002873,6.5e-05
青冥,饮酒,0.341147,3.287514,1,52,11,0.003395,0.000718,6.5e-05
出入,独坐,0.341147,3.287514,1,13,44,0.000849,0.002873,6.5e-05
江流,黄鹤,0.341147,3.287514,1,26,22,0.001698,0.001436,6.5e-05
圣人,相送,0.341083,3.050482,2,25,58,0.001632,0.003787,0.000131
文字,高台,0.341083,3.050482,2,25,58,0.001632,0.003787,0.000131
羽翼,青松,0.341083,3.050482,2,50,29,0.003265,0.001893,0.000131
夜长,日暮,0.341032,2.813639,4,35,105,0.002285,0.006856,0.000261
游子,蹉跎,0.341017,2.91162,3,49,51,0.003199,0.00333,0.000196
红叶,黄花,0.34067,2.810651,4,97,38,0.006333,0.002481,0.000261
紫微,花下,0.340622,3.046352,2,28,52,0.001828,0.003395,0.000131
壮士,汉水,0.340604,3.282283,1,23,25,0.001502,0.001632,6.5e-05
山阴,思君,0.340604,3.282283,1,23,25,0.001502,0.001632,6.5e-05
桃源,汉水,0.340604,3.282283,1,23,25,0.001502,0.001632,6.5e-05
万年,老人,0.340604,3.282283,1,23,25,0.001502,0.001632,6.5e-05
老人,霓裳,0.340604,3.282283,1,25,23,0.001632,0.001502,6.5e-05
桃源,老人,0.340604,3.282283,1,23,25,0.001502,0.001632,6.5e-05
丈夫,朝廷,0.340604,3.282283,1,25,23,0.001632,0.001502,6.5e-05
圣人,朝廷,0.340604,3.282283,1,25,23,0.001632,0.001502,6.5e-05
相访,闭门,0.340545,3.045666,2,31,47,0.002024,0.003069,0.000131
兄弟,日晚,0.340468,3.04498,2,54,27,0.003526,0.001763,0.000131
秋日,花落,0.340455,2.732906,5,30,166,0.001959,0.010838,0.000326
仙人,尚书,0.340424,3.280546,1,48,12,0.003134,0.000783,6.5e-05
尚书,梨花,0.340424,3.280546,1,12,48,0.000783,0.003134,6.5e-05
生涯,逶迤,0.340424,3.280546,1,72,8,0.004701,0.000522,6.5e-05
中原,尚书,0.340424,3.280546,1,48,12,0.003134,0.000783,6.5e-05
残月,满地,0.340342,2.807941,4,77,48,0.005027,0.003134,0.000261
千金,扬州,0.340162,3.04224,2,43,34,0.002808,0.00222,0.000131
千门,明主,0.340162,3.04224,2,43,34,0.002808,0.00222,0.000131
御沟,明主,0.340162,3.04224,2,43,34,0.002808,0.00222,0.000131
扬州,鱼龙,0.340162,3.04224,2,34,43,0.00222,0.002808,0.000131
咫尺,日夕,0.340064,3.277079,1,34,17,0.00222,0.00111,6.5e-05
千秋,衣冠,0.340064,3.277079,1,34,17,0.00222,0.00111,6.5e-05
今年,造化,0.340037,2.903251,3,36,70,0.00235,0.00457,0.000196
牡丹,罗衣,0.340037,2.903251,3,63,40,0.004113,0.002612,0.000196
秋日,草堂,0.340037,2.903251,3,30,84,0.001959,0.005484,0.000196
太平,行乐,0.340037,2.903251,3,84,30,0.005484,0.001959,0.000196
自言,风起,0.340037,2.903251,3,21,120,0.001371,0.007835,0.000196
花满,莺啼,0.340037,2.903251,3,60,42,0.003917,0.002742,0.000196
独自,风光,0.339906,2.728498,5,82,61,0.005354,0.003983,0.000326
才子,洛阳,0.339818,2.803622,4,58,64,0.003787,0.004179,0.000261
山中,老人,0.339805,2.901269,3,101,25,0.006594,0.001632,0.000196
宁知,青松,0.339706,3.273625,1,20,29,0.001306,0.001893,6.5e-05
九重,垂杨,0.339573,2.899291,3,46,55,0.003003,0.003591,0.000196
九重,高树,0.339573,2.899291,3,46,55,0.003003,0.003591,0.000196
天涯,阙下,0.339564,2.611496,7,192,41,0.012536,0.002677,0.000457
古人,青楼,0.339558,2.725703,5,88,57,0.005746,0.003722,0.000326
歌声,花满,0.339557,2.801469,4,62,60,0.004048,0.003917,0.000261
微风,承恩,0.339552,3.036783,2,42,35,0.002742,0.002285,0.000131
双飞,相望,0.339552,3.036783,2,42,35,0.002742,0.002285,0.000131
凉风,白露,0.339552,3.036783,2,49,30,0.003199,0.001959,0.000131
汉宫,莺啼,0.339552,3.036783,2,35,42,0.002285,0.002742,0.000131
芳菲,莺啼,0.339552,3.036783,2,35,42,0.002285,0.002742,0.000131
劝君,造化,0.339552,3.036783,2,21,70,0.001371,0.00457,0.000131
携手,芳菲,0.339552,3.036783,2,42,35,0.002742,0.002285,0.000131
叶落,夜长,0.339552,3.036783,2,42,35,0.002742,0.002285,0.000131
衣裳,路长,0.339409,2.724508,5,81,62,0.005289,0.004048,0.000326
九重,萧索,0.3394,3.035423,2,46,32,0.003003,0.002089,0.000131
九重,圣朝,0.3394,3.035423,2,46,32,0.003003,0.002089,0.000131
人归,萧索,0.3394,3.035423,2,46,32,0.003003,0.002089,0.000131
九重,春来,0.339362,2.799857,4,46,81,0.003003,0.005289,0.000261
路岐,黄鹤,0.339248,3.034065,2,67,22,0.004375,0.001436,0.000131
故乡,饮酒,0.339248,3.034065,2,134,11,0.008749,0.000718,0.000131
君恩,汉家,0.339096,3.032709,2,41,36,0.002677,0.00235,0.000131
今年,骨肉,0.339096,3.032709,2,36,41,0.00235,0.002677,0.000131
古今,长江,0.339019,2.894559,3,62,41,0.004048,0.002677,0.000196
东南,骨肉,0.339019,2.894559,3,62,41,0.004048,0.002677,0.000196
仙人,弟子,0.338927,2.893773,3,48,53,0.003134,0.00346,0.000196
九重,芙蓉,0.338905,2.606428,7,46,172,0.003003,0.01123,0.000457
新月,笙歌,0.338875,2.795839,4,29,129,0.001893,0.008423,0.000261
落叶,遥知,0.338835,2.892987,3,67,38,0.004375,0.002481,0.000196
曲江,氛氲,0.338815,3.265041,1,45,13,0.002938,0.000849,6.5e-05
山路,欢娱,0.338815,3.265041,1,39,15,0.002546,0.000979,6.5e-05
梦里,送客,0.338815,3.265041,1,39,15,0.002546,0.000979,6.5e-05
出入,秋草,0.338815,3.265041,1,13,45,0.000849,0.002938,6.5e-05
送客,金谷,0.338815,3.265041,1,15,39,0.000979,0.002546,6.5e-05
红粉,青苔,0.338794,3.030003,2,40,37,0.002612,0.002416,0.000131
楚客,闻道,0.338794,3.030003,2,37,40,0.002416,0.002612,0.000131
宫殿,瑶池,0.338794,3.030003,2,37,40,0.002416,0.002612,0.000131
少年,老人,0.338716,2.718948,5,202,25,0.013189,0.001632,0.000326
两相,离别,0.338651,2.891417,3,30,85,0.001959,0.00555,0.000196
城下,阑干,0.338651,2.891417,3,30,85,0.001959,0.00555,0.000196
归客,春草,0.338651,2.891417,3,30,85,0.001959,0.00555,0.000196
孤舟,秋日,0.338651,2.891417,3,85,30,0.00555,0.001959,0.000196
南宫,鹦鹉,0.338643,3.028653,2,19,78,0.001241,0.005093,0.000131
梦里,陌上,0.338643,3.028653,2,39,38,0.002546,0.002481,0.000131
流水,霓裳,0.338616,2.793703,4,163,23,0.010642,0.001502,0.000261
憔悴,清明,0.338584,2.793437,4,75,50,0.004897,0.003265,0.000261
千年,未央,0.338551,2.79317,4,121,31,0.0079,0.002024,0.000261
桃花,流水,0.33855,2.345679,15,135,163,0.008814,0.010642,0.000979
明时,霄汉,0.338513,2.890241,3,69,37,0.004505,0.002416,0.000196
古木,路难,0.338492,3.027304,2,53,28,0.00346,0.001828,0.000131
头白,少年,0.338442,2.55768,8,47,202,0.003069,0.013189,0.000522
寒食,杏花,0.33844,2.655028,6,76,85,0.004962,0.00555,0.000392
吟诗,山僧,0.338422,2.889458,3,73,35,0.004766,0.002285,0.000196
功成,日晚,0.338417,3.02663,2,55,27,0.003591,0.001763,0.000131
人生,今年,0.338376,2.889067,3,71,36,0.004636,0.00235,0.000196
万物,劝君,0.338284,3.259926,1,28,21,0.001828,0.001371,6.5e-05
劝君,紫微,0.338284,3.259926,1,21,28,0.001371,0.001828,6.5e-05
圣主,尚书,0.338284,3.259926,1,49,12,0.003199,0.000783,6.5e-05
东风,明年,0.33826,2.448584,11,211,69,0.013776,0.004505,0.000718
梧桐,蛟龙,0.338191,3.024612,2,48,31,0.003134,0.002024,0.000131
昆仑,诸侯,0.338191,3.024612,2,31,48,0.002024,0.003134,0.000131
宛转,骑马,0.338108,3.258227,1,19,31,0.001241,0.002024,6.5e-05
人生,劝君,0.337966,3.022598,2,71,21,0.004636,0.001371,0.000131
江城,闲居,0.337591,3.01925,2,44,34,0.002873,0.00222,0.000131
玉楼,管弦,0.337554,2.784939,4,61,62,0.003983,0.004048,0.000261
河汉,高楼,0.337508,2.881661,3,25,103,0.001632,0.006725,0.000196
关河,汉水,0.337293,3.01658,2,60,25,0.003917,0.001632,0.000131
千万,意气,0.337293,3.01658,2,100,15,0.006529,0.000979,0.000131
湘水,竹林,0.337293,3.01658,2,60,25,0.003917,0.001632,0.000131
昔日,湘水,0.337293,3.01658,2,25,60,0.001632,0.003917,0.000131
御沟,泉声,0.337281,2.879721,3,43,60,0.002808,0.003917,0.000196
当年,忆昔,0.337281,2.879721,3,86,30,0.005615,0.001959,0.000196
巫山,感激,0.337231,3.249774,1,27,22,0.001763,0.001436,6.5e-05
波涛,长江,0.337145,2.878559,3,63,41,0.004113,0.002677,0.000196
歌舞,蛾眉,0.3371,2.878172,3,68,38,0.00444,0.002481,0.000196
日夕,水清,0.337056,3.248092,1,17,35,0.00111,0.002285,6.5e-05
圣朝,闭门,0.336995,3.013917,2,32,47,0.002089,0.003069,0.000131
相知,风景,0.336995,3.013917,2,32,47,0.002089,0.003069,0.000131
八月,苍茫,0.336995,3.013917,2,47,32,0.003069,0.002089,0.000131
愁人,芳菲,0.336921,3.013252,2,43,35,0.002808,0.002285,0.000131
独自,黄昏,0.336882,2.590877,7,82,98,0.005354,0.006399,0.000457
所以,造化,0.336828,2.875852,3,37,70,0.002416,0.00457,0.000196
昨日,楼前,0.336738,2.875081,3,72,36,0.004701,0.00235,0.000196
满地,雨中,0.336738,2.875081,3,48,54,0.003134,0.003526,0.000196
春来,萧索,0.336738,2.875081,3,81,32,0.005289,0.002089,0.000196
清净,花下,0.336698,3.011261,2,29,52,0.001893,0.003395,0.000131
万国,霓裳,0.336534,3.243063,1,26,23,0.001698,0.001502,6.5e-05
白首,青云,0.33645,2.542626,8,61,158,0.003983,0.010316,0.000522
微风,楼前,0.336402,3.008612,2,42,36,0.002742,0.00235,0.000131
日落,西山,0.336402,3.008612,2,36,42,0.00235,0.002742,0.000131
楼前,莺啼,0.336402,3.008612,2,36,42,0.00235,0.002742,0.000131
日照,紫微,0.336402,3.008612,2,54,28,0.003526,0.001828,0.000131
万国,南山,0.336377,2.871999,3,26,100,0.001698,0.006529,0.000196
岐路,蹉跎,0.336332,2.871614,3,51,51,0.00333,0.00333,0.000196
衣冠,零落,0.336328,3.007951,2,17,89,0.00111,0.005811,0.000131
人稀,黄昏,0.336279,2.774419,4,39,98,0.002546,0.006399,0.000261
管弦,莺啼,0.336197,2.870462,3,62,42,0.004048,0.002742,0.000196
携手,远山,0.336197,2.870462,3,42,62,0.002742,0.004048,0.000196
乔木,北斗,0.336188,3.239724,1,30,20,0.001959,0.001306,6.5e-05
芳树,随风,0.336188,3.239724,1,15,40,0.000979,0.002612,6.5e-05
叹息,宫中,0.336188,3.239724,1,20,30,0.001306,0.001959,6.5e-05
北斗,归客,0.336188,3.239724,1,20,30,0.001306,0.001959,6.5e-05
北斗,日夜,0.336188,3.239724,1,20,30,0.001306,0.001959,6.5e-05
宁知,白露,0.336188,3.239724,1,20,30,0.001306,0.001959,6.5e-05
武陵,芳树,0.336188,3.239724,1,40,15,0.002612,0.000979,6.5e-05
欢娱,风飘,0.336188,3.239724,1,15,40,0.000979,0.002612,6.5e-05
欢娱,罗衣,0.336188,3.239724,1,15,40,0.000979,0.002612,6.5e-05
君王,意气,0.33618,3.00663,2,101,15,0.006594,0.000979,0.000131
少年,白马,0.336172,2.585416,7,202,40,0.013189,0.002612,0.000457
有情,梅花,0.336088,2.77285,4,87,44,0.00568,0.002873,0.000261
去年,江城,0.336088,2.77285,4,87,44,0.00568,0.002873,0.000261
巫峡,楚客,0.336033,3.005311,2,41,37,0.002677,0.002416,0.000131
君恩,宫殿,0.336033,3.005311,2,41,37,0.002677,0.002416,0.000131
感激,明时,0.335959,3.004652,2,22,69,0.001436,0.004505,0.000131
君子,壮士,0.335959,3.004652,2,66,23,0.004309,0.001502,0.000131
万户,自然,0.335927,2.86816,3,45,58,0.002938,0.003787,0.000196
白马,黄花,0.335812,3.003335,2,40,38,0.002612,0.002481,0.000131
九天,白马,0.335812,3.003335,2,38,40,0.002481,0.002612,0.000131
北阙,渭水,0.335812,3.003335,2,38,40,0.002481,0.002612,0.000131
重阳,黄花,0.335812,3.003335,2,40,38,0.002612,0.002481,0.000131
瑶池,蛾眉,0.335812,3.003335,2,40,38,0.002612,0.002481,0.000131
云飞,随风,0.335812,3.003335,2,38,40,0.002481,0.002612,0.000131
梦里,眼前,0.335793,2.867011,3,39,67,0.002546,0.004375,0.000196
美人,走马,0.335791,2.695463,5,110,47,0.007182,0.003069,0.000326
台上,雨雪,0.335738,3.002677,2,39,39,0.002546,0.002546,0.000131
中原,乾坤,0.335709,2.76972,4,48,80,0.003134,0.005223,0.000261
千秋,浮云,0.335569,2.8651,3,34,77,0.00222,0.005027,0.000196
往事,昔年,0.33555,2.693531,5,70,74,0.00457,0.004832,0.000326
圣人,男儿,0.335445,3.000051,2,25,61,0.001632,0.003983,0.000131
丈夫,白首,0.335445,3.000051,2,25,61,0.001632,0.003983,0.000131
今夜,望乡,0.335445,3.000051,2,61,25,0.003983,0.001632,0.000131
文字,沧浪,0.335445,3.000051,2,25,61,0.001632,0.003983,0.000131
夜长,美人,0.335394,2.767119,4,35,110,0.002285,0.007182,0.000261
故国,相望,0.335394,2.767119,4,110,35,0.007182,0.002285,0.000261
九重,青楼,0.33539,2.863573,3,46,57,0.003003,0.003722,0.000196
富贵,神仙,0.335331,2.7666,4,36,107,0.00235,0.006986,0.000261
憔悴,芳菲,0.335256,2.862429,3,75,35,0.004897,0.002285,0.000196
夜长,风月,0.335256,2.862429,3,35,75,0.002285,0.004897,0.000196
万户,山头,0.335079,2.996777,2,45,34,0.002938,0.00222,0.000131
白露,百尺,0.335079,2.996777,2,30,51,0.001959,0.00333,0.000131
依稀,阳台,0.335079,2.996777,2,51,30,0.00333,0.001959,0.000131
关山,咫尺,0.335079,2.996777,2,45,34,0.002938,0.00222,0.000131
千秋,曲江,0.335079,2.996777,2,34,45,0.00222,0.002938,0.000131
无情,眼前,0.335071,2.6286,6,99,67,0.006464,0.004375,0.000392
无情,梦里,0.335048,2.764266,4,99,39,0.006464,0.002546,0.000261
宛转,昔时,0.334813,3.226478,1,19,32,0.001241,0.002089,6.5e-05
宛转,庭前,0.334813,3.226478,1,19,32,0.001241,0.002089,6.5e-05
清风,白露,0.334766,2.761938,4,129,30,0.008423,0.001959,0.000261
劝君,清晨,0.334643,3.224835,1,21,29,0.001371,0.001893,6.5e-05
劝君,清净,0.334643,3.224835,1,21,29,0.001371,0.001893,6.5e-05
晚来,萧索,0.334641,2.992864,2,48,32,0.003134,0.002089,0.000131
月光,满地,0.334641,2.992864,2,32,48,0.002089,0.003134,0.000131
徘徊,萧索,0.334641,2.992864,2,48,32,0.003134,0.002089,0.000131
天下,金陵,0.334609,2.760647,4,125,31,0.008161,0.002024,0.000261
古人,忆昔,0.334589,2.856731,3,88,30,0.005746,0.001959,0.000196
叹息,天地,0.334589,2.856731,3,20,132,0.001306,0.008618,0.000196
古木,清净,0.334568,2.992213,2,53,29,0.00346,0.001893,0.000131
摇落,清净,0.334568,2.992213,2,53,29,0.00346,0.001893,0.000131
古木,寒山,0.334568,2.992213,2,53,29,0.00346,0.001893,0.000131
宛转,春来,0.334423,2.990912,2,19,81,0.001241,0.005289,0.000131
佳期,相望,0.33435,2.990263,2,44,35,0.002873,0.002285,0.000131
汉宫,玉堂,0.33435,2.990263,2,35,44,0.002285,0.002873,0.000131
伤心,莺啼,0.334323,2.854461,3,63,42,0.004113,0.002742,0.000196
出入,还家,0.334302,3.221556,1,13,47,0.000849,0.003069,6.5e-05
烟雨,霓裳,0.334278,2.989614,2,67,23,0.004375,0.001502,0.000131
朝廷,钓鱼,0.334278,2.989614,2,23,67,0.001502,0.004375,0.000131
朝廷,花枝,0.334278,2.989614,2,23,67,0.001502,0.004375,0.000131
尚书,百尺,0.334133,3.219921,1,12,51,0.000783,0.00333,6.5e-05
封侯,连天,0.334057,2.852196,3,51,52,0.00333,0.003395,0.000196
今夜,秋水,0.333973,2.68087,5,61,86,0.003983,0.005615,0.000326
尚书,笙歌,0.333771,2.985081,2,12,129,0.000783,0.008423,0.000131
东山,得意,0.333771,2.985081,2,36,43,0.00235,0.002808,0.000131
云深,古今,0.333643,2.752679,4,63,62,0.004113,0.004048,0.000261
笙歌,花下,0.333638,2.617357,6,129,52,0.008423,0.003395,0.000392
望乡,马蹄,0.333626,2.98379,2,25,62,0.001632,0.004048,0.000131
圣人,路长,0.333626,2.98379,2,25,62,0.001632,0.004048,0.000131
圣人,歌声,0.333626,2.98379,2,25,62,0.001632,0.004048,0.000131
绿水,路长,0.333626,2.98379,2,25,62,0.001632,0.004048,0.000131
昔日,野花,0.333626,2.98379,2,25,62,0.001632,0.004048,0.000131
老人,路长,0.333626,2.98379,2,25,62,0.001632,0.004048,0.000131
登高,白雪,0.333626,2.98379,2,31,50,0.002024,0.003265,0.000131
欢娱,阙下,0.333625,3.215031,1,15,41,0.000979,0.002677,6.5e-05
八月,生死,0.333554,2.983145,2,47,33,0.003069,0.002155,0.000131
山川,草木,0.333544,2.565201,7,97,85,0.006333,0.00555,0.000457
感激,飞鸟,0.333457,3.213406,1,22,28,0.001436,0.001828,6.5e-05
相随,饮酒,0.333457,3.213406,1,56,11,0.003656,0.000718,6.5e-05
世事,玲珑,0.333457,3.213406,1,28,22,0.001828,0.001436,6.5e-05
东南,功名,0.333441,2.846931,3,62,43,0.004048,0.002808,0.000196
含情,歌声,0.333441,2.846931,3,43,62,0.002808,0.004048,0.000196
独立,鸡鸣,0.333353,2.846181,3,58,46,0.003787,0.003003,0.000196
宫殿,西山,0.333338,2.981213,2,37,42,0.002416,0.002742,0.000131
世上,大道,0.333338,2.981213,2,42,37,0.002742,0.002416,0.000131
双飞,朝朝,0.333338,2.981213,2,42,37,0.002742,0.002416,0.000131
微风,心事,0.333338,2.981213,2,42,37,0.002742,0.002416,0.000131
心事,莺啼,0.333338,2.981213,2,37,42,0.002416,0.002742,0.000131
水流,至今,0.333308,2.563384,7,70,118,0.00457,0.007704,0.000457
叹息,当时,0.33321,2.749101,4,20,196,0.001306,0.012797,0.000261
闻道,黄昏,0.33321,2.749101,4,40,98,0.002612,0.006399,0.000261
梧桐,美人,0.333168,2.67441,5,48,110,0.003134,0.007182,0.000326
春水,门前,0.333144,2.478399,9,82,141,0.005354,0.009206,0.000588
年少,老去,0.333134,2.844309,3,99,27,0.006464,0.001763,0.000196
东方,年少,0.333134,2.844309,3,27,99,0.001763,0.006464,0.000196
九天,君恩,0.333051,2.978642,2,38,41,0.002481,0.002677,0.000131
长江,黄花,0.333051,2.978642,2,41,38,0.002677,0.002481,0.000131
梦里,罗衣,0.332907,2.977359,2,39,40,0.002546,0.002612,0.000131
万国,十里,0.332907,2.977359,2,26,60,0.001698,0.003917,0.000131
湖上,经过,0.332907,2.977359,2,39,40,0.002546,0.002612,0.000131
溪水,瑶池,0.332907,2.977359,2,39,40,0.002546,0.002612,0.000131
北斗,归路,0.332907,2.977359,2,20,78,0.001306,0.005093,0.000131
白露,自怜,0.332907,2.977359,2,30,52,0.001959,0.003395,0.000131
宁知,明朝,0.332907,2.977359,2,20,78,0.001306,0.005093,0.000131
寻常,鬼神,0.332907,2.977359,2,52,30,0.003395,0.001959,0.000131
满眼,罗衣,0.332907,2.977359,2,39,40,0.002546,0.002612,0.000131
还家,青楼,0.332871,2.842067,3,47,57,0.003069,0.003722,0.000196
走马,青楼,0.332871,2.842067,3,47,57,0.003069,0.003722,0.000196
江水,玉树,0.332827,2.841694,3,67,40,0.004375,0.002612,0.000196
昆仑,须臾,0.332785,3.206934,1,31,20,0.002024,0.001306,6.5e-05
宁知,春深,0.332785,3.206934,1,20,31,0.001306,0.002024,6.5e-05
依然,叹息,0.332785,3.206934,1,31,20,0.002024,0.001306,6.5e-05
北斗,相访,0.332785,3.206934,1,20,31,0.001306,0.002024,6.5e-05
北斗,昆仑,0.332785,3.206934,1,20,31,0.001306,0.002024,6.5e-05
路傍,长沙,0.332785,3.206934,1,31,20,0.002024,0.001306,6.5e-05
杏花,杨柳,0.33274,2.440341,10,85,157,0.00555,0.010251,0.000653
断肠,晚来,0.332716,2.745027,4,82,48,0.005354,0.003134,0.000261
太守,江城,0.332653,2.840202,3,61,44,0.003983,0.002873,0.000196
怜君,闲居,0.332621,2.974799,2,46,34,0.003003,0.00222,0.000131
光辉,鸡鸣,0.332621,2.974799,2,34,46,0.00222,0.003003,0.000131
万年,东海,0.332618,3.205322,1,23,27,0.001502,0.001763,6.5e-05
万年,远近,0.332618,3.205322,1,23,27,0.001502,0.001763,6.5e-05
东方,壮士,0.332618,3.205322,1,27,23,0.001763,0.001502,6.5e-05
东方,霓裳,0.332618,3.205322,1,27,23,0.001763,0.001502,6.5e-05
东方,桃源,0.332618,3.205322,1,27,23,0.001763,0.001502,6.5e-05
万年,花间,0.332618,3.205322,1,23,27,0.001502,0.001763,6.5e-05
桃源,花间,0.332618,3.205322,1,23,27,0.001502,0.001763,6.5e-05
去年,太守,0.332532,2.669309,5,87,61,0.00568,0.003983,0.000326
咸阳,自然,0.332478,2.973521,2,27,58,0.001763,0.003787,0.000131
十载,清晨,0.332478,2.973521,2,54,29,0.003526,0.001893,0.000131
新月,鹧鸪,0.332478,2.973521,2,29,54,0.001893,0.003526,0.000131
枕上,梦魂,0.332415,2.668368,5,64,83,0.004179,0.005419,0.000326
绮罗,雨雪,0.332348,2.837597,3,69,39,0.004505,0.002546,0.000196
绮罗,金谷,0.332348,2.837597,3,69,39,0.004505,0.002546,0.000196
江南,路难,0.332347,2.741983,4,141,28,0.009206,0.001828,0.000261
百花,萧索,0.332335,2.972244,2,49,32,0.003199,0.002089,0.000131
对酒,苍苔,0.332335,2.972244,2,28,56,0.001828,0.003656,0.000131
白雪,碧云,0.332286,2.741477,4,50,79,0.003265,0.005158,0.000261
尚书,花下,0.332118,3.200503,1,12,52,0.000783,0.003395,6.5e-05
尚书,辛苦,0.332118,3.200503,1,12,52,0.000783,0.003395,6.5e-05
徘徊,氛氲,0.332118,3.200503,1,48,13,0.003134,0.000849,6.5e-05
天地,鬼神,0.331979,2.738948,4,132,30,0.008618,0.001959,0.000261
婵娟,相忆,0.331979,2.738948,4,60,66,0.003917,0.004309,0.000261
曲江,泉声,0.331957,2.834259,3,45,60,0.002938,0.003917,0.000196
山河,汉家,0.331957,2.834259,3,75,36,0.004897,0.00235,0.000196
丹砂,月出,0.331952,3.198902,1,25,25,0.001632,0.001632,6.5e-05
望乡,老人,0.331952,3.198902,1,25,25,0.001632,0.001632,6.5e-05
月出,河汉,0.331952,3.198902,1,25,25,0.001632,0.001632,6.5e-05
圣人,文字,0.331952,3.198902,1,25,25,0.001632,0.001632,6.5e-05
丹砂,望乡,0.331952,3.198902,1,25,25,0.001632,0.001632,6.5e-05
昔日,望乡,0.331952,3.198902,1,25,25,0.001632,0.001632,6.5e-05
丹砂,昔日,0.331952,3.198902,1,25,25,0.001632,0.001632,6.5e-05
文字,汉水,0.331952,3.198902,1,25,25,0.001632,0.001632,6.5e-05
芙蓉,金陵,0.331947,2.66461,5,172,31,0.01123,0.002024,0.000326
芙蓉,骑马,0.331947,2.66461,5,172,31,0.01123,0.002024,0.000326
宫殿,裴回,0.331913,2.833888,3,37,73,0.002416,0.004766,0.000196
心事,思量,0.331913,2.833888,3,37,73,0.002416,0.004766,0.000196
圣人,车马,0.331837,2.96779,2,25,63,0.001632,0.004113,0.000131
文字,车马,0.331837,2.96779,2,25,63,0.001632,0.004113,0.000131
年华,承恩,0.331837,2.96779,2,45,35,0.002938,0.002285,0.000131
万户,汉宫,0.331837,2.96779,2,45,35,0.002938,0.002285,0.000131
云深,老人,0.331837,2.96779,2,63,25,0.004113,0.001632,0.000131
劝君,千古,0.331837,2.96779,2,21,75,0.001371,0.004897,0.000131
劝君,焚香,0.331837,2.96779,2,21,75,0.001371,0.004897,0.000131
古来,封侯,0.331826,2.833148,3,53,51,0.00346,0.00333,0.000196
弟子,百尺,0.331826,2.833148,3,53,51,0.00346,0.00333,0.000196
公卿,纵横,0.331704,2.736678,4,81,49,0.005289,0.003199,0.000261
宛转,空馀,0.33162,3.195707,1,19,33,0.001241,0.002155,6.5e-05
功名,车马,0.331567,2.830931,3,43,63,0.002808,0.004113,0.000196
弟子,焚香,0.331521,2.735168,4,53,75,0.00346,0.004897,0.000261
心期,梦中,0.331521,2.735168,4,53,75,0.00346,0.004897,0.000261
摇落,流年,0.331521,2.735168,4,53,75,0.00346,0.004897,0.000261
封侯,未央,0.331412,2.963988,2,51,31,0.00333,0.002024,0.000131
君心,日夕,0.331289,3.192522,1,37,17,0.002416,0.00111,6.5e-05
日夕,青苔,0.331289,3.192522,1,17,37,0.00111,0.002416,6.5e-05
宫殿,衣冠,0.331289,3.192522,1,37,17,0.002416,0.00111,6.5e-05
残阳,水边,0.331231,2.54741,7,109,77,0.007117,0.005027,0.000457
单于,马上,0.3312,2.962092,2,22,72,0.001436,0.004701,0.000131
玉堂,风波,0.3312,2.962092,2,44,36,0.002873,0.00235,0.000131
独坐,秋天,0.3312,2.962092,2,44,36,0.002873,0.00235,0.000131
北风,日落,0.3312,2.962092,2,44,36,0.002873,0.00235,0.000131
思归,芳树,0.331125,3.190933,1,42,15,0.002742,0.000979,6.5e-05
意气,淹留,0.331125,3.190933,1,15,42,0.000979,0.002742,6.5e-05
两相,劝君,0.331125,3.190933,1,30,21,0.001959,0.001371,6.5e-05
日出,相望,0.331125,3.190933,1,18,35,0.001175,0.002285,6.5e-05
日出,苍梧,0.331125,3.190933,1,18,35,0.001175,0.002285,6.5e-05
劝君,归客,0.331125,3.190933,1,21,30,0.001371,0.001959,6.5e-05
劝君,日夜,0.331125,3.190933,1,21,30,0.001371,0.001959,6.5e-05
今已,城下,0.331125,3.190933,1,21,30,0.001371,0.001959,6.5e-05
日出,青门,0.331125,3.190933,1,18,35,0.001175,0.002285,6.5e-05
欢娱,西山,0.331125,3.190933,1,15,42,0.000979,0.002742,6.5e-05
万事,意气,0.331125,3.190933,1,42,15,0.002742,0.000979,6.5e-05
芳树,莺啼,0.331125,3.190933,1,15,42,0.000979,0.002742,6.5e-05
古人,颜色,0.331109,2.657881,5,88,61,0.005746,0.003983,0.000326
乾坤,千秋,0.331092,2.826878,3,80,34,0.005223,0.00222,0.000196
春光,罗衣,0.331092,2.826878,3,68,40,0.00444,0.002612,0.000196
萧索,阑干,0.331092,2.826878,3,32,85,0.002089,0.00555,0.000196
春色,青门,0.331065,2.731401,4,114,35,0.007443,0.002285,0.000261
万国,太守,0.331059,2.96083,2,26,61,0.001698,0.003983,0.000131
万国,红尘,0.331059,2.96083,2,26,61,0.001698,0.003983,0.000131
楼上,霓裳,0.330989,2.9602,2,69,23,0.004505,0.001502,0.000131
旌旗,日照,0.330882,2.729899,4,74,54,0.004832,0.003526,0.000261
独立,花前,0.330834,2.824675,3,58,47,0.003787,0.003069,0.000196
当时,承恩,0.330782,2.59495,6,196,35,0.012797,0.002285,0.000392
弟子,白露,0.330778,2.958311,2,53,30,0.00346,0.001959,0.000131
两相,古来,0.330778,2.958311,2,30,53,0.001959,0.00346,0.000131
千万,同心,0.330761,2.728898,4,100,40,0.006529,0.002612,0.000261
思君,鸳鸯,0.330761,2.728898,4,25,160,0.001632,0.010447,0.000261
路长,风尘,0.330748,2.823942,3,62,44,0.004048,0.002873,0.000196
含情,心事,0.330707,2.957682,2,43,37,0.002808,0.002416,0.000131
心事,愁人,0.330707,2.957682,2,37,43,0.002416,0.002808,0.000131
芳草,落花,0.330686,2.149845,23,228,180,0.014886,0.011752,0.001502
东流,承恩,0.330662,2.823209,3,78,35,0.005093,0.002285,0.000196
承恩,鹦鹉,0.330662,2.823209,3,35,78,0.002285,0.005093,0.000196
肠断,芳菲,0.330662,2.823209,3,78,35,0.005093,0.002285,0.000196
东方,蓬莱,0.330567,2.956426,2,27,59,0.001763,0.003852,0.000131
寒食,寥落,0.330405,2.821013,3,76,36,0.004962,0.00235,0.000196
世上,云飞,0.330356,2.954545,2,42,38,0.002742,0.002481,0.000131
太平,宛转,0.330356,2.954545,2,84,19,0.005484,0.001241,0.000131
白玉,紫微,0.330356,2.954545,2,57,28,0.003722,0.001828,0.000131
九衢,飞鸟,0.330356,2.954545,2,57,28,0.003722,0.001828,0.000131
云飞,叶落,0.330356,2.954545,2,38,42,0.002481,0.002742,0.000131
世事,白玉,0.330356,2.954545,2,28,57,0.001828,0.003722,0.000131
莺啼,蛾眉,0.330356,2.954545,2,42,38,0.002742,0.002481,0.000131
昔年,青苔,0.33032,2.820283,3,74,37,0.004832,0.002416,0.000196
心事,昔年,0.33032,2.820283,3,37,74,0.002416,0.004832,0.000196
山头,走马,0.330216,2.953292,2,34,47,0.00222,0.003069,0.000131
山高,行路,0.330216,2.953292,2,47,34,0.003069,0.00222,0.000131
明主,闭门,0.330216,2.953292,2,34,47,0.00222,0.003069,0.000131
双阙,长江,0.330146,2.952667,2,39,41,0.002546,0.002677,0.000131
尚书,弟子,0.330141,3.181455,1,12,53,0.000783,0.00346,6.5e-05
古来,尚书,0.330141,3.181455,1,53,12,0.00346,0.000783,6.5e-05
君子,文章,0.330092,2.649717,5,66,82,0.004309,0.005354,0.000326
柳色,风飘,0.330077,2.952042,2,40,40,0.002612,0.002612,0.000131
白马,随风,0.330077,2.952042,2,40,40,0.002612,0.002612,0.000131
同心,随风,0.330077,2.952042,2,40,40,0.002612,0.002612,0.000131
白马,罗衣,0.330077,2.952042,2,40,40,0.002612,0.002612,0.000131
同心,罗衣,0.330077,2.952042,2,40,40,0.002612,0.002612,0.000131
北斗,看花,0.330077,2.952042,2,20,80,0.001306,0.005223,0.000131
白雪,花飞,0.330077,2.952042,2,50,32,0.003265,0.002089,0.000131
同心,红粉,0.330077,2.952042,2,40,40,0.002612,0.002612,0.000131
清明,萧索,0.330077,2.952042,2,50,32,0.003265,0.002089,0.000131
是非,路难,0.330063,2.818094,3,98,28,0.006399,0.001828,0.000196
曲江,玉楼,0.330021,2.817729,3,45,61,0.002938,0.003983,0.000196
昨夜,皎然,0.329978,3.179884,1,91,7,0.005941,0.000457,6.5e-05
巫峡,江水,0.329935,2.817001,3,41,67,0.002677,0.004375,0.000196
单于,清净,0.329815,3.178315,1,22,29,0.001436,0.001893,6.5e-05
昨日,登楼,0.329795,2.72093,4,72,56,0.004701,0.003656,0.000261
千秋,衣裳,0.329637,2.814456,3,34,81,0.00222,0.005289,0.000196
高秋,黄叶,0.329637,2.814456,3,51,54,0.00333,0.003526,0.000196
阳春,须臾,0.32949,3.175185,1,32,20,0.002089,0.001306,6.5e-05
北斗,杯酒,0.32949,3.175185,1,20,32,0.001306,0.002089,6.5e-05
北斗,苍茫,0.32949,3.175185,1,20,32,0.001306,0.002089,6.5e-05
北斗,月光,0.32949,3.175185,1,20,32,0.001306,0.002089,6.5e-05
楼上,白马,0.329382,2.81228,3,69,40,0.004505,0.002612,0.000196
红粉,绮罗,0.329382,2.81228,3,40,69,0.002612,0.004505,0.000196
霓裳,风起,0.329382,2.81228,3,23,120,0.001502,0.007835,0.000196
九重,十里,0.329382,2.81228,3,46,60,0.003003,0.003917,0.000196
夜长,次第,0.32938,2.945811,2,35,46,0.002285,0.003003,0.000131
人归,承恩,0.32938,2.945811,2,46,35,0.003003,0.002285,0.000131
壮士,往事,0.32938,2.945811,2,23,70,0.001502,0.00457,0.000131
千载,桃源,0.32938,2.945811,2,70,23,0.00457,0.001502,0.000131
万年,千载,0.32938,2.945811,2,23,70,0.001502,0.00457,0.000131
千载,朝廷,0.32938,2.945811,2,70,23,0.00457,0.001502,0.000131
朝廷,水流,0.32938,2.945811,2,23,70,0.001502,0.00457,0.000131
夜长,日斜,0.32938,2.945811,2,35,46,0.002285,0.003003,0.000131
人生,相对,0.329345,2.717217,4,71,57,0.004636,0.003722,0.000261
南国,鹧鸪,0.329255,2.716476,4,75,54,0.004897,0.003526,0.000261
连天,金陵,0.329241,2.94457,2,52,31,0.003395,0.002024,0.000131
昆仑,花下,0.329241,2.94457,2,31,52,0.002024,0.003395,0.000131
未央,雨露,0.329241,2.94457,2,31,52,0.002024,0.003395,0.000131
无穷,芳菲,0.32917,2.81047,3,79,35,0.005158,0.002285,0.000196
花下,鹦鹉,0.329076,2.714995,4,52,78,0.003395,0.005093,0.000261
宛转,阑干,0.329033,2.94271,2,19,85,0.001241,0.00555,0.000131
人生,梦里,0.329001,2.809024,3,71,39,0.004636,0.002546,0.000196
东林,浮生,0.329001,2.809024,3,39,71,0.002546,0.004636,0.000196
劝君,残月,0.328895,2.941473,2,21,77,0.001371,0.005027,0.000131
残月,秋天,0.328874,2.807941,3,77,36,0.005027,0.00235,0.000196
无情,路难,0.328874,2.807941,3,99,28,0.006464,0.001828,0.000196
楼前,水边,0.328874,2.807941,3,36,77,0.00235,0.005027,0.000196
万物,朝廷,0.328844,3.168955,1,28,23,0.001828,0.001502,6.5e-05
万年,帝城,0.328844,3.168955,1,23,28,0.001502,0.001828,6.5e-05
万年,紫微,0.328844,3.168955,1,23,28,0.001502,0.001828,6.5e-05
桃源,紫微,0.328844,3.168955,1,23,28,0.001502,0.001828,6.5e-05
头白,青草,0.328832,2.807581,3,47,59,0.003069,0.003852,0.000196
蓬莱,风景,0.328832,2.807581,3,59,47,0.003852,0.003069,0.000196
天子,汉家,0.328718,2.638692,5,152,36,0.009924,0.00235,0.000326
春色,梨花,0.328718,2.638692,5,114,48,0.007443,0.003134,0.000326
兄弟,忆昔,0.328688,2.939619,2,54,30,0.003526,0.001959,0.000131
日晚,花发,0.328688,2.939619,2,27,60,0.001763,0.003917,0.000131
两相,十载,0.328688,2.939619,2,30,54,0.001959,0.003526,0.000131
东方,花发,0.328688,2.939619,2,27,60,0.001763,0.003917,0.000131
愁人,芳树,0.328683,3.167403,1,43,15,0.002808,0.000979,6.5e-05
垂杨,游人,0.328658,2.711549,4,55,74,0.003591,0.004832,0.000261
昔年,游人,0.328627,2.637961,5,74,74,0.004832,0.004832,0.000326
今日,去年,0.328604,2.235638,17,320,87,0.020893,0.00568,0.00111
凄凉,桃李,0.328582,2.637596,5,66,83,0.004309,0.005419,0.000326
日夕,龙门,0.328522,3.165854,1,17,38,0.00111,0.002481,6.5e-05
日夕,苍生,0.328522,3.165854,1,17,38,0.00111,0.002481,6.5e-05
日夕,江海,0.328522,3.165854,1,17,38,0.00111,0.002481,6.5e-05
山下,阳城,0.328452,2.80434,3,107,26,0.006986,0.001698,0.000196
万物,自然,0.328412,2.937153,2,28,58,0.001828,0.003787,0.000131
对酒,月下,0.328412,2.937153,2,28,58,0.001828,0.003787,0.000131
徘徊,独立,0.328368,2.803622,3,48,58,0.003134,0.003787,0.000196
依旧,花飞,0.328368,2.803622,3,87,32,0.00568,0.002089,0.000196
十载,尚书,0.328201,3.162763,1,54,12,0.003526,0.000783,6.5e-05
扬州,草色,0.3282,2.802186,3,34,82,0.00222,0.005354,0.000196
男儿,英雄,0.328153,2.707381,4,61,67,0.003983,0.004375,0.000261
登楼,裴回,0.328123,2.707137,4,56,73,0.003656,0.004766,0.000261
饮酒,黄河,0.328041,3.161221,1,11,59,0.000718,0.003852,6.5e-05
人家,鸡鸣,0.327946,2.70567,4,89,46,0.005811,0.003003,0.000261
文字,阳城,0.327882,3.159681,1,25,26,0.001632,0.001698,6.5e-05
汉水,阳城,0.327882,3.159681,1,25,26,0.001632,0.001698,6.5e-05
万国,思君,0.327882,3.159681,1,26,25,0.001698,0.001632,6.5e-05
望乡,江流,0.327882,3.159681,1,25,26,0.001632,0.001698,6.5e-05
丹砂,江流,0.327882,3.159681,1,25,26,0.001632,0.001698,6.5e-05
昔日,江流,0.327882,3.159681,1,25,26,0.001632,0.001698,6.5e-05
万国,圣人,0.327882,3.159681,1,26,25,0.001698,0.001632,6.5e-05
月出,阳城,0.327882,3.159681,1,25,26,0.001632,0.001698,6.5e-05
姓名,相知,0.327862,2.932239,2,51,32,0.00333,0.002089,0.000131
仙人,山头,0.327862,2.932239,2,48,34,0.003134,0.00222,0.000131
相识,行路,0.327862,2.932239,2,48,34,0.003134,0.00222,0.000131
圣朝,秋声,0.327862,2.932239,2,32,51,0.002089,0.00333,0.000131
中原,咫尺,0.327862,2.932239,2,48,34,0.003134,0.00222,0.000131
相知,秋声,0.327862,2.932239,2,32,51,0.002089,0.00333,0.000131
中原,明主,0.327862,2.932239,2,48,34,0.003134,0.00222,0.000131
梦里,落花,0.327843,2.571894,6,39,180,0.002546,0.011752,0.000392
云间,北阙,0.327725,2.931014,2,43,38,0.002808,0.002481,0.000131
北阙,御沟,0.327725,2.931014,2,38,43,0.002481,0.002808,0.000131
宛转,秋水,0.327725,2.931014,2,19,86,0.001241,0.005615,0.000131
未央,飘飖,0.327722,3.158144,1,31,21,0.002024,0.001371,6.5e-05
自言,路傍,0.327722,3.158144,1,21,31,0.001371,0.002024,6.5e-05
劝君,相访,0.327722,3.158144,1,21,31,0.001371,0.002024,6.5e-05
今已,登高,0.327722,3.158144,1,21,31,0.001371,0.002024,6.5e-05
今已,金陵,0.327722,3.158144,1,21,31,0.001371,0.002024,6.5e-05
昆仑,飘飖,0.327722,3.158144,1,31,21,0.002024,0.001371,6.5e-05
登高,飘飖,0.327722,3.158144,1,31,21,0.002024,0.001371,6.5e-05
劝君,骑马,0.327722,3.158144,1,21,31,0.001371,0.002024,6.5e-05
南山,窈窕,0.327697,2.797891,3,100,28,0.006529,0.001828,0.000196
往事,罗衣,0.327697,2.797891,3,70,40,0.00457,0.002612,0.000196
不归,梨花,0.32763,2.629958,5,115,48,0.007508,0.003134,0.000326
春草,谢公,0.327517,2.629053,5,85,65,0.00555,0.004244,0.000326
秋声,高树,0.327488,2.796107,3,51,55,0.00333,0.003591,0.000196
微风,湖上,0.327452,2.928569,2,42,39,0.002742,0.002546,0.000131
携手,梦里,0.327452,2.928569,2,42,39,0.002742,0.002546,0.000131
次第,颜色,0.327446,2.79575,3,46,61,0.003003,0.003983,0.000196
肠断,草绿,0.327363,2.795038,3,78,36,0.005093,0.00235,0.000196
十载,辛苦,0.327363,2.795038,3,54,52,0.003526,0.003395,0.000196
巫峡,武陵,0.327316,2.927349,2,41,40,0.002677,0.002612,0.000131
无力,翡翠,0.327237,2.699825,4,58,71,0.003787,0.004636,0.000261
弟子,未央,0.327111,2.925521,2,53,31,0.00346,0.002024,0.000131
心期,松柏,0.327111,2.925521,2,53,31,0.00346,0.002024,0.000131
可惜,蛟龙,0.327111,2.925521,2,53,31,0.00346,0.002024,0.000131
古人,圣朝,0.32703,2.792193,3,88,32,0.005746,0.002089,0.000196
梅花,等闲,0.32703,2.792193,3,44,64,0.002873,0.004179,0.000196
山高,芳菲,0.326975,2.924305,2,47,35,0.003069,0.002285,0.000131
承恩,月色,0.326975,2.924305,2,35,47,0.002285,0.003069,0.000131
承恩,风景,0.326975,2.924305,2,35,47,0.002285,0.003069,0.000131
承恩,还家,0.326975,2.924305,2,35,47,0.002285,0.003069,0.000131
头白,承恩,0.326975,2.924305,2,47,35,0.003069,0.002285,0.000131
承恩,花前,0.326975,2.924305,2,35,47,0.002285,0.003069,0.000131
头白,山僧,0.326975,2.924305,2,47,35,0.003069,0.002285,0.000131
山高,汉宫,0.326975,2.924305,2,47,35,0.003069,0.002285,0.000131
人皆,花前,0.326975,2.924305,2,35,47,0.002285,0.003069,0.000131
八月,十里,0.326863,2.790773,3,47,60,0.003069,0.003917,0.000196
咸阳,男儿,0.326839,2.92309,2,27,61,0.001763,0.003983,0.000131
可惜,肠断,0.326767,2.695947,4,53,78,0.00346,0.005093,0.000261
凤凰,雨露,0.326641,2.622019,5,107,52,0.006986,0.003395,0.000326
千古,黄鹤,0.326636,2.92127,2,75,22,0.004897,0.001436,0.000131
垂杨,归客,0.326636,2.92127,2,55,30,0.003591,0.001959,0.000131
山河,黄鹤,0.326636,2.92127,2,75,22,0.004897,0.001436,0.000131
忆昔,高树,0.326636,2.92127,2,30,55,0.001959,0.003591,0.000131
欢娱,美人,0.326636,2.92127,2,15,110,0.000979,0.007182,0.000131
白露,西风,0.326591,2.694497,4,30,138,0.001959,0.00901,0.000261
月满,花满,0.326591,2.694497,4,69,60,0.004505,0.003917,0.000261
山中,阙下,0.326562,2.694255,4,101,41,0.006594,0.002677,0.000261
万物,世人,0.3265,2.920059,2,28,59,0.001828,0.003852,0.000131
紫微,蓬莱,0.3265,2.920059,2,28,59,0.001828,0.003852,0.000131
白玉,青松,0.326433,2.919453,2,57,29,0.003722,0.001893,0.000131
相对,青松,0.326433,2.919453,2,57,29,0.003722,0.001893,0.000131
从容,清净,0.326433,2.919453,2,57,29,0.003722,0.001893,0.000131
清净,白玉,0.326433,2.919453,2,29,57,0.001893,0.003722,0.000131
巫峡,洞庭,0.326373,2.619864,5,41,136,0.002677,0.00888,0.000326
仙人,蓬莱,0.326366,2.786527,3,48,59,0.003134,0.003852,0.000196
他乡,长沙,0.326297,3.144413,1,33,20,0.002155,0.001306,6.5e-05
乔木,感激,0.326297,3.144413,1,30,22,0.001959,0.001436,6.5e-05
叹息,生死,0.326297,3.144413,1,20,33,0.001306,0.002155,6.5e-05
叹息,君家,0.326297,3.144413,1,20,33,0.001306,0.002155,6.5e-05
花发,饮酒,0.326297,3.144413,1,60,11,0.003917,0.000718,6.5e-05
玉堂,芳树,0.326297,3.144413,1,44,15,0.002873,0.000979,6.5e-05
生死,长沙,0.326297,3.144413,1,33,20,0.002155,0.001306,6.5e-05
乔木,单于,0.326297,3.144413,1,30,22,0.001959,0.001436,6.5e-05
生死,须臾,0.326297,3.144413,1,33,20,0.002155,0.001306,6.5e-05
佳期,芳树,0.326297,3.144413,1,44,15,0.002873,0.000979,6.5e-05
玲珑,鬼神,0.326297,3.144413,1,22,30,0.001436,0.001959,6.5e-05
玲珑,秋日,0.326297,3.144413,1,22,30,0.001436,0.001959,6.5e-05
欢娱,独坐,0.326297,3.144413,1,15,44,0.000979,0.002873,6.5e-05
富贵,次第,0.32623,2.91764,2,36,46,0.00235,0.003003,0.000131
人归,风波,0.32623,2.91764,2,46,36,0.003003,0.00235,0.000131
日斜,楼前,0.32623,2.91764,2,46,36,0.003003,0.00235,0.000131
管弦,花枝,0.326182,2.691121,4,62,67,0.004048,0.004375,0.000261
东南,干戈,0.326182,2.691121,4,62,67,0.004048,0.004375,0.000261
伤心,凄凉,0.326066,2.690158,4,63,66,0.004113,0.004309,0.000261
今来,叹息,0.32596,2.915228,2,83,20,0.005419,0.001306,0.000131
桃李,风霜,0.32596,2.915228,2,83,20,0.005419,0.001306,0.000131
凉风,高台,0.325953,2.783002,3,49,58,0.003199,0.003787,0.000196
临风,无力,0.325953,2.783002,3,49,58,0.003199,0.003787,0.000196
霓裳,黄金,0.32592,2.688956,4,23,181,0.001502,0.011818,0.000261
思量,梦里,0.325747,2.781245,3,73,39,0.004766,0.002546,0.000196
溪水,潺湲,0.325747,2.781245,3,39,73,0.002546,0.004766,0.000196
别后,梦里,0.325747,2.781245,3,73,39,0.004766,0.002546,0.000196
梦魂,逶迤,0.32567,3.138371,1,83,8,0.005419,0.000522,6.5e-05
大道,永日,0.325624,2.91222,2,37,45,0.002416,0.002938,0.000131
前程,千秋,0.325557,2.91162,2,49,34,0.003199,0.00222,0.000131
人情,咫尺,0.325557,2.91162,2,49,34,0.003199,0.00222,0.000131
无力,马上,0.325542,2.685839,4,58,72,0.003787,0.004701,0.000261
宛转,承恩,0.325514,3.136866,1,19,35,0.001241,0.002285,6.5e-05
宛转,风烟,0.325514,3.136866,1,19,35,0.001241,0.002285,6.5e-05
世间,道士,0.325426,2.684881,4,95,44,0.006203,0.002873,0.000261
茫茫,行路,0.325378,2.778088,3,84,34,0.005484,0.00222,0.000196
歌舞,莺啼,0.325378,2.778088,3,68,42,0.00444,0.002742,0.000196
万户,天下,0.325283,2.611115,5,45,125,0.002938,0.008161,0.000326
花开,骑马,0.325281,2.683686,4,135,31,0.008814,0.002024,0.000261
桃花,骑马,0.325281,2.683686,4,135,31,0.008814,0.002024,0.000261
万年,青松,0.325202,3.133863,1,23,29,0.001502,0.001893,6.5e-05
万年,清净,0.325202,3.133863,1,23,29,0.001502,0.001893,6.5e-05
清净,霓裳,0.325202,3.133863,1,29,23,0.001893,0.001502,6.5e-05
桃源,清净,0.325202,3.133863,1,23,29,0.001502,0.001893,6.5e-05
客心,新月,0.325202,3.133863,1,23,29,0.001502,0.001893,6.5e-05
新月,朝廷,0.325202,3.133863,1,29,23,0.001893,0.001502,6.5e-05
楼台,水声,0.325184,2.551031,6,128,56,0.008357,0.003656,0.000392
江海,风尘,0.325155,2.908025,2,38,44,0.002481,0.002873,0.000131
白蘋,金陵,0.325021,2.906829,2,54,31,0.003526,0.002024,0.000131
兄弟,金陵,0.325021,2.906829,2,54,31,0.003526,0.002024,0.000131
兄弟,骑马,0.325021,2.906829,2,54,31,0.003526,0.002024,0.000131
东方,路长,0.325021,2.906829,2,27,62,0.001763,0.004048,0.000131
东南,日晚,0.325021,2.906829,2,62,27,0.004048,0.001763,0.000131
登高,黄叶,0.325021,2.906829,2,31,54,0.002024,0.003526,0.000131
东海,古今,0.325021,2.906829,2,27,62,0.001763,0.004048,0.000131
兄弟,路傍,0.325021,2.906829,2,54,31,0.003526,0.002024,0.000131
花间,马蹄,0.325021,2.906829,2,27,62,0.001763,0.004048,0.000131
相寻,竹林,0.324954,2.906232,2,67,25,0.004375,0.001632,0.000131
玉楼,走马,0.324927,2.774244,3,61,47,0.003983,0.003069,0.000196
从军,白首,0.324927,2.774244,3,47,61,0.003069,0.003983,0.000196
无情,清净,0.324764,2.77285,3,99,29,0.006464,0.001893,0.000196
窈窕,花满,0.324621,2.903251,2,28,60,0.001828,0.003917,0.000131
叹息,茫茫,0.324621,2.903251,2,20,84,0.001306,0.005484,0.000131
微风,罗衣,0.324621,2.903251,2,42,40,0.002742,0.002612,0.000131
婵娟,窈窕,0.324621,2.903251,2,60,28,0.003917,0.001828,0.000131
山僧,相识,0.324621,2.903251,2,35,48,0.002285,0.003134,0.000131
婵娟,紫微,0.324621,2.903251,2,60,28,0.003917,0.001828,0.000131
帝乡,苍梧,0.324621,2.903251,2,48,35,0.003134,0.002285,0.000131
晚来,汉宫,0.324621,2.903251,2,48,35,0.003134,0.002285,0.000131
梨花,相望,0.324621,2.903251,2,48,35,0.003134,0.002285,0.000131
同心,莺啼,0.324621,2.903251,2,40,42,0.002612,0.002742,0.000131
思归,罗衣,0.324621,2.903251,2,42,40,0.002742,0.002612,0.000131
天下,朝廷,0.324601,2.771458,3,125,23,0.008161,0.001502,0.000196
男儿,饮酒,0.324582,3.127884,1,61,11,0.003983,0.000718,6.5e-05
苦辛,骨肉,0.324555,2.902656,2,41,41,0.002677,0.002677,0.000131
秋色,萧条,0.324554,2.605265,5,82,69,0.005354,0.004505,0.000326
花下,衣裳,0.324502,2.677255,4,52,81,0.003395,0.005289,0.000261
新月,独立,0.324488,2.902062,2,29,58,0.001893,0.003787,0.000131
劝君,月光,0.324427,3.126395,1,21,32,0.001371,0.002089,6.5e-05
姓名,空馀,0.324422,2.901467,2,51,33,0.00333,0.002155,0.000131
依稀,空馀,0.324422,2.901467,2,51,33,0.00333,0.002155,0.000131
清秋,生死,0.324422,2.901467,2,51,33,0.00333,0.002155,0.000131
丹青,相亲,0.324422,2.901467,2,33,51,0.002155,0.00333,0.000131
看花,草绿,0.324398,2.76972,3,80,36,0.005223,0.00235,0.000196
从容,旌旗,0.324329,2.675831,4,57,74,0.003722,0.004832,0.000261
心事,肠断,0.324154,2.767639,3,37,78,0.002416,0.005093,0.000196
南宫,天子,0.324073,2.766946,3,19,152,0.001241,0.009924,0.000196
东海,神仙,0.324032,2.7666,3,27,107,0.001763,0.006986,0.000196
巫山,神仙,0.324032,2.7666,3,27,107,0.001763,0.006986,0.000196
咫尺,阑干,0.323992,2.766254,3,34,85,0.00222,0.00555,0.000196
东方,圣人,0.323965,3.121941,1,27,25,0.001763,0.001632,6.5e-05
巫山,汉水,0.323965,3.121941,1,27,25,0.001763,0.001632,6.5e-05
河汉,远近,0.323965,3.121941,1,25,27,0.001632,0.001763,6.5e-05
东海,丹砂,0.323965,3.121941,1,27,25,0.001763,0.001632,6.5e-05
东方,老人,0.323965,3.121941,1,27,25,0.001763,0.001632,6.5e-05
老人,花间,0.323965,3.121941,1,25,27,0.001632,0.001763,6.5e-05
东海,老人,0.323965,3.121941,1,27,25,0.001763,0.001632,6.5e-05
绿水,老去,0.323965,3.121941,1,25,27,0.001632,0.001763,6.5e-05
昔日,花间,0.323965,3.121941,1,25,27,0.001632,0.001763,6.5e-05
昔日,远近,0.323965,3.121941,1,25,27,0.001632,0.001763,6.5e-05
宛转,零落,0.323891,2.896725,2,19,89,0.001241,0.005811,0.000131
思量,独立,0.32387,2.672045,4,73,58,0.004766,0.003787,0.000261
楼前,走马,0.323825,2.896134,2,36,47,0.00235,0.003069,0.000131
东山,花前,0.323825,2.896134,2,36,47,0.00235,0.003069,0.000131
八月,风波,0.323825,2.896134,2,47,36,0.003069,0.00235,0.000131
出入,自怜,0.323812,3.12046,1,13,52,0.000849,0.003395,6.5e-05
肠断,马嘶,0.323764,2.598923,5,78,73,0.005093,0.004766,0.000326
单于,浮云,0.323693,2.894953,2,22,77,0.001436,0.005027,0.000131
车马,鸡鸣,0.323668,2.763489,3,63,46,0.004113,0.003003,0.000196
古木,萧索,0.323561,2.893773,2,53,32,0.00346,0.002089,0.000131
依稀,青楼,0.323305,2.760389,3,51,57,0.00333,0.003722,0.000196
草木,风霜,0.323298,2.891417,2,85,20,0.00555,0.001306,0.000131
佳人,公子,0.323254,2.486064,7,92,97,0.006007,0.006333,0.000457
云深,巫山,0.323232,2.890829,2,63,27,0.004113,0.001763,0.000131
东海,暮雨,0.323232,2.890829,2,27,63,0.001763,0.004113,0.000131
山头,长沙,0.323199,3.114561,1,34,20,0.00222,0.001306,6.5e-05
衣冠,随风,0.323199,3.114561,1,17,40,0.00111,0.002612,6.5e-05
日夕,白马,0.323199,3.114561,1,17,40,0.00111,0.002612,6.5e-05
千秋,须臾,0.323199,3.114561,1,34,20,0.00222,0.001306,6.5e-05
明主,须臾,0.323199,3.114561,1,34,20,0.00222,0.001306,6.5e-05
光辉,宁知,0.323199,3.114561,1,34,20,0.00222,0.001306,6.5e-05
叹息,逢人,0.323199,3.114561,1,20,34,0.001306,0.00222,6.5e-05
星辰,次第,0.323166,2.890241,2,37,46,0.002416,0.003003,0.000131
东南,从军,0.323023,2.757984,3,62,47,0.004048,0.003069,0.000196
公子,美人,0.32299,2.440904,8,97,110,0.006333,0.007182,0.000522
垂杨,路傍,0.32297,2.88848,2,55,31,0.003591,0.002024,0.000131
垂杨,未央,0.32297,2.88848,2,55,31,0.003591,0.002024,0.000131
碧云,黄叶,0.322958,2.664516,4,79,54,0.005158,0.003526,0.000261
汀洲,白蘋,0.322943,2.757298,3,54,54,0.003526,0.003526,0.000196
江城,红叶,0.322901,2.664047,4,44,97,0.002873,0.006333,0.000261
道路,饮酒,0.322895,3.111624,1,62,11,0.004048,0.000718,6.5e-05
饮酒,马蹄,0.322895,3.111624,1,11,62,0.000718,0.004048,6.5e-05
路长,饮酒,0.322895,3.111624,1,62,11,0.004048,0.000718,6.5e-05
金陵,黄鹤,0.322895,3.111624,1,31,22,0.002024,0.001436,6.5e-05
蛟龙,黄鹤,0.322895,3.111624,1,31,22,0.002024,0.001436,6.5e-05
鸳鸯,鹦鹉,0.322874,2.401995,9,160,78,0.010447,0.005093,0.000588
人家,满地,0.322787,2.66311,4,89,48,0.005811,0.003134,0.000261
罗衣,马嘶,0.322782,2.755927,3,40,73,0.002612,0.004766,0.000196
万物,颜色,0.322773,2.886722,2,28,61,0.001828,0.003983,0.000131
今夜,对酒,0.322773,2.886722,2,61,28,0.003983,0.001828,0.000131
大道,故山,0.322662,2.7549,3,37,79,0.002416,0.005158,0.000196
宫中,青楼,0.322642,2.885552,2,30,57,0.001959,0.003722,0.000131
白玉,白露,0.322642,2.885552,2,57,30,0.003722,0.001959,0.000131
北阙,曲江,0.322642,2.885552,2,38,45,0.002481,0.002938,0.000131
宫中,绿杨,0.322642,2.885552,2,30,57,0.001959,0.003722,0.000131
云飞,秋草,0.322642,2.885552,2,38,45,0.002481,0.002938,0.000131
关山,蛾眉,0.322642,2.885552,2,45,38,0.002938,0.002481,0.000131
云间,沧洲,0.322622,2.754558,3,43,68,0.002808,0.00444,0.000196
宛转,秋天,0.322591,3.108695,1,19,36,0.001241,0.00235,6.5e-05
尚书,相对,0.322591,3.108695,1,12,57,0.000783,0.003722,6.5e-05
宛转,楼前,0.322591,3.108695,1,19,36,0.001241,0.00235,6.5e-05
宛转,风波,0.322591,3.108695,1,19,36,0.001241,0.00235,6.5e-05
梦里,焚香,0.322582,2.754216,3,39,75,0.002546,0.004897,0.000196
梦中,金谷,0.322582,2.754216,3,75,39,0.004897,0.002546,0.000196
蓬莱,青松,0.322577,2.884967,2,59,29,0.003852,0.001893,0.000131
清晨,黄河,0.322577,2.884967,2,29,59,0.001893,0.003852,0.000131
清晨,蓬莱,0.322577,2.884967,2,29,59,0.001893,0.003852,0.000131
北斗,秋风,0.32256,2.661239,4,20,214,0.001306,0.013972,0.000261
凤凰,白马,0.32256,2.661239,4,107,40,0.006986,0.002612,0.000261
天上,瑶池,0.32256,2.661239,4,107,40,0.006986,0.002612,0.000261
梨花,玉楼,0.322462,2.753191,3,48,61,0.003134,0.003983,0.000196
梨花,风光,0.322462,2.753191,3,48,61,0.003134,0.003983,0.000196
君王,青楼,0.322393,2.587919,5,101,57,0.006594,0.003722,0.000326
圣主,青门,0.322316,2.882632,2,49,35,0.003199,0.002285,0.000131
游子,青门,0.322316,2.882632,2,49,35,0.003199,0.002285,0.000131
相望,纵横,0.322316,2.882632,2,35,49,0.002285,0.003199,0.000131
凉风,汉宫,0.322316,2.882632,2,49,35,0.003199,0.002285,0.000131
山中,海上,0.32231,2.478807,7,101,89,0.006594,0.005811,0.000457
岁寒,玉堂,0.32225,2.882049,2,39,44,0.002546,0.002873,0.000131
江城,溪水,0.32225,2.882049,2,44,39,0.002873,0.002546,0.000131
北风,雨雪,0.32225,2.882049,2,44,39,0.002873,0.002546,0.000131
佳期,满眼,0.32225,2.882049,2,44,39,0.002873,0.002546,0.000131
夫子,连天,0.32225,2.882049,2,33,52,0.002155,0.003395,0.000131
使君,旌旗,0.322221,2.65844,4,58,74,0.003787,0.004832,0.000261
弟子,衣裳,0.322193,2.658207,4,53,81,0.00346,0.005289,0.000261
摇落,江湖,0.322193,2.658207,4,53,81,0.00346,0.005289,0.000261
御沟,渭水,0.32199,2.879721,2,43,40,0.002808,0.002612,0.000131
御沟,柳色,0.32199,2.879721,2,43,40,0.002808,0.002612,0.000131
含情,闻道,0.32199,2.879721,2,43,40,0.002808,0.002612,0.000131
云间,瑶池,0.32199,2.879721,2,43,40,0.002808,0.002612,0.000131
千古,是非,0.321987,2.525957,6,75,98,0.004897,0.006399,0.000392
往事,西山,0.321983,2.749101,3,70,42,0.00457,0.002742,0.000196
乔木,是非,0.321983,2.749101,3,30,98,0.001959,0.006399,0.000196
叶落,往事,0.321983,2.749101,3,42,70,0.002742,0.00457,0.000196
秋色,自言,0.32186,2.878559,2,82,21,0.005354,0.001371,0.000131
叶落,君恩,0.32186,2.878559,2,42,41,0.002742,0.002677,0.000131
壮士,忆昔,0.321684,3.099962,1,23,30,0.001502,0.001959,6.5e-05
万年,忆昔,0.321684,3.099962,1,23,30,0.001502,0.001959,6.5e-05
万年,阳台,0.321684,3.099962,1,23,30,0.001502,0.001959,6.5e-05
忆昔,霓裳,0.321684,3.099962,1,30,23,0.001959,0.001502,6.5e-05
壮士,鬼神,0.321684,3.099962,1,23,30,0.001502,0.001959,6.5e-05
桃源,行乐,0.321684,3.099962,1,23,30,0.001502,0.001959,6.5e-05
万年,归客,0.321684,3.099962,1,23,30,0.001502,0.001959,6.5e-05
万年,日夜,0.321684,3.099962,1,23,30,0.001502,0.001959,6.5e-05
日夜,霓裳,0.321684,3.099962,1,30,23,0.001959,0.001502,6.5e-05
日夜,桃源,0.321684,3.099962,1,30,23,0.001959,0.001502,6.5e-05
送客,鸡鸣,0.321684,3.099962,1,15,46,0.000979,0.003003,6.5e-05
朝廷,白露,0.321684,3.099962,1,23,30,0.001502,0.001959,6.5e-05
月出,绮罗,0.321666,2.876818,2,25,69,0.001632,0.004505,0.000131
流年,霓裳,0.321666,2.876818,2,75,23,0.004897,0.001502,0.000131
桃源,题诗,0.321666,2.876818,2,23,75,0.001502,0.004897,0.000131
不归,送客,0.321666,2.876818,2,115,15,0.007508,0.000979,0.000131
白云,黄鹤,0.321641,2.52324,6,335,22,0.021873,0.001436,0.000392
寥落,秋色,0.321506,2.745027,3,36,82,0.00235,0.005354,0.000196
寥落,独自,0.321506,2.745027,3,36,82,0.00235,0.005354,0.000196
汉家,诸侯,0.321471,2.875081,2,36,48,0.00235,0.003134,0.000131
日照,花飞,0.321471,2.875081,2,54,32,0.003526,0.002089,0.000131
苍茫,鹧鸪,0.321471,2.875081,2,32,54,0.002089,0.003526,0.000131
断肠,王孙,0.321468,2.521884,6,82,90,0.005354,0.005876,0.000392
东风,芳菲,0.321382,2.521207,6,211,35,0.013776,0.002285,0.000392
古人,君子,0.321294,2.5791,5,88,66,0.005746,0.004309,0.000326
百尺,高台,0.321268,2.742997,3,51,58,0.00333,0.003787,0.000196
月落,行客,0.321268,2.742997,3,58,51,0.003787,0.00333,0.000196
古人,茫茫,0.321261,2.520259,6,88,84,0.005746,0.005484,0.000392
波涛,饮酒,0.321234,3.095623,1,63,11,0.004113,0.000718,6.5e-05
车马,饮酒,0.321234,3.095623,1,63,11,0.004113,0.000718,6.5e-05
君家,自言,0.321234,3.095623,1,33,21,0.002155,0.001371,6.5e-05
丹青,飘飖,0.321234,3.095623,1,33,21,0.002155,0.001371,6.5e-05
他乡,劝君,0.321234,3.095623,1,33,21,0.002155,0.001371,6.5e-05
云深,山高,0.321149,2.741983,3,63,47,0.004113,0.003069,0.000196
玉楼,翡翠,0.321125,2.649394,4,61,71,0.003983,0.004636,0.000261
人生,男儿,0.321125,2.649394,4,71,61,0.004636,0.003983,0.000261
封侯,山头,0.321084,2.871614,2,51,34,0.00333,0.00222,0.000131
行路,蹉跎,0.321084,2.871614,2,34,51,0.00222,0.00333,0.000131
相对,花下,0.32103,2.740971,3,57,52,0.003722,0.003395,0.000196
寒食,梦里,0.32103,2.740971,3,76,39,0.004962,0.002546,0.000196
寒食,满眼,0.32103,2.740971,3,76,39,0.004962,0.002546,0.000196
春日,窈窕,0.320955,2.870462,2,62,28,0.004048,0.001828,0.000131
万物,古今,0.320955,2.870462,2,28,62,0.001828,0.004048,0.000131
野花,飞鸟,0.320955,2.870462,2,62,28,0.004048,0.001828,0.000131
万物,尘土,0.320955,2.870462,2,28,62,0.001828,0.004048,0.000131
桃源,相见,0.320912,2.739959,3,23,129,0.001502,0.008423,0.000196
千门,明年,0.320912,2.739959,3,43,69,0.002808,0.004505,0.000196
含情,楼上,0.320912,2.739959,3,43,69,0.002808,0.004505,0.000196
有情,逶迤,0.320786,3.091304,1,87,8,0.00568,0.000522,6.5e-05
大道,山高,0.320762,2.868735,2,37,47,0.002416,0.003069,0.000131
月色,猿声,0.320762,2.868735,2,47,37,0.003069,0.002416,0.000131
心事,闭门,0.320762,2.868735,2,37,47,0.002416,0.003069,0.000131
头白,宫殿,0.320762,2.868735,2,47,37,0.003069,0.002416,0.000131
宫殿,风景,0.320762,2.868735,2,37,47,0.002416,0.003069,0.000131
城中,闭门,0.320762,2.868735,2,37,47,0.002416,0.003069,0.000131
摇落,秋色,0.320706,2.645937,4,53,82,0.00346,0.005354,0.000261
弟子,独自,0.320706,2.645937,4,53,82,0.00346,0.005354,0.000261
秋日,自然,0.320698,2.86816,2,30,58,0.001959,0.003787,0.000131
明日,须臾,0.320698,2.86816,2,87,20,0.00568,0.001306,0.000131
才子,日夜,0.320698,2.86816,2,58,30,0.003787,0.001959,0.000131
苦辛,衣冠,0.320637,3.089868,1,41,17,0.002677,0.00111,6.5e-05
日夕,骨肉,0.320637,3.089868,1,17,41,0.00111,0.002677,6.5e-05
离别,芳菲,0.320597,2.737266,3,85,35,0.00555,0.002285,0.000196
万国,钓鱼,0.320569,2.867011,2,26,67,0.001698,0.004375,0.000131
满地,野花,0.320557,2.73693,3,48,62,0.003134,0.004048,0.000196
人生,携手,0.320321,2.734916,3,71,42,0.004636,0.002742,0.000196
叶落,翡翠,0.320321,2.734916,3,42,71,0.002742,0.004636,0.000196
人生,叶落,0.320321,2.734916,3,71,42,0.004636,0.002742,0.000196
西风,黄叶,0.320231,2.512175,6,138,54,0.00901,0.003526,0.000392
圣人,紫微,0.320191,3.085573,1,25,28,0.001632,0.001828,6.5e-05
帝城,昔日,0.320191,3.085573,1,28,25,0.001828,0.001632,6.5e-05
帝城,文字,0.320191,3.085573,1,28,25,0.001828,0.001632,6.5e-05
叹息,青门,0.320191,3.085573,1,20,35,0.001306,0.002285,6.5e-05
丈夫,路难,0.320191,3.085573,1,25,28,0.001632,0.001828,6.5e-05
圣人,飞鸟,0.320191,3.085573,1,25,28,0.001632,0.001828,6.5e-05
人皆,北斗,0.320191,3.085573,1,35,20,0.002285,0.001306,6.5e-05
帝城,老人,0.320191,3.085573,1,28,25,0.001828,0.001632,6.5e-05
对酒,望乡,0.320191,3.085573,1,28,25,0.001828,0.001632,6.5e-05
山僧,风霜,0.320191,3.085573,1,35,20,0.002285,0.001306,6.5e-05
宁知,承恩,0.320191,3.085573,1,20,35,0.001306,0.002285,6.5e-05
万物,老人,0.320191,3.085573,1,28,25,0.001828,0.001632,6.5e-05
人归,陌上,0.320185,2.863573,2,46,38,0.003003,0.002481,0.000131
日斜,黄花,0.320185,2.863573,2,46,38,0.003003,0.002481,0.000131
日斜,猿啼,0.320185,2.863573,2,46,38,0.003003,0.002481,0.000131
万户,公子,0.320177,2.641574,4,45,97,0.002938,0.006333,0.000261
东流,水声,0.320094,2.640887,4,78,56,0.005093,0.003656,0.000261
丈夫,造化,0.320057,2.862429,2,25,70,0.001632,0.00457,0.000131
千载,圣人,0.320057,2.862429,2,70,25,0.00457,0.001632,0.000131
歌舞,独坐,0.319929,2.731568,3,68,44,0.00444,0.002873,0.000196
日照,衣裳,0.319927,2.639514,4,54,81,0.003526,0.005289,0.000261
公卿,十载,0.319927,2.639514,4,81,54,0.005289,0.003526,0.000261
出入,雨中,0.319895,3.08272,1,13,54,0.000849,0.003526,6.5e-05
万国,日晚,0.319895,3.08272,1,26,27,0.001698,0.001763,6.5e-05
江流,远近,0.319895,3.08272,1,26,27,0.001698,0.001763,6.5e-05
歌舞,美人,0.319753,2.508425,6,68,110,0.00444,0.007182,0.000392
南宫,楚客,0.319748,3.081296,1,19,37,0.001241,0.002416,6.5e-05
南宫,君心,0.319748,3.081296,1,19,37,0.001241,0.002416,6.5e-05
关山,台上,0.319738,2.859576,2,45,39,0.002938,0.002546,0.000131
出入,花开,0.319738,2.859576,2,13,135,0.000849,0.008814,0.000131
心事,春来,0.319734,2.729899,3,37,81,0.002416,0.005289,0.000196
流年,渭水,0.319616,2.728898,3,75,40,0.004897,0.002612,0.000196
单于,庭前,0.3196,3.079875,1,22,32,0.001436,0.002089,6.5e-05
圣朝,黄鹤,0.3196,3.079875,1,32,22,0.002089,0.001436,6.5e-05
感激,花飞,0.3196,3.079875,1,22,32,0.001436,0.002089,6.5e-05
感激,松风,0.3196,3.079875,1,22,32,0.001436,0.002089,6.5e-05
感激,阳春,0.3196,3.079875,1,22,32,0.001436,0.002089,6.5e-05
玲珑,苍茫,0.3196,3.079875,1,22,32,0.001436,0.002089,6.5e-05
江山,清秋,0.319595,2.636775,4,86,51,0.005615,0.00333,0.000261
山高,意气,0.319453,3.078456,1,47,15,0.003069,0.000979,6.5e-05
八月,欢娱,0.319453,3.078456,1,47,15,0.003069,0.000979,6.5e-05
还家,送客,0.319453,3.078456,1,47,15,0.003069,0.000979,6.5e-05
意气,走马,0.319453,3.078456,1,15,47,0.000979,0.003069,6.5e-05
欢娱,闭门,0.319453,3.078456,1,15,47,0.000979,0.003069,6.5e-05
欢娱,风景,0.319453,3.078456,1,15,47,0.000979,0.003069,6.5e-05
昨日,风光,0.319429,2.635408,4,72,61,0.004701,0.003983,0.000261
垂杨,萧索,0.31942,2.856731,2,55,32,0.003591,0.002089,0.000131
圣朝,高树,0.31942,2.856731,2,32,55,0.002089,0.003591,0.000131
柳色,江城,0.31942,2.856731,2,40,44,0.002612,0.002873,0.000131
玉堂,罗衣,0.31942,2.856731,2,44,40,0.002873,0.002612,0.000131
武陵,道士,0.31942,2.856731,2,40,44,0.002612,0.002873,0.000131
孤城,独坐,0.31942,2.856731,2,40,44,0.002612,0.002873,0.000131
佳期,柳色,0.31942,2.856731,2,44,40,0.002873,0.002612,0.000131
江城,菊花,0.31942,2.856731,2,44,40,0.002873,0.002612,0.000131
佳期,红粉,0.31942,2.856731,2,44,40,0.002873,0.002612,0.000131
瑶池,道士,0.31942,2.856731,2,40,44,0.002612,0.002873,0.000131
孤城,梅花,0.31942,2.856731,2,40,44,0.002612,0.002873,0.000131
月色,枕上,0.319304,2.726235,3,47,64,0.003069,0.004179,0.000196
千金,楚水,0.319229,2.855028,2,43,41,0.002808,0.002677,0.000131
始知,长江,0.319229,2.855028,2,43,41,0.002808,0.002677,0.000131
御沟,阙下,0.319229,2.855028,2,43,41,0.002808,0.002677,0.000131
功名,骨肉,0.319229,2.855028,2,43,41,0.002808,0.002677,0.000131
当年,汉宫,0.319227,2.72557,3,86,35,0.005615,0.002285,0.000196
镜中,风波,0.319166,2.854461,2,49,36,0.003199,0.00235,0.000131
太平,自言,0.319166,2.854461,2,84,21,0.005484,0.001371,0.000131
楼前,百花,0.319166,2.854461,2,36,49,0.00235,0.003199,0.000131
圣主,汉家,0.319166,2.854461,2,49,36,0.003199,0.00235,0.000131
珍重,紫微,0.319166,2.854461,2,63,28,0.004113,0.001828,0.000131
早晚,飘飖,0.319166,2.854461,2,84,21,0.005484,0.001371,0.000131
万户,干戈,0.319032,2.72391,3,45,67,0.002938,0.004375,0.000196
尚书,蓬莱,0.319012,3.074209,1,12,59,0.000783,0.003852,6.5e-05
公子,玉楼,0.318978,2.560506,5,97,61,0.006333,0.003983,0.000326
九衢,松柏,0.318976,2.852762,2,57,31,0.003722,0.002024,0.000131
未央,绿杨,0.318976,2.852762,2,31,57,0.002024,0.003722,0.000131
昆仑,白玉,0.318976,2.852762,2,31,57,0.002024,0.003722,0.000131
山头,连天,0.318913,2.852196,2,34,52,0.00222,0.003395,0.000131
万国,春光,0.318913,2.852196,2,26,68,0.001698,0.00444,0.000131
微雨,闲居,0.318913,2.852196,2,52,34,0.003395,0.00222,0.000131
弟子,白玉,0.318799,2.721922,3,53,57,0.00346,0.003722,0.000196
丞相,天子,0.318747,2.558649,5,39,152,0.002546,0.009924,0.000326
山阴,池塘,0.318723,2.850501,2,23,77,0.001502,0.005027,0.000131
他人,马上,0.318683,2.72093,3,42,72,0.002742,0.004701,0.000196
天寒,海上,0.318606,2.720269,3,34,89,0.00222,0.005811,0.000196
美人,鹧鸪,0.318495,2.556627,5,110,54,0.007182,0.003526,0.000326
君王,白露,0.318451,2.718948,3,101,30,0.006594,0.001959,0.000196
巫山,行人,0.31844,2.627244,4,27,164,0.001763,0.010708,0.000261
千门,时节,0.318413,2.627019,4,43,103,0.002808,0.006725,0.000261
徘徊,霄汉,0.318408,2.847682,2,48,37,0.003134,0.002416,0.000131
满地,青苔,0.318408,2.847682,2,48,37,0.003134,0.002416,0.000131
心事,梧桐,0.318408,2.847682,2,37,48,0.002416,0.003134,0.000131
猿声,草色,0.318296,2.717628,3,37,82,0.002416,0.005354,0.000196
人世,桃源,0.318282,3.067172,1,31,23,0.002024,0.001502,6.5e-05
壮士,昆仑,0.318282,3.067172,1,23,31,0.001502,0.002024,6.5e-05
壮士,登高,0.318282,3.067172,1,23,31,0.001502,0.002024,6.5e-05
山阴,相访,0.318282,3.067172,1,23,31,0.001502,0.002024,6.5e-05
万年,路傍,0.318282,3.067172,1,23,31,0.001502,0.002024,6.5e-05
万年,蛟龙,0.318282,3.067172,1,23,31,0.001502,0.002024,6.5e-05
壮士,蛟龙,0.318282,3.067172,1,23,31,0.001502,0.002024,6.5e-05
未央,桃源,0.318282,3.067172,1,31,23,0.002024,0.001502,6.5e-05
万年,相访,0.318282,3.067172,1,23,31,0.001502,0.002024,6.5e-05
万年,昆仑,0.318282,3.067172,1,23,31,0.001502,0.002024,6.5e-05
相访,霓裳,0.318282,3.067172,1,31,23,0.002024,0.001502,6.5e-05
昆仑,霓裳,0.318282,3.067172,1,31,23,0.002024,0.001502,6.5e-05
桃源,相访,0.318282,3.067172,1,23,31,0.001502,0.002024,6.5e-05
昆仑,桃源,0.318282,3.067172,1,31,23,0.002024,0.001502,6.5e-05
桃源,金陵,0.318282,3.067172,1,23,31,0.001502,0.002024,6.5e-05
万年,依然,0.318282,3.067172,1,23,31,0.001502,0.002024,6.5e-05
人世,霓裳,0.318282,3.067172,1,31,23,0.002024,0.001502,6.5e-05
春深,桃源,0.318282,3.067172,1,31,23,0.002024,0.001502,6.5e-05
壮士,天地,0.318219,2.716969,3,23,132,0.001502,0.008618,0.000196
人家,北斗,0.318156,2.845432,2,89,20,0.005811,0.001306,0.000131
春日,游子,0.318142,2.716311,3,62,49,0.004048,0.003199,0.000196
咫尺,自言,0.318136,3.06577,1,34,21,0.00222,0.001371,6.5e-05
劝君,山头,0.318136,3.06577,1,21,34,0.001371,0.00222,6.5e-05
寒食,罗衣,0.318065,2.715653,3,76,40,0.004962,0.002612,0.000196
宛转,鸳鸯,0.318065,2.715653,3,19,160,0.001241,0.010447,0.000196
天子,宁知,0.318065,2.715653,3,152,20,0.009924,0.001306,0.000196
叹息,天子,0.318065,2.715653,3,20,152,0.001306,0.009924,0.000196
月照,红粉,0.318065,2.715653,3,76,40,0.004962,0.002612,0.000196
君子,咸阳,0.318031,2.844309,2,66,27,0.004309,0.001763,0.000131
空馀,鹧鸪,0.318031,2.844309,2,33,54,0.002155,0.003526,0.000131
东流,白玉,0.317948,2.623188,4,78,57,0.005093,0.003722,0.000261
天地,茫茫,0.317905,2.402476,8,132,84,0.008618,0.005484,0.000522
依旧,夜长,0.317873,2.714009,3,87,35,0.00568,0.002285,0.000196
苍梧,蹉跎,0.317843,2.842627,2,35,51,0.002285,0.00333,0.000131
依稀,相望,0.317843,2.842627,2,51,35,0.00333,0.002285,0.000131
清秋,物外,0.317843,2.842627,2,51,35,0.00333,0.002285,0.000131
花前,蛾眉,0.31778,2.842067,2,47,38,0.003069,0.002481,0.000131
头白,龙门,0.31778,2.842067,2,47,38,0.003069,0.002481,0.000131
九天,头白,0.31778,2.842067,2,38,47,0.002481,0.003069,0.000131
九天,花前,0.31778,2.842067,2,38,47,0.002481,0.003069,0.000131
北阙,闭门,0.31778,2.842067,2,38,47,0.002481,0.003069,0.000131
头白,蛾眉,0.31778,2.842067,2,47,38,0.003069,0.002481,0.000131
花前,陌上,0.31778,2.842067,2,47,38,0.003069,0.002481,0.000131
山高,猿啼,0.31778,2.842067,2,47,38,0.003069,0.002481,0.000131
含情,翡翠,0.317565,2.711386,3,43,71,0.002808,0.004636,0.000196
绿杨,芳草,0.317428,2.361481,9,57,228,0.003722,0.014886,0.000588
洛阳,路难,0.317405,2.838713,2,64,28,0.004179,0.001828,0.000131
圣朝,相随,0.317405,2.838713,2,32,56,0.002089,0.003656,0.000131
相随,花飞,0.317405,2.838713,2,56,32,0.003656,0.002089,0.000131
日月,霓裳,0.317335,2.709422,3,133,23,0.008684,0.001502,0.000196
秋天,草木,0.317297,2.709095,3,36,85,0.00235,0.00555,0.000196
依稀,婵娟,0.317297,2.709095,3,51,60,0.00333,0.003917,0.000196
婵娟,封侯,0.317297,2.709095,3,60,51,0.003917,0.00333,0.000196
万户,歌舞,0.317297,2.709095,3,45,68,0.002938,0.00444,0.000196
人归,梦里,0.31728,2.837597,2,46,39,0.003003,0.002546,0.000131
怜君,溪水,0.31728,2.837597,2,46,39,0.003003,0.002546,0.000131
九重,百里,0.31728,2.837597,2,46,39,0.003003,0.002546,0.000131
日斜,金谷,0.31728,2.837597,2,46,39,0.003003,0.002546,0.000131
人归,满眼,0.31728,2.837597,2,46,39,0.003003,0.002546,0.000131
中原,欢娱,0.317268,3.057402,1,48,15,0.003134,0.000979,6.5e-05
十里,尚书,0.317268,3.057402,1,60,12,0.003917,0.000783,6.5e-05
尚书,所思,0.317268,3.057402,1,12,60,0.000783,0.003917,6.5e-05
孤城,日出,0.317268,3.057402,1,40,18,0.002612,0.001175,6.5e-05
东山,宁知,0.317268,3.057402,1,36,20,0.00235,0.001306,6.5e-05
叹息,日落,0.317268,3.057402,1,20,36,0.001306,0.00235,6.5e-05
风波,风霜,0.317268,3.057402,1,36,20,0.00235,0.001306,6.5e-05
寥落,长沙,0.317268,3.057402,1,36,20,0.00235,0.001306,6.5e-05
宁知,汉家,0.317268,3.057402,1,20,36,0.001306,0.00235,6.5e-05
意气,满地,0.317268,3.057402,1,15,48,0.000979,0.003134,6.5e-05
欢娱,满地,0.317268,3.057402,1,15,48,0.000979,0.003134,6.5e-05
梨花,芳树,0.317268,3.057402,1,48,15,0.003134,0.000979,6.5e-05
江山,雨露,0.317242,2.617357,4,86,52,0.005615,0.003395,0.000261
春色,花枝,0.317088,2.487522,6,114,67,0.007443,0.004375,0.000392
无力,蛟龙,0.317031,2.83537,2,58,31,0.003787,0.002024,0.000131
使君,骑马,0.317031,2.83537,2,58,31,0.003787,0.002024,0.000131
吾道,登高,0.317031,2.83537,2,58,31,0.003787,0.002024,0.000131
清晨,道路,0.317031,2.83537,2,29,62,0.001893,0.004048,0.000131
新月,道路,0.317031,2.83537,2,29,62,0.001893,0.004048,0.000131
九天,宛转,0.31698,3.054628,1,38,19,0.002481,0.001241,6.5e-05
宛转,苍生,0.31698,3.054628,1,19,38,0.001241,0.002481,6.5e-05
云飞,宛转,0.31698,3.054628,1,38,19,0.002481,0.001241,6.5e-05
东方,花落,0.316971,2.615123,4,27,166,0.001763,0.010838,0.000261
无情,金陵,0.316953,2.706159,3,99,31,0.006464,0.002024,0.000196
宫中,花满,0.316907,2.834259,2,30,60,0.001959,0.003917,0.000131
意气,风起,0.316907,2.834259,2,15,120,0.000979,0.007835,0.000131
白露,青春,0.316907,2.834259,2,30,60,0.001959,0.003917,0.000131
两相,婵娟,0.316907,2.834259,2,30,60,0.001959,0.003917,0.000131
日夜,花发,0.316907,2.834259,2,30,60,0.001959,0.003917,0.000131
秋来,行乐,0.316907,2.834259,2,60,30,0.003917,0.001959,0.000131
十里,秋日,0.316907,2.834259,2,60,30,0.003917,0.001959,0.000131
归客,旧游,0.316907,2.834259,2,30,60,0.001959,0.003917,0.000131
万户,玉树,0.316907,2.834259,2,45,40,0.002938,0.002612,0.000131
渭水,秋草,0.316907,2.834259,2,40,45,0.002612,0.002938,0.000131
两相,所思,0.316907,2.834259,2,30,60,0.001959,0.003917,0.000131
万户,红粉,0.316907,2.834259,2,45,40,0.002938,0.002612,0.000131
花满,行乐,0.316907,2.834259,2,60,30,0.003917,0.001959,0.000131
关山,同心,0.316907,2.834259,2,45,40,0.002938,0.002612,0.000131
不归,梦里,0.31689,2.614454,4,115,39,0.007508,0.002546,0.000261
今来,大道,0.316877,2.705507,3,83,37,0.005419,0.002416,0.000196
承恩,芙蓉,0.316828,2.543249,5,35,172,0.002285,0.01123,0.000326
古木,行路,0.316783,2.833148,2,53,34,0.00346,0.00222,0.000131
光辉,古来,0.316783,2.833148,2,34,53,0.00222,0.00346,0.000131
佳期,骨肉,0.316659,2.832039,2,44,41,0.002873,0.002677,0.000131
云飞,衣裳,0.31661,2.70323,3,38,81,0.002481,0.005289,0.000196
春来,陌上,0.31661,2.70323,3,81,38,0.005289,0.002481,0.000196
圣人,青松,0.31655,3.050482,1,25,29,0.001632,0.001893,6.5e-05
河汉,清净,0.31655,3.050482,1,25,29,0.001632,0.001893,6.5e-05
丈夫,青松,0.31655,3.050482,1,25,29,0.001632,0.001893,6.5e-05
清净,老人,0.31655,3.050482,1,29,25,0.001893,0.001632,6.5e-05
圣人,新月,0.31655,3.050482,1,25,29,0.001632,0.001893,6.5e-05
老人,青松,0.31655,3.050482,1,25,29,0.001632,0.001893,6.5e-05
圣人,清净,0.31655,3.050482,1,25,29,0.001632,0.001893,6.5e-05
新月,绿水,0.31655,3.050482,1,29,25,0.001893,0.001632,6.5e-05
携手,鱼龙,0.316535,2.830931,2,42,43,0.002742,0.002808,0.000131
御沟,思归,0.316535,2.830931,2,43,42,0.002808,0.002742,0.000131
御沟,莺啼,0.316535,2.830931,2,43,42,0.002808,0.002742,0.000131
劝君,沧海,0.316535,2.830931,2,21,86,0.001371,0.005615,0.000131
浮云,瑶池,0.316534,2.702581,3,77,40,0.005027,0.002612,0.000196
浮云,闻道,0.316534,2.702581,3,77,40,0.005027,0.002612,0.000196
窈窕,美人,0.316534,2.702581,3,28,110,0.001828,0.007182,0.000196
垂杨,雨后,0.316534,2.702581,3,55,56,0.003591,0.003656,0.000196
登楼,高树,0.316534,2.702581,3,56,55,0.003656,0.003591,0.000196
垂杨,相随,0.316534,2.702581,3,55,56,0.003591,0.003656,0.000196
同心,残月,0.316534,2.702581,3,40,77,0.002612,0.005027,0.000196
人生,离别,0.316518,2.54076,5,71,85,0.004636,0.00555,0.000326
归来,罗衣,0.316415,2.539932,5,151,40,0.009859,0.002612,0.000326
夫子,感激,0.316407,3.049103,1,33,22,0.002155,0.001436,6.5e-05
君家,感激,0.316407,3.049103,1,33,22,0.002155,0.001436,6.5e-05
感激,空馀,0.316407,3.049103,1,22,33,0.001436,0.002155,6.5e-05
生死,黄鹤,0.316407,3.049103,1,33,22,0.002155,0.001436,6.5e-05
丹青,玲珑,0.316407,3.049103,1,33,22,0.002155,0.001436,6.5e-05
临水,故山,0.316404,2.610449,4,57,79,0.003722,0.005158,0.000261
东海,莓苔,0.316349,2.829271,2,27,67,0.001763,0.004375,0.000131
日晚,花枝,0.316349,2.829271,2,27,67,0.001763,0.004375,0.000131
巫山,花枝,0.316349,2.829271,2,27,67,0.001763,0.004375,0.000131
天地,草木,0.316339,2.390642,8,132,85,0.008618,0.00555,0.000522
临风,车马,0.316268,2.700311,3,49,63,0.003199,0.004113,0.000196
凉风,车马,0.316268,2.700311,3,49,63,0.003199,0.004113,0.000196
故国,长江,0.316216,2.608895,4,110,41,0.007182,0.002677,0.000261
万国,窈窕,0.316121,3.046352,1,26,28,0.001698,0.001828,6.5e-05
东风,春来,0.31611,2.288241,11,211,81,0.013776,0.005289,0.000718
游人,风光,0.316109,2.608009,4,74,61,0.004832,0.003983,0.000261
前程,霄汉,0.316102,2.827062,2,49,37,0.003199,0.002416,0.000131
城中,纵横,0.316102,2.827062,2,37,49,0.002416,0.003199,0.000131
光辉,翠微,0.316003,2.698046,3,34,91,0.00222,0.005941,0.000196
东方,花间,0.315979,3.04498,1,27,27,0.001763,0.001763,6.5e-05
日晚,远近,0.315979,3.04498,1,27,27,0.001763,0.001763,6.5e-05
东海,日晚,0.315979,3.04498,1,27,27,0.001763,0.001763,6.5e-05
含情,昨日,0.315927,2.697399,3,43,72,0.002808,0.004701,0.000196
愁人,朱门,0.315927,2.697399,3,43,72,0.002808,0.004701,0.000196
汉家,自古,0.315927,2.697399,3,36,86,0.00235,0.005615,0.000196
去年,花下,0.31584,2.605796,4,87,52,0.00568,0.003395,0.000261
桃花,水流,0.315807,2.428793,7,135,70,0.008814,0.00457,0.000457
南山,未央,0.315776,2.696108,3,100,31,0.006529,0.002024,0.000196
日夕,神仙,0.315733,2.823758,2,17,107,0.00111,0.006986,0.000131
君子,闭门,0.3157,2.695463,3,66,47,0.004309,0.003069,0.000196
春来,焚香,0.315695,2.534154,5,81,75,0.005289,0.004897,0.000326
自怜,风烟,0.315671,2.823209,2,52,35,0.003395,0.002285,0.000131
微雨,芳菲,0.315671,2.823209,2,52,35,0.003395,0.002285,0.000131
天子,瑶池,0.315593,2.533331,5,152,40,0.009924,0.002612,0.000326
关山,绮罗,0.315587,2.694497,3,45,69,0.002938,0.004505,0.000196
万户,楼上,0.315587,2.694497,3,45,69,0.002938,0.004505,0.000196
尚书,男儿,0.315553,3.040873,1,12,61,0.000783,0.003983,6.5e-05
尚书,玉楼,0.315553,3.040873,1,12,61,0.000783,0.003983,6.5e-05
尚书,颜色,0.315553,3.040873,1,12,61,0.000783,0.003983,6.5e-05
春来,雨后,0.315519,2.603147,4,81,56,0.005289,0.003656,0.000261
春来,相随,0.315519,2.603147,4,81,56,0.005289,0.003656,0.000261
朱门,牡丹,0.315519,2.603147,4,72,63,0.004701,0.004113,0.000261
太平,宫殿,0.315474,2.693531,3,84,37,0.005484,0.002416,0.000196
圣朝,青楼,0.315426,2.821013,2,32,57,0.002089,0.003722,0.000131
天子,尚书,0.315426,2.821013,2,152,12,0.009924,0.000783,0.000131
九天,梨花,0.315426,2.821013,2,38,48,0.002481,0.003134,0.000131
花飞,青楼,0.315426,2.821013,2,32,57,0.002089,0.003722,0.000131
白玉,相知,0.315426,2.821013,2,57,32,0.003722,0.002089,0.000131
月光,相对,0.315426,2.821013,2,32,57,0.002089,0.003722,0.000131
云飞,满地,0.315426,2.821013,2,38,48,0.002481,0.003134,0.000131
梨花,蛾眉,0.315426,2.821013,2,48,38,0.003134,0.002481,0.000131
满地,蛾眉,0.315426,2.821013,2,48,38,0.003134,0.002481,0.000131
月出,潺湲,0.315365,2.820465,2,25,73,0.001632,0.004766,0.000131
月出,马嘶,0.315365,2.820465,2,25,73,0.001632,0.004766,0.000131
圣人,往来,0.315365,2.820465,2,25,73,0.001632,0.004766,0.000131
别后,昔日,0.315365,2.820465,2,73,25,0.004766,0.001632,0.000131
沧浪,秋声,0.315361,2.692566,3,61,51,0.003983,0.00333,0.000196
梦魂,黄鹤,0.315303,2.819917,2,83,22,0.005419,0.001436,0.000131
清净,珍重,0.315242,2.81937,2,29,63,0.001893,0.004113,0.000131
天上,白玉,0.315204,2.530211,5,107,57,0.006986,0.003722,0.000326
人心,南北,0.3152,2.472707,6,102,76,0.00666,0.004962,0.000392
云飞,断肠,0.315173,2.69096,3,38,82,0.002481,0.005354,0.000196
凉风,欢娱,0.315128,3.036783,1,49,15,0.003199,0.000979,6.5e-05
汉宫,飘飖,0.315128,3.036783,1,35,21,0.002285,0.001371,6.5e-05
劝君,水清,0.315128,3.036783,1,21,35,0.001371,0.002285,6.5e-05
人皆,劝君,0.315128,3.036783,1,35,21,0.002285,0.001371,6.5e-05
芳树,镜中,0.315128,3.036783,1,15,49,0.000979,0.003199,6.5e-05
自言,苍梧,0.315128,3.036783,1,21,35,0.001371,0.002285,6.5e-05
承恩,自言,0.315128,3.036783,1,35,21,0.002285,0.001371,6.5e-05
欢娱,纵横,0.315128,3.036783,1,15,49,0.000979,0.003199,6.5e-05
世人,蛟龙,0.31512,2.818276,2,59,31,0.003852,0.002024,0.000131
人世,蓬莱,0.31512,2.818276,2,31,59,0.002024,0.003852,0.000131
未央,青草,0.31512,2.818276,2,31,59,0.002024,0.003852,0.000131
蓬莱,骑马,0.31512,2.818276,2,59,31,0.003852,0.002024,0.000131
昆仑,蓬莱,0.31512,2.818276,2,31,59,0.002024,0.003852,0.000131
主人,苦辛,0.315119,2.599845,4,111,41,0.007247,0.002677,0.000261
秋日,颜色,0.315059,2.817729,2,30,61,0.001959,0.003983,0.000131
宫中,玉楼,0.315059,2.817729,2,30,61,0.001959,0.003983,0.000131
行乐,风光,0.315059,2.817729,2,30,61,0.001959,0.003983,0.000131
日夜,沧浪,0.315059,2.817729,2,30,61,0.001959,0.003983,0.000131
太守,鬼神,0.315059,2.817729,2,61,30,0.003983,0.001959,0.000131
罗衣,鹦鹉,0.315023,2.689677,3,40,78,0.002612,0.005093,0.000196
自由,诸侯,0.315023,2.689677,3,65,48,0.004244,0.003134,0.000196
花下,花满,0.315023,2.689677,3,52,60,0.003395,0.003917,0.000196
壮士,阳春,0.314987,3.035423,1,23,32,0.001502,0.002089,6.5e-05
壮士,昔时,0.314987,3.035423,1,23,32,0.001502,0.002089,6.5e-05
万年,月光,0.314987,3.035423,1,23,32,0.001502,0.002089,6.5e-05
月光,霓裳,0.314987,3.035423,1,32,23,0.002089,0.001502,6.5e-05
月光,桃源,0.314987,3.035423,1,32,23,0.002089,0.001502,6.5e-05
朝廷,萧索,0.314987,3.035423,1,23,32,0.001502,0.002089,6.5e-05
庭前,桃源,0.314987,3.035423,1,32,23,0.002089,0.001502,6.5e-05
客心,花飞,0.314987,3.035423,1,23,32,0.001502,0.002089,6.5e-05
相对,看花,0.31488,2.59787,4,57,80,0.003722,0.005223,0.000261
春色,罗衣,0.31488,2.59787,4,114,40,0.007443,0.002612,0.000261
百里,闭门,0.314876,2.816091,2,39,47,0.002546,0.003069,0.000131
梦里,还家,0.314876,2.816091,2,39,47,0.002546,0.003069,0.000131
人稀,闭门,0.314876,2.816091,2,39,47,0.002546,0.003069,0.000131
远客,风景,0.314876,2.816091,2,39,47,0.002546,0.003069,0.000131
满眼,花前,0.314876,2.816091,2,39,47,0.002546,0.003069,0.000131
佳期,迢递,0.314873,2.688396,3,44,71,0.002873,0.004636,0.000196
扬州,落花,0.314776,2.526774,5,34,180,0.00222,0.011752,0.000326
世事,流水,0.314773,2.596993,4,28,163,0.001828,0.010642,0.000261
垂杨,桃李,0.314747,2.596774,4,55,83,0.003591,0.005419,0.000261
扬州,百年,0.314723,2.687116,3,34,92,0.00222,0.006007,0.000196
日出,骨肉,0.314706,3.032709,1,18,41,0.001175,0.002677,6.5e-05
明主,青天,0.314693,2.814456,2,34,54,0.00222,0.003526,0.000131
寥落,相亲,0.314693,2.814456,2,36,51,0.00235,0.00333,0.000131
巫山,歌舞,0.314693,2.814456,2,27,68,0.001763,0.00444,0.000131
明日,楼前,0.314573,2.685839,3,87,36,0.00568,0.00235,0.000196
尚书,风吹,0.314573,2.685839,3,12,261,0.000783,0.017041,0.000196
九重,玉树,0.314449,2.81228,2,46,40,0.003003,0.002612,0.000131
日斜,闻道,0.314449,2.81228,2,46,40,0.003003,0.002612,0.000131
桃源,看花,0.314449,2.81228,2,23,80,0.001502,0.005223,0.000131
万年,看花,0.314449,2.81228,2,23,80,0.001502,0.005223,0.000131
佳人,宁知,0.314449,2.81228,2,92,20,0.006007,0.001306,0.000131
楚客,须臾,0.314425,3.030003,1,37,20,0.002416,0.001306,6.5e-05
叹息,所以,0.314425,3.030003,1,20,37,0.001306,0.002416,6.5e-05
大道,宁知,0.314425,3.030003,1,37,20,0.002416,0.001306,6.5e-05
叹息,城中,0.314425,3.030003,1,20,37,0.001306,0.002416,6.5e-05
宁知,所以,0.314425,3.030003,1,20,37,0.001306,0.002416,6.5e-05
含情,马嘶,0.314312,2.683606,3,43,73,0.002808,0.004766,0.000196
宛转,远客,0.314285,3.028653,1,19,39,0.001241,0.002546,6.5e-05
宛转,梦里,0.314285,3.028653,1,19,39,0.001241,0.002546,6.5e-05
出入,白玉,0.314285,3.028653,1,13,57,0.000849,0.003722,6.5e-05
从容,氛氲,0.314285,3.028653,1,57,13,0.003722,0.000849,6.5e-05
宛转,百里,0.314285,3.028653,1,19,39,0.001241,0.002546,6.5e-05
出入,相对,0.314285,3.028653,1,13,57,0.000849,0.003722,6.5e-05
宛转,金谷,0.314285,3.028653,1,19,39,0.001241,0.002546,6.5e-05
出入,青楼,0.314285,3.028653,1,13,57,0.000849,0.003722,6.5e-05
南宫,双阙,0.314285,3.028653,1,19,39,0.001241,0.002546,6.5e-05
长江,风动,0.314146,2.809566,2,41,45,0.002677,0.002938,0.000131
巫峡,年华,0.314146,2.809566,2,41,45,0.002677,0.002938,0.000131
秋草,骨肉,0.314146,2.809566,2,45,41,0.002938,0.002677,0.000131
朝朝,离别,0.314088,2.681696,3,37,85,0.002416,0.00555,0.000196
万事,佳期,0.313964,2.807941,2,42,44,0.002742,0.002873,0.000131
独坐,莺啼,0.313964,2.807941,2,44,42,0.002873,0.002742,0.000131
叶落,独坐,0.313964,2.807941,2,42,44,0.002742,0.002873,0.000131
玲珑,草堂,0.313964,2.807941,2,22,84,0.001436,0.005484,0.000131
佳期,莺啼,0.313964,2.807941,2,44,42,0.002873,0.002742,0.000131
相寻,闭门,0.313939,2.680425,3,67,47,0.004375,0.003069,0.000196
千门,得意,0.313904,2.8074,2,43,43,0.002808,0.002808,0.000131
宫中,日暮,0.313902,2.680108,3,30,105,0.001959,0.006856,0.000196
憔悴,莺啼,0.313902,2.680108,3,75,42,0.004897,0.002742,0.000196
尚书,管弦,0.313865,3.024612,1,12,62,0.000783,0.004048,6.5e-05
尚书,马蹄,0.313865,3.024612,1,12,62,0.000783,0.004048,6.5e-05
多病,老人,0.313843,2.80686,2,74,25,0.004832,0.001632,0.000131
山水,老人,0.313843,2.80686,2,74,25,0.004832,0.001632,0.000131
凤凰,天上,0.313666,2.370437,8,107,107,0.006986,0.006986,0.000522
池塘,骨肉,0.313642,2.677888,3,77,41,0.005027,0.002677,0.000196
日出,高楼,0.313602,2.8047,2,18,103,0.001175,0.006725,0.000131
人皆,到处,0.313542,2.804161,2,35,53,0.002285,0.00346,0.000131
独立,花飞,0.313481,2.803622,2,58,32,0.003787,0.002089,0.000131
东南,封侯,0.313457,2.676306,3,62,51,0.004048,0.00333,0.000196
百尺,管弦,0.313457,2.676306,3,51,62,0.00333,0.004048,0.000196
蹉跎,近来,0.313457,2.676306,3,51,62,0.00333,0.004048,0.000196
公卿,白玉,0.313374,2.585447,4,81,57,0.005289,0.003722,0.000261
归来,苦辛,0.313339,2.515239,5,151,41,0.009859,0.002677,0.000326
芙蓉,草绿,0.313319,2.515078,5,172,36,0.01123,0.00235,0.000326
山头,黄鹤,0.313309,3.01925,1,34,22,0.00222,0.001436,6.5e-05
感激,逢人,0.313309,3.01925,1,22,34,0.001436,0.00222,6.5e-05
天寒,感激,0.313309,3.01925,1,34,22,0.00222,0.001436,6.5e-05
天寒,玲珑,0.313309,3.01925,1,34,22,0.00222,0.001436,6.5e-05
咫尺,玲珑,0.313309,3.01925,1,34,22,0.00222,0.001436,6.5e-05
往事,林下,0.313295,2.584798,4,70,66,0.00457,0.004309,0.000261
云飞,流水,0.313279,2.514755,5,38,163,0.002481,0.010642,0.000326
两相,春日,0.313241,2.801469,2,30,62,0.001959,0.004048,0.000131
宫中,春日,0.313241,2.801469,2,30,62,0.001959,0.004048,0.000131
两相,歌声,0.313241,2.801469,2,30,62,0.001959,0.004048,0.000131
婵娟,昆仑,0.313241,2.801469,2,60,31,0.003917,0.002024,0.000131
两相,路长,0.313241,2.801469,2,30,62,0.001959,0.004048,0.000131
花发,路傍,0.313241,2.801469,2,60,31,0.003917,0.002024,0.000131
宫中,管弦,0.313241,2.801469,2,30,62,0.001959,0.004048,0.000131
管弦,行乐,0.313241,2.801469,2,62,30,0.004048,0.001959,0.000131
归客,路长,0.313241,2.801469,2,30,62,0.001959,0.004048,0.000131
归客,管弦,0.313241,2.801469,2,30,62,0.001959,0.004048,0.000131
读书,骑马,0.313241,2.801469,2,60,31,0.003917,0.002024,0.000131
行乐,近来,0.313241,2.801469,2,30,62,0.001959,0.004048,0.000131
尘土,鬼神,0.313241,2.801469,2,62,30,0.004048,0.001959,0.000131
相访,花发,0.313241,2.801469,2,31,60,0.002024,0.003917,0.000131
古人,秋天,0.313235,2.67441,3,88,36,0.005746,0.00235,0.000196
无情,萧索,0.313235,2.67441,3,99,32,0.006464,0.002089,0.000196
凄凉,帝乡,0.313235,2.67441,3,66,48,0.004309,0.003134,0.000196
眼前,绮罗,0.313216,2.584149,4,67,69,0.004375,0.004505,0.000261
临风,云飞,0.31312,2.800394,2,49,38,0.003199,0.002481,0.000131
凉风,黄花,0.31312,2.800394,2,49,38,0.003199,0.002481,0.000131
圣主,苍生,0.31312,2.800394,2,49,38,0.003199,0.002481,0.000131
雨露,风光,0.313087,2.673148,3,52,61,0.003395,0.003983,0.000196
多情,微雨,0.313085,2.583068,4,89,52,0.005811,0.003395,0.000261
春来,霓裳,0.31306,2.799857,2,81,23,0.005289,0.001502,0.000131
咸阳,萧条,0.31306,2.799857,2,27,69,0.001763,0.004505,0.000131
月满,花间,0.31306,2.799857,2,69,27,0.004505,0.001763,0.000131
圣人,宫中,0.313032,3.01658,1,25,30,0.001632,0.001959,6.5e-05
乔木,汉水,0.313032,3.01658,1,30,25,0.001959,0.001632,6.5e-05
白露,竹林,0.313032,3.01658,1,30,25,0.001959,0.001632,6.5e-05
乔木,竹林,0.313032,3.01658,1,30,25,0.001959,0.001632,6.5e-05
两相,老人,0.313032,3.01658,1,30,25,0.001959,0.001632,6.5e-05
归客,绿水,0.313032,3.01658,1,30,25,0.001959,0.001632,6.5e-05
汉水,阳台,0.313032,3.01658,1,25,30,0.001632,0.001959,6.5e-05
昔日,行乐,0.313032,3.01658,1,25,30,0.001632,0.001959,6.5e-05
汉水,行乐,0.313032,3.01658,1,25,30,0.001632,0.001959,6.5e-05
月夜,送客,0.313032,3.01658,1,50,15,0.003265,0.000979,6.5e-05
河汉,行乐,0.313032,3.01658,1,25,30,0.001632,0.001959,6.5e-05
归客,老人,0.313032,3.01658,1,30,25,0.001959,0.001632,6.5e-05
日夜,老人,0.313032,3.01658,1,30,25,0.001959,0.001632,6.5e-05
圣人,归客,0.313032,3.01658,1,25,30,0.001632,0.001959,6.5e-05
圣人,秋日,0.313032,3.01658,1,25,30,0.001632,0.001959,6.5e-05
月夜,欢娱,0.313032,3.01658,1,50,15,0.003265,0.000979,6.5e-05
宫中,绿水,0.313032,3.01658,1,30,25,0.001959,0.001632,6.5e-05
两相,思君,0.313032,3.01658,1,30,25,0.001959,0.001632,6.5e-05
御沟,游人,0.312718,2.67,3,43,74,0.002808,0.004832,0.000196
清风,草绿,0.312667,2.579616,4,129,36,0.008423,0.00235,0.000261
感激,春草,0.312641,2.796107,2,22,85,0.001436,0.00555,0.000131
天寒,高树,0.312641,2.796107,2,34,55,0.00222,0.003591,0.000131
功成,咫尺,0.312641,2.796107,2,55,34,0.003591,0.00222,0.000131
百里,诸侯,0.312521,2.795038,2,39,48,0.002546,0.003134,0.000131
仙人,溪水,0.312521,2.795038,2,48,39,0.003134,0.002546,0.000131
徘徊,满眼,0.312521,2.795038,2,48,39,0.003134,0.002546,0.000131
中原,百里,0.312521,2.795038,2,48,39,0.003134,0.002546,0.000131
晚来,梦里,0.312521,2.795038,2,48,39,0.003134,0.002546,0.000131
梦里,满地,0.312521,2.795038,2,39,48,0.002546,0.003134,0.000131
日落,花下,0.312521,2.795038,2,36,52,0.00235,0.003395,0.000131
出入,自然,0.31248,3.011261,1,13,58,0.000849,0.003787,6.5e-05
江流,清净,0.31248,3.011261,1,26,29,0.001698,0.001893,6.5e-05
月下,氛氲,0.31248,3.011261,1,58,13,0.003787,0.000849,6.5e-05
万国,清净,0.31248,3.011261,1,26,29,0.001698,0.001893,6.5e-05
使君,氛氲,0.31248,3.011261,1,58,13,0.003787,0.000849,6.5e-05
万国,新月,0.31248,3.011261,1,26,29,0.001698,0.001893,6.5e-05
年少,花前,0.312432,2.57768,4,99,47,0.006464,0.003069,0.000261
云飞,茫茫,0.312351,2.666863,3,38,84,0.002481,0.005484,0.000196
家贫,草堂,0.312351,2.666863,3,38,84,0.002481,0.005484,0.000196
月照,莺啼,0.312351,2.666863,3,76,42,0.004962,0.002742,0.000196
天下,欢娱,0.312342,2.793437,2,125,15,0.008161,0.000979,0.000131
丈夫,憔悴,0.312342,2.793437,2,25,75,0.001632,0.004897,0.000131
月出,梦中,0.312342,2.793437,2,25,75,0.001632,0.004897,0.000131
今已,楼前,0.312205,3.008612,1,21,36,0.001371,0.00235,6.5e-05
今已,汉家,0.312205,3.008612,1,21,36,0.001371,0.00235,6.5e-05
楼前,自言,0.312205,3.008612,1,36,21,0.00235,0.001371,6.5e-05
世上,日出,0.312205,3.008612,1,42,18,0.002742,0.001175,6.5e-05
汉家,自言,0.312205,3.008612,1,36,21,0.00235,0.001371,6.5e-05
尚书,牡丹,0.312205,3.008612,1,12,63,0.000783,0.004113,6.5e-05
东方,窈窕,0.312205,3.008612,1,27,28,0.001763,0.001828,6.5e-05
紫微,远近,0.312205,3.008612,1,28,27,0.001828,0.001763,6.5e-05
东方,紫微,0.312205,3.008612,1,27,28,0.001763,0.001828,6.5e-05
紫微,花间,0.312205,3.008612,1,28,27,0.001828,0.001763,6.5e-05
东海,紫微,0.312205,3.008612,1,27,28,0.001763,0.001828,6.5e-05
世事,东海,0.312205,3.008612,1,28,27,0.001828,0.001763,6.5e-05
头白,歌舞,0.312204,2.66561,3,47,68,0.003069,0.00444,0.000196
罗衣,还家,0.312045,2.790773,2,40,47,0.002612,0.003069,0.000131
渭水,闭门,0.312045,2.790773,2,40,47,0.002612,0.003069,0.000131
同心,花前,0.312045,2.790773,2,40,47,0.002612,0.003069,0.000131
罗衣,花前,0.312045,2.790773,2,40,47,0.002612,0.003069,0.000131
杨柳,管弦,0.311957,2.399183,7,157,62,0.010251,0.004048,0.000457
楼前,零落,0.311911,2.66311,3,36,89,0.00235,0.005811,0.000196
人家,楼前,0.311911,2.66311,3,89,36,0.005811,0.00235,0.000196
垂杨,杏花,0.311861,2.572963,4,55,85,0.003591,0.00555,0.000261
明年,饮酒,0.311794,3.004652,1,69,11,0.004505,0.000718,6.5e-05
万年,空馀,0.311794,3.004652,1,23,33,0.001502,0.002155,6.5e-05
万年,丹青,0.311794,3.004652,1,23,33,0.001502,0.002155,6.5e-05
平生,江海,0.311759,2.50256,5,165,38,0.010773,0.002481,0.000326
古人,天地,0.311749,2.355956,8,88,132,0.005746,0.008618,0.000522
凤凰,宫中,0.311692,2.661239,3,107,30,0.006986,0.001959,0.000196
独自,霓裳,0.311688,2.787587,2,82,23,0.005354,0.001502,0.000131
文章,朝廷,0.311688,2.787587,2,82,23,0.005354,0.001502,0.000131
宛转,闻道,0.311657,3.003335,1,19,40,0.001241,0.002612,6.5e-05
宛转,白马,0.311657,3.003335,1,19,40,0.001241,0.002612,6.5e-05
同心,宛转,0.311657,3.003335,1,40,19,0.002612,0.001241,6.5e-05
宛转,红粉,0.311657,3.003335,1,19,40,0.001241,0.002612,6.5e-05
北阙,宁知,0.311657,3.003335,1,38,20,0.002481,0.001306,6.5e-05
宛转,柳色,0.311657,3.003335,1,19,40,0.001241,0.002612,6.5e-05
南宫,红粉,0.311657,3.003335,1,19,40,0.001241,0.002612,6.5e-05
云飞,北斗,0.311657,3.003335,1,38,20,0.002481,0.001306,6.5e-05
九天,北斗,0.311657,3.003335,1,38,20,0.002481,0.001306,6.5e-05
北斗,蛾眉,0.311657,3.003335,1,20,38,0.001306,0.002481,6.5e-05
云飞,须臾,0.311657,3.003335,1,38,20,0.002481,0.001306,6.5e-05
楚客,蹉跎,0.311629,2.787057,2,37,51,0.002416,0.00333,0.000131
岐路,心事,0.311629,2.787057,2,51,37,0.00333,0.002416,0.000131
所以,蹉跎,0.311629,2.787057,2,37,51,0.002416,0.00333,0.000131
佳期,思量,0.311619,2.660617,3,44,73,0.002873,0.004766,0.000196
波涛,相亲,0.311583,2.660305,3,63,51,0.004113,0.00333,0.000196
庭前,黄河,0.31157,2.786527,2,32,59,0.002089,0.003852,0.000131
苍茫,黄河,0.31157,2.786527,2,32,59,0.002089,0.003852,0.000131
中原,眼前,0.311473,2.659372,3,48,67,0.003134,0.004375,0.000196
晚来,烟雨,0.311473,2.659372,3,48,67,0.003134,0.004375,0.000196
晚来,江水,0.311473,2.659372,3,48,67,0.003134,0.004375,0.000196
他日,相寻,0.311472,2.56976,4,70,67,0.00457,0.004375,0.000261
他人,曲江,0.311451,2.785468,2,42,45,0.002742,0.002938,0.000131
人皆,十载,0.311451,2.785468,2,35,54,0.002285,0.003526,0.000131
暮雨,阳台,0.311451,2.785468,2,63,30,0.004113,0.001959,0.000131
汀洲,汉宫,0.311451,2.785468,2,54,35,0.003526,0.002285,0.000131
汀洲,相望,0.311451,2.785468,2,54,35,0.003526,0.002285,0.000131
水流,花间,0.311451,2.785468,2,70,27,0.00457,0.001763,0.000131
乔木,云深,0.311451,2.785468,2,30,63,0.001959,0.004113,0.000131
兄弟,青门,0.311451,2.785468,2,54,35,0.003526,0.002285,0.000131
万户,微风,0.311451,2.785468,2,45,42,0.002938,0.002742,0.000131
日夜,珍重,0.311451,2.785468,2,30,63,0.001959,0.004113,0.000131
云深,日夜,0.311451,2.785468,2,63,30,0.004113,0.001959,0.000131
白蘋,苍梧,0.311451,2.785468,2,54,35,0.003526,0.002285,0.000131
思归,鸟飞,0.311451,2.785468,2,42,45,0.002742,0.002938,0.000131
苍梧,鹧鸪,0.311451,2.785468,2,35,54,0.002285,0.003526,0.000131
男儿,蛟龙,0.311392,2.784939,2,61,31,0.003983,0.002024,0.000131
蛟龙,颜色,0.311392,2.784939,2,31,61,0.002024,0.003983,0.000131
玉楼,骑马,0.311392,2.784939,2,61,31,0.003983,0.002024,0.000131
白首,金陵,0.311392,2.784939,2,61,31,0.003983,0.002024,0.000131
春深,风光,0.311392,2.784939,2,31,61,0.002024,0.003983,0.000131
金陵,颜色,0.311392,2.784939,2,31,61,0.002024,0.003983,0.000131
依然,风光,0.311392,2.784939,2,31,61,0.002024,0.003983,0.000131
始知,江城,0.311333,2.784411,2,43,44,0.002808,0.002873,0.000131
北风,鱼龙,0.311333,2.784411,2,44,43,0.002873,0.002808,0.000131
人归,往事,0.311328,2.658129,3,46,70,0.003003,0.00457,0.000196
月照,风吹,0.311295,2.226306,12,76,261,0.004962,0.017041,0.000783
公卿,自然,0.311266,2.568056,4,81,58,0.005289,0.003787,0.000261
残阳,皎然,0.311249,2.999395,1,109,7,0.007117,0.000457,6.5e-05
管弦,花下,0.311182,2.656887,3,62,52,0.004048,0.003395,0.000196
御沟,憔悴,0.311146,2.656577,3,43,75,0.002808,0.004897,0.000196
题诗,鱼龙,0.311146,2.656577,3,75,43,0.004897,0.002808,0.000196
河汉,笙歌,0.311146,2.656577,3,25,129,0.001632,0.008423,0.000196
千门,流年,0.311146,2.656577,3,43,75,0.002808,0.004897,0.000196
白玉,芙蓉,0.311026,2.392018,7,57,172,0.003722,0.01123,0.000457
姓名,送客,0.310977,2.996777,1,51,15,0.00333,0.000979,6.5e-05
秋声,送客,0.310977,2.996777,1,51,15,0.00333,0.000979,6.5e-05
日夕,秋草,0.310977,2.996777,1,17,45,0.00111,0.002938,6.5e-05
万户,日夕,0.310977,2.996777,1,45,17,0.002938,0.00111,6.5e-05
封侯,送客,0.310977,2.996777,1,51,15,0.00333,0.000979,6.5e-05
草木,蛾眉,0.310965,2.655028,3,85,38,0.00555,0.002481,0.000196
寒食,管弦,0.310905,2.56508,4,76,62,0.004962,0.004048,0.000261
天子,昆仑,0.310905,2.56508,4,152,31,0.009924,0.002024,0.000261
夜深,松风,0.310892,2.654409,3,101,32,0.006594,0.002089,0.000196
寒食,望乡,0.310861,2.780191,2,76,25,0.004962,0.001632,0.000131
云飞,羽翼,0.310861,2.780191,2,38,50,0.002481,0.003265,0.000131
南北,圣人,0.310861,2.780191,2,76,25,0.004962,0.001632,0.000131
清明,陌上,0.310861,2.780191,2,50,38,0.003265,0.002481,0.000131
弟子,风光,0.310856,2.6541,3,53,61,0.00346,0.003983,0.000196
残月,莺啼,0.31082,2.653791,3,77,42,0.005027,0.002742,0.000196
临风,凄凉,0.31082,2.653791,3,49,66,0.003199,0.004309,0.000196
梦魂,满眼,0.310711,2.652863,3,83,39,0.005419,0.002546,0.000196
红尘,长安,0.31066,2.347726,8,61,192,0.003983,0.012536,0.000522
万物,春光,0.310626,2.778088,2,28,68,0.001828,0.00444,0.000131
歌舞,紫微,0.310626,2.778088,2,68,28,0.00444,0.001828,0.000131
山头,苍苔,0.310626,2.778088,2,34,56,0.00222,0.003656,0.000131
曲江,马上,0.310603,2.651937,3,45,72,0.002938,0.004701,0.000196
所思,黄叶,0.310603,2.651937,3,60,54,0.003917,0.003526,0.000196
尚书,洛阳,0.310571,2.992864,1,12,64,0.000783,0.004179,6.5e-05
秋色,风起,0.310549,2.388352,7,82,120,0.005354,0.007835,0.000457
月明,满地,0.310549,2.388352,7,205,48,0.013385,0.003134,0.000457
月满,月色,0.310494,2.651011,3,69,47,0.004505,0.003069,0.000196
月满,走马,0.310494,2.651011,3,69,47,0.004505,0.003069,0.000196
秋水,高树,0.310443,2.561267,4,86,55,0.005615,0.003591,0.000261
梦魂,绿杨,0.310417,2.561056,4,83,57,0.005419,0.003722,0.000261
可惜,草绿,0.310392,2.77599,2,53,36,0.00346,0.00235,0.000131
今年,古来,0.310392,2.77599,2,36,53,0.00235,0.00346,0.000131
今来,朝廷,0.310333,2.775466,2,83,23,0.005419,0.001502,0.000131
水流,饮酒,0.310301,2.990263,1,70,11,0.00457,0.000718,6.5e-05
白玉,青楼,0.310278,2.649163,3,57,57,0.003722,0.003722,0.000196
白玉,相对,0.310278,2.649163,3,57,57,0.003722,0.003722,0.000196
前程,满眼,0.310216,2.774419,2,49,39,0.003199,0.002546,0.000131
人情,满眼,0.310216,2.774419,2,49,39,0.003199,0.002546,0.000131
丞相,纵横,0.310216,2.774419,2,39,49,0.002546,0.003199,0.000131
空馀,自然,0.310041,2.77285,2,33,58,0.002155,0.003787,0.000131
天台,日照,0.309881,2.556627,4,88,54,0.005746,0.003526,0.000261
巫山,浮生,0.309865,2.771284,2,27,71,0.001763,0.004636,0.000131
头白,芙蓉,0.309854,2.430771,6,47,172,0.003069,0.01123,0.000392
白发,青春,0.309759,2.382273,7,165,60,0.010773,0.003917,0.000457
玉楼,肠断,0.309728,2.555365,4,61,78,0.003983,0.005093,0.000261
同心,梧桐,0.309691,2.76972,2,40,48,0.002612,0.003134,0.000131
梨花,罗衣,0.309691,2.76972,2,48,40,0.003134,0.002612,0.000131
梨花,白马,0.309691,2.76972,2,48,40,0.003134,0.002612,0.000131
中原,渭水,0.309691,2.76972,2,48,40,0.003134,0.002612,0.000131
梨花,风飘,0.309691,2.76972,2,48,40,0.003134,0.002612,0.000131
徘徊,闻道,0.309691,2.76972,2,48,40,0.003134,0.002612,0.000131
晚来,红粉,0.309691,2.76972,2,48,40,0.003134,0.002612,0.000131
梧桐,罗衣,0.309691,2.76972,2,48,40,0.003134,0.002612,0.000131
徘徊,罗衣,0.309691,2.76972,2,48,40,0.003134,0.002612,0.000131
圣朝,泉声,0.309691,2.76972,2,32,60,0.002089,0.003917,0.000131
昔时,湘水,0.309691,2.76972,2,32,60,0.002089,0.003917,0.000131
昔时,花发,0.309691,2.76972,2,32,60,0.002089,0.003917,0.000131
乔木,枕上,0.309691,2.76972,2,30,64,0.001959,0.004179,0.000131
憔悴,阑干,0.30969,2.485952,5,75,85,0.004897,0.00555,0.000326
今朝,闻道,0.309677,2.554945,4,119,40,0.00777,0.002612,0.000261
水流,沧洲,0.309677,2.554945,4,70,68,0.00457,0.00444,0.000261
日斜,翡翠,0.309666,2.643944,3,46,71,0.003003,0.004636,0.000196
文字,松柏,0.309629,2.98379,1,25,31,0.001632,0.002024,6.5e-05
圣人,骑马,0.309629,2.98379,1,25,31,0.001632,0.002024,6.5e-05
月出,相访,0.309629,2.98379,1,25,31,0.001632,0.002024,6.5e-05
丹砂,人世,0.309629,2.98379,1,25,31,0.001632,0.002024,6.5e-05
相访,竹林,0.309629,2.98379,1,31,25,0.002024,0.001632,6.5e-05
春深,望乡,0.309629,2.98379,1,31,25,0.002024,0.001632,6.5e-05
思君,相访,0.309629,2.98379,1,25,31,0.001632,0.002024,6.5e-05
人世,汉水,0.309629,2.98379,1,31,25,0.002024,0.001632,6.5e-05
春深,竹林,0.309629,2.98379,1,31,25,0.002024,0.001632,6.5e-05
圣人,路傍,0.309629,2.98379,1,25,31,0.001632,0.002024,6.5e-05
未央,汉水,0.309629,2.98379,1,31,25,0.002024,0.001632,6.5e-05
相访,老人,0.309629,2.98379,1,31,25,0.002024,0.001632,6.5e-05
昆仑,老人,0.309629,2.98379,1,31,25,0.002024,0.001632,6.5e-05
思君,登高,0.309629,2.98379,1,25,31,0.001632,0.002024,6.5e-05
登高,绿水,0.309629,2.98379,1,31,25,0.002024,0.001632,6.5e-05
未央,绿水,0.309629,2.98379,1,31,25,0.002024,0.001632,6.5e-05
月出,登高,0.309629,2.98379,1,25,31,0.001632,0.002024,6.5e-05
月出,骑马,0.309629,2.98379,1,25,31,0.001632,0.002024,6.5e-05
管弦,骑马,0.309574,2.768679,2,62,31,0.004048,0.002024,0.000131
东南,昆仑,0.309574,2.768679,2,62,31,0.004048,0.002024,0.000131
路傍,野花,0.309574,2.768679,2,31,62,0.002024,0.004048,0.000131
相访,路长,0.309574,2.768679,2,31,62,0.002024,0.004048,0.000131
春深,远山,0.309574,2.768679,2,31,62,0.002024,0.004048,0.000131
归客,残阳,0.309523,2.64272,3,30,109,0.001959,0.007117,0.000196
歌声,鸳鸯,0.309496,2.380255,7,62,160,0.004048,0.010447,0.000457
游人,阳城,0.309458,2.767639,2,74,26,0.004832,0.001698,0.000131
万国,旌旗,0.309458,2.767639,2,26,74,0.001698,0.004832,0.000131
自怜,霄汉,0.309458,2.767639,2,52,37,0.003395,0.002416,0.000131
猿声,花下,0.309458,2.767639,2,37,52,0.002416,0.003395,0.000131
宫殿,青冥,0.309458,2.767639,2,37,52,0.002416,0.003395,0.000131
功成,物外,0.3094,2.767119,2,55,35,0.003591,0.002285,0.000131
水边,老人,0.3094,2.767119,2,77,25,0.005027,0.001632,0.000131
大道,飘飖,0.309362,2.981213,1,37,21,0.002416,0.001371,6.5e-05
劝君,宫殿,0.309362,2.981213,1,21,37,0.001371,0.002416,6.5e-05
大道,自言,0.309362,2.981213,1,37,21,0.002416,0.001371,6.5e-05
微风,鹦鹉,0.309308,2.640887,3,42,78,0.002742,0.005093,0.000196
牡丹,花下,0.309308,2.640887,3,63,52,0.004113,0.003395,0.000196
满眼,茫茫,0.309308,2.640887,3,39,84,0.002546,0.005484,0.000196
东流,叶落,0.309308,2.640887,3,78,42,0.005093,0.002742,0.000196
东山,翠微,0.309308,2.640887,3,36,91,0.00235,0.005941,0.000196
闭门,阙下,0.309284,2.766081,2,47,41,0.003069,0.002677,0.000131
流水,落花,0.309224,2.122535,16,163,180,0.010642,0.011752,0.001045
断肠,红粉,0.309165,2.639667,3,82,40,0.005354,0.002612,0.000196
春水,红粉,0.309165,2.639667,3,82,40,0.005354,0.002612,0.000196
日暮,玉楼,0.309106,2.481257,5,105,61,0.006856,0.003983,0.000326
南宫,阙下,0.309095,2.978642,1,19,41,0.001241,0.002677,6.5e-05
凉风,烟雨,0.309058,2.638753,3,49,67,0.003199,0.004375,0.000196
凉风,落叶,0.309058,2.638753,3,49,67,0.003199,0.004375,0.000196
人归,微风,0.308994,2.763489,2,46,42,0.003003,0.002742,0.000131
太平,朝廷,0.308994,2.763489,2,84,23,0.005484,0.001502,0.000131
劝君,百年,0.308994,2.763489,2,21,92,0.001371,0.006007,0.000131
叶落,子孙,0.308994,2.763489,2,42,46,0.002742,0.003003,0.000131
别后,曲江,0.308987,2.638144,3,73,45,0.004766,0.002938,0.000196
寒食,牡丹,0.308966,2.54908,4,76,63,0.004962,0.004113,0.000261
满眼,须臾,0.308962,2.977359,1,39,20,0.002546,0.001306,6.5e-05
欢娱,雨露,0.308962,2.977359,1,15,52,0.000979,0.003395,6.5e-05
丞相,北斗,0.308962,2.977359,1,39,20,0.002546,0.001306,6.5e-05
北斗,岁寒,0.308962,2.977359,1,20,39,0.001306,0.002546,6.5e-05
叹息,梦里,0.308962,2.977359,1,20,39,0.001306,0.002546,6.5e-05
所思,氛氲,0.308962,2.977359,1,60,13,0.003917,0.000849,6.5e-05
北斗,溪水,0.308962,2.977359,1,20,39,0.001306,0.002546,6.5e-05
双阙,风霜,0.308962,2.977359,1,39,20,0.002546,0.001306,6.5e-05
出入,花发,0.308962,2.977359,1,13,60,0.000849,0.003917,6.5e-05
人稀,叹息,0.308962,2.977359,1,39,20,0.002546,0.001306,6.5e-05
叹息,溪水,0.308962,2.977359,1,20,39,0.001306,0.002546,6.5e-05
万国,白露,0.308962,2.977359,1,26,30,0.001698,0.001959,6.5e-05
古今,摇落,0.308951,2.637839,3,62,53,0.004048,0.00346,0.000196
御沟,曲江,0.30882,2.761938,2,43,45,0.002808,0.002938,0.000131
万户,含情,0.30882,2.761938,2,45,43,0.002938,0.002808,0.000131
万户,千金,0.30882,2.761938,2,45,43,0.002938,0.002808,0.000131
江南,行路,0.308814,2.547827,4,141,34,0.009206,0.00222,0.000261
扬州,江南,0.308814,2.547827,4,34,141,0.00222,0.009206,0.000261
江城,风尘,0.308763,2.761421,2,44,44,0.002873,0.002873,0.000131
北风,玉堂,0.308763,2.761421,2,44,44,0.002873,0.002873,0.000131
天台,潺湲,0.308737,2.478295,5,88,73,0.005746,0.004766,0.000326
千秋,壮士,0.308696,2.974799,1,34,23,0.00222,0.001502,6.5e-05
客心,明主,0.308696,2.974799,1,23,34,0.001502,0.00222,6.5e-05
万年,光辉,0.308696,2.974799,1,23,34,0.001502,0.00222,6.5e-05
山头,朝廷,0.308696,2.974799,1,34,23,0.00222,0.001502,6.5e-05
玉楼,鹧鸪,0.308667,2.635408,3,61,54,0.003983,0.003526,0.000196
日照,玉楼,0.308667,2.635408,3,54,61,0.003526,0.003983,0.000196
十载,白首,0.308667,2.635408,3,54,61,0.003526,0.003983,0.000196
光辉,白玉,0.308647,2.760389,2,34,57,0.00222,0.003722,0.000131
秋声,遥知,0.308647,2.760389,2,51,38,0.00333,0.002481,0.000131
扬州,绿杨,0.308647,2.760389,2,34,57,0.00222,0.003722,0.000131
高秋,黄花,0.308647,2.760389,2,51,38,0.00333,0.002481,0.000131
时节,花飞,0.308595,2.634801,3,103,32,0.006725,0.002089,0.000196
东海,青松,0.308564,2.973521,1,27,29,0.001763,0.001893,6.5e-05
巫山,青松,0.308564,2.973521,1,27,29,0.001763,0.001893,6.5e-05
东方,清净,0.308564,2.973521,1,27,29,0.001763,0.001893,6.5e-05
清净,花间,0.308564,2.973521,1,29,27,0.001893,0.001763,6.5e-05
新月,日晚,0.308564,2.973521,1,29,27,0.001893,0.001763,6.5e-05
公子,风霜,0.308532,2.759357,2,97,20,0.006333,0.001306,0.000131
日照,零落,0.308511,2.545327,4,54,89,0.003526,0.005811,0.000261
春来,风流,0.308475,2.331213,8,81,147,0.005289,0.009598,0.000522
归客,美人,0.308453,2.633588,3,30,110,0.001959,0.007182,0.000196
美人,阳台,0.308453,2.633588,3,110,30,0.007182,0.001959,0.000196
逶迤,黄昏,0.308431,2.972244,1,8,98,0.000522,0.006399,6.5e-05
帝城,飞鸟,0.308431,2.972244,1,28,28,0.001828,0.001828,6.5e-05
对酒,飞鸟,0.308431,2.972244,1,28,28,0.001828,0.001828,6.5e-05
帝城,紫微,0.308431,2.972244,1,28,28,0.001828,0.001828,6.5e-05
旌旗,谢公,0.30841,2.544495,4,74,65,0.004832,0.004244,0.000261
深山,雨后,0.308312,2.632376,3,59,56,0.003852,0.003656,0.000196
咸阳,马上,0.308302,2.757298,2,27,72,0.001763,0.004701,0.000131
别后,相忆,0.308209,2.542833,4,73,66,0.004766,0.004309,0.000261
仙人,楼上,0.308028,2.629958,3,48,69,0.003134,0.004505,0.000196
梨花,楼上,0.308028,2.629958,3,48,69,0.003134,0.004505,0.000196
明年,梨花,0.308028,2.629958,3,69,48,0.004505,0.003134,0.000196
今年,江边,0.308028,2.629958,3,36,92,0.00235,0.006007,0.000196
月满,梨花,0.308028,2.629958,3,69,48,0.004505,0.003134,0.000196
圣朝,少年,0.307963,2.472088,5,32,202,0.002089,0.013189,0.000326
台上,白雪,0.307957,2.754216,2,39,50,0.002546,0.003265,0.000131
白雪,雨雪,0.307957,2.754216,2,50,39,0.003265,0.002546,0.000131
出入,分明,0.307957,2.754216,2,13,150,0.000849,0.009794,0.000131
归路,绿水,0.307957,2.754216,2,78,25,0.005093,0.001632,0.000131
天外,梦里,0.307957,2.754216,2,50,39,0.003265,0.002546,0.000131
思君,鹦鹉,0.307957,2.754216,2,25,78,0.001632,0.005093,0.000131
清明,满眼,0.307957,2.754216,2,50,39,0.003265,0.002546,0.000131
天上,昆仑,0.307852,2.62845,3,107,31,0.006986,0.002024,0.000196
凤凰,蛟龙,0.307852,2.62845,3,107,31,0.006986,0.002024,0.000196
玉楼,花飞,0.307842,2.753191,2,61,32,0.003983,0.002089,0.000131
波涛,蛟龙,0.307785,2.752679,2,63,31,0.004113,0.002024,0.000131
松柏,车马,0.307785,2.752679,2,31,63,0.002024,0.004113,0.000131
云深,相访,0.307785,2.752679,2,63,31,0.004113,0.002024,0.000131
杏花,霓裳,0.307671,2.751655,2,85,23,0.00555,0.001502,0.000131
壮士,离别,0.307671,2.751655,2,23,85,0.001502,0.00555,0.000131
朝廷,草木,0.307671,2.751655,2,23,85,0.001502,0.00555,0.000131
夜来,客心,0.307671,2.751655,2,85,23,0.00555,0.001502,0.000131
阑干,霓裳,0.307671,2.751655,2,85,23,0.00555,0.001502,0.000131
功成,扁舟,0.307657,2.538278,4,55,88,0.003591,0.005746,0.000261
文字,日月,0.307569,2.626041,3,25,133,0.001632,0.008684,0.000196
云雨,感激,0.307499,2.750122,2,89,22,0.005811,0.001436,0.000131
海上,黄鹤,0.307499,2.750122,2,89,22,0.005811,0.001436,0.000131
承恩,登楼,0.307385,2.749101,2,35,56,0.002285,0.003656,0.000131
临风,白马,0.307385,2.749101,2,49,40,0.003199,0.002612,0.000131
临风,随风,0.307385,2.749101,2,49,40,0.003199,0.002612,0.000131
百花,随风,0.307385,2.749101,2,49,40,0.003199,0.002612,0.000131
镜中,风飘,0.307385,2.749101,2,49,40,0.003199,0.002612,0.000131
同心,镜中,0.307385,2.749101,2,40,49,0.002612,0.003199,0.000131
凉风,红粉,0.307385,2.749101,2,49,40,0.003199,0.002612,0.000131
渭水,游子,0.307385,2.749101,2,40,49,0.002612,0.003199,0.000131
凉风,罗衣,0.307385,2.749101,2,49,40,0.003199,0.002612,0.000131
万物,造化,0.307385,2.749101,2,28,70,0.001828,0.00457,0.000131
人情,随风,0.307385,2.749101,2,49,40,0.003199,0.002612,0.000131
水声,汉宫,0.307385,2.749101,2,56,35,0.003656,0.002285,0.000131
寥落,黄鹤,0.307378,2.962092,1,36,22,0.00235,0.001436,6.5e-05
楼前,黄鹤,0.307378,2.962092,1,36,22,0.00235,0.001436,6.5e-05
风波,黄鹤,0.307378,2.962092,1,36,22,0.00235,0.001436,6.5e-05
玲珑,秋天,0.307378,2.962092,1,22,36,0.001436,0.00235,6.5e-05
寥落,感激,0.307378,2.962092,1,36,22,0.00235,0.001436,6.5e-05
日落,玲珑,0.307378,2.962092,1,36,22,0.00235,0.001436,6.5e-05
今年,单于,0.307378,2.962092,1,36,22,0.00235,0.001436,6.5e-05
是非,行路,0.307323,2.623938,3,98,34,0.006399,0.00222,0.000196
出入,男儿,0.307247,2.96083,1,13,61,0.000849,0.003983,6.5e-05
氛氲,玉楼,0.307247,2.96083,1,13,61,0.000849,0.003983,6.5e-05
伤心,到处,0.307077,2.621839,3,63,53,0.004113,0.00346,0.000196
尚书,行人,0.30693,2.745027,2,12,164,0.000783,0.010708,0.000131
巫峡,诸侯,0.30693,2.745027,2,41,48,0.002677,0.003134,0.000131
寒食,梅花,0.306902,2.620343,3,76,44,0.004962,0.002873,0.000196
流水,罗衣,0.306889,2.463462,5,163,40,0.010642,0.002612,0.000326
望乡,风吹,0.306793,2.462695,5,25,261,0.001632,0.017041,0.000326
管弦,鹧鸪,0.306762,2.619147,3,62,54,0.004048,0.003526,0.000196
日照,马蹄,0.306762,2.619147,3,54,62,0.003526,0.004048,0.000196
汀洲,远山,0.306762,2.619147,3,54,62,0.003526,0.004048,0.000196
东海,裴回,0.306759,2.743504,2,27,73,0.001763,0.004766,0.000131
花间,马嘶,0.306759,2.743504,2,27,73,0.001763,0.004766,0.000131
相送,逢人,0.306703,2.742997,2,58,34,0.003787,0.00222,0.000131
使君,明主,0.306703,2.742997,2,58,34,0.003787,0.00222,0.000131
月夜,莓苔,0.306692,2.61855,3,50,67,0.003265,0.004375,0.000196
宛转,微风,0.306594,2.954545,1,19,42,0.001241,0.002742,6.5e-05
宛转,淹留,0.306594,2.954545,1,19,42,0.001241,0.002742,6.5e-05
云飞,劝君,0.306594,2.954545,1,38,21,0.002481,0.001371,6.5e-05
九天,劝君,0.306594,2.954545,1,38,21,0.002481,0.001371,6.5e-05
劝君,蛾眉,0.306594,2.954545,1,21,38,0.001371,0.002481,6.5e-05
蛾眉,飘飖,0.306594,2.954545,1,38,21,0.002481,0.001371,6.5e-05
世上,山高,0.306589,2.741983,2,42,47,0.002742,0.003069,0.000131
千门,天子,0.306583,2.461011,5,43,152,0.002808,0.009924,0.000326
丞相,自古,0.306552,2.617357,3,39,86,0.002546,0.005615,0.000196
含情,鹦鹉,0.306552,2.617357,3,43,78,0.002808,0.005093,0.000196
河汉,碧云,0.306533,2.741477,2,25,79,0.001632,0.005158,0.000131
九天,花下,0.306476,2.740971,2,38,52,0.002481,0.003395,0.000131
苍生,雨露,0.306476,2.740971,2,38,52,0.002481,0.003395,0.000131
云飞,辛苦,0.306476,2.740971,2,38,52,0.002481,0.003395,0.000131
云飞,花下,0.306476,2.740971,2,38,52,0.002481,0.003395,0.000131
家贫,寻常,0.306476,2.740971,2,38,52,0.002481,0.003395,0.000131
云飞,微雨,0.306476,2.740971,2,38,52,0.002481,0.003395,0.000131
衣冠,风景,0.306465,2.953292,1,17,47,0.00111,0.003069,6.5e-05
人归,思量,0.306413,2.616165,3,46,73,0.003003,0.004766,0.000196
春草,池塘,0.306412,2.459635,5,85,77,0.00555,0.005027,0.000326
九重,御沟,0.306363,2.739959,2,46,43,0.003003,0.002808,0.000131
九重,云间,0.306363,2.739959,2,46,43,0.003003,0.002808,0.000131
壮士,沧海,0.306363,2.739959,2,23,86,0.001502,0.005615,0.000131
千门,次第,0.306363,2.739959,2,43,46,0.002808,0.003003,0.000131
日斜,鱼龙,0.306363,2.739959,2,46,43,0.003003,0.002808,0.000131
九重,始知,0.306363,2.739959,2,46,43,0.003003,0.002808,0.000131
太平,红粉,0.306343,2.615569,3,84,40,0.005484,0.002612,0.000196
十里,秋雨,0.306343,2.615569,3,60,56,0.003917,0.003656,0.000196
日暮,花飞,0.306343,2.615569,3,105,32,0.006856,0.002089,0.000196
往事,徘徊,0.306343,2.615569,3,70,48,0.00457,0.003134,0.000196
闻道,须臾,0.306335,2.952042,1,40,20,0.002612,0.001306,6.5e-05
北斗,孤城,0.306335,2.952042,1,20,40,0.001306,0.002612,6.5e-05
河汉,苍茫,0.306335,2.952042,1,25,32,0.001632,0.002089,6.5e-05
昔日,杯酒,0.306335,2.952042,1,25,32,0.001632,0.002089,6.5e-05
杯酒,绿水,0.306335,2.952042,1,32,25,0.002089,0.001632,6.5e-05
北斗,玉树,0.306335,2.952042,1,20,40,0.001306,0.002612,6.5e-05
圣人,花飞,0.306335,2.952042,1,25,32,0.001632,0.002089,6.5e-05
圣人,松风,0.306335,2.952042,1,25,32,0.001632,0.002089,6.5e-05
圣人,阳春,0.306335,2.952042,1,25,32,0.001632,0.002089,6.5e-05
罗衣,须臾,0.306335,2.952042,1,40,20,0.002612,0.001306,6.5e-05
宁知,玉树,0.306335,2.952042,1,20,40,0.001306,0.002612,6.5e-05
玉树,风霜,0.306335,2.952042,1,40,20,0.002612,0.001306,6.5e-05
圣朝,文字,0.306335,2.952042,1,32,25,0.002089,0.001632,6.5e-05
丹砂,相知,0.306335,2.952042,1,25,32,0.001632,0.002089,6.5e-05
月光,老人,0.306335,2.952042,1,32,25,0.002089,0.001632,6.5e-05
北斗,瑶池,0.306335,2.952042,1,20,40,0.001306,0.002612,6.5e-05
随风,须臾,0.306335,2.952042,1,40,20,0.002612,0.001306,6.5e-05
丈夫,萧索,0.306335,2.952042,1,25,32,0.001632,0.002089,6.5e-05
独行,老人,0.306335,2.952042,1,32,25,0.002089,0.001632,6.5e-05
宁知,柳色,0.306335,2.952042,1,20,40,0.001306,0.002612,6.5e-05
丹砂,苍茫,0.306335,2.952042,1,25,32,0.001632,0.002089,6.5e-05
叹息,同心,0.306335,2.952042,1,20,40,0.001306,0.002612,6.5e-05
圣人,庭前,0.306335,2.952042,1,25,32,0.001632,0.002089,6.5e-05
望乡,苍茫,0.306335,2.952042,1,25,32,0.001632,0.002089,6.5e-05
月出,苍茫,0.306335,2.952042,1,25,32,0.001632,0.002089,6.5e-05
文字,相知,0.306335,2.952042,1,25,32,0.001632,0.002089,6.5e-05
芙蓉,鸳鸯,0.306272,2.122035,15,172,160,0.01123,0.010447,0.000979
万户,佳期,0.30625,2.738948,2,45,44,0.002938,0.002873,0.000131
佳期,年华,0.30625,2.738948,2,44,45,0.002873,0.002938,0.000131
独坐,风动,0.30625,2.738948,2,44,45,0.002873,0.002938,0.000131
江城,风动,0.30625,2.738948,2,44,45,0.002873,0.002938,0.000131
君子,白露,0.30625,2.738948,2,66,30,0.004309,0.001959,0.000131
垂杨,草绿,0.30625,2.738948,2,55,36,0.003591,0.00235,0.000131
君子,忆昔,0.30625,2.738948,2,66,30,0.004309,0.001959,0.000131
白玉,蓬莱,0.306239,2.614677,3,57,59,0.003722,0.003852,0.000196
相对,蓬莱,0.306239,2.614677,3,57,59,0.003722,0.003852,0.000196
绿杨,青草,0.306239,2.614677,3,57,59,0.003722,0.003852,0.000196
绮罗,翡翠,0.306188,2.526161,4,69,71,0.004505,0.004636,0.000261
千载,水流,0.306163,2.525957,4,70,70,0.00457,0.00457,0.000261
天寒,故园,0.306134,2.613785,3,34,99,0.00222,0.006464,0.000196
乾坤,文章,0.306127,2.457345,5,80,82,0.005223,0.005354,0.000326
云飞,笙歌,0.306114,2.525549,4,38,129,0.002481,0.008423,0.000261
公卿,衣裳,0.306108,2.457193,5,81,81,0.005289,0.005289,0.000326
心事,昨夜,0.306099,2.613488,3,37,91,0.002416,0.005941,0.000196
枕上,金陵,0.306024,2.73693,2,64,31,0.004179,0.002024,0.000131
歌声,阳春,0.306024,2.73693,2,62,32,0.004048,0.002089,0.000131
歌声,花飞,0.306024,2.73693,2,62,32,0.004048,0.002089,0.000131
洛阳,骑马,0.306024,2.73693,2,64,31,0.004179,0.002024,0.000131
洛阳,路傍,0.306024,2.73693,2,64,31,0.004179,0.002024,0.000131
思量,饮酒,0.305946,2.948299,1,73,11,0.004766,0.000718,6.5e-05
憔悴,曲江,0.305821,2.611115,3,75,45,0.004897,0.002938,0.000196
万户,憔悴,0.305821,2.611115,3,45,75,0.002938,0.004897,0.000196
桃花,老人,0.305821,2.611115,3,135,25,0.008814,0.001632,0.000196
人生,紫微,0.305799,2.734916,2,71,28,0.004636,0.001828,0.000131
世事,浮生,0.305799,2.734916,2,28,71,0.001828,0.004636,0.000131
万物,人生,0.305799,2.734916,2,28,71,0.001828,0.004636,0.000131
天上,鹦鹉,0.305788,2.398875,6,107,78,0.006986,0.005093,0.000392
台上,行客,0.305743,2.734413,2,39,51,0.002546,0.00333,0.000131
丞相,蹉跎,0.305743,2.734413,2,39,51,0.002546,0.00333,0.000131
山路,行客,0.305743,2.734413,2,39,51,0.002546,0.00333,0.000131
梦里,清秋,0.305743,2.734413,2,39,51,0.002546,0.00333,0.000131
乾坤,天子,0.305693,2.310188,8,80,152,0.005223,0.009924,0.000522
壮士,水清,0.305688,2.945811,1,23,35,0.001502,0.002285,6.5e-05
人皆,朝廷,0.305688,2.945811,1,35,23,0.002285,0.001502,6.5e-05
山阴,物外,0.305688,2.945811,1,23,35,0.001502,0.002285,6.5e-05
物外,霓裳,0.305688,2.945811,1,35,23,0.002285,0.001502,6.5e-05
桃源,汉宫,0.305688,2.945811,1,23,35,0.001502,0.002285,6.5e-05
万年,水清,0.305688,2.945811,1,23,35,0.001502,0.002285,6.5e-05
水清,霓裳,0.305688,2.945811,1,35,23,0.002285,0.001502,6.5e-05
桃源,水清,0.305688,2.945811,1,23,35,0.001502,0.002285,6.5e-05
人皆,霓裳,0.305688,2.945811,1,35,23,0.002285,0.001502,6.5e-05
人皆,桃源,0.305688,2.945811,1,35,23,0.002285,0.001502,6.5e-05
朝廷,汉宫,0.305688,2.945811,1,23,35,0.001502,0.002285,6.5e-05
夜长,朝廷,0.305688,2.945811,1,35,23,0.002285,0.001502,6.5e-05
泉声,草色,0.30567,2.521884,4,60,82,0.003917,0.005354,0.000261
日月,星辰,0.305645,2.521681,4,133,37,0.008684,0.002416,0.000261
九重,凤凰,0.30562,2.521477,4,46,107,0.003003,0.006986,0.000261
游子,萧条,0.305613,2.609339,3,49,69,0.003199,0.004505,0.000196
海上,蛾眉,0.305579,2.609043,3,89,38,0.005811,0.002481,0.000196
松柏,阳城,0.305559,2.94457,1,31,26,0.002024,0.001698,6.5e-05
春深,江流,0.305559,2.94457,1,31,26,0.002024,0.001698,6.5e-05
出入,近来,0.305559,2.94457,1,13,62,0.000849,0.004048,6.5e-05
松柏,江流,0.305559,2.94457,1,31,26,0.002024,0.001698,6.5e-05
路傍,阳城,0.305559,2.94457,1,31,26,0.002024,0.001698,6.5e-05
阳城,骑马,0.305559,2.94457,1,26,31,0.001698,0.002024,6.5e-05
洛阳,浮云,0.305473,2.520259,4,64,77,0.004179,0.005027,0.000261
别离,逢人,0.305423,2.519853,4,145,34,0.009467,0.00222,0.000261
独立,阑干,0.305423,2.519853,4,58,85,0.003787,0.00555,0.000261
无力,杏花,0.305423,2.519853,4,58,85,0.003787,0.00555,0.000261
承恩,青楼,0.305406,2.731401,2,35,57,0.002285,0.003722,0.000131
从容,水清,0.305406,2.731401,2,57,35,0.003722,0.002285,0.000131
人皆,从容,0.305406,2.731401,2,35,57,0.002285,0.003722,0.000131
相望,绿杨,0.305406,2.731401,2,35,57,0.002285,0.003722,0.000131
朝朝,白蘋,0.305238,2.729899,2,37,54,0.002416,0.003526,0.000131
兄弟,朝朝,0.305238,2.729899,2,54,37,0.003526,0.002416,0.000131
日照,霄汉,0.305238,2.729899,2,54,37,0.003526,0.002416,0.000131
楚客,鹧鸪,0.305238,2.729899,2,37,54,0.002416,0.003526,0.000131
青苔,黄叶,0.305238,2.729899,2,37,54,0.002416,0.003526,0.000131
宫殿,日照,0.305238,2.729899,2,37,54,0.002416,0.003526,0.000131
十载,大道,0.305238,2.729899,2,54,37,0.003526,0.002416,0.000131
白雪,闻道,0.305126,2.728898,2,50,40,0.003265,0.002612,0.000131
天外,红粉,0.305126,2.728898,2,50,40,0.003265,0.002612,0.000131
清明,闻道,0.305126,2.728898,2,50,40,0.003265,0.002612,0.000131
时节,梨花,0.30508,2.517018,4,103,48,0.006725,0.003134,0.000261
去年,朝廷,0.30507,2.728398,2,87,23,0.00568,0.001502,0.000131
功名,碧云,0.30506,2.604618,3,43,79,0.002808,0.005158,0.000196
两相,咸阳,0.305046,2.939619,1,30,27,0.001959,0.001763,6.5e-05
乔木,巫山,0.305046,2.939619,1,30,27,0.001959,0.001763,6.5e-05
咸阳,日夜,0.305046,2.939619,1,27,30,0.001763,0.001959,6.5e-05
意气,黄叶,0.305046,2.939619,1,15,54,0.000979,0.003526,6.5e-05
乔木,远近,0.305046,2.939619,1,30,27,0.001959,0.001763,6.5e-05
东海,忆昔,0.305046,2.939619,1,27,30,0.001763,0.001959,6.5e-05
东海,阳台,0.305046,2.939619,1,27,30,0.001763,0.001959,6.5e-05
东海,行乐,0.305046,2.939619,1,27,30,0.001763,0.001959,6.5e-05
东方,归客,0.305046,2.939619,1,27,30,0.001763,0.001959,6.5e-05
东方,日夜,0.305046,2.939619,1,27,30,0.001763,0.001959,6.5e-05
归客,花间,0.305046,2.939619,1,30,27,0.001959,0.001763,6.5e-05
日夜,花间,0.305046,2.939619,1,30,27,0.001959,0.001763,6.5e-05
咸阳,城下,0.305046,2.939619,1,27,30,0.001763,0.001959,6.5e-05
日出,鸟飞,0.305046,2.939619,1,18,45,0.001175,0.002938,6.5e-05
欢娱,黄叶,0.305046,2.939619,1,15,54,0.000979,0.003526,6.5e-05
意气,鹧鸪,0.305046,2.939619,1,15,54,0.000979,0.003526,6.5e-05
送客,鹧鸪,0.305046,2.939619,1,15,54,0.000979,0.003526,6.5e-05
城下,远近,0.305046,2.939619,1,30,27,0.001959,0.001763,6.5e-05
忆昔,花间,0.305046,2.939619,1,30,27,0.001959,0.001763,6.5e-05
山川,岐路,0.305006,2.516411,4,97,51,0.006333,0.00333,0.000261
寂寞,梨花,0.304966,2.392426,6,175,48,0.011426,0.003134,0.000392
月夜,歌舞,0.304957,2.603735,3,50,68,0.003265,0.00444,0.000196
归心,沧洲,0.304957,2.603735,3,50,68,0.003265,0.00444,0.000196
杏花,红粉,0.304957,2.603735,3,85,40,0.00555,0.002612,0.000196
罗衣,阑干,0.304957,2.603735,3,40,85,0.002612,0.00555,0.000196
垂杨,王孙,0.304933,2.515805,4,55,90,0.003591,0.005876,0.000261
暮雨,汀洲,0.304888,2.603147,3,63,54,0.004113,0.003526,0.000196
君恩,梦魂,0.304854,2.602853,3,41,83,0.002677,0.005419,0.000196
东风,无力,0.304847,2.303794,8,211,58,0.013776,0.003787,0.000522
猿声,百年,0.304819,2.602559,3,37,92,0.002416,0.006007,0.000196
宫殿,百年,0.304819,2.602559,3,37,92,0.002416,0.006007,0.000196
旌旗,次第,0.304819,2.602559,3,74,46,0.004832,0.003003,0.000196
杏花,肠断,0.304804,2.446731,5,85,78,0.00555,0.005093,0.000326
春草,肠断,0.304804,2.446731,5,85,78,0.00555,0.005093,0.000326
千秋,青草,0.304791,2.725903,2,34,59,0.00222,0.003852,0.000131
帝城,青松,0.30479,2.937153,1,28,29,0.001828,0.001893,6.5e-05
万物,清晨,0.30479,2.937153,1,28,29,0.001828,0.001893,6.5e-05
清净,紫微,0.30479,2.937153,1,29,28,0.001893,0.001828,6.5e-05
万物,青松,0.30479,2.937153,1,28,29,0.001828,0.001893,6.5e-05
新月,窈窕,0.30479,2.937153,1,29,28,0.001893,0.001828,6.5e-05
人生,诸侯,0.304682,2.601385,3,71,48,0.004636,0.003134,0.000196
罗衣,花落,0.304617,2.445224,5,40,166,0.002612,0.010838,0.000326
美人,骑马,0.304613,2.600798,3,110,31,0.007182,0.002024,0.000196
马蹄,高树,0.304613,2.600798,3,62,55,0.004048,0.003591,0.000196
江湖,烟波,0.304579,2.444923,5,81,82,0.005289,0.005354,0.000326
宫中,江水,0.304569,2.72391,2,30,67,0.001959,0.004375,0.000131
感激,楚客,0.304534,2.934693,1,22,37,0.001436,0.002416,6.5e-05
感激,星辰,0.304534,2.934693,1,22,37,0.001436,0.002416,6.5e-05
烟霞,远近,0.304493,2.512175,4,184,27,0.012014,0.001763,0.000261
明年,马上,0.304493,2.512175,4,69,72,0.004505,0.004701,0.000261
太守,登楼,0.304407,2.59904,3,61,56,0.003983,0.003656,0.000196
云飞,古木,0.304346,2.721922,2,38,53,0.002481,0.00346,0.000131
家贫,弟子,0.304346,2.721922,2,38,53,0.002481,0.00346,0.000131
出入,明月,0.304304,2.598162,3,13,263,0.000849,0.017172,0.000196
登高,谢公,0.304291,2.721426,2,31,65,0.002024,0.004244,0.000131
尚书,歌舞,0.30428,2.932239,1,12,68,0.000783,0.00444,6.5e-05
中原,衣冠,0.30428,2.932239,1,48,17,0.003134,0.00111,6.5e-05
仙人,日夕,0.30428,2.932239,1,48,17,0.003134,0.00111,6.5e-05
泉声,绿杨,0.30427,2.59787,3,60,57,0.003917,0.003722,0.000196
旧游,绿杨,0.30427,2.59787,3,60,57,0.003917,0.003722,0.000196
宛转,落花,0.30427,2.59787,3,19,180,0.001241,0.011752,0.000196
婵娟,相对,0.30427,2.59787,3,60,57,0.003917,0.003722,0.000196
花发,青楼,0.30427,2.59787,3,60,57,0.003917,0.003722,0.000196
暮雨,苍茫,0.304235,2.72093,2,63,32,0.004113,0.002089,0.000131
微风,梨花,0.304235,2.72093,2,42,48,0.002742,0.003134,0.000131
微风,相看,0.304235,2.72093,2,42,48,0.002742,0.003134,0.000131
叶落,相识,0.304235,2.72093,2,42,48,0.002742,0.003134,0.000131
当时,行路,0.304167,2.441616,5,196,34,0.012797,0.00222,0.000326
千金,宛转,0.304153,2.931014,1,43,19,0.002808,0.001241,6.5e-05
云间,南宫,0.304153,2.931014,1,43,19,0.002808,0.001241,6.5e-05
清净,芙蓉,0.304006,2.508157,4,29,172,0.001893,0.01123,0.000261
月下,花时,0.304006,2.508157,4,58,86,0.003787,0.005615,0.000261
千门,闭门,0.303958,2.718453,2,43,47,0.002808,0.003069,0.000131
御沟,闭门,0.303958,2.718453,2,43,47,0.002808,0.003069,0.000131
千金,闭门,0.303958,2.718453,2,43,47,0.002808,0.003069,0.000131
含情,月色,0.303958,2.718453,2,43,47,0.002808,0.003069,0.000131
御沟,走马,0.303958,2.718453,2,43,47,0.002808,0.003069,0.000131
十年,霓裳,0.303933,2.507556,4,217,23,0.014168,0.001502,0.000261
苍梧,黄昏,0.303928,2.59495,3,35,98,0.002285,0.006399,0.000196
千年,往事,0.303908,2.384127,6,121,70,0.0079,0.00457,0.000392
出入,车马,0.303899,2.928569,1,13,63,0.000849,0.004113,6.5e-05
百里,自言,0.303899,2.928569,1,39,21,0.002546,0.001371,6.5e-05
人稀,自言,0.303899,2.928569,1,39,21,0.002546,0.001371,6.5e-05
劝君,金谷,0.303899,2.928569,1,21,39,0.001371,0.002546,6.5e-05
劝君,溪水,0.303899,2.928569,1,21,39,0.001371,0.002546,6.5e-05
劝君,梦里,0.303899,2.928569,1,21,39,0.001371,0.002546,6.5e-05
氛氲,牡丹,0.303899,2.928569,1,13,63,0.000849,0.004113,6.5e-05
劝君,湖上,0.303899,2.928569,1,21,39,0.001371,0.002546,6.5e-05
思量,还家,0.303894,2.594659,3,73,47,0.004766,0.003069,0.000196
玉堂,鹦鹉,0.30386,2.594367,3,44,78,0.002873,0.005093,0.000196
东流,江城,0.30386,2.594367,3,78,44,0.005093,0.002873,0.000196
子孙,风尘,0.303792,2.716969,2,46,44,0.003003,0.002873,0.000131
怜君,江城,0.303792,2.716969,2,46,44,0.003003,0.002873,0.000131
梅花,次第,0.303792,2.716969,2,44,46,0.002873,0.003003,0.000131
向东,江城,0.303792,2.716969,2,46,44,0.003003,0.002873,0.000131
人归,佳期,0.303792,2.716969,2,46,44,0.003003,0.002873,0.000131
夜深,山头,0.303792,2.593785,3,101,34,0.006594,0.00222,0.000196
巫峡,须臾,0.303772,2.927349,1,41,20,0.002677,0.001306,6.5e-05
苦辛,风霜,0.303772,2.927349,1,41,20,0.002677,0.001306,6.5e-05
宁知,巫峡,0.303772,2.927349,1,20,41,0.001306,0.002677,6.5e-05
叹息,阙下,0.303772,2.927349,1,20,41,0.001306,0.002677,6.5e-05
楚水,长沙,0.303772,2.927349,1,41,20,0.002677,0.001306,6.5e-05
扬州,风流,0.303763,2.506155,4,34,147,0.00222,0.009598,0.000261
巫山,憔悴,0.303737,2.716476,2,27,75,0.001763,0.004897,0.000131
圣人,衣裳,0.303737,2.716476,2,25,81,0.001632,0.005289,0.000131
江湖,河汉,0.303737,2.716476,2,81,25,0.005289,0.001632,0.000131
月出,衣裳,0.303737,2.716476,2,25,81,0.001632,0.005289,0.000131
圣人,江湖,0.303737,2.716476,2,25,81,0.001632,0.005289,0.000131
东海,南国,0.303737,2.716476,2,27,75,0.001763,0.004897,0.000131
太守,文章,0.303666,2.505355,4,61,82,0.003983,0.005354,0.000261
宁知,芙蓉,0.303587,2.592039,3,20,172,0.001306,0.01123,0.000196
江山,玉树,0.303587,2.592039,3,86,40,0.005615,0.002612,0.000196
丞相,雨露,0.303572,2.714995,2,39,52,0.002546,0.003395,0.000131
微雨,湖上,0.303572,2.714995,2,52,39,0.003395,0.002546,0.000131
所以,黄金,0.303552,2.436676,5,37,181,0.002416,0.011818,0.000326
故人,空馀,0.303515,2.436378,5,203,33,0.013254,0.002155,0.000326
他日,清晨,0.303461,2.714009,2,70,29,0.00457,0.001893,0.000131
叶落,文章,0.303451,2.590877,3,42,82,0.002742,0.005354,0.000196
叶落,独自,0.303451,2.590877,3,42,82,0.002742,0.005354,0.000196
走马,黄金,0.303352,2.379768,6,47,181,0.003069,0.011818,0.000392
世人,草木,0.303352,2.502759,4,59,85,0.003852,0.00555,0.000261
梦里,芙蓉,0.303347,2.435035,5,39,172,0.002546,0.01123,0.000326
佳期,春色,0.303327,2.50256,4,44,114,0.002873,0.007443,0.000261
凤凰,宛转,0.303296,2.712533,2,107,19,0.006986,0.001241,0.000131
他乡,汉水,0.303142,2.92127,1,33,25,0.002155,0.001632,6.5e-05
君家,圣人,0.303142,2.92127,1,33,25,0.002155,0.001632,6.5e-05
丹青,老人,0.303142,2.92127,1,33,25,0.002155,0.001632,6.5e-05
君家,汉水,0.303142,2.92127,1,33,25,0.002155,0.001632,6.5e-05
夫子,汉水,0.303142,2.92127,1,33,25,0.002155,0.001632,6.5e-05
丹青,昔日,0.303142,2.92127,1,33,25,0.002155,0.001632,6.5e-05
思君,生死,0.303142,2.92127,1,25,33,0.001632,0.002155,6.5e-05
丹青,绿水,0.303142,2.92127,1,33,25,0.002155,0.001632,6.5e-05
山河,英雄,0.30311,2.500767,4,75,67,0.004897,0.004375,0.000261
劝君,红叶,0.303077,2.710567,2,21,97,0.001371,0.006333,0.000131
公子,劝君,0.303077,2.710567,2,97,21,0.006333,0.001371,0.000131
昨日,梨花,0.303044,2.587398,3,72,48,0.004701,0.003134,0.000196
等闲,青天,0.303044,2.587398,3,64,54,0.004179,0.003526,0.000196
春光,秋日,0.302912,2.709095,2,68,30,0.00444,0.001959,0.000131
经过,蹉跎,0.302912,2.709095,2,40,51,0.002612,0.00333,0.000131
姓名,闻道,0.302912,2.709095,2,51,40,0.00333,0.002612,0.000131
沧洲,行乐,0.302912,2.709095,2,68,30,0.00444,0.001959,0.000131
旧游,闲居,0.302912,2.709095,2,60,34,0.003917,0.00222,0.000131
花发,行路,0.302912,2.709095,2,60,34,0.003917,0.00222,0.000131
渭水,蹉跎,0.302912,2.709095,2,40,51,0.002612,0.00333,0.000131
依稀,闻道,0.302912,2.709095,2,51,40,0.00333,0.002612,0.000131
同心,行客,0.302912,2.709095,2,40,51,0.002612,0.00333,0.000131
年少,春光,0.302903,2.431464,5,99,68,0.006464,0.00444,0.000326
朝廷,草绿,0.302765,2.91764,1,23,36,0.001502,0.00235,6.5e-05
子孙,日出,0.302765,2.91764,1,46,18,0.003003,0.001175,6.5e-05
富贵,桃源,0.302765,2.91764,1,36,23,0.00235,0.001502,6.5e-05
壮士,富贵,0.302765,2.91764,1,23,36,0.001502,0.00235,6.5e-05
尚书,楼上,0.302765,2.91764,1,12,69,0.000783,0.004505,6.5e-05
花满,茫茫,0.302749,2.497786,4,60,84,0.003917,0.005484,0.000261
残月,风动,0.302739,2.584798,3,77,45,0.005027,0.002938,0.000196
东西,来往,0.302736,2.430128,5,107,63,0.006986,0.004113,0.000326
潺湲,窈窕,0.302693,2.707137,2,73,28,0.004766,0.001828,0.000131
世事,名利,0.302693,2.707137,2,28,73,0.001828,0.004766,0.000131
人心,明主,0.302638,2.583932,3,102,34,0.00666,0.00222,0.000196
他乡,路长,0.302584,2.706159,2,33,62,0.002155,0.004048,0.000131
君子,路傍,0.302584,2.706159,2,66,31,0.004309,0.002024,0.000131
兄弟,天下,0.30257,2.428793,5,54,125,0.003526,0.008161,0.000326
多情,梦里,0.302536,2.583068,3,89,39,0.005811,0.002546,0.000196
东风,花飞,0.302533,2.428497,5,211,32,0.013776,0.002089,0.000326
多情,桃源,0.302529,2.70567,2,89,23,0.005811,0.001502,0.000131
圣人,少年,0.302509,2.495804,4,25,202,0.001632,0.013189,0.000261
尘土,水声,0.302503,2.58278,3,62,56,0.004048,0.003656,0.000196
登楼,马蹄,0.302503,2.58278,3,56,62,0.003656,0.004048,0.000196
秋雨,空山,0.302503,2.58278,3,56,62,0.003656,0.004048,0.000196
洛阳,苍茫,0.302474,2.705182,2,64,32,0.004179,0.002089,0.000131
佳期,碧云,0.302368,2.581628,3,44,79,0.002873,0.005158,0.000196
月夜,骨肉,0.302365,2.704205,2,50,41,0.003265,0.002677,0.000131
圣人,独自,0.302365,2.704205,2,25,82,0.001632,0.005354,0.000131
独自,老人,0.302365,2.704205,2,82,25,0.005354,0.001632,0.000131
迢递,镜中,0.302267,2.580765,3,71,49,0.004636,0.003199,0.000196
深处,秋月,0.302267,2.580765,3,71,49,0.004636,0.003199,0.000196
凉风,翡翠,0.302267,2.580765,3,49,71,0.003199,0.004636,0.000196
万国,阳春,0.302265,2.912821,1,26,32,0.001698,0.002089,6.5e-05
万国,苍茫,0.302265,2.912821,1,26,32,0.001698,0.002089,6.5e-05
萧索,阳城,0.302265,2.912821,1,32,26,0.002089,0.001698,6.5e-05
江流,阳春,0.302265,2.912821,1,26,32,0.001698,0.002089,6.5e-05
汀洲,遥知,0.302256,2.70323,2,54,38,0.003526,0.002481,0.000131
黄叶,黄花,0.302256,2.70323,2,54,38,0.003526,0.002481,0.000131
九天,雨中,0.302256,2.70323,2,38,54,0.002481,0.003526,0.000131
十载,家贫,0.302256,2.70323,2,54,38,0.003526,0.002481,0.000131
归客,潇湘,0.302233,2.580478,3,30,116,0.001959,0.007574,0.000196
秋来,高台,0.302233,2.580478,3,60,58,0.003917,0.003787,0.000196
自然,青春,0.302233,2.580478,3,58,60,0.003787,0.003917,0.000196
独立,自知,0.302233,2.580478,3,58,60,0.003787,0.003917,0.000196
新月,风起,0.302233,2.580478,3,29,120,0.001893,0.007835,0.000196
依旧,罗衣,0.302233,2.580478,3,87,40,0.00568,0.002612,0.000196
桃李,风光,0.302197,2.493233,4,83,61,0.005419,0.003983,0.000261
圣主,衣冠,0.30214,2.91162,1,49,17,0.003199,0.00111,6.5e-05
公卿,御沟,0.302132,2.579616,3,81,43,0.005289,0.002808,0.000196
笙歌,花间,0.302132,2.579616,3,129,27,0.008423,0.001763,0.000196
离别,骨肉,0.302065,2.579042,3,85,41,0.00555,0.002677,0.000196
苦辛,草木,0.302065,2.579042,3,41,85,0.002677,0.00555,0.000196
孤舟,骨肉,0.302065,2.579042,3,85,41,0.00555,0.002677,0.000196
世上,今来,0.302031,2.578755,3,42,83,0.002742,0.005419,0.000196
叶落,梦魂,0.302031,2.578755,3,42,83,0.002742,0.005419,0.000196
梦魂,莺啼,0.302031,2.578755,3,83,42,0.005419,0.002742,0.000196
山色,月光,0.301964,2.578182,3,109,32,0.007117,0.002089,0.000196
零落,青楼,0.301958,2.49126,4,89,57,0.005811,0.003722,0.000261
浮生,清净,0.301875,2.699825,2,71,29,0.004636,0.001893,0.000131
北斗,高楼,0.301821,2.699339,2,20,103,0.001306,0.006725,0.000131
日暮,秋色,0.301818,2.367733,6,105,82,0.006856,0.005354,0.000392
无情,有情,0.301774,2.367385,6,99,87,0.006464,0.00568,0.000392
单于,杜陵,0.301767,2.908025,1,22,38,0.001436,0.002481,6.5e-05
北阙,感激,0.301767,2.908025,1,38,22,0.002481,0.001436,6.5e-05
感激,龙门,0.301767,2.908025,1,22,38,0.001436,0.002481,6.5e-05
单于,蛾眉,0.301767,2.908025,1,22,38,0.001436,0.002481,6.5e-05
宛转,梅花,0.301767,2.908025,1,19,44,0.001241,0.002873,6.5e-05
家贫,玲珑,0.301767,2.908025,1,38,22,0.002481,0.001436,6.5e-05
百年,蛾眉,0.301696,2.575891,3,92,38,0.006007,0.002481,0.000196
人归,寒食,0.301696,2.575891,3,46,76,0.003003,0.004962,0.000196
壮士,天子,0.301696,2.575891,3,23,152,0.001502,0.009924,0.000196
万年,天子,0.301696,2.575891,3,23,152,0.001502,0.009924,0.000196
乾坤,草木,0.30165,2.421413,5,80,85,0.005223,0.00555,0.000326
东方,松柏,0.301643,2.906829,1,27,31,0.001763,0.002024,6.5e-05
东海,昆仑,0.301643,2.906829,1,27,31,0.001763,0.002024,6.5e-05
东海,未央,0.301643,2.906829,1,27,31,0.001763,0.002024,6.5e-05
路傍,远近,0.301643,2.906829,1,31,27,0.002024,0.001763,6.5e-05
东方,蛟龙,0.301643,2.906829,1,27,31,0.001763,0.002024,6.5e-05
东方,相访,0.301643,2.906829,1,27,31,0.001763,0.002024,6.5e-05
东方,昆仑,0.301643,2.906829,1,27,31,0.001763,0.002024,6.5e-05
相访,花间,0.301643,2.906829,1,31,27,0.002024,0.001763,6.5e-05
昆仑,花间,0.301643,2.906829,1,31,27,0.002024,0.001763,6.5e-05
东海,松柏,0.301643,2.906829,1,27,31,0.001763,0.002024,6.5e-05
日晚,路傍,0.301643,2.906829,1,27,31,0.001763,0.002024,6.5e-05
蛟龙,远近,0.301643,2.906829,1,31,27,0.002024,0.001763,6.5e-05
东海,相访,0.301643,2.906829,1,27,31,0.001763,0.002024,6.5e-05
咸阳,未央,0.301643,2.906829,1,27,31,0.001763,0.002024,6.5e-05
尘埃,楼台,0.301608,2.212011,10,131,128,0.008553,0.008357,0.000653
徘徊,鱼龙,0.301604,2.697399,2,48,43,0.003134,0.002808,0.000131
含情,梨花,0.301604,2.697399,2,43,48,0.002808,0.003134,0.000131
千门,帝乡,0.301604,2.697399,2,43,48,0.002808,0.003134,0.000131
诸侯,鱼龙,0.301604,2.697399,2,48,43,0.003134,0.002808,0.000131
得意,诸侯,0.301604,2.697399,2,43,48,0.002808,0.003134,0.000131
承恩,蓬莱,0.30155,2.696915,2,35,59,0.002285,0.003852,0.000131
梦魂,烟波,0.301541,2.420531,5,83,82,0.005419,0.005354,0.000326
云飞,故乡,0.301505,2.487522,4,38,134,0.002481,0.008749,0.000261
可惜,满眼,0.301442,2.695947,2,53,39,0.00346,0.002546,0.000131
梧桐,马嘶,0.301428,2.573605,3,48,73,0.003134,0.004766,0.000196
月色,江城,0.301388,2.695463,2,47,44,0.003069,0.002873,0.000131
山高,江城,0.301388,2.695463,2,47,44,0.003069,0.002873,0.000131
佳期,还家,0.301388,2.695463,2,44,47,0.002873,0.003069,0.000131
憔悴,歌舞,0.301314,2.485952,4,75,68,0.004897,0.00444,0.000261
南山,行客,0.301314,2.485952,4,100,51,0.006529,0.00333,0.000261
歌声,美人,0.301285,2.418476,5,62,110,0.004048,0.007182,0.000326
人归,关山,0.30128,2.694497,2,46,45,0.003003,0.002938,0.000131
楼上,白露,0.30128,2.694497,2,69,30,0.004505,0.001959,0.000131
白露,绮罗,0.30128,2.694497,2,30,69,0.001959,0.004505,0.000131
明年,行乐,0.30128,2.694497,2,69,30,0.004505,0.001959,0.000131
楼上,行乐,0.30128,2.694497,2,69,30,0.004505,0.001959,0.000131
白露,紫微,0.301272,2.903251,1,30,28,0.001959,0.001828,6.5e-05
宫中,紫微,0.301272,2.903251,1,30,28,0.001959,0.001828,6.5e-05
城下,飞鸟,0.301272,2.903251,1,30,28,0.001959,0.001828,6.5e-05
随风,飘飖,0.301272,2.903251,1,40,21,0.002612,0.001371,6.5e-05
欢娱,水声,0.301272,2.903251,1,15,56,0.000979,0.003656,6.5e-05
对酒,行乐,0.301272,2.903251,1,28,30,0.001828,0.001959,6.5e-05
北斗,西山,0.301272,2.903251,1,20,42,0.001306,0.002742,6.5e-05
帝城,忆昔,0.301272,2.903251,1,28,30,0.001828,0.001959,6.5e-05
帝城,阳台,0.301272,2.903251,1,28,30,0.001828,0.001959,6.5e-05
叶落,叹息,0.301272,2.903251,1,42,20,0.002742,0.001306,6.5e-05
红粉,飘飖,0.301272,2.903251,1,40,21,0.002612,0.001371,6.5e-05
忆昔,紫微,0.301272,2.903251,1,30,28,0.001959,0.001828,6.5e-05
世上,风霜,0.301272,2.903251,1,42,20,0.002742,0.001306,6.5e-05
劝君,白马,0.301272,2.903251,1,21,40,0.001371,0.002612,6.5e-05
西山,须臾,0.301272,2.903251,1,42,20,0.002742,0.001306,6.5e-05
双飞,须臾,0.301272,2.903251,1,42,20,0.002742,0.001306,6.5e-05
劝君,瑶池,0.301272,2.903251,1,21,40,0.001371,0.002612,6.5e-05
归客,紫微,0.301272,2.903251,1,30,28,0.001959,0.001828,6.5e-05
日夜,紫微,0.301272,2.903251,1,30,28,0.001959,0.001828,6.5e-05
重阳,飘飖,0.301272,2.903251,1,40,21,0.002612,0.001371,6.5e-05
今已,菊花,0.301272,2.903251,1,21,40,0.001371,0.002612,6.5e-05
柳色,自言,0.301272,2.903251,1,40,21,0.002612,0.001371,6.5e-05
欢娱,登楼,0.301272,2.903251,1,15,56,0.000979,0.003656,6.5e-05
叹息,携手,0.301272,2.903251,1,20,42,0.001306,0.002742,6.5e-05
世事,秋日,0.301272,2.903251,1,28,30,0.001828,0.001959,6.5e-05
日夜,飞鸟,0.301272,2.903251,1,30,28,0.001959,0.001828,6.5e-05
叶落,宁知,0.301272,2.903251,1,42,20,0.002742,0.001306,6.5e-05
今已,白马,0.301272,2.903251,1,21,40,0.001371,0.002612,6.5e-05
古人,自然,0.301219,2.485168,4,88,58,0.005746,0.003787,0.000261
世事,山水,0.301172,2.693531,2,28,74,0.001828,0.004832,0.000131
夜月,猿声,0.301172,2.693531,2,56,37,0.003656,0.002416,0.000131
寒山,清净,0.301148,2.902062,1,29,29,0.001893,0.001893,6.5e-05
今日,昔年,0.30109,2.129217,13,320,74,0.020893,0.004832,0.000849
往事,思量,0.301077,2.483993,4,70,73,0.00457,0.004766,0.000261
秋声,落日,0.301029,2.416426,5,51,134,0.00333,0.008749,0.000326
今来,昔日,0.30101,2.692084,2,83,25,0.005419,0.001632,0.000131
文字,梦魂,0.30101,2.692084,2,25,83,0.001632,0.005419,0.000131
凤凰,春来,0.300977,2.361135,6,107,81,0.006986,0.005289,0.000392
岐路,月满,0.300928,2.569333,3,51,69,0.00333,0.004505,0.000196
相寻,金陵,0.300902,2.691121,2,67,31,0.004375,0.002024,0.000131
相寻,骑马,0.300902,2.691121,2,67,31,0.004375,0.002024,0.000131
松柏,英雄,0.300902,2.691121,2,31,67,0.002024,0.004375,0.000131
美人,花飞,0.300894,2.569049,3,110,32,0.007182,0.002089,0.000196
来往,空馀,0.300795,2.690158,2,63,33,0.004113,0.002155,0.000131
东方,残月,0.300795,2.690158,2,27,77,0.001763,0.005027,0.000131
玉树,连天,0.300741,2.689677,2,40,52,0.002612,0.003395,0.000131
罗衣,花下,0.300741,2.689677,2,40,52,0.002612,0.003395,0.000131
微雨,红粉,0.300741,2.689677,2,52,40,0.003395,0.002612,0.000131
孤城,辛苦,0.300741,2.689677,2,40,52,0.002612,0.003395,0.000131
瑶池,花下,0.300741,2.689677,2,40,52,0.002612,0.003395,0.000131
圣朝,自由,0.300741,2.689677,2,32,65,0.002089,0.004244,0.000131
同心,花下,0.300741,2.689677,2,40,52,0.002612,0.003395,0.000131
焚香,闭门,0.300728,2.56763,3,75,47,0.004897,0.003069,0.000196
头白,焚香,0.300728,2.56763,3,47,75,0.003069,0.004897,0.000196
君王,当年,0.300698,2.358945,6,101,86,0.006594,0.005615,0.000392
交亲,知己,0.300695,2.567346,3,41,86,0.002677,0.005615,0.000196
含情,独自,0.300695,2.567346,3,43,82,0.002808,0.005354,0.000196
知己,苦辛,0.300695,2.567346,3,86,41,0.005615,0.002677,0.000196
世上,茫茫,0.300629,2.566779,3,42,84,0.002742,0.005484,0.000196
太平,微风,0.300629,2.566779,3,84,42,0.005484,0.002742,0.000196
微风,草堂,0.300629,2.566779,3,42,84,0.002742,0.005484,0.000196
水声,车马,0.300629,2.566779,3,56,63,0.003656,0.004113,0.000196
王孙,绿杨,0.300603,2.480087,4,90,57,0.005876,0.003722,0.000261
咫尺,归来,0.300509,2.479307,4,34,151,0.00222,0.009859,0.000261
参差,欢娱,0.300472,2.687276,2,139,15,0.009075,0.000979,0.000131
凤凰,梨花,0.300462,2.478918,4,107,48,0.006986,0.003134,0.000261
歌声,相对,0.30043,2.56508,3,62,57,0.004048,0.003722,0.000196
歌声,白玉,0.30043,2.56508,3,62,57,0.004048,0.003722,0.000196
相对,路长,0.30043,2.56508,3,57,62,0.003722,0.004048,0.000196
秋天,自然,0.300312,2.685839,2,36,58,0.00235,0.003787,0.000131
无力,秋天,0.300312,2.685839,2,58,36,0.003787,0.00235,0.000131
男儿,自然,0.300297,2.563949,3,61,58,0.003983,0.003787,0.000196
才子,男儿,0.300297,2.563949,3,58,61,0.003787,0.003983,0.000196
残月,鸡鸣,0.300165,2.562819,3,77,46,0.005027,0.003003,0.000196
楚水,蹉跎,0.300151,2.684403,2,41,51,0.002677,0.00333,0.000131
交亲,清秋,0.300151,2.684403,2,41,51,0.002677,0.00333,0.000131
草木,衣裳,0.300103,2.408991,5,85,81,0.00555,0.005289,0.000326
山头,文字,0.300044,2.891417,1,34,25,0.00222,0.001632,6.5e-05
山头,汉水,0.300044,2.891417,1,34,25,0.00222,0.001632,6.5e-05
明主,河汉,0.300044,2.891417,1,34,25,0.00222,0.001632,6.5e-05
扬州,绿水,0.300044,2.891417,1,34,25,0.00222,0.001632,6.5e-05
昔日,行路,0.300044,2.891417,1,25,34,0.001632,0.00222,6.5e-05
丈夫,行路,0.300044,2.891417,1,25,34,0.001632,0.00222,6.5e-05
归心,日夕,0.300044,2.891417,1,50,17,0.003265,0.00111,6.5e-05
咫尺,汉水,0.300044,2.891417,1,34,25,0.00222,0.001632,6.5e-05
圣人,山头,0.300044,2.891417,1,25,34,0.001632,0.00222,6.5e-05
光辉,老人,0.300044,2.891417,1,34,25,0.00222,0.001632,6.5e-05
