词1,词2,NPMI值,PMI值,共现文档数,词1文档频次,词2文档频次,词1概率,词2概率,联合概率
万户,千门,0.639888,4.643079,10,31,44,0.002188,0.003106,0.000706
翡翠,鸳鸯,0.611385,4.275857,13,40,64,0.002823,0.004518,0.000918
含情,皎然,0.577069,5.116019,2,34,5,0.0024,0.000353,0.000141
东西,南北,0.565381,3.540889,27,144,77,0.010164,0.005435,0.001906
乾坤,昆仑,0.540704,4.116253,7,49,33,0.003459,0.002329,0.000494
今年,去年,0.52969,3.50349,19,100,81,0.007059,0.005718,0.001341
山色,水声,0.524113,3.858227,9,69,39,0.00487,0.002753,0.000635
圣主,苍生,0.521464,4.14524,5,33,34,0.002329,0.0024,0.000353
中原,自言,0.517581,4.378761,3,13,41,0.000918,0.002894,0.000212
英雄,路难,0.51174,4.329346,3,16,35,0.001129,0.002471,0.000212
白玉,黄金,0.504003,3.333591,19,64,150,0.004518,0.010588,0.001341
清秋,英雄,0.502019,4.247108,3,38,16,0.002682,0.001129,0.000212
宫中,歌舞,0.500708,3.744913,8,47,57,0.003318,0.004023,0.000565
星辰,鬼神,0.499881,3.973672,5,37,36,0.002612,0.002541,0.000353
北斗,梦魂,0.499518,4.225952,3,27,23,0.001906,0.001623,0.000212
君王,宫中,0.496812,3.657252,9,70,47,0.004941,0.003318,0.000635
巫峡,猿啼,0.496752,3.858227,6,39,46,0.002753,0.003247,0.000424
乾坤,瑶池,0.496479,4.057412,4,49,20,0.003459,0.001412,0.000282
东南,皎然,0.494015,4.3797,2,71,5,0.005012,0.000353,0.000141
大道,自然,0.4921,3.822098,6,31,60,0.002188,0.004235,0.000424
美人,青楼,0.490716,3.612378,9,93,37,0.006565,0.002612,0.000635
九重,玉楼,0.490074,3.89571,5,60,24,0.004235,0.001694,0.000353
宫中,昔时,0.489916,4.003775,4,47,22,0.003318,0.001553,0.000282
瑶池,蛟龙,0.48879,4.13519,3,20,34,0.001412,0.0024,0.000212
弟子,承恩,0.487571,3.984617,4,34,31,0.0024,0.002188,0.000282
巫山,阳台,0.485026,4.103349,3,26,27,0.001835,0.001906,0.000212
清净,莲花,0.483679,3.682136,7,48,52,0.003388,0.003671,0.000494
垂杨,青楼,0.483521,3.843619,5,41,37,0.002894,0.002612,0.000353
潇湘,皎然,0.483409,4.285671,2,78,5,0.005506,0.000353,0.000141
皎然,迢递,0.483409,4.285671,2,5,78,0.000353,0.005506,0.000141
巫峡,月落,0.483189,3.840985,5,39,39,0.002753,0.002753,0.000353
中原,君心,0.482857,4.085,3,13,55,0.000918,0.003882,0.000212
歌舞,高台,0.481709,3.82922,5,57,27,0.004023,0.001906,0.000353
云雨,巫山,0.480967,3.735625,6,78,26,0.005506,0.001835,0.000424
玉楼,红粉,0.478158,4.045242,3,24,31,0.001694,0.002188,0.000212
红粉,青楼,0.477225,3.90006,4,31,37,0.002188,0.002612,0.000282
九衢,双阙,0.477225,3.90006,4,37,31,0.002612,0.002188,0.000282
圣主,梦魂,0.475798,4.025281,3,33,23,0.002329,0.001623,0.000212
乾坤,日月,0.474308,3.282027,14,49,152,0.003459,0.010729,0.000988
昆仑,鬼神,0.472927,3.864938,4,33,36,0.002329,0.002541,0.000282
巫山,暮雨,0.471886,3.751129,5,26,64,0.001835,0.004518,0.000353
双阙,未央,0.470783,3.847416,4,31,39,0.002188,0.002753,0.000282
瑶池,紫微,0.46958,3.972671,3,20,40,0.001412,0.002823,0.000212
中原,路傍,0.469291,4.160508,2,13,34,0.000918,0.0024,0.000141
九重,宫中,0.467648,3.560089,7,60,47,0.004235,0.003318,0.000494
暮雨,阳台,0.467138,3.713389,5,64,27,0.004518,0.001906,0.000353
瑶池,道士,0.466661,3.947979,3,20,41,0.001412,0.002894,0.000212
干戈,残阳,0.465942,3.941899,3,25,33,0.001765,0.002329,0.000212
世上,英雄,0.464944,3.93345,3,52,16,0.003671,0.001129,0.000212
汀洲,白蘋,0.462985,3.680375,5,38,47,0.002682,0.003318,0.000353
封侯,窈窕,0.462843,4.103349,2,26,18,0.001835,0.001271,0.000141
英雄,行路,0.462692,3.914402,3,16,53,0.001129,0.003741,0.000212
封侯,雨雪,0.461306,3.902679,3,26,33,0.001835,0.002329,0.000212
青楼,鸳鸯,0.461011,3.580629,6,37,64,0.002612,0.004518,0.000424
玉楼,秋雨,0.460483,3.89571,3,24,36,0.001694,0.002541,0.000212
云飞,阳台,0.460483,3.89571,3,32,27,0.002259,0.001906,0.000212
千秋,汉宫,0.459937,3.891091,3,31,28,0.002188,0.001976,0.000212
太平,楼前,0.45948,3.755043,4,39,34,0.002753,0.0024,0.000282
弟子,霓裳,0.45948,3.755043,4,34,39,0.0024,0.002753,0.000282
乾坤,造化,0.457866,3.485626,7,49,62,0.003459,0.004376,0.000494
丹青,当年,0.457013,3.734885,4,33,41,0.002329,0.002894,0.000282
北斗,帝乡,0.456845,3.864938,3,27,33,0.001906,0.002329,0.000212
君恩,宫中,0.456532,3.629081,5,40,47,0.002823,0.003318,0.000353
叹息,颜色,0.456522,3.312564,10,43,120,0.003035,0.00847,0.000706
所以,生死,0.455165,3.535223,6,42,59,0.002965,0.004165,0.000424
山川,皎然,0.454261,4.027259,2,101,5,0.007129,0.000353,0.000141
万物,乾坤,0.454078,3.526784,6,51,49,0.0036,0.003459,0.000424
梧桐,翡翠,0.453884,3.608028,5,48,40,0.003388,0.002823,0.000353
梦魂,翡翠,0.453059,3.832909,3,23,40,0.001623,0.002823,0.000212
圣人,朝廷,0.452547,3.828571,3,28,33,0.001976,0.002329,0.000212
星辰,羽翼,0.452312,3.696461,4,37,38,0.002612,0.002682,0.000282
独自,青楼,0.451226,3.586899,5,53,37,0.003741,0.002612,0.000353
未央,玉楼,0.451021,3.815667,3,39,24,0.002753,0.001694,0.000212
中原,梨花,0.450959,3.997989,2,13,40,0.000918,0.002823,0.000141
中原,飘飖,0.450959,3.997989,2,13,40,0.000918,0.002823,0.000141
他乡,兄弟,0.450583,3.682336,4,23,62,0.001623,0.004376,0.000282
微雨,梦魂,0.450141,3.808217,3,41,23,0.002894,0.001623,0.000212
日斜,鹦鹉,0.450013,3.577256,5,44,45,0.003106,0.003176,0.000353
乾坤,神仙,0.449814,3.364265,8,49,80,0.003459,0.005647,0.000565
山河,未央,0.449442,3.572721,5,51,39,0.0036,0.002753,0.000353
宛转,绿水,0.448541,3.665646,4,50,29,0.003529,0.002047,0.000282
男儿,皎然,0.448354,4.285671,1,39,5,0.002753,0.000353,7.1e-05
乾坤,道士,0.448184,3.562716,5,49,41,0.003459,0.002894,0.000353
中原,道士,0.448174,3.973296,2,13,41,0.000918,0.002894,0.000141
昔年,绮罗,0.447783,3.788268,3,37,26,0.002612,0.001835,0.000212
关山,单于,0.445888,3.544467,5,66,31,0.004659,0.002188,0.000353
苍茫,鹧鸪,0.44587,3.643817,4,39,38,0.002753,0.002682,0.000282
秋来,雨后,0.443689,3.446095,6,63,43,0.004447,0.003035,0.000424
明主,皎然,0.443122,4.235661,1,41,5,0.002894,0.000353,7.1e-05
瑶池,诸侯,0.442772,3.618499,4,20,76,0.001412,0.005365,0.000282
寒食,梨花,0.441288,3.427444,6,69,40,0.00487,0.002823,0.000424
婵娟,汉宫,0.441172,3.605427,4,55,28,0.003882,0.001976,0.000282
江山,风月,0.441161,3.358451,7,50,69,0.003529,0.00487,0.000494
皎然,苦辛,0.440601,4.211563,1,5,42,0.000353,0.002965,7.1e-05
九重,君王,0.44059,3.295272,8,60,70,0.004235,0.004941,0.000565
丹青,千秋,0.440516,3.726788,3,33,31,0.002329,0.002188,0.000212
大道,昆仑,0.440516,3.726788,3,31,33,0.002188,0.002329,0.000212
向人,英雄,0.4404,3.725811,3,64,16,0.004518,0.001129,0.000212
干戈,明主,0.440285,3.724835,3,25,41,0.001765,0.002894,0.000212
万物,所以,0.44012,3.498613,5,51,42,0.0036,0.002965,0.000353
翡翠,金谷,0.439594,3.592524,4,40,39,0.002823,0.002753,0.000282
乾坤,咫尺,0.4393,3.492099,5,49,44,0.003459,0.003106,0.000353
巫峡,阳台,0.437099,3.697884,3,39,27,0.002753,0.001906,0.000212
两相,梦魂,0.436539,3.693147,3,46,23,0.003247,0.001623,0.000212
瑶池,神仙,0.436496,3.567206,4,20,80,0.001412,0.005647,0.000282
昔时,高台,0.435952,3.864938,2,22,27,0.001553,0.001906,0.000141
中原,相访,0.435194,3.858227,2,13,46,0.000918,0.003247,0.000141
意气,鹦鹉,0.434976,3.554784,4,36,45,0.002541,0.003176,0.000282
星辰,绿水,0.434875,3.679069,3,37,29,0.002612,0.002047,0.000212
君家,消息,0.434717,3.455665,5,43,52,0.003035,0.003671,0.000353
日斜,青楼,0.434373,3.549857,4,44,37,0.003106,0.002612,0.000282
承恩,阑干,0.433561,3.667948,3,31,35,0.002188,0.002471,0.000212
东海,富贵,0.433262,3.444104,5,29,78,0.002047,0.005506,0.000353
往事,红叶,0.432286,3.532805,4,46,36,0.003247,0.002541,0.000282
万年,玉堂,0.431938,3.654217,3,44,25,0.003106,0.001765,0.000212
青楼,鹦鹉,0.431623,3.527385,4,37,45,0.002612,0.003176,0.000282
梦魂,物外,0.430938,3.820487,2,23,27,0.001623,0.001906,0.000141
圣人,子孙,0.430525,3.518416,4,28,60,0.001976,0.004235,0.000282
男儿,英雄,0.430394,3.815667,2,39,16,0.002753,0.001129,0.000141
中原,桃源,0.430394,3.815667,2,13,48,0.000918,0.003388,0.000141
中原,青松,0.430394,3.815667,2,13,48,0.000918,0.003388,0.000141
天下,太平,0.429954,3.16508,9,138,39,0.009741,0.002753,0.000635
丹砂,云飞,0.429808,3.636199,3,35,32,0.002471,0.002259,0.000212
中原,窈窕,0.42928,4.103349,1,13,18,0.000918,0.001271,7.1e-05
梦魂,肠断,0.429071,3.629968,3,23,49,0.001623,0.003459,0.000212
洞庭,湘水,0.429031,3.034864,12,134,61,0.009459,0.004306,0.000847
太平,子孙,0.428998,3.410202,5,39,60,0.002753,0.004235,0.000353
山高,饮酒,0.428718,3.503645,4,31,55,0.002188,0.003882,0.000282
钓鱼,骑马,0.428718,3.503645,4,31,55,0.002188,0.003882,0.000282
苍苔,高台,0.428339,3.623776,3,42,27,0.002965,0.001906,0.000212
中原,闻说,0.428068,3.795048,2,13,49,0.000918,0.003459,0.000141
万年,未央,0.427931,3.497214,4,44,39,0.003106,0.002753,0.000282
关山,封侯,0.427931,3.497214,4,66,26,0.004659,0.001835,0.000282
古来,富贵,0.42771,3.256052,7,49,78,0.003459,0.005506,0.000494
梧桐,鸳鸯,0.427499,3.320346,6,48,64,0.003388,0.004518,0.000424
九衢,宫殿,0.426992,3.612378,3,37,31,0.002612,0.002188,0.000212
垂杨,御沟,0.426889,3.611506,3,41,28,0.002894,0.001976,0.000212
白日,皎然,0.426683,3.609766,3,230,5,0.016235,0.000353,0.000212
丹砂,昆仑,0.42617,3.605427,3,35,33,0.002471,0.002329,0.000212
承恩,罗衣,0.425616,3.773308,2,31,21,0.002188,0.001482,0.000141
千古,瑶池,0.424067,3.759578,2,33,20,0.002329,0.001412,0.000141
昆仑,瑶池,0.424067,3.759578,2,33,20,0.002329,0.001412,0.000141
圣人,苦辛,0.424041,3.587409,3,28,42,0.001976,0.002965,0.000212
日月,星辰,0.423979,3.121097,9,152,37,0.010729,0.002612,0.000635
劝君,瑶池,0.423639,3.584013,3,59,20,0.004165,0.001412,0.000212
九天,阑干,0.422642,3.575574,3,34,35,0.0024,0.002471,0.000212
金谷,龙门,0.422492,3.452762,4,39,46,0.002753,0.003247,0.000282
宛转,皎然,0.422361,4.03721,1,50,5,0.003529,0.000353,7.1e-05
柳色,梨花,0.422083,3.449423,4,45,40,0.003176,0.002823,0.000282
御沟,玉楼,0.422035,3.741559,2,28,24,0.001976,0.001694,0.000141
九重,瑶池,0.421653,3.567206,3,60,20,0.004235,0.001412,0.000212
中原,消息,0.421365,3.735625,2,13,52,0.000918,0.003671,0.000141
巫峡,承恩,0.420769,3.559734,3,39,31,0.002753,0.002188,0.000212
佳人,月光,0.420731,3.438373,4,52,35,0.003671,0.002471,0.000282
渭水,瑶池,0.4207,3.729725,2,34,20,0.0024,0.001412,0.000141
劝君,大道,0.420128,3.43344,4,59,31,0.004165,0.002188,0.000282
单于,将军,0.420049,3.262483,6,31,105,0.002188,0.007412,0.000424
关河,蹉跎,0.419575,3.335301,5,26,97,0.001835,0.006847,0.000353
今已,英雄,0.419381,3.718029,2,43,16,0.003035,0.001129,0.000141
中原,瑶池,0.418258,3.997989,1,13,20,0.000918,0.001412,7.1e-05
楼上,楼前,0.418186,3.32426,5,75,34,0.005294,0.0024,0.000353
晚来,高秋,0.418077,3.706468,2,29,24,0.002047,0.001694,0.000141
红粉,翡翠,0.417777,3.534416,3,31,40,0.002188,0.002823,0.000212
承恩,紫微,0.417777,3.534416,3,31,40,0.002188,0.002823,0.000212
萧索,钓鱼,0.417777,3.534416,3,40,31,0.002823,0.002188,0.000212
天上,瑶池,0.417694,3.320346,5,128,20,0.009035,0.001412,0.000353
猿啼,阳台,0.417586,3.532805,3,46,27,0.003247,0.001906,0.000212
汉宫,玉堂,0.41743,3.700737,2,28,25,0.001976,0.001765,0.000141
蛟龙,饮酒,0.417415,3.411271,4,34,55,0.0024,0.003882,0.000282
梧桐,清明,0.417284,3.410202,4,48,39,0.003388,0.002753,0.000282
富贵,英雄,0.417017,3.527985,3,78,16,0.005506,0.001129,0.000212
多少,须臾,0.417008,3.314892,5,33,78,0.002329,0.005506,0.000353
日月,昆仑,0.416851,3.117724,8,152,33,0.010729,0.002329,0.000565
宫中,梨花,0.416762,3.405938,4,47,40,0.003318,0.002823,0.000282
今年,寒食,0.416475,3.021979,10,100,69,0.007059,0.00487,0.000706
宫中,忆昔,0.416471,3.310628,5,47,55,0.003318,0.003882,0.000353
无力,有情,0.416113,3.400633,4,35,54,0.002471,0.003812,0.000282
世人,物外,0.416113,3.400633,4,70,27,0.004941,0.001906,0.000282
丹砂,鬼神,0.415886,3.518416,3,35,36,0.002471,0.002541,0.000212
读书,闭门,0.415846,3.229841,6,57,59,0.004023,0.004165,0.000424
得意,美人,0.415791,3.165319,7,45,93,0.003176,0.006565,0.000494
杜陵,青门,0.414186,3.384884,4,40,48,0.002823,0.003388,0.000282
梧桐,萧索,0.414186,3.384884,4,48,40,0.003388,0.002823,0.000282
神仙,英雄,0.414024,3.502668,3,80,16,0.005647,0.001129,0.000212
星辰,消息,0.413931,3.382803,4,37,52,0.002612,0.003671,0.000282
所以,骨肉,0.413424,3.378654,4,42,46,0.002965,0.003247,0.000282
功成,圣人,0.413288,3.496437,3,46,28,0.003247,0.001976,0.000212
汉宫,绮罗,0.413006,3.661517,2,28,26,0.001976,0.001835,0.000141
吾道,衣冠,0.413006,3.661517,2,28,26,0.001976,0.001835,0.000141
愁人,青楼,0.412684,3.280524,5,72,37,0.005082,0.002612,0.000353
夜长,昔时,0.412373,3.488703,3,59,22,0.004165,0.001553,0.000212
宛转,霓裳,0.412289,3.36938,4,50,39,0.003529,0.002753,0.000282
双飞,风动,0.41201,3.485626,3,31,42,0.002188,0.002965,0.000212
咫尺,蓬莱,0.411744,3.273045,5,44,61,0.003106,0.004306,0.000353
日照,清晨,0.411738,3.483325,3,45,29,0.003176,0.002047,0.000212
梨花,肠断,0.411663,3.364265,4,40,49,0.002823,0.003459,0.000282
桃源,武陵,0.411165,3.360192,4,48,41,0.003388,0.002894,0.000282
九衢,瑶池,0.411162,3.645168,2,37,20,0.002612,0.001412,0.000141
星辰,瑶池,0.411162,3.645168,2,37,20,0.002612,0.001412,0.000141
微风,细雨,0.410916,3.358161,4,58,34,0.004094,0.0024,0.000282
山川,消息,0.410704,3.071748,8,101,52,0.007129,0.003671,0.000565
万户,玉楼,0.410554,3.639777,2,31,24,0.002188,0.001694,0.000141
承恩,玉楼,0.410554,3.639777,2,31,24,0.002188,0.001694,0.000141
千古,自然,0.410421,3.354113,4,33,60,0.002329,0.004235,0.000282
丹青,君恩,0.410387,3.471896,3,33,40,0.002329,0.002823,0.000212
单于,走马,0.410174,3.352095,4,31,64,0.002188,0.004518,0.000282
北阙,南宫,0.410174,3.352095,4,31,64,0.002188,0.004518,0.000282
宫中,美人,0.410079,3.121834,7,47,93,0.003318,0.006565,0.000494
神仙,蛟龙,0.410067,3.259721,5,80,34,0.005647,0.0024,0.000353
男儿,蛟龙,0.409851,3.467361,3,39,34,0.002753,0.0024,0.000212
劝君,自然,0.409242,3.178548,6,59,60,0.004165,0.004235,0.000424
十里,飘飖,0.409191,3.344062,4,50,40,0.003529,0.002823,0.000282
往事,旧游,0.40917,3.177983,6,46,77,0.003247,0.005435,0.000424
梦魂,青天,0.40914,3.461346,3,23,58,0.001623,0.004094,0.000212
劝君,蛟龙,0.408824,3.341067,4,59,34,0.004165,0.0024,0.000282
窈窕,风动,0.408749,3.623776,2,18,42,0.001271,0.002965,0.000141
中原,昔时,0.408287,3.902679,1,13,22,0.000918,0.001553,7.1e-05
百花,行乐,0.408216,3.336094,4,56,36,0.003953,0.002541,0.000282
富贵,读书,0.407844,3.104821,7,78,57,0.005506,0.004023,0.000494
武陵,溪水,0.407468,3.447203,3,41,33,0.002894,0.002329,0.000212
姓名,梦魂,0.407119,3.444251,3,59,23,0.004165,0.001623,0.000212
梦魂,生死,0.407119,3.444251,3,23,59,0.001623,0.004165,0.000212
北风,马嘶,0.406768,3.32426,4,68,30,0.0048,0.002118,0.000282
日落,远近,0.406768,3.32426,4,34,60,0.0024,0.004235,0.000282
万年,双阙,0.406511,3.439106,3,44,31,0.003106,0.002188,0.000212
城下,武陵,0.406169,3.31937,4,50,41,0.003529,0.002894,0.000282
行乐,鹧鸪,0.406165,3.436178,3,36,38,0.002541,0.002682,0.000212
干戈,河汉,0.405949,3.598955,2,25,31,0.001765,0.002188,0.000141
宫殿,干戈,0.405949,3.598955,2,31,25,0.002188,0.001765,0.000141
春雨,玉堂,0.405949,3.598955,2,31,25,0.002188,0.001765,0.000141
曲江,杏花,0.40556,3.087429,7,87,52,0.006141,0.003671,0.000494
北斗,古今,0.40539,3.42962,3,27,51,0.001906,0.0036,0.000212
他日,物外,0.40539,3.42962,3,51,27,0.0036,0.001906,0.000212
丹砂,姓名,0.405277,3.312079,4,35,59,0.002471,0.004165,0.000282
丹砂,寻常,0.405277,3.312079,4,35,59,0.002471,0.004165,0.000282
未央,瑶池,0.405224,3.592524,2,39,20,0.002753,0.001412,0.000141
中原,九重,0.405224,3.592524,2,13,60,0.000918,0.004235,0.000141
瑶池,男儿,0.405224,3.592524,2,20,39,0.001412,0.002753,0.000141
红粉,芙蓉,0.405021,3.145758,6,31,118,0.002188,0.008329,0.000424
南北,生死,0.405009,3.083238,7,77,59,0.005435,0.004165,0.000494
玉楼,芙蓉,0.404991,3.21937,5,24,118,0.001694,0.008329,0.000353
古来,英雄,0.404647,3.587409,2,49,16,0.003459,0.001129,0.000141
当年,蛟龙,0.403939,3.41735,3,41,34,0.002894,0.0024,0.000212
九天,道士,0.403939,3.41735,3,34,41,0.0024,0.002894,0.000212
东西,远近,0.403924,2.892408,11,144,60,0.010164,0.004235,0.000776
年少,须臾,0.403776,2.929836,10,97,78,0.006847,0.005506,0.000706
万物,自言,0.403746,3.299567,4,51,41,0.0036,0.002894,0.000282
中原,梦魂,0.403636,3.858227,1,13,23,0.000918,0.001623,7.1e-05
登临,高秋,0.403502,3.577256,2,33,24,0.002329,0.001694,0.000141
依稀,咸阳,0.403432,3.413055,3,35,40,0.002471,0.002823,0.000212
无力,翡翠,0.403432,3.413055,3,35,40,0.002471,0.002823,0.000212
中原,蓬莱,0.40336,3.575995,2,13,61,0.000918,0.004306,0.000141
意气,苍茫,0.403094,3.410202,3,36,39,0.002541,0.002753,0.000212
北斗,楚水,0.403094,3.410202,3,27,52,0.001906,0.003671,0.000212
巫山,陌上,0.403094,3.410202,3,26,54,0.001835,0.003812,0.000212
鸳鸯,鹦鹉,0.402877,3.202563,5,64,45,0.004518,0.003176,0.000353
金谷,陌上,0.402872,3.292419,4,39,54,0.002753,0.003812,0.000282
自然,造化,0.402857,3.128951,6,60,62,0.004235,0.004376,0.000424
歌舞,青楼,0.402698,3.290996,4,57,37,0.004023,0.002612,0.000282
乾坤,劝君,0.402397,3.198751,5,49,59,0.003459,0.004165,0.000353
瑶池,飘飖,0.402368,3.567206,2,20,40,0.001412,0.002823,0.000141
世人,神仙,0.402126,3.00759,8,70,80,0.004941,0.005647,0.000565
生死,鬼神,0.40183,3.283909,4,59,36,0.004165,0.002541,0.000282
宛转,花枝,0.401822,3.120919,6,50,75,0.003529,0.005294,0.000424
东海,古来,0.401672,3.398167,3,29,49,0.002047,0.003459,0.000212
月光,梦魂,0.401666,3.560975,2,35,23,0.002471,0.001623,0.000141
梦魂,阑干,0.401666,3.560975,2,23,35,0.001623,0.002471,0.000141
皎然,知己,0.401558,3.838359,1,5,61,0.000353,0.004306,7.1e-05
千秋,绮罗,0.401526,3.559734,2,31,26,0.002188,0.001835,0.000141
空馀,衣冠,0.401526,3.559734,2,31,26,0.002188,0.001835,0.000141
消息,道士,0.40137,3.280149,4,52,41,0.003671,0.002894,0.000282
两相,单于,0.401257,3.394654,3,46,31,0.003247,0.002188,0.000212
松风,逍遥,0.401256,3.279212,4,22,97,0.001553,0.006847,0.000282
楼前,风动,0.401091,3.393253,3,34,42,0.0024,0.002965,0.000212
婵娟,月落,0.400626,3.27407,4,55,39,0.003882,0.002753,0.000282
忆昔,男儿,0.400626,3.27407,4,55,39,0.003882,0.002753,0.000282
男儿,饮酒,0.400626,3.27407,4,39,55,0.002753,0.003882,0.000282
丹砂,自言,0.400513,3.388363,3,35,41,0.002471,0.002894,0.000212
丹砂,道士,0.400513,3.388363,3,35,41,0.002471,0.002894,0.000212
昔时,青楼,0.400411,3.549857,2,22,37,0.001553,0.002612,0.000141
九重,乾坤,0.400283,3.181944,5,60,49,0.004235,0.003459,0.000353
九天,玉楼,0.400135,3.547403,2,34,24,0.0024,0.001694,0.000141
弟子,黄鹤,0.400135,3.547403,2,34,24,0.0024,0.001694,0.000141
咸阳,故乡,0.400117,3.107674,6,40,95,0.002823,0.006706,0.000424
梨花,行乐,0.400102,3.384884,3,40,36,0.002823,0.002541,0.000212
秋声,鹧鸪,0.399774,3.382111,3,38,38,0.002682,0.002682,0.000212
出入,蛾眉,0.399434,3.264328,4,38,57,0.002682,0.004023,0.000282
晚来,随风,0.399284,3.377964,3,29,50,0.002047,0.003529,0.000212
双阙,雨露,0.399209,3.262483,4,31,70,0.002188,0.004941,0.000282
君王,承恩,0.399209,3.262483,4,70,31,0.004941,0.002188,0.000282
登临,黄花,0.399121,3.376586,3,33,44,0.002329,0.003106,0.000212
九天,白玉,0.398871,3.259721,4,34,64,0.0024,0.004518,0.000282
日月,生死,0.39872,2.855148,11,152,59,0.010729,0.004165,0.000776
八月,千秋,0.398715,3.373148,3,47,31,0.003318,0.002188,0.000212
万户,宫中,0.398715,3.373148,3,31,47,0.002188,0.003318,0.000212
有情,阳台,0.398633,3.372462,3,54,27,0.003812,0.001906,0.000212
鬼神,鱼龙,0.398488,3.532805,2,36,23,0.002541,0.001623,0.000141
千载,阳台,0.398254,3.254679,4,81,27,0.005718,0.001906,0.000282
乾坤,等闲,0.398204,3.165414,5,49,61,0.003459,0.004306,0.000353
神仙,自然,0.397781,3.02821,7,80,60,0.005647,0.004235,0.000494
湘水,苍梧,0.397751,3.250572,4,61,36,0.004306,0.002541,0.000282
君恩,忆昔,0.397528,3.248752,4,40,55,0.002823,0.003882,0.000282
两相,云飞,0.397504,3.362906,3,46,32,0.003247,0.002259,0.000212
红粉,高台,0.397269,3.521994,2,31,27,0.002188,0.001906,0.000141
松柏,玉堂,0.397263,3.36087,3,59,25,0.004165,0.001765,0.000212
东海,千年,0.397236,3.085294,6,29,134,0.002047,0.009459,0.000424
当年,行乐,0.397183,3.360192,3,41,36,0.002894,0.002541,0.000212
当年,意气,0.397183,3.360192,3,41,36,0.002894,0.002541,0.000212
白马,雨雪,0.396918,3.243765,4,67,33,0.004729,0.002329,0.000282
依稀,玉楼,0.396865,3.518416,2,35,24,0.002471,0.001694,0.000141
梨花,罗衣,0.396865,3.518416,2,40,21,0.002823,0.001482,0.000141
玉楼,阑干,0.396865,3.518416,2,24,35,0.001694,0.002471,0.000141
吾道,路岐,0.396865,3.518416,2,28,30,0.001976,0.002118,0.000141
星辰,紫微,0.396863,3.357486,3,37,40,0.002612,0.002823,0.000212
壮士,黄金,0.396773,3.081698,6,26,150,0.001835,0.010588,0.000424
巫峡,汀洲,0.396704,3.356135,3,39,38,0.002753,0.002682,0.000212
月落,鹧鸪,0.396704,3.356135,3,39,38,0.002753,0.002682,0.000212
封侯,读书,0.396704,3.356135,3,26,57,0.001835,0.004023,0.000212
太平,阳城,0.396256,3.238352,4,39,57,0.002753,0.004023,0.000282
云雨,巫峡,0.395993,3.147838,5,78,39,0.005506,0.002753,0.000353
云雨,月落,0.395993,3.147838,5,78,39,0.005506,0.002753,0.000353
百花,草色,0.395825,3.013321,7,56,87,0.003953,0.006141,0.000494
凤凰,宫殿,0.395761,3.234312,4,72,31,0.005082,0.002188,0.000282
春深,莺啼,0.395592,3.346733,3,44,34,0.003106,0.0024,0.000212
人家,衣冠,0.395542,3.232521,4,86,26,0.00607,0.001835,0.000282
干戈,苍生,0.39553,3.506581,2,25,34,0.001765,0.0024,0.000141
九重,干戈,0.395277,3.344062,3,60,25,0.004235,0.001765,0.000212
出入,生死,0.395214,3.229841,4,38,59,0.002682,0.004165,0.000282
中原,金陵,0.394913,3.774845,1,13,25,0.000918,0.001765,7.1e-05
中原,干戈,0.394913,3.774845,1,13,25,0.000918,0.001765,7.1e-05
人情,路难,0.394883,3.340735,3,43,35,0.003035,0.002471,0.000212
宁知,走马,0.394758,3.138024,5,48,64,0.003388,0.004518,0.000353
乾坤,功成,0.394561,3.224503,4,49,46,0.003459,0.003247,0.000282
无情,有情,0.394513,3.136073,5,57,54,0.004023,0.003812,0.000353
丹青,绮罗,0.394473,3.497214,2,33,26,0.002329,0.001835,0.000141
圣主,封侯,0.394473,3.497214,2,33,26,0.002329,0.001835,0.000141
丹青,岁寒,0.394473,3.497214,2,33,26,0.002329,0.001835,0.000141
松风,霓裳,0.394473,3.497214,2,22,39,0.001553,0.002753,0.000141
中原,黄河,0.394473,3.497214,2,13,66,0.000918,0.004659,0.000141
登高,菊花,0.394399,3.223173,4,61,37,0.004306,0.002612,0.000282
北斗,月色,0.394335,3.336094,3,27,56,0.001906,0.003953,0.000212
断肠,绿杨,0.394128,3.22096,4,58,39,0.004094,0.002753,0.000282
功成,昆仑,0.393867,3.332134,3,46,33,0.003247,0.002329,0.000212
君王,蛾眉,0.393835,3.058884,6,70,57,0.004941,0.004023,0.000424
君王,歌舞,0.393835,3.058884,6,70,57,0.004941,0.004023,0.000424
乾坤,大道,0.393789,3.331475,3,49,31,0.003459,0.002188,0.000212
乔木,高秋,0.393687,3.490245,2,36,24,0.002541,0.001694,0.000141
红叶,黄鹤,0.393687,3.490245,2,36,24,0.002541,0.001694,0.000141
云飞,物外,0.393687,3.490245,2,32,27,0.002259,0.001906,0.000141
叹息,美人,0.393545,3.05663,6,43,93,0.003035,0.006565,0.000424
干戈,蓬莱,0.393323,3.327533,3,25,61,0.001765,0.004306,0.000212
帝乡,相识,0.393319,3.214351,4,33,69,0.002329,0.00487,0.000282
双飞,圣人,0.393166,3.485626,2,31,28,0.002188,0.001976,0.000141
从军,路傍,0.392936,3.32426,3,45,34,0.003176,0.0024,0.000212
潇湘,鸳鸯,0.392629,2.988989,7,78,64,0.005506,0.004518,0.000494
岁寒,松柏,0.392627,3.321649,3,26,59,0.001835,0.004165,0.000212
玉楼,鸳鸯,0.392473,3.320346,3,24,64,0.001694,0.004518,0.000212
光辉,青楼,0.392409,3.206913,4,62,37,0.004376,0.002612,0.000282
出入,梦魂,0.392389,3.478737,2,38,23,0.002682,0.001623,0.000141
梦魂,游子,0.392389,3.478737,2,23,38,0.001623,0.002682,0.000141
清秋,鱼龙,0.392389,3.478737,2,38,23,0.002682,0.001623,0.000141
梦魂,秋声,0.392389,3.478737,2,23,38,0.001623,0.002682,0.000141
蛾眉,阳台,0.392243,3.318395,3,57,27,0.004023,0.001906,0.000212
读书,饮酒,0.392204,3.117724,5,57,55,0.004023,0.003882,0.000353
君王,昔时,0.392166,3.317745,3,70,22,0.004941,0.001553,0.000212
丹砂,公卿,0.392166,3.317745,3,35,44,0.002471,0.003106,0.000212
古来,日出,0.392164,3.117405,5,49,64,0.003459,0.004518,0.000353
梦魂,裴回,0.392089,3.204301,4,23,100,0.001623,0.007059,0.000282
巫峡,来往,0.392036,3.203866,4,39,59,0.002753,0.004165,0.000282
意气,走马,0.391877,3.202563,4,36,64,0.002541,0.004518,0.000282
单于,城下,0.391401,3.311273,3,31,50,0.002188,0.003529,0.000212
朝廷,满地,0.391324,3.310628,3,33,47,0.002329,0.003318,0.000212
九天,衣冠,0.391106,3.467361,2,34,26,0.0024,0.001835,0.000141
中原,深处,0.391106,3.467361,2,13,68,0.000918,0.0048,0.000141
公子,青天,0.39103,3.195642,4,40,58,0.002823,0.004094,0.000282
帝城,春水,0.390924,3.194781,4,43,54,0.003035,0.003812,0.000282
中原,封侯,0.39081,3.735625,1,13,26,0.000918,0.001835,7.1e-05
微雨,秋声,0.390792,3.306125,3,41,38,0.002894,0.002682,0.000212
他人,等闲,0.390728,3.105991,5,52,61,0.003671,0.004306,0.000353
世上,等闲,0.390728,3.105991,5,52,61,0.003671,0.004306,0.000353
咸阳,未央,0.390641,3.304842,3,40,39,0.002823,0.002753,0.000212
圣朝,太平,0.390641,3.304842,3,40,39,0.002823,0.002753,0.000212
霓裳,飘飖,0.390641,3.304842,3,39,40,0.002753,0.002823,0.000212
男儿,紫微,0.390641,3.304842,3,39,40,0.002753,0.002823,0.000212
功成,蛟龙,0.390338,3.302281,3,46,34,0.003247,0.0024,0.000212
北斗,圣主,0.390216,3.459473,2,27,33,0.001906,0.002329,0.000141
丹青,阳台,0.390216,3.459473,2,33,27,0.002329,0.001906,0.000141
多少,阳台,0.390216,3.459473,2,33,27,0.002329,0.001906,0.000141
乾坤,云飞,0.390036,3.299727,3,49,32,0.003459,0.002259,0.000212
云飞,红尘,0.390036,3.299727,3,32,49,0.002259,0.003459,0.000212
云飞,仙人,0.390036,3.299727,3,32,49,0.002259,0.003459,0.000212
歌舞,百花,0.389938,3.099706,5,57,56,0.004023,0.003953,0.000353
先生,闻说,0.389832,3.027793,6,84,49,0.005929,0.003459,0.000424
梦魂,男儿,0.389459,3.452762,2,23,39,0.001623,0.002753,0.000141
梦魂,还家,0.389459,3.452762,2,23,39,0.001623,0.002753,0.000141
夫子,鱼龙,0.389459,3.452762,2,39,23,0.002753,0.001623,0.000141
世人,劝君,0.389395,3.024397,6,70,59,0.004941,0.004165,0.000424
清晨,红粉,0.389208,3.450535,2,29,31,0.002047,0.002188,0.000141
北阙,珍重,0.389208,3.450535,2,31,29,0.002188,0.002047,0.000141
行乐,金陵,0.389083,3.449423,2,36,25,0.002541,0.001765,0.000141
宫殿,山河,0.38906,3.29147,3,31,51,0.002188,0.0036,0.000212
劝君,千金,0.388938,3.178548,4,59,40,0.004165,0.002823,0.000282
意气,日斜,0.388836,3.289574,3,36,44,0.002541,0.003106,0.000212
乔木,咫尺,0.388836,3.289574,3,36,44,0.002541,0.003106,0.000212
多少,尚书,0.388836,3.289574,3,33,48,0.002329,0.003388,0.000212
松风,武陵,0.388832,3.447203,2,22,41,0.001553,0.002894,0.000141
巫山,湘水,0.388687,3.288312,3,26,61,0.001835,0.004306,0.000212
君家,忆昔,0.388679,3.176432,4,43,55,0.003035,0.003882,0.000282
江海,皎然,0.388666,3.715126,1,69,5,0.00487,0.000353,7.1e-05
东流,青楼,0.388524,3.175164,4,64,37,0.004518,0.002612,0.000282
故乡,日落,0.388449,3.087871,5,95,34,0.006706,0.0024,0.000353
菊花,重阳,0.388315,3.285165,3,37,43,0.002612,0.003035,0.000212
北斗,姓名,0.388166,3.283909,3,27,59,0.001906,0.004165,0.000212
秋声,自怜,0.387944,3.282027,3,38,42,0.002682,0.002965,0.000212
人世,自怜,0.387944,3.282027,3,38,42,0.002682,0.002965,0.000212
生死,饮酒,0.387866,3.083238,5,59,55,0.004165,0.003882,0.000353
中原,雨露,0.387836,3.438373,2,13,70,0.000918,0.004941,0.000141
九天,宫中,0.387796,3.280775,3,34,47,0.0024,0.003318,0.000212
台上,未央,0.387722,3.280149,3,41,39,0.002894,0.002753,0.000212
梨花,飘飖,0.387648,3.279524,3,40,40,0.002823,0.002823,0.000212
人世,高秋,0.387589,3.436178,2,38,24,0.002682,0.001694,0.000141
两相,他人,0.38729,3.16508,4,46,52,0.003247,0.003671,0.000282
昔时,零落,0.387205,3.275781,3,22,73,0.001553,0.005153,0.000212
中原,物外,0.386862,3.697884,1,13,27,0.000918,0.001906,7.1e-05
山头,窈窕,0.386849,3.42962,2,51,18,0.0036,0.001271,0.000141
巫峡,洞庭,0.386611,2.943179,7,39,134,0.002753,0.009459,0.000494
前程,梦魂,0.386604,3.427444,2,40,23,0.002823,0.001623,0.000141
圣朝,梦魂,0.386604,3.427444,2,40,23,0.002823,0.001623,0.000141
神仙,道士,0.386517,3.07251,5,80,41,0.005647,0.002894,0.000353
帝城,游人,0.386474,3.158413,4,43,56,0.003035,0.003953,0.000282
南国,圣主,0.386399,3.268955,3,49,33,0.003459,0.002329,0.000212
昆仑,红尘,0.386399,3.268955,3,33,49,0.002329,0.003459,0.000212
丹青,汉宫,0.386114,3.423106,2,33,28,0.002329,0.001976,0.000141
丹青,圣人,0.386114,3.423106,2,33,28,0.002329,0.001976,0.000141
圣人,昆仑,0.386114,3.423106,2,28,33,0.001976,0.002329,0.000141
昔时,苍苔,0.386114,3.423106,2,22,42,0.001553,0.002965,0.000141
单于,马嘶,0.385384,3.416633,2,31,30,0.002188,0.002118,0.000141
梦中,梦魂,0.385235,3.259109,3,71,23,0.005012,0.001623,0.000212
世人,蓬莱,0.385103,2.991061,6,70,61,0.004941,0.004306,0.000424
西山,风动,0.384873,3.256052,3,39,42,0.002753,0.002965,0.000212
太平,所以,0.384873,3.256052,3,39,42,0.002753,0.002965,0.000212
消息,鸳鸯,0.384689,3.057982,5,52,64,0.003671,0.004518,0.000353
苍茫,高秋,0.384659,3.410202,2,39,24,0.002753,0.001694,0.000141
封侯,意气,0.384659,3.410202,2,26,36,0.001835,0.002541,0.000141
玉楼,霓裳,0.384659,3.410202,2,24,39,0.001694,0.002753,0.000141
参差,梦魂,0.384425,3.055881,5,145,23,0.010235,0.001623,0.000353
依然,依稀,0.384369,3.251787,3,47,35,0.003318,0.002471,0.000212
自然,道士,0.38386,3.137048,4,60,41,0.004235,0.002894,0.000282
当年,梦魂,0.383818,3.402751,2,41,23,0.002894,0.001623,0.000141
梦魂,道士,0.383818,3.402751,2,23,41,0.001623,0.002894,0.000141
生死,英雄,0.383699,3.401692,2,59,16,0.004165,0.001129,0.000141
等闲,饮酒,0.383672,3.049901,5,61,55,0.004306,0.003882,0.000353
北斗,月光,0.383579,3.400633,2,27,35,0.001906,0.002471,0.000141
北斗,阑干,0.383579,3.400633,2,27,35,0.001906,0.002471,0.000141
中原,汉宫,0.383057,3.661517,1,13,28,0.000918,0.001976,7.1e-05
出入,干戈,0.382984,3.395356,2,38,25,0.002682,0.001765,0.000141
日照,青楼,0.382941,3.239702,3,45,37,0.003176,0.002612,0.000212
白马,青楼,0.382919,3.129354,4,67,37,0.004729,0.002612,0.000282
蛟龙,闻说,0.38287,3.239102,3,34,49,0.0024,0.003459,0.000212
乾坤,蛟龙,0.38287,3.239102,3,49,34,0.003459,0.0024,0.000212
宫殿,汉家,0.382869,3.128951,4,31,80,0.002188,0.005647,0.000282
御沟,楼前,0.382747,3.393253,2,28,34,0.001976,0.0024,0.000141
日斜,鹧鸪,0.382445,3.235507,3,44,38,0.003106,0.002682,0.000212
人世,公卿,0.382445,3.235507,3,38,44,0.002682,0.003106,0.000212
满地,独自,0.382328,3.124525,4,47,53,0.003318,0.003741,0.000282
人间,天上,0.382311,2.341535,31,330,128,0.023294,0.009035,0.002188
万国,有情,0.382304,3.234312,3,31,54,0.002188,0.003812,0.000212
管弦,霓裳,0.382256,3.038639,5,87,39,0.006141,0.002753,0.000353
东海,帝乡,0.382156,3.388014,2,29,33,0.002047,0.002329,0.000141
瑶池,笙歌,0.381881,3.230734,3,20,84,0.001412,0.005929,0.000212
宁知,路难,0.381881,3.230734,3,48,35,0.003388,0.002471,0.000212
君王,玉楼,0.381881,3.230734,3,70,24,0.004941,0.001694,0.000212
将军,英雄,0.381881,3.230734,3,105,16,0.007412,0.001129,0.000212
当年,等闲,0.381837,3.120519,4,41,61,0.002894,0.004306,0.000282
咸阳,玉楼,0.381803,3.384884,2,40,24,0.002823,0.001694,0.000141
桃源,瑶池,0.381803,3.384884,2,48,20,0.003388,0.001412,0.000141
玉楼,翡翠,0.381803,3.384884,2,24,40,0.001694,0.002823,0.000141
宫殿,春雨,0.381686,3.383843,2,31,31,0.002188,0.002188,0.000141
万国,双阙,0.381686,3.383843,2,31,31,0.002188,0.002188,0.000141
北阙,红粉,0.381686,3.383843,2,31,31,0.002188,0.002188,0.000141
万物,昆仑,0.38167,3.22895,3,51,33,0.0036,0.002329,0.000212
巫山,青楼,0.381568,3.382803,2,26,37,0.001835,0.002612,0.000141
丈夫,读书,0.381259,3.030713,5,60,57,0.004235,0.004023,0.000353
神仙,饮酒,0.381242,2.96107,6,80,55,0.005647,0.003882,0.000424
多情,无限,0.381219,2.902128,7,45,121,0.003176,0.008541,0.000494
所以,梦魂,0.3811,3.378654,2,42,23,0.002965,0.001623,0.000141
宛转,弟子,0.380482,3.218899,3,50,34,0.003529,0.0024,0.000212
苍梧,阳台,0.380402,3.372462,2,36,27,0.002541,0.001906,0.000141
先生,道士,0.380379,3.02372,5,84,41,0.005929,0.002894,0.000353
朝朝,梦魂,0.380343,3.217724,3,74,23,0.005223,0.001623,0.000212
今已,生死,0.380089,3.106227,4,43,59,0.003035,0.004165,0.000282
消息,肠断,0.379559,3.101901,4,52,49,0.003671,0.003459,0.000282
佳人,南国,0.379559,3.101901,4,52,49,0.003671,0.003459,0.000282
乾坤,消息,0.379559,3.101901,4,49,52,0.003459,0.003671,0.000282
瑶池,闻说,0.379477,3.364265,2,20,49,0.001412,0.003459,0.000141
古来,路难,0.379444,3.210115,3,49,35,0.003459,0.002471,0.000212
丹砂,乾坤,0.379444,3.210115,3,35,49,0.002471,0.003459,0.000212
昆仑,消息,0.379375,3.209532,3,33,52,0.002329,0.003671,0.000212
叹息,翡翠,0.379099,3.207203,3,43,40,0.003035,0.002823,0.000212
乾坤,天地,0.378852,2.788901,9,49,160,0.003459,0.011294,0.000635
九天,晚来,0.378789,3.358161,2,34,29,0.0024,0.002047,0.000141
歌舞,鹦鹉,0.378746,3.095251,4,57,45,0.004023,0.003176,0.000282
巫山,清秋,0.37856,3.356135,2,26,38,0.001835,0.002682,0.000141
出入,封侯,0.37856,3.356135,2,38,26,0.002682,0.001835,0.000141
海上,玉楼,0.378551,3.202563,3,72,24,0.005082,0.001694,0.000212
逢人,鬼神,0.378551,3.202563,3,48,36,0.003388,0.002541,0.000212
东流,高台,0.378551,3.202563,3,64,27,0.004518,0.001906,0.000212
秋色,阳台,0.378551,3.202563,3,64,27,0.004518,0.001906,0.000212
物外,白玉,0.378551,3.202563,3,27,64,0.001906,0.004518,0.000212
日月,梦魂,0.378494,3.008734,5,152,23,0.010729,0.001623,0.000353
牡丹,看花,0.378494,3.008734,5,38,92,0.002682,0.006494,0.000353
他乡,重阳,0.378446,3.355123,2,23,43,0.001623,0.003035,0.000141
梦魂,浮生,0.378446,3.355123,2,23,43,0.001623,0.003035,0.000141
昔时,鹦鹉,0.378332,3.354113,2,22,45,0.001553,0.003176,0.000141
从军,昔时,0.378332,3.354113,2,45,22,0.003176,0.001553,0.000141
松风,氛氲,0.378332,3.354113,2,22,45,0.001553,0.003176,0.000141
山河,路傍,0.378141,3.199097,3,51,34,0.0036,0.0024,0.000212
云飞,大道,0.378105,3.352095,2,32,31,0.002259,0.002188,0.000141
万国,欢娱,0.378005,3.197944,3,31,56,0.002188,0.003953,0.000212
双飞,花满,0.378005,3.197944,3,31,56,0.002188,0.003953,0.000212
年华,青楼,0.377801,3.196217,3,47,37,0.003318,0.002612,0.000212
分明,瑶池,0.377733,3.195642,3,87,20,0.006141,0.001412,0.000212
芳草,落花,0.377609,2.671118,12,140,84,0.009882,0.005929,0.000847
始知,所以,0.377347,2.999622,5,84,42,0.005929,0.002965,0.000353
青楼,高台,0.377311,3.345063,2,37,27,0.002612,0.001906,0.000141
公卿,姓名,0.377276,3.083238,4,44,59,0.003106,0.004165,0.000282
咫尺,寻常,0.377276,3.083238,4,44,59,0.003106,0.004165,0.000282
梨花,金陵,0.377199,3.344062,2,40,25,0.002823,0.001765,0.000141
客心,鹧鸪,0.377191,3.191055,3,46,38,0.003247,0.002682,0.000212
两相,羽翼,0.377191,3.191055,3,46,38,0.003247,0.002682,0.000212
人世,往事,0.377191,3.191055,3,38,46,0.002682,0.003247,0.000212
多少,江边,0.377123,3.190483,3,33,53,0.002329,0.003741,0.000212
山僧,鸟飞,0.377123,3.190483,3,53,33,0.003741,0.002329,0.000212
可惜,宛转,0.377087,3.081698,4,52,50,0.003671,0.003529,0.000282
风波,飘飖,0.377087,3.081698,4,65,40,0.004588,0.002823,0.000282
人归,杏花,0.377087,3.081698,4,50,52,0.003529,0.003671,0.000282
宛转,无力,0.377056,3.189912,3,50,35,0.003529,0.002471,0.000212
关山,秋月,0.376812,2.926669,6,66,69,0.004659,0.00487,0.000424
君子,大道,0.376728,2.92601,6,147,31,0.010376,0.002188,0.000424
太平,氛氲,0.376718,3.187059,3,39,45,0.002753,0.003176,0.000212
多情,金谷,0.376718,3.187059,3,45,39,0.003176,0.002753,0.000212
多情,断肠,0.376617,3.077859,4,45,58,0.003176,0.004094,0.000282
从容,圣人,0.376114,3.181944,3,63,28,0.004447,0.001976,0.000212
肠断,苍梧,0.376114,3.181944,3,49,36,0.003459,0.002541,0.000212
乾坤,鬼神,0.376114,3.181944,3,49,36,0.003459,0.002541,0.000212
登高,重阳,0.376009,3.072891,4,61,43,0.004306,0.003035,0.000282
歌舞,红粉,0.375913,3.180244,3,57,31,0.004023,0.002188,0.000212
单于,春光,0.375913,3.180244,3,31,57,0.002188,0.004023,0.000212
承恩,歌舞,0.375913,3.180244,3,31,57,0.002188,0.004023,0.000212
逶迤,鱼龙,0.375853,3.332134,2,44,23,0.003106,0.001623,0.000141
昔时,相访,0.375853,3.332134,2,22,46,0.001553,0.003247,0.000141
消息,渭水,0.375846,3.179679,3,52,34,0.003671,0.0024,0.000212
消息,蛟龙,0.375846,3.179679,3,52,34,0.003671,0.0024,0.000212
云雨,皎然,0.375839,3.592524,1,78,5,0.005506,0.000353,7.1e-05
巫山,巫峡,0.37563,3.33016,2,26,39,0.001835,0.002753,0.000141
中原,迢递,0.37563,3.33016,2,13,78,0.000918,0.005506,0.000141
中原,潇湘,0.37563,3.33016,2,13,78,0.000918,0.005506,0.000141
扬州,青楼,0.375312,3.175164,3,48,37,0.003388,0.002612,0.000212
昆仑,神仙,0.375219,3.066431,4,33,80,0.002329,0.005647,0.000282
今年,明年,0.375207,2.856359,7,100,57,0.007059,0.004023,0.000494
东南,风波,0.375099,2.913363,6,71,65,0.005012,0.004588,0.000424
丹青,有情,0.374914,3.171791,3,33,54,0.002329,0.003812,0.000212
寻常,等闲,0.374841,2.979697,5,59,61,0.004165,0.004306,0.000353
深处,绿杨,0.374664,3.061896,4,68,39,0.0048,0.002753,0.000282
云雨,蛟龙,0.374664,3.061896,4,78,34,0.005506,0.0024,0.000282
人世,江流,0.374649,3.169549,3,38,47,0.002682,0.003318,0.000212
万国,溪水,0.374634,3.321323,2,31,33,0.002188,0.002329,0.000141
万国,雨雪,0.374634,3.321323,2,31,33,0.002188,0.002329,0.000141
单于,帝乡,0.374634,3.321323,2,31,33,0.002188,0.002329,0.000141
万国,圣主,0.374634,3.321323,2,31,33,0.002188,0.002329,0.000141
生死,草绿,0.374526,3.060765,4,59,45,0.004165,0.003176,0.000282
出入,故乡,0.374457,2.976645,5,38,95,0.002682,0.006706,0.000353
明主,玉堂,0.374413,3.31937,2,41,25,0.002894,0.001765,0.000141
歌声,高台,0.374303,3.318395,2,38,27,0.002682,0.001906,0.000141
出入,北斗,0.374303,3.318395,2,38,27,0.002682,0.001906,0.000141
北斗,游子,0.374303,3.318395,2,27,38,0.001906,0.002682,0.000141
出入,高台,0.374303,3.318395,2,38,27,0.002682,0.001906,0.000141
歌声,阳台,0.374303,3.318395,2,38,27,0.002682,0.001906,0.000141
梦魂,潇湘,0.37412,3.16508,3,23,78,0.001623,0.005506,0.000212
中原,天下,0.37412,3.16508,3,13,138,0.000918,0.009741,0.000212
往事,绿杨,0.37412,3.16508,3,46,39,0.003247,0.002753,0.000212
衣裳,路长,0.373866,2.971947,5,93,39,0.006565,0.002753,0.000353
庭前,相知,0.373726,3.161741,3,45,40,0.003176,0.002823,0.000212
意气,青草,0.373726,3.161741,3,36,50,0.002541,0.003529,0.000212
宛转,行乐,0.373726,3.161741,3,50,36,0.003529,0.002541,0.000212
向东,鸡鸣,0.373726,3.161741,3,50,36,0.003529,0.002541,0.000212
月下,花前,0.373416,2.96837,5,70,52,0.004941,0.003671,0.000353
世上,世人,0.373416,2.96837,5,52,70,0.003671,0.004941,0.000353
咫尺,等闲,0.373196,3.049901,4,44,61,0.003106,0.004306,0.000282
分明,神仙,0.373057,2.790177,8,87,80,0.006141,0.005647,0.000565
昔年,登楼,0.372875,3.154545,3,37,49,0.002612,0.003459,0.000212
九衢,红尘,0.372875,3.154545,3,37,49,0.002612,0.003459,0.000212
承恩,芙蓉,0.372795,2.963437,5,31,118,0.002188,0.008329,0.000353
中原,汉家,0.372775,3.304842,2,13,80,0.000918,0.005647,0.000141
消息,瑶池,0.372775,3.304842,2,52,20,0.003671,0.001412,0.000141
宫中,裴回,0.37275,2.895112,6,47,100,0.003318,0.007059,0.000424
东南,出入,0.37256,3.044699,4,71,38,0.005012,0.002682,0.000282
自然,逍遥,0.37247,2.835525,7,60,97,0.004235,0.006847,0.000494
丈夫,从军,0.372469,3.043958,4,60,45,0.004235,0.003176,0.000282
月光,楚水,0.37242,3.150691,3,35,52,0.002471,0.003671,0.000212
丹砂,消息,0.37242,3.150691,3,35,52,0.002471,0.003671,0.000212
中原,单于,0.372409,3.559734,1,13,31,0.000918,0.002188,7.1e-05
中原,宫殿,0.372409,3.559734,1,13,31,0.000918,0.002188,7.1e-05
万国,中原,0.372409,3.559734,1,31,13,0.002188,0.000918,7.1e-05
中原,山高,0.372409,3.559734,1,13,31,0.000918,0.002188,7.1e-05
桃花,武陵,0.372339,2.891926,6,115,41,0.008117,0.002894,0.000424
万物,所思,0.372333,3.042847,4,51,53,0.0036,0.003741,0.000282
劝君,神仙,0.372203,2.890866,6,59,80,0.004165,0.005647,0.000424
生死,神仙,0.372203,2.890866,6,59,80,0.004165,0.005647,0.000424
东方,明主,0.372198,3.041738,4,66,41,0.004659,0.002894,0.000282
人世,桃源,0.37216,3.148496,3,38,48,0.002682,0.003388,0.000212
人世,名利,0.37216,3.148496,3,38,48,0.002682,0.003388,0.000212
从军,将军,0.372066,2.889807,6,45,105,0.003176,0.007412,0.000424
劝君,红粉,0.371836,3.145758,3,59,31,0.004165,0.002188,0.000212
宫殿,月夜,0.371836,3.145758,3,31,59,0.002188,0.004165,0.000212
大道,来往,0.371836,3.145758,3,31,59,0.002188,0.004165,0.000212
寻常,山高,0.371836,3.145758,3,59,31,0.004165,0.002188,0.000212
姓名,辛苦,0.371836,3.038786,4,59,46,0.004165,0.003247,0.000282
明时,金陵,0.371695,3.295272,2,42,25,0.002965,0.001765,0.000141
宫中,未央,0.371578,3.143574,3,47,39,0.003318,0.002753,0.000212
楼前,陌上,0.371385,3.141938,3,34,54,0.0024,0.003812,0.000212
北斗,还家,0.371373,3.292419,2,27,39,0.001906,0.002753,0.000141
北斗,未央,0.371373,3.292419,2,27,39,0.001906,0.002753,0.000141
苍茫,高台,0.371373,3.292419,2,39,27,0.002753,0.001906,0.000141
承恩,莺啼,0.371266,3.29147,2,31,34,0.002188,0.0024,0.000141
双飞,含情,0.371266,3.29147,2,31,34,0.002188,0.0024,0.000141
万国,渭水,0.371266,3.29147,2,31,34,0.002188,0.0024,0.000141
万年,造化,0.371207,3.033641,4,44,62,0.003106,0.004376,0.000282
公卿,相对,0.371207,3.033641,4,44,62,0.003106,0.004376,0.000282
桃花,英雄,0.371128,3.139762,3,115,16,0.008117,0.001129,0.000212
千门,玉楼,0.371052,3.289574,2,44,24,0.003106,0.001694,0.000141
云飞,帝乡,0.371052,3.289574,2,32,33,0.002259,0.002329,0.000141
宁知,昔时,0.371052,3.289574,2,48,22,0.003388,0.001553,0.000141
万年,玉楼,0.371052,3.289574,2,44,24,0.003106,0.001694,0.000141
云飞,昆仑,0.371052,3.289574,2,32,33,0.002259,0.002329,0.000141
今夜,八月,0.370918,2.948513,5,79,47,0.005576,0.003318,0.000353
明主,花间,0.370807,3.137048,3,41,45,0.002894,0.003176,0.000212
垂杨,梅花,0.370807,3.137048,3,41,45,0.002894,0.003176,0.000212
武陵,花间,0.370807,3.137048,3,41,45,0.002894,0.003176,0.000212
从军,自言,0.370807,3.137048,3,45,41,0.003176,0.002894,0.000212
巫山,微雨,0.369989,3.280149,2,26,41,0.001835,0.002894,0.000141
叶落,封侯,0.369989,3.280149,2,41,26,0.002894,0.001835,0.000141
九重,北阙,0.36985,3.128951,3,60,31,0.004235,0.002188,0.000212
相知,相识,0.36978,3.021979,4,40,69,0.002823,0.00487,0.000282
九重,功成,0.36978,3.021979,4,60,46,0.004235,0.003247,0.000282
功成,自然,0.36978,3.021979,4,46,60,0.003247,0.004235,0.000282
古来,歌声,0.369723,3.127876,3,49,38,0.003459,0.002682,0.000212
山川,生死,0.36937,2.811923,7,101,59,0.007129,0.004165,0.000494
东海,星辰,0.369251,3.273604,2,29,37,0.002047,0.002612,0.000141
千古,始知,0.369249,3.017641,4,33,84,0.002329,0.005929,0.000282
男儿,逢人,0.36909,3.12252,3,39,48,0.002753,0.003388,0.000212
封侯,英雄,0.369087,3.527985,1,26,16,0.001835,0.001129,7.1e-05
壮士,英雄,0.369087,3.527985,1,26,16,0.001835,0.001129,7.1e-05
中原,云飞,0.369087,3.527985,1,13,32,0.000918,0.002259,7.1e-05
叹息,干戈,0.369041,3.271742,2,43,25,0.003035,0.001765,0.000141
始知,得意,0.368668,2.930629,5,84,45,0.005929,0.003176,0.000353
蓬莱,造化,0.368602,2.9301,5,61,62,0.004306,0.004376,0.000353
梧桐,黄金,0.368524,2.756276,8,48,150,0.003388,0.010588,0.000565
北斗,圣朝,0.368518,3.267101,2,27,40,0.001906,0.002823,0.000141
宫中,梦魂,0.368413,3.266176,2,47,23,0.003318,0.001623,0.000141
古来,读书,0.368325,3.010093,4,49,57,0.003459,0.004023,0.000282
古来,蛾眉,0.368325,3.010093,4,49,57,0.003459,0.004023,0.000282
红尘,阳城,0.368325,3.010093,4,49,57,0.003459,0.004023,0.000282
东海,风波,0.368272,3.1156,3,29,65,0.002047,0.004588,0.000212
叶落,猿啼,0.368209,3.115069,3,41,46,0.002894,0.003247,0.000212
猿声,草色,0.368122,2.85917,6,56,87,0.003953,0.006141,0.000424
云飞,姓名,0.368084,3.11401,3,32,59,0.002259,0.004165,0.000212
云飞,劝君,0.368084,3.11401,3,32,59,0.002259,0.004165,0.000212
丹砂,神仙,0.368019,3.00759,4,35,80,0.002471,0.005647,0.000282
依稀,红粉,0.367997,3.262483,2,35,31,0.002471,0.002188,0.000141
丹砂,大道,0.367997,3.262483,2,35,31,0.002471,0.002188,0.000141
神仙,蓬莱,0.367911,2.85753,6,80,61,0.005647,0.004306,0.000424
山高,等闲,0.367896,3.112422,3,31,61,0.002188,0.004306,0.000212
尘埃,满地,0.367773,2.923512,5,81,47,0.005718,0.003318,0.000353
相访,蓬莱,0.367757,3.00545,4,46,61,0.003247,0.004306,0.000282
楼台,蓬莱,0.367757,3.00545,4,46,61,0.003247,0.004306,0.000282
楼台,等闲,0.367757,3.00545,4,46,61,0.003247,0.004306,0.000282
九天,云飞,0.367685,3.259721,2,34,32,0.0024,0.002259,0.000141
潇湘,苍梧,0.36767,3.004737,4,78,36,0.005506,0.002541,0.000282
凤凰,未央,0.36767,3.004737,4,72,39,0.005082,0.002753,0.000282
溪水,雨雪,0.367582,3.258803,2,33,33,0.002329,0.002329,0.000141
圣主,雨雪,0.367582,3.258803,2,33,33,0.002329,0.002329,0.000141
宛转,鹧鸪,0.367335,3.107674,3,50,38,0.003529,0.002682,0.000212
尘土,鹧鸪,0.367335,3.107674,3,50,38,0.003529,0.002682,0.000212
日出,枕上,0.367322,3.001892,4,64,44,0.004518,0.003106,0.000282
御沟,金谷,0.367271,3.256052,2,28,39,0.001976,0.002753,0.000141
圣人,太平,0.367271,3.256052,2,28,39,0.001976,0.002753,0.000141
中原,先生,0.367271,3.256052,2,13,84,0.000918,0.005929,0.000141
太平,红尘,0.366652,3.101901,3,39,49,0.002753,0.003459,0.000212
圣主,青天,0.366467,3.100332,3,33,58,0.002329,0.004094,0.000212
瑶池,饮酒,0.366448,3.248752,2,20,55,0.001412,0.003882,0.000141
向东,昔时,0.366448,3.248752,2,50,22,0.003529,0.001553,0.000141
咫尺,干戈,0.366448,3.248752,2,44,25,0.003106,0.001765,0.000141
题诗,饮酒,0.36636,2.91228,5,70,55,0.004941,0.003882,0.000353
清晨,游子,0.366243,3.246936,2,29,38,0.002047,0.002682,0.000141
翡翠,青门,0.366097,3.097202,3,40,48,0.002823,0.003388,0.000212
前程,行客,0.366097,3.097202,3,40,48,0.002823,0.003388,0.000212
宁知,梦魂,0.366038,3.245123,2,48,23,0.003388,0.001623,0.000141
梦魂,霄汉,0.366038,3.245123,2,23,48,0.001623,0.003388,0.000141
相识,英雄,0.366038,3.245123,2,69,16,0.00487,0.001129,0.000141
客心,黄鹤,0.366038,3.245123,2,46,24,0.003247,0.001694,0.000141
始知,生死,0.365921,2.842076,6,84,59,0.005929,0.004165,0.000424
圣人,天下,0.365903,2.90865,5,28,138,0.001976,0.009741,0.000353
千年,星辰,0.365869,2.841672,6,134,37,0.009459,0.002612,0.000424
中原,残阳,0.365868,3.497214,1,13,33,0.000918,0.002329,7.1e-05
中原,千古,0.365868,3.497214,1,13,33,0.000918,0.002329,7.1e-05
中原,雨雪,0.365868,3.497214,1,13,33,0.000918,0.002329,7.1e-05
中原,昆仑,0.365868,3.497214,1,13,33,0.000918,0.002329,7.1e-05
神仙,造化,0.365817,2.841269,6,80,62,0.005647,0.004376,0.000424
南北,干戈,0.36579,3.094602,3,77,25,0.005435,0.001765,0.000212
当年,物外,0.365732,3.242409,2,41,27,0.002894,0.001906,0.000141
宫中,道士,0.365667,3.093563,3,47,41,0.003318,0.002894,0.000212
先生,弟子,0.365596,2.987788,4,84,34,0.005929,0.0024,0.000282
可惜,婵娟,0.365425,2.986388,4,52,55,0.003671,0.003882,0.000282
叹息,得意,0.365177,3.08942,3,43,45,0.003035,0.003176,0.000212
叹息,日照,0.365177,3.08942,3,43,45,0.003035,0.003176,0.000212
东西,北斗,0.365124,2.902458,5,144,27,0.010164,0.001906,0.000353
天寒,罗衣,0.365123,3.237003,2,53,21,0.003741,0.001482,0.000141
石上,自言,0.364998,2.982898,4,70,41,0.004941,0.002894,0.000282
楼前,阳城,0.364994,3.087871,3,34,57,0.0024,0.004023,0.000212
含情,蛾眉,0.364994,3.087871,3,34,57,0.0024,0.004023,0.000212
秋雨,红粉,0.364819,3.234312,2,36,31,0.002541,0.002188,0.000141
乔木,山高,0.364819,3.234312,2,36,31,0.002541,0.002188,0.000141
河汉,苍梧,0.364819,3.234312,2,31,36,0.002188,0.002541,0.000141
大道,鬼神,0.364819,3.234312,2,31,36,0.002188,0.002541,0.000141
封侯,黄金,0.364737,2.899377,5,26,150,0.001835,0.010588,0.000353
叹息,壮士,0.364617,3.232521,2,43,26,0.003035,0.001835,0.000141
壮士,波涛,0.364617,3.232521,2,26,43,0.001835,0.003035,0.000141
海上,萧索,0.364572,2.979419,4,72,40,0.005082,0.002823,0.000282
纵横,自知,0.364543,2.897839,5,62,63,0.004376,0.004447,0.000353
姓名,帝乡,0.364446,3.083238,3,59,33,0.004165,0.002329,0.000212
昆仑,生死,0.364446,3.083238,3,33,59,0.002329,0.004165,0.000212
劝君,千古,0.364446,3.083238,3,59,33,0.004165,0.002329,0.000212
劝君,昆仑,0.364446,3.083238,3,59,33,0.004165,0.002329,0.000212
承恩,衣裳,0.364445,2.978378,4,31,93,0.002188,0.006565,0.000282
御沟,翡翠,0.364415,3.230734,2,28,40,0.001976,0.002823,0.000141
杜陵,汉宫,0.364415,3.230734,2,40,28,0.002823,0.001976,0.000141
汉宫,飘飖,0.364415,3.230734,2,28,40,0.001976,0.002823,0.000141
圣人,岐路,0.364415,3.230734,2,28,40,0.001976,0.002823,0.000141
君恩,吾道,0.364415,3.230734,2,40,28,0.002823,0.001976,0.000141
宛转,未央,0.364264,3.081698,3,50,39,0.003529,0.002753,0.000212
美人,陌上,0.364218,2.828847,6,93,54,0.006565,0.003812,0.000424
千古,苍生,0.364214,3.22895,2,33,34,0.002329,0.0024,0.000141
九天,朝廷,0.364214,3.22895,2,34,33,0.0024,0.002329,0.000141
千古,蛟龙,0.364214,3.22895,2,33,34,0.002329,0.0024,0.000141
昆仑,蛟龙,0.364214,3.22895,2,33,34,0.002329,0.0024,0.000141
千古,渭水,0.364214,3.22895,2,33,34,0.002329,0.0024,0.000141
九天,昆仑,0.364214,3.22895,2,34,33,0.0024,0.002329,0.000141
人生,富贵,0.364152,2.680687,9,112,78,0.007906,0.005506,0.000635
云飞,等闲,0.364143,3.080673,3,32,61,0.002259,0.004306,0.000212
万国,老去,0.364083,3.080161,3,31,63,0.002188,0.004447,0.000212
罗衣,美人,0.364083,3.080161,3,21,93,0.001482,0.006565,0.000212
日出,春来,0.363992,2.770987,7,64,97,0.004518,0.006847,0.000494
柳色,金陵,0.363913,3.226279,2,45,25,0.003176,0.001765,0.000141
南国,梦魂,0.363713,3.224503,2,49,23,0.003459,0.001623,0.000141
他乡,月满,0.363713,3.224503,2,23,49,0.001623,0.003459,0.000141
江流,黄鹤,0.363613,3.223616,2,47,24,0.003318,0.001694,0.000141
山川,路长,0.363485,2.889426,5,101,39,0.007129,0.002753,0.000353
中原,分明,0.363313,3.22096,2,13,87,0.000918,0.006141,0.000141
台上,水清,0.363178,3.07251,3,41,48,0.002894,0.003388,0.000212
桃源,道士,0.363178,3.07251,3,48,41,0.003388,0.002894,0.000212
叶落,梧桐,0.363178,3.07251,3,41,48,0.002894,0.003388,0.000212
尘埃,鬼神,0.363052,2.966997,4,81,36,0.005718,0.002541,0.000282
北斗,所以,0.363014,3.218311,2,27,42,0.001906,0.002965,0.000141
宫中,明时,0.362818,3.069466,3,47,42,0.003318,0.002965,0.000212
关山,远近,0.362816,2.884109,5,66,60,0.004659,0.004235,0.000353
中原,九天,0.362745,3.467361,1,13,34,0.000918,0.0024,7.1e-05
中原,蛟龙,0.362745,3.467361,1,13,34,0.000918,0.0024,7.1e-05
帝城,猿啼,0.362579,3.067441,3,43,46,0.003035,0.003247,0.000212
关山,马嘶,0.36246,3.066431,3,66,30,0.004659,0.002118,0.000212
帝乡,远近,0.36246,3.066431,3,33,60,0.002329,0.004235,0.000212
日斜,草绿,0.36246,3.066431,3,44,45,0.003106,0.003176,0.000212
昆仑,自然,0.36246,3.066431,3,33,60,0.002329,0.004235,0.000212
汀洲,洞庭,0.362435,2.815004,6,38,134,0.002682,0.009459,0.000424
逍遥,道士,0.362277,2.879825,5,97,41,0.006847,0.002894,0.000353
万物,须臾,0.362246,2.879574,5,51,78,0.0036,0.005506,0.000353
承恩,鸳鸯,0.362221,3.064413,3,31,64,0.002188,0.004518,0.000212
承恩,日出,0.362221,3.064413,3,31,64,0.002188,0.004518,0.000212
双阙,白玉,0.362221,3.064413,3,31,64,0.002188,0.004518,0.000212
不归,落叶,0.36206,2.756276,7,84,75,0.005929,0.005294,0.000494
明时,水流,0.362049,2.9588,4,42,70,0.002965,0.004941,0.000282
丹砂,先生,0.362049,2.9588,4,35,84,0.002471,0.005929,0.000282
乾坤,自然,0.362049,2.9588,4,49,60,0.003459,0.004235,0.000282
昔时,消息,0.362024,3.209532,2,22,52,0.001553,0.003671,0.000141
咫尺,岁寒,0.362024,3.209532,2,44,26,0.003106,0.001835,0.000141
他日,到处,0.361924,3.061896,3,51,39,0.0036,0.002753,0.000212
往事,江湖,0.361883,2.95744,4,46,64,0.003247,0.004518,0.000282
功成,白玉,0.361883,2.95744,4,46,64,0.003247,0.004518,0.000282
天子,汉家,0.361823,2.590933,11,146,80,0.010306,0.005647,0.000776
九衢,春雨,0.361729,3.206913,2,37,31,0.002612,0.002188,0.000141
大道,青楼,0.361729,3.206913,2,31,37,0.002188,0.002612,0.000141
暮雨,萧萧,0.361687,2.662538,9,64,139,0.004518,0.009812,0.000635
明主,汉宫,0.36163,3.206041,2,41,28,0.002894,0.001976,0.000141
吾道,自言,0.36163,3.206041,2,28,41,0.001976,0.002894,0.000141
歌舞,阑干,0.361568,3.058884,3,57,35,0.004023,0.002471,0.000212
玲珑,阑干,0.361568,3.058884,3,57,35,0.004023,0.002471,0.000212
玉树,玲珑,0.361568,3.058884,3,35,57,0.002471,0.004023,0.000212
明年,阑干,0.361568,3.058884,3,57,35,0.004023,0.002471,0.000212
无力,玲珑,0.361568,3.058884,3,35,57,0.002471,0.004023,0.000212
辛苦,金陵,0.361434,3.204301,2,46,25,0.003247,0.001765,0.000141
思归,梦魂,0.361434,3.204301,2,50,23,0.003529,0.001623,0.000141
功成,干戈,0.361434,3.204301,2,46,25,0.003247,0.001765,0.000141
他乡,满眼,0.361434,3.204301,2,23,50,0.001623,0.003529,0.000141
宛转,梦魂,0.361434,3.204301,2,50,23,0.003529,0.001623,0.000141
尘土,鱼龙,0.361434,3.204301,2,50,23,0.003529,0.001623,0.000141
干戈,相访,0.361434,3.204301,2,25,46,0.001765,0.003247,0.000141
他人,南北,0.361426,2.873059,5,52,77,0.003671,0.005435,0.000353
月夜,管弦,0.361403,2.806985,6,59,87,0.004165,0.006141,0.000424
万事,高台,0.36139,3.057381,3,74,27,0.005223,0.001906,0.000212
陌上,青楼,0.36139,3.057381,3,54,37,0.003812,0.002612,0.000212
吾道,英雄,0.361334,3.453877,1,28,16,0.001976,0.001129,7.1e-05
圣人,英雄,0.361334,3.453877,1,28,16,0.001976,0.001129,7.1e-05
翡翠,随风,0.361272,3.05638,3,40,50,0.002823,0.003529,0.000212
云飞,苍梧,0.361238,3.202563,2,32,36,0.002259,0.002541,0.000141
云飞,鬼神,0.361238,3.202563,2,32,36,0.002259,0.002541,0.000141
九衢,汉家,0.361219,2.95202,4,37,80,0.002612,0.005647,0.000282
万事,自由,0.361219,2.95202,4,74,40,0.005223,0.002823,0.000282
须臾,鹧鸪,0.361054,2.95067,4,78,38,0.005506,0.002682,0.000282
可惜,风烟,0.361054,2.95067,4,52,57,0.003671,0.004023,0.000282
圣主,月光,0.360945,3.199962,2,33,35,0.002329,0.002471,0.000141
丹青,依稀,0.360945,3.199962,2,33,35,0.002329,0.002471,0.000141
丹砂,帝乡,0.360945,3.199962,2,35,33,0.002471,0.002329,0.000141
丹砂,思量,0.360945,3.199962,2,35,33,0.002471,0.002329,0.000141
丹砂,雨雪,0.360945,3.199962,2,35,33,0.002471,0.002329,0.000141
山色,泉声,0.36093,2.949658,4,69,43,0.00487,0.003035,0.000282
生死,路傍,0.360918,3.053385,3,59,34,0.004165,0.0024,0.000212
松柏,路傍,0.360918,3.053385,3,59,34,0.004165,0.0024,0.000212
凉风,皎然,0.360868,3.449423,1,90,5,0.006353,0.000353,7.1e-05
南国,垂杨,0.360741,3.051891,3,49,41,0.003459,0.002894,0.000212
古来,自言,0.360741,3.051891,3,49,41,0.003459,0.002894,0.000212
红尘,道士,0.360741,3.051891,3,49,41,0.003459,0.002894,0.000212
道士,闻说,0.360741,3.051891,3,41,49,0.002894,0.003459,0.000212
凄凉,千古,0.360506,3.049901,3,61,33,0.004306,0.002329,0.000212
千古,蓬莱,0.360506,3.049901,3,33,61,0.002329,0.004306,0.000212
昆仑,等闲,0.360506,3.049901,3,33,61,0.002329,0.004306,0.000212
他年,相送,0.360457,3.195642,2,20,58,0.001412,0.004094,0.000141
君恩,昔日,0.360457,3.195642,2,40,29,0.002823,0.002047,0.000141
晚来,翡翠,0.360457,3.195642,2,29,40,0.002047,0.002823,0.000141
珍重,相知,0.360457,3.195642,2,29,40,0.002047,0.002823,0.000141
斜阳,青天,0.360457,3.195642,2,20,58,0.001412,0.004094,0.000141
浮生,物外,0.36036,3.194781,2,43,27,0.003035,0.001906,0.000141
意气,百花,0.36033,3.048412,3,36,56,0.002541,0.003953,0.000212
猿声,苍梧,0.36033,3.048412,3,56,36,0.003953,0.002541,0.000212
凤凰,圣人,0.36033,3.048412,3,72,28,0.005082,0.001976,0.000212
所以,是非,0.360313,2.944615,4,42,71,0.002965,0.005012,0.000282
云间,帝城,0.360037,3.045935,3,47,43,0.003318,0.003035,0.000212
古来,等闲,0.360026,2.942271,4,49,61,0.003459,0.004306,0.000282
辛苦,风波,0.359985,2.941936,4,46,65,0.003247,0.004588,0.000282
咫尺,往事,0.359862,3.044452,3,44,46,0.003106,0.003247,0.000212
功成,咫尺,0.359862,3.044452,3,46,44,0.003247,0.003106,0.000212
白日,青天,0.359788,2.545055,12,230,58,0.016235,0.004094,0.000847
中原,风飘,0.359712,3.438373,1,13,35,0.000918,0.002471,7.1e-05
中原,丹砂,0.359712,3.438373,1,13,35,0.000918,0.002471,7.1e-05
太平,消息,0.359628,3.042478,3,39,52,0.002753,0.003671,0.000212
消息,男儿,0.359628,3.042478,3,52,39,0.003671,0.002753,0.000212
世上,男儿,0.359628,3.042478,3,52,39,0.003671,0.002753,0.000212
江城,绿水,0.359512,3.041492,3,70,29,0.004941,0.002047,0.000212
平生,相知,0.359506,2.646481,9,226,40,0.015953,0.002823,0.000635
巫山,梅花,0.359489,3.187059,2,26,45,0.001835,0.003176,0.000141
多情,巫山,0.359489,3.187059,2,45,26,0.003176,0.001835,0.000141
关河,夜雨,0.359489,3.187059,2,26,45,0.001835,0.003176,0.000141
夫子,马嘶,0.359489,3.187059,2,39,30,0.002753,0.002118,0.000141
生死,相识,0.359338,2.856465,5,59,69,0.004165,0.00487,0.000353
生涯,草色,0.359239,2.790177,6,60,87,0.004235,0.006141,0.000424
婵娟,青楼,0.359221,3.039032,3,55,37,0.003882,0.002612,0.000212
古今,生死,0.35921,2.935602,4,51,59,0.0036,0.004165,0.000282
古今,梦魂,0.3592,3.184498,2,51,23,0.0036,0.001623,0.000141
山头,鱼龙,0.3592,3.184498,2,51,23,0.0036,0.001623,0.000141
九重,白雪,0.359061,2.854256,5,60,68,0.004235,0.0048,0.000353
宫中,金陵,0.359008,3.182794,2,47,25,0.003318,0.001765,0.000141
从军,白马,0.358967,2.93361,4,45,67,0.003176,0.004729,0.000282
咸阳,山河,0.358931,3.036578,3,40,51,0.002823,0.0036,0.000212
古今,圣朝,0.358931,3.036578,3,51,40,0.0036,0.002823,0.000212
自然,蛟龙,0.358931,3.036578,3,60,34,0.004235,0.0024,0.000212
杏花,黄昏,0.358926,2.933278,4,52,58,0.003671,0.004094,0.000282
玉楼,肠断,0.358912,3.181944,2,24,49,0.001694,0.003459,0.000141
吾道,所以,0.358912,3.181944,2,28,42,0.001976,0.002965,0.000141
游子,红粉,0.35872,3.180244,2,38,31,0.002682,0.002188,0.000141
宫殿,秋声,0.35872,3.180244,2,31,38,0.002188,0.002682,0.000141
出入,大道,0.35872,3.180244,2,38,31,0.002682,0.002188,0.000141
深山,清净,0.358602,2.930629,4,63,48,0.004447,0.003388,0.000282
春色,鹦鹉,0.358599,2.850587,5,91,45,0.006423,0.003176,0.000353
昆仑,造化,0.358584,3.033641,3,33,62,0.002329,0.004376,0.000212
梦魂,瑶池,0.358569,3.427444,1,23,20,0.001623,0.001412,7.1e-05
云飞,白玉,0.358468,3.032664,3,32,64,0.002259,0.004518,0.000212
功名,当年,0.358353,3.031688,3,50,41,0.003529,0.002894,0.000212
思君,西风,0.358353,3.031688,3,41,50,0.002894,0.003529,0.000212
垂杨,随风,0.358353,3.031688,3,41,50,0.002894,0.003529,0.000212
人稀,明主,0.358353,3.031688,3,50,41,0.003529,0.002894,0.000212
天地,读书,0.358309,2.63767,9,160,57,0.011294,0.004023,0.000635
意气,歌舞,0.358238,3.030713,3,36,57,0.002541,0.004023,0.000212
苍梧,蛾眉,0.358238,3.030713,3,36,57,0.002541,0.004023,0.000212
出入,百里,0.358238,3.030713,3,38,54,0.002682,0.003812,0.000212
百里,秋声,0.358238,3.030713,3,54,38,0.003812,0.002682,0.000212
昔时,罗衣,0.358115,3.423106,1,22,21,0.001553,0.001482,7.1e-05
苍茫,迢递,0.357876,2.924694,4,39,78,0.002753,0.005506,0.000282
世间,瑶池,0.357778,3.026822,3,103,20,0.00727,0.001412,0.000212
昔时,百里,0.357767,3.171791,2,22,54,0.001553,0.003812,0.000141
多少,行乐,0.357767,3.171791,2,33,36,0.002329,0.002541,0.000141
朝廷,鬼神,0.357767,3.171791,2,33,36,0.002329,0.002541,0.000141
千古,鬼神,0.357767,3.171791,2,33,36,0.002329,0.002541,0.000141
含情,阑干,0.357577,3.170109,2,34,35,0.0024,0.002471,0.000141
弟子,月光,0.357577,3.170109,2,34,35,0.0024,0.002471,0.000141
弟子,阑干,0.357577,3.170109,2,34,35,0.0024,0.002471,0.000141
丹砂,九天,0.357577,3.170109,2,35,34,0.002471,0.0024,0.000141
生死,路难,0.357491,3.024397,3,59,35,0.004165,0.002471,0.000212
生死,风飘,0.357491,3.024397,3,59,35,0.004165,0.002471,0.000212
圣人,文章,0.357474,2.921413,4,28,109,0.001976,0.007694,0.000282
是非,波涛,0.357434,2.921085,4,71,43,0.005012,0.003035,0.000282
年华,日斜,0.35732,3.022946,3,47,44,0.003318,0.003106,0.000212
万物,丈夫,0.357154,2.918795,4,51,60,0.0036,0.004235,0.000282
九衢,欢娱,0.357091,3.021013,3,37,56,0.002612,0.003953,0.000212
梦魂,消息,0.35701,3.16508,2,23,52,0.001623,0.003671,0.000141
佳人,梦魂,0.35701,3.16508,2,52,23,0.003671,0.001623,0.000141
梦魂,楚水,0.35701,3.16508,2,23,52,0.001623,0.003671,0.000141
巫山,楼台,0.35701,3.16508,2,26,46,0.001835,0.003247,0.000141
猿啼,衣冠,0.35701,3.16508,2,46,26,0.003247,0.001835,0.000141
绮罗,近来,0.35701,3.16508,2,26,46,0.001835,0.003247,0.000141
所以,零落,0.356914,2.916836,4,42,73,0.002965,0.005153,0.000282
姓名,消息,0.356834,2.916184,4,59,52,0.004165,0.003671,0.000282
劝君,消息,0.356834,2.916184,4,59,52,0.004165,0.003671,0.000282
天涯,日斜,0.356828,2.716445,7,149,44,0.010517,0.003106,0.000494
中原,鬼神,0.356765,3.410202,1,13,36,0.000918,0.002541,7.1e-05
消息,翡翠,0.356636,3.01716,3,52,40,0.003671,0.002823,0.000212
尘土,高秋,0.356633,3.161741,2,50,24,0.003529,0.001694,0.000141
咸阳,马嘶,0.356633,3.161741,2,40,30,0.002823,0.002118,0.000141
干戈,水清,0.356633,3.161741,2,25,48,0.001765,0.003388,0.000141
丈夫,瑶池,0.356633,3.161741,2,60,20,0.004235,0.001412,0.000141
瑶池,自然,0.356633,3.161741,2,20,60,0.001412,0.004235,0.000141
垂杨,楼上,0.356555,2.913905,4,41,75,0.002894,0.005294,0.000282
云雨,山川,0.356492,2.666283,8,78,101,0.005506,0.007129,0.000565
青苔,黄叶,0.356436,2.91293,4,54,57,0.003812,0.004023,0.000282
万年,君王,0.356357,2.91228,4,44,70,0.003106,0.004941,0.000282
帝城,御沟,0.356258,3.158413,2,43,28,0.003035,0.001976,0.000141
孤舟,湘水,0.356188,2.711576,7,108,61,0.007623,0.004306,0.000494
微风,红叶,0.356182,3.013321,3,58,36,0.004094,0.002541,0.000212
草色,青门,0.356135,2.830999,5,87,48,0.006141,0.003388,0.000353
送客,马上,0.356079,2.91001,4,63,49,0.004447,0.003459,0.000282
世间,他人,0.355928,2.764457,6,103,52,0.00727,0.003671,0.000424
千秋,未央,0.35579,3.154269,2,31,39,0.002188,0.002753,0.000141
巫峡,烟雨,0.35579,3.154269,2,39,31,0.002753,0.002188,0.000141
承恩,未央,0.35579,3.154269,2,31,39,0.002188,0.002753,0.000141
万户,巫峡,0.35579,3.154269,2,31,39,0.002188,0.002753,0.000141
大道,绿杨,0.35579,3.154269,2,31,39,0.002188,0.002753,0.000141
双阙,太平,0.35579,3.154269,2,31,39,0.002188,0.002753,0.000141
万国,太平,0.35579,3.154269,2,31,39,0.002188,0.002753,0.000141
承恩,霓裳,0.35579,3.154269,2,31,39,0.002188,0.002753,0.000141
到处,山高,0.35579,3.154269,2,39,31,0.002753,0.002188,0.000141
千年,神仙,0.355755,2.581389,10,134,80,0.009459,0.005647,0.000706
闲居,风动,0.355505,3.00759,3,50,42,0.003529,0.002965,0.000212
丹砂,自然,0.355505,3.00759,3,35,60,0.002471,0.004235,0.000212
夜月,江流,0.355486,2.905163,4,66,47,0.004659,0.003318,0.000282
所以,百年,0.355414,2.825269,5,42,100,0.002965,0.007059,0.000353
九重,雨露,0.355414,2.825269,5,60,70,0.004235,0.004941,0.000353
白发,镜中,0.35537,2.578595,10,215,50,0.015176,0.003529,0.000706
多情,阳台,0.355232,3.149318,2,45,27,0.003176,0.001906,0.000141
临水,皎然,0.355212,3.395356,1,95,5,0.006706,0.000353,7.1e-05
北斗,潇湘,0.355167,3.004737,3,27,78,0.001906,0.005506,0.000212
巫峡,春水,0.355167,3.004737,3,39,54,0.002753,0.003812,0.000212
男儿,百里,0.355167,3.004737,3,39,54,0.002753,0.003812,0.000212
云飞,人世,0.355139,3.148496,2,32,38,0.002259,0.002682,0.000141
北风,单于,0.355055,3.003788,3,68,31,0.0048,0.002188,0.000212
丞相,九天,0.355055,3.003788,3,62,34,0.004376,0.0024,0.000212
蛟龙,造化,0.355055,3.003788,3,34,62,0.0024,0.004376,0.000212
九天,造化,0.355055,3.003788,3,34,62,0.0024,0.004376,0.000212
云雨,陌上,0.355055,2.822416,5,78,54,0.005506,0.003812,0.000353
白雪,造化,0.354936,2.821466,5,68,62,0.0048,0.004376,0.000353
东流,多少,0.354831,3.001892,3,64,33,0.004518,0.002329,0.000212
昆仑,白玉,0.354831,3.001892,3,33,64,0.002329,0.004518,0.000212
巫山,当时,0.354778,2.899377,4,26,120,0.001835,0.00847,0.000282
富贵,自由,0.354778,2.899377,4,78,40,0.005506,0.002823,0.000282
壮士,颜色,0.354778,2.899377,4,26,120,0.001835,0.00847,0.000282
翡翠,须臾,0.354778,2.899377,4,40,78,0.002823,0.005506,0.000282
世上,生涯,0.354778,2.899377,4,52,60,0.003671,0.004235,0.000282
他人,子孙,0.354778,2.899377,4,52,60,0.003671,0.004235,0.000282
他年,登高,0.354769,3.145212,2,20,61,0.001412,0.004306,0.000141
瑶池,蓬莱,0.354769,3.145212,2,20,61,0.001412,0.004306,0.000141
多少,青楼,0.354676,3.144392,2,33,37,0.002329,0.002612,0.000141
丹青,星辰,0.354676,3.144392,2,33,37,0.002329,0.002612,0.000141
昆仑,星辰,0.354676,3.144392,2,33,37,0.002329,0.002612,0.000141
所以,终日,0.354446,2.752948,6,42,129,0.002965,0.009106,0.000424
蛟龙,鬼神,0.3544,3.141938,2,34,36,0.0024,0.002541,0.000141
弟子,鬼神,0.3544,3.141938,2,34,36,0.0024,0.002541,0.000141
九天,鬼神,0.3544,3.141938,2,34,36,0.0024,0.002541,0.000141
单于,山川,0.354347,2.895857,4,31,101,0.002188,0.007129,0.000282
玉堂,莓苔,0.354308,3.141122,2,25,49,0.001765,0.003459,0.000141
仙人,玉堂,0.354308,3.141122,2,49,25,0.003459,0.001765,0.000141
无力,阑干,0.354308,3.141122,2,35,35,0.002471,0.002471,0.000141
忆昔,无情,0.354191,2.894581,4,55,57,0.003882,0.004023,0.000282
劝君,鬼神,0.354161,2.996227,3,59,36,0.004165,0.002541,0.000212
红尘,走马,0.354152,2.894262,4,49,64,0.003459,0.004518,0.000282
东流,古来,0.354152,2.894262,4,64,49,0.004518,0.003459,0.000282
白玉,红尘,0.354152,2.894262,4,64,49,0.004518,0.003459,0.000282
玉楼,瑶池,0.354117,3.384884,1,24,20,0.001694,0.001412,7.1e-05
中原,星辰,0.353899,3.382803,1,13,37,0.000918,0.002612,7.1e-05
人生,羽翼,0.353748,2.812023,5,112,38,0.007906,0.002682,0.000353
昔时,百花,0.353665,3.135424,2,22,56,0.001553,0.003953,0.000141
汉宫,雨中,0.353665,3.135424,2,28,44,0.001976,0.003106,0.000141
圣人,逶迤,0.353665,3.135424,2,28,44,0.001976,0.003106,0.000141
千门,御沟,0.353665,3.135424,2,44,28,0.003106,0.001976,0.000141
圣人,沧浪,0.353665,3.135424,2,28,44,0.001976,0.003106,0.000141
古人,高台,0.353662,2.991998,3,79,27,0.005576,0.001906,0.000212
徘徊,苍苔,0.353607,2.889807,4,75,42,0.005294,0.002965,0.000282
丹砂,等闲,0.353551,2.991061,3,35,61,0.002471,0.004306,0.000212
乾坤,分明,0.353541,2.81038,5,49,87,0.003459,0.006141,0.000353
曲江,红尘,0.353541,2.81038,5,87,49,0.006141,0.003459,0.000353
人心,公卿,0.353394,2.809208,5,97,44,0.006847,0.003106,0.000353
水流,等闲,0.353335,2.808739,5,70,61,0.004941,0.004306,0.000353
古今,纵横,0.353141,2.886005,4,51,62,0.0036,0.004376,0.000282
万物,造化,0.353141,2.886005,4,51,62,0.0036,0.004376,0.000282
到处,饮酒,0.352999,2.986388,3,39,55,0.002753,0.003882,0.000212
春雨,飘飖,0.352935,3.128951,2,31,40,0.002188,0.002823,0.000141
宫殿,飘飖,0.352935,3.128951,2,31,40,0.002188,0.002823,0.000141
咸阳,红粉,0.352935,3.128951,2,40,31,0.002823,0.002188,0.000141
圣朝,宫殿,0.352935,3.128951,2,40,31,0.002823,0.002188,0.000141
瑶池,造化,0.352935,3.128951,2,20,62,0.001412,0.004376,0.000141
公卿,城中,0.352909,2.884109,4,44,72,0.003106,0.005082,0.000282
窈窕,高台,0.352817,3.372462,1,18,27,0.001271,0.001906,7.1e-05
夜长,衣裳,0.352816,2.740293,6,59,93,0.004165,0.006565,0.000424
云飞,洞庭,0.352805,2.804533,5,32,134,0.002259,0.009459,0.000353
楼台,阳台,0.352753,3.12734,2,46,27,0.003247,0.001906,0.000141
两相,物外,0.352753,3.12734,2,46,27,0.003247,0.001906,0.000141
百里,鱼龙,0.352753,3.12734,2,54,23,0.003812,0.001623,0.000141
功成,物外,0.352753,3.12734,2,46,27,0.003247,0.001906,0.000141
天地,日月,0.352412,2.349988,18,160,152,0.011294,0.010729,0.001271
万年,乾坤,0.352394,2.981273,3,44,49,0.003106,0.003459,0.000212
帝城,绿水,0.3523,3.123322,2,43,29,0.003035,0.002047,0.000141
东海,人情,0.3523,3.123322,2,29,43,0.002047,0.003035,0.000141
芙蓉,阳台,0.352216,2.878443,4,118,27,0.008329,0.001906,0.000282
楚水,高秋,0.352209,3.12252,2,52,24,0.003671,0.001694,0.000141
独行,高秋,0.352209,3.12252,2,52,24,0.003671,0.001694,0.000141
独行,黄鹤,0.352209,3.12252,2,52,24,0.003671,0.001694,0.000141
王孙,绮罗,0.352209,3.12252,2,48,26,0.003388,0.001835,0.000141
中原,沧海,0.352209,3.12252,2,13,96,0.000918,0.006776,0.000141
从军,飞鸟,0.352175,2.979419,3,45,48,0.003176,0.003388,0.000212
扬州,鹦鹉,0.352175,2.979419,3,48,45,0.003388,0.003176,0.000212
翡翠,陌上,0.352175,2.979419,3,40,54,0.002823,0.003812,0.000212
自然,鬼神,0.352175,2.979419,3,60,36,0.004235,0.002541,0.000212
物外,神仙,0.352175,2.979419,3,27,80,0.001906,0.005647,0.000212
八月,辛苦,0.352065,2.978494,3,47,46,0.003318,0.003247,0.000212
往事,流年,0.352065,2.978494,3,46,47,0.003247,0.003318,0.000212
青天,饮酒,0.352063,2.877189,4,58,55,0.004094,0.003882,0.000282
世间,山高,0.351948,2.876249,4,103,31,0.00727,0.002188,0.000282
出入,读书,0.351847,2.976645,3,38,57,0.002682,0.004023,0.000212
汀洲,风烟,0.351847,2.976645,3,38,57,0.002682,0.004023,0.000212
九天,杯酒,0.351833,2.87531,4,34,94,0.0024,0.006635,0.000282
古今,天地,0.351789,2.631113,8,51,160,0.0036,0.011294,0.000565
汉家,飘飖,0.35168,2.874059,4,80,40,0.005647,0.002823,0.000282
镜中,鸳鸯,0.35168,2.874059,4,50,64,0.003529,0.004518,0.000282
昆仑,游子,0.351668,3.117724,2,33,38,0.002329,0.002682,0.000141
出入,帝乡,0.351668,3.117724,2,38,33,0.002682,0.002329,0.000141
圣主,游子,0.351668,3.117724,2,33,38,0.002329,0.002682,0.000141
歌声,雨雪,0.351668,3.117724,2,38,33,0.002682,0.002329,0.000141
出入,昆仑,0.351668,3.117724,2,38,33,0.002682,0.002329,0.000141
昔时,歌舞,0.351668,3.117724,2,22,57,0.001553,0.004023,0.000141
山高,水流,0.351629,2.9748,3,31,70,0.002188,0.004941,0.000212
单于,君王,0.351629,2.9748,3,31,70,0.002188,0.004941,0.000212
东南,潇湘,0.351625,2.731041,6,71,78,0.005012,0.005506,0.000424
昨夜,梦中,0.351625,2.731041,6,78,71,0.005506,0.005012,0.000424
宫中,芙蓉,0.351439,2.729598,6,47,118,0.003318,0.008329,0.000424
绿水,花枝,0.351357,2.972499,3,29,75,0.002047,0.005294,0.000212
星辰,蛟龙,0.351309,3.114539,2,37,34,0.002612,0.0024,0.000141
含情,回头,0.351302,2.972039,3,34,64,0.0024,0.004518,0.000212
关山,溪水,0.351194,2.971121,3,66,33,0.004659,0.002329,0.000212
关山,雨雪,0.351194,2.971121,3,66,33,0.004659,0.002329,0.000212
昆仑,黄河,0.351194,2.971121,3,33,66,0.002329,0.004659,0.000212
御沟,梅花,0.35113,3.112951,2,28,45,0.001976,0.003176,0.000141
依稀,秋雨,0.35113,3.112951,2,35,36,0.002471,0.002541,0.000141
无力,秋雨,0.35113,3.112951,2,35,36,0.002471,0.002541,0.000141
中原,出入,0.351109,3.356135,1,13,38,0.000918,0.002682,7.1e-05
中原,人世,0.351109,3.356135,1,13,38,0.000918,0.002682,7.1e-05
中原,蹉跎,0.35104,3.112157,2,13,97,0.000918,0.006847,0.000141
夜长,青楼,0.350923,2.968828,3,59,37,0.004165,0.002612,0.000212
星辰,生死,0.350923,2.968828,3,37,59,0.002612,0.004165,0.000212
功成,雨露,0.350917,2.867828,4,46,70,0.003247,0.004941,0.000282
世人,功成,0.350917,2.867828,4,70,46,0.004941,0.003247,0.000282
未央,欢娱,0.350869,2.96837,3,39,56,0.002753,0.003953,0.000212
佳人,所以,0.350869,2.96837,3,52,42,0.003671,0.002965,0.000212
月色,未央,0.350869,2.96837,3,56,39,0.003953,0.002753,0.000212
太平,欢娱,0.350869,2.96837,3,39,56,0.002753,0.003953,0.000212
欢娱,苍茫,0.350869,2.96837,3,56,39,0.003953,0.002753,0.000212
扁舟,风波,0.350855,2.789029,5,67,65,0.004729,0.004588,0.000353
千秋,英雄,0.350686,3.352095,1,31,16,0.002188,0.001129,7.1e-05
承恩,英雄,0.350686,3.352095,1,31,16,0.002188,0.001129,7.1e-05
宫中,高台,0.350327,3.105833,2,47,27,0.003318,0.001906,0.000141
物外,白蘋,0.350327,3.105833,2,27,47,0.001906,0.003318,0.000141
江流,阳台,0.350327,3.105833,2,47,27,0.003318,0.001906,0.000141
流年,高台,0.350327,3.105833,2,47,27,0.003318,0.001906,0.000141
凤凰,鹦鹉,0.35016,2.861636,4,72,45,0.005082,0.003176,0.000282
心事,生涯,0.35016,2.861636,4,54,60,0.003812,0.004235,0.000282
烟霞,物外,0.35016,2.861636,4,120,27,0.00847,0.001906,0.000282
垂杨,红粉,0.350149,3.104259,2,41,31,0.002894,0.002188,0.000141
明主,河汉,0.350149,3.104259,2,41,31,0.002894,0.002188,0.000141
北阙,明主,0.350149,3.104259,2,31,41,0.002188,0.002894,0.000141
万户,台上,0.350149,3.104259,2,31,41,0.002188,0.002894,0.000141
所思,高秋,0.350061,3.103472,2,53,24,0.003741,0.001694,0.000141
江边,黄鹤,0.350061,3.103472,2,53,24,0.003741,0.001694,0.000141
日斜,青草,0.350006,2.96107,3,44,50,0.003106,0.003529,0.000212
芳树,随风,0.350006,2.96107,3,44,50,0.003106,0.003529,0.000212
公子,楚客,0.350006,2.96107,3,40,55,0.002823,0.003882,0.000212
君心,君恩,0.350006,2.96107,3,55,40,0.003882,0.002823,0.000212
紫微,饮酒,0.350006,2.96107,3,40,55,0.002823,0.003882,0.000212
劝君,饮酒,0.349971,2.860094,4,59,55,0.004165,0.003882,0.000282
吟诗,饮酒,0.349971,2.860094,4,59,55,0.004165,0.003882,0.000282
万国,梦中,0.349952,2.960616,3,31,71,0.002188,0.005012,0.000212
登楼,绮罗,0.349884,3.101901,2,49,26,0.003459,0.001835,0.000141
孤舟,楚水,0.349824,2.717055,6,108,52,0.007623,0.003671,0.000424
歌舞,蛾眉,0.34982,2.858862,4,57,57,0.004023,0.004023,0.000282
蛾眉,读书,0.34982,2.858862,4,57,57,0.004023,0.004023,0.000282
断肠,歌声,0.349791,2.959254,3,58,38,0.004094,0.002682,0.000212
海上,蓬莱,0.349791,2.780569,5,72,61,0.005082,0.004306,0.000353
得意,红尘,0.349738,2.9588,3,45,49,0.003176,0.003459,0.000212
氛氲,莓苔,0.349738,2.9588,3,45,49,0.003176,0.003459,0.000212
两相,名利,0.349577,2.95744,3,46,48,0.003247,0.003388,0.000212
功成,池塘,0.349577,2.95744,3,46,48,0.003247,0.003388,0.000212
名利,往事,0.349577,2.95744,3,48,46,0.003388,0.003247,0.000212
可怜,圣人,0.34955,2.714921,6,201,28,0.014188,0.001976,0.000424
是非,窈窕,0.34953,3.098766,2,71,18,0.005012,0.001271,0.000141
蛟龙,风波,0.34947,2.956535,3,34,65,0.0024,0.004588,0.000212
帝乡,扁舟,0.349416,2.956083,3,33,67,0.002329,0.004729,0.000212
云飞,紫微,0.349354,3.097202,2,32,40,0.002259,0.002823,0.000141
东海,日月,0.349333,2.776932,5,29,152,0.002047,0.010729,0.000353
名利,岁月,0.349257,2.854256,4,48,68,0.003388,0.0048,0.000282
汉宫,窈窕,0.349012,3.336094,1,28,18,0.001976,0.001271,7.1e-05
星辰,自然,0.348936,2.95202,3,37,60,0.002612,0.004235,0.000212
先生,西山,0.348808,2.850587,4,84,39,0.005929,0.002753,0.000282
春光,绿杨,0.348777,2.95067,3,57,39,0.004023,0.002753,0.000212
圣主,还家,0.348738,3.091749,2,33,39,0.002329,0.002753,0.000141
太平,登临,0.348738,3.091749,2,39,33,0.002753,0.002329,0.000141
千古,夫子,0.348738,3.091749,2,33,39,0.002329,0.002753,0.000141
昆仑,霓裳,0.348738,3.091749,2,33,39,0.002329,0.002753,0.000141
千古,苍茫,0.348738,3.091749,2,33,39,0.002329,0.002753,0.000141
世间,饮酒,0.348706,2.708368,6,103,55,0.00727,0.003882,0.000424
长安,须臾,0.348662,2.388551,15,250,78,0.017647,0.005506,0.001059
功成,吾道,0.348651,3.090972,2,46,28,0.003247,0.001976,0.000141
吾道,客心,0.348651,3.090972,2,28,46,0.001976,0.003247,0.000141
圣人,辛苦,0.348651,3.090972,2,28,46,0.001976,0.003247,0.000141
青楼,颜色,0.348423,2.769699,5,37,120,0.002612,0.00847,0.000353
中原,清明,0.348392,3.33016,1,13,39,0.000918,0.002753,7.1e-05
中原,月落,0.348392,3.33016,1,13,39,0.000918,0.002753,7.1e-05
中原,男儿,0.348392,3.33016,1,13,39,0.000918,0.002753,7.1e-05
中原,到处,0.348392,3.33016,1,13,39,0.000918,0.002753,7.1e-05
功成,日月,0.34837,2.652059,7,46,152,0.003247,0.010729,0.000494
日落,秋声,0.348301,3.087871,2,34,38,0.0024,0.002682,0.000141
日落,鹧鸪,0.348301,3.087871,2,34,38,0.0024,0.002682,0.000141
承恩,海上,0.348299,2.94663,3,31,72,0.002188,0.005082,0.000212
感激,纵横,0.348299,2.94663,3,36,62,0.002541,0.004376,0.000212
凤凰,双阙,0.348299,2.94663,3,72,31,0.005082,0.002188,0.000212
造化,鬼神,0.348299,2.94663,3,62,36,0.004376,0.002541,0.000212
满地,雨露,0.348286,2.846322,4,47,70,0.003318,0.004941,0.000282
千万,神仙,0.348196,2.463054,12,181,80,0.012776,0.005647,0.000847
丹砂,星辰,0.348039,3.085552,2,35,37,0.002471,0.002612,0.000141
北斗,霄汉,0.347952,3.08478,2,27,48,0.001906,0.003388,0.000141
意气,行乐,0.347952,3.08478,2,36,36,0.002541,0.002541,0.000141
物外,飞鸟,0.347952,3.08478,2,27,48,0.001906,0.003388,0.000141
有情,黄鹤,0.347952,3.08478,2,54,24,0.003812,0.001694,0.000141
乔木,感激,0.347952,3.08478,2,36,36,0.002541,0.002541,0.000141
杜陵,猿声,0.347876,2.943052,3,40,56,0.002823,0.003953,0.000212
向人,路难,0.347876,2.943052,3,64,35,0.004518,0.002471,0.000212
世人,云飞,0.347876,2.943052,3,70,32,0.004941,0.002259,0.000212
昔时,月夜,0.347778,3.083238,2,22,59,0.001553,0.004165,0.000141
劝君,歌声,0.347771,2.942159,3,59,38,0.004165,0.002682,0.000212
出入,寻常,0.347771,2.942159,3,38,59,0.002682,0.004165,0.000212
同心,花满,0.347766,2.842076,4,59,56,0.004165,0.003953,0.000282
昆仑,白雪,0.347665,2.941268,3,33,68,0.002329,0.0048,0.000212
万物,咫尺,0.347665,2.941268,3,51,44,0.0036,0.003106,0.000212
路傍,黄河,0.347665,2.941268,3,34,66,0.0024,0.004659,0.000212
千古,岁月,0.347665,2.941268,3,33,68,0.002329,0.0048,0.000212
人稀,封侯,0.347605,3.081698,2,50,26,0.003529,0.001835,0.000141
可惜,干戈,0.347605,3.081698,2,52,25,0.003671,0.001765,0.000141
功名,封侯,0.347605,3.081698,2,50,26,0.003529,0.001835,0.000141
宁知,归心,0.34747,2.839657,4,48,69,0.003388,0.00487,0.000282
单于,苦辛,0.347431,3.080161,2,31,42,0.002188,0.002965,0.000141
山高,苦辛,0.347431,3.080161,2,31,42,0.002188,0.002965,0.000141
宫殿,自怜,0.347431,3.080161,2,31,42,0.002188,0.002965,0.000141
双飞,长江,0.347431,3.080161,2,31,42,0.002188,0.002965,0.000141
云飞,英雄,0.347365,3.320346,1,32,16,0.002259,0.001129,7.1e-05
月出,青草,0.34735,2.938597,3,45,50,0.003176,0.003529,0.000212
青草,鹦鹉,0.34735,2.938597,3,50,45,0.003529,0.003176,0.000212
洞庭,长沙,0.347247,2.597138,8,134,63,0.009459,0.004447,0.000565
秋日,马上,0.34714,2.936821,3,46,49,0.003247,0.003459,0.000212
归客,猿啼,0.34714,2.936821,3,49,46,0.003459,0.003247,0.000212
功成,红尘,0.34714,2.936821,3,46,49,0.003247,0.003459,0.000212
北风,黄河,0.347071,2.758946,5,68,66,0.0048,0.004659,0.000353
白蘋,逢人,0.347035,2.935934,3,47,48,0.003318,0.003388,0.000212
知己,花飞,0.346982,2.935491,3,61,37,0.004306,0.002612,0.000212
参差,宫殿,0.346875,2.757388,5,145,31,0.010235,0.002188,0.000353
参差,承恩,0.346875,2.757388,5,145,31,0.010235,0.002188,0.000353
生死,颜色,0.346727,2.639552,7,59,120,0.004165,0.00847,0.000494
断肠,还家,0.346721,2.933278,3,58,39,0.004094,0.002753,0.000212
男儿,黄昏,0.346721,2.933278,3,39,58,0.002753,0.004094,0.000212
梦魂,蛾眉,0.346654,3.073272,2,23,57,0.001623,0.004023,0.000141
梦魂,玲珑,0.346654,3.073272,2,23,57,0.001623,0.004023,0.000141
云飞,道士,0.346568,3.07251,2,32,41,0.002259,0.002894,0.000141
独自,遥知,0.346477,2.831538,4,53,63,0.003741,0.004447,0.000282
春水,长江,0.346408,2.930629,3,54,42,0.003812,0.002965,0.000212
北斗,始知,0.346408,2.930629,3,27,84,0.001906,0.005929,0.000212
富贵,朱门,0.346297,2.689656,6,78,74,0.005506,0.005223,0.000424
年华,御沟,0.346225,3.069466,2,47,28,0.003318,0.001976,0.000141
分明,消息,0.346066,2.750957,5,87,52,0.006141,0.003671,0.000353
山水,潺湲,0.346006,2.634058,7,113,63,0.007976,0.004447,0.000494
秋月,雨雪,0.34594,2.926669,3,69,33,0.00487,0.002329,0.000212
朝廷,江海,0.34594,2.926669,3,33,69,0.002329,0.00487,0.000212
多少,山色,0.34594,2.926669,3,33,69,0.002329,0.00487,0.000212
楚客,湘水,0.345892,2.826758,4,55,61,0.003882,0.004306,0.000282
前程,帝乡,0.345883,3.066431,2,40,33,0.002823,0.002329,0.000141
圣主,圣朝,0.345883,3.066431,2,33,40,0.002329,0.002823,0.000141
翡翠,鸟飞,0.345883,3.066431,2,40,33,0.002823,0.002329,0.000141
前程,昆仑,0.345883,3.066431,2,40,33,0.002823,0.002329,0.000141
梨花,鸟飞,0.345883,3.066431,2,40,33,0.002823,0.002329,0.000141
路岐,逶迤,0.345883,3.066431,2,30,44,0.002118,0.003106,0.000141
梦里,蛾眉,0.345784,2.925352,3,40,57,0.002823,0.004023,0.000212
出入,自然,0.345784,2.925352,3,38,60,0.002682,0.004235,0.000212
玲珑,翡翠,0.345784,2.925352,3,57,40,0.004023,0.002823,0.000212
牡丹,花时,0.345784,2.925352,3,38,60,0.002682,0.004235,0.000212
往来,相识,0.345763,2.685507,6,84,69,0.005929,0.00487,0.000424
寒食,笙歌,0.345763,2.685507,6,69,84,0.00487,0.005929,0.000424
岁寒,瑶池,0.345743,3.304842,1,26,20,0.001835,0.001412,7.1e-05
中原,圣朝,0.345743,3.304842,1,13,40,0.000918,0.002823,7.1e-05
中原,紫微,0.345743,3.304842,1,13,40,0.000918,0.002823,7.1e-05
中原,前程,0.345743,3.304842,1,13,40,0.000918,0.002823,7.1e-05
北斗,南国,0.345627,3.064161,2,27,49,0.001906,0.003459,0.000141
乾坤,高台,0.345627,3.064161,2,49,27,0.003459,0.001906,0.000141
乾坤,阳台,0.345627,3.064161,2,49,27,0.003459,0.001906,0.000141
乾坤,物外,0.345627,3.064161,2,49,27,0.003459,0.001906,0.000141
日落,未央,0.345371,3.061896,2,34,39,0.0024,0.002753,0.000141
未央,路傍,0.345371,3.061896,2,39,34,0.002753,0.0024,0.000141
月落,细雨,0.345371,3.061896,2,39,34,0.002753,0.0024,0.000141
楼前,金谷,0.345371,3.061896,2,34,39,0.0024,0.002753,0.000141
未央,渭水,0.345371,3.061896,2,39,34,0.002753,0.0024,0.000141
太平,苍生,0.345371,3.061896,2,39,34,0.002753,0.0024,0.000141
楼前,清明,0.345371,3.061896,2,34,39,0.0024,0.002753,0.000141
壮士,山河,0.345371,3.061896,2,26,51,0.001835,0.0036,0.000141
万物,壮士,0.345371,3.061896,2,51,26,0.0036,0.001835,0.000141
壮士,山头,0.345371,3.061896,2,26,51,0.001835,0.0036,0.000141
渭水,霓裳,0.345371,3.061896,2,34,39,0.0024,0.002753,0.000141
佳人,芳树,0.34537,2.92185,3,52,44,0.003671,0.003106,0.000212
柳色,花枝,0.345165,2.820814,4,45,75,0.003176,0.005294,0.000282
承恩,朝朝,0.34506,2.919231,3,31,74,0.002188,0.005223,0.000212
月光,游子,0.345031,3.058884,2,35,38,0.002471,0.002682,0.000141
清秋,路难,0.345031,3.058884,2,38,35,0.002682,0.002471,0.000141
古今,氛氲,0.345009,2.918795,3,51,45,0.0036,0.003176,0.000212
行乐,青楼,0.344862,3.057381,2,36,37,0.002541,0.002612,0.000141
感激,青楼,0.344862,3.057381,2,36,37,0.002541,0.002612,0.000141
意气,青楼,0.344862,3.057381,2,36,37,0.002541,0.002612,0.000141
九衢,感激,0.344862,3.057381,2,37,36,0.002612,0.002541,0.000141
八月,海上,0.344839,2.818151,4,47,72,0.003318,0.005082,0.000282
帝城,烟雨,0.344777,3.05663,2,43,31,0.003035,0.002188,0.000141
万国,重阳,0.344777,3.05663,2,31,43,0.002188,0.003035,0.000141
两相,城下,0.344752,2.916618,3,46,50,0.003247,0.003529,0.000212
梦魂,百年,0.344752,2.916618,3,23,100,0.001623,0.007059,0.000212
往事,秋天,0.344752,2.916618,3,46,50,0.003247,0.003529,0.000212
男儿,闭门,0.3447,2.916184,3,39,59,0.002753,0.004165,0.000212
劝君,男儿,0.3447,2.916184,3,59,39,0.004165,0.002753,0.000212
晚来,龙门,0.344693,3.055881,2,29,46,0.002047,0.003247,0.000141
昔日,辛苦,0.344693,3.055881,2,29,46,0.002047,0.003247,0.000141
东海,骨肉,0.344693,3.055881,2,29,46,0.002047,0.003247,0.000141
东风,梅花,0.344569,2.676233,6,130,45,0.009176,0.003176,0.000424
向人,行路,0.34455,2.81579,4,64,53,0.004518,0.003741,0.000282
独自,鸳鸯,0.34455,2.81579,4,53,64,0.003741,0.004518,0.000282
向人,意气,0.344546,2.914881,3,64,36,0.004518,0.002541,0.000212
十载,水清,0.344546,2.914881,3,48,48,0.003388,0.003388,0.000212
名利,逢人,0.344546,2.914881,3,48,48,0.003388,0.003388,0.000212
明时,楚客,0.344239,2.91228,3,42,55,0.002965,0.003882,0.000212
寥落,风动,0.344239,2.91228,3,55,42,0.003882,0.002965,0.000212
所以,饮酒,0.344239,2.91228,3,42,55,0.002965,0.003882,0.000212
野花,高秋,0.344146,3.289574,1,22,24,0.001553,0.001694,7.1e-05
九天,白雪,0.344136,2.911415,3,34,68,0.0024,0.0048,0.000212
桃李,翡翠,0.34397,2.734297,5,115,40,0.008117,0.002823,0.000353
楼台,裴回,0.34397,2.734297,5,46,100,0.003247,0.007059,0.000353
他乡,鱼龙,0.343948,3.287682,1,23,23,0.001623,0.001623,7.1e-05
云飞,青冥,0.34385,3.048412,2,32,42,0.002259,0.002965,0.000141
御沟,青门,0.34385,3.048412,2,28,48,0.001976,0.003388,0.000141
罗衣,鸳鸯,0.34385,3.048412,2,21,64,0.001482,0.004518,0.000141
罗衣,走马,0.34385,3.048412,2,21,64,0.001482,0.004518,0.000141
孤云,黄鹤,0.34385,3.048412,2,56,24,0.003953,0.001694,0.000141
吾道,飞鸟,0.34385,3.048412,2,28,48,0.001976,0.003388,0.000141
十载,圣人,0.34385,3.048412,2,48,28,0.003388,0.001976,0.000141
名利,圣人,0.34385,3.048412,2,48,28,0.003388,0.001976,0.000141
东海,神仙,0.343728,2.90796,3,29,80,0.002047,0.005647,0.000212
参差,英雄,0.343728,2.90796,3,145,16,0.010235,0.001129,0.000212
山川,梦魂,0.343575,2.906668,3,101,23,0.007129,0.001623,0.000212
蛾眉,远近,0.343544,2.807569,4,57,60,0.004023,0.004235,0.000282
丈夫,蛾眉,0.343544,2.807569,4,60,57,0.004235,0.004023,0.000282
美人,须臾,0.343538,2.615272,7,93,78,0.006565,0.005506,0.000494
阳春,高台,0.343348,3.043958,2,50,27,0.003529,0.001906,0.000141
北斗,秋天,0.343348,3.043958,2,27,50,0.001906,0.003529,0.000141
干戈,百里,0.343348,3.043958,2,25,54,0.001765,0.003812,0.000141
世人,乾坤,0.343187,2.804649,4,70,49,0.004941,0.003459,0.000282
杏花,绮罗,0.343181,3.042478,2,52,26,0.003671,0.001835,0.000141
可惜,绮罗,0.343181,3.042478,2,52,26,0.003671,0.001835,0.000141
佳人,壮士,0.343181,3.042478,2,52,26,0.003671,0.001835,0.000141
岁寒,花前,0.343181,3.042478,2,26,52,0.001835,0.003671,0.000141
青楼,马蹄,0.343169,2.90323,3,37,63,0.002612,0.004447,0.000212
中原,叶落,0.34316,3.280149,1,13,41,0.000918,0.002894,7.1e-05
中原,明主,0.34316,3.280149,1,13,41,0.000918,0.002894,7.1e-05
中原,当年,0.34316,3.280149,1,13,41,0.000918,0.002894,7.1e-05
白雪,黄金,0.343105,2.525752,9,68,150,0.0048,0.010588,0.000635
湘水,至今,0.343102,2.664845,6,61,97,0.004306,0.006847,0.000424
当年,昆仑,0.343097,3.041738,2,41,33,0.002894,0.002329,0.000141
垂杨,登临,0.343097,3.041738,2,41,33,0.002894,0.002329,0.000141
昆仑,道士,0.343097,3.041738,2,33,41,0.002329,0.002894,0.000141
神仙,青天,0.342881,2.725639,5,80,58,0.005647,0.004094,0.000353
君王,天子,0.342839,2.523793,9,70,146,0.004941,0.010306,0.000635
巫峡,年年,0.342834,2.60991,7,39,187,0.002753,0.0132,0.000494
夜长,鱼龙,0.342764,3.038786,2,59,23,0.004165,0.001623,0.000141
功成,旌旗,0.342718,2.724347,5,46,101,0.003247,0.007129,0.000353
消息,草绿,0.342714,2.899377,3,52,45,0.003671,0.003176,0.000212
到处,远近,0.342714,2.899377,3,39,60,0.002753,0.004235,0.000212
九重,未央,0.342714,2.899377,3,60,39,0.004235,0.002753,0.000212
壮士,憔悴,0.342714,2.899377,3,26,90,0.001835,0.006353,0.000212
咸阳,路傍,0.342515,3.036578,2,40,34,0.002823,0.0024,0.000141
前程,日落,0.342515,3.036578,2,40,34,0.002823,0.0024,0.000141
楼前,翡翠,0.342515,3.036578,2,34,40,0.0024,0.002823,0.000141
含情,梦里,0.342515,3.036578,2,34,40,0.0024,0.002823,0.000141
公子,路傍,0.342515,3.036578,2,40,34,0.002823,0.0024,0.000141
杜陵,莺啼,0.342515,3.036578,2,40,34,0.002823,0.0024,0.000141
萧索,路傍,0.342515,3.036578,2,40,34,0.002823,0.0024,0.000141
紫微,蛟龙,0.342515,3.036578,2,40,34,0.002823,0.0024,0.000141
岁月,瑶池,0.342515,3.036578,2,68,20,0.0048,0.001412,0.000141
佳期,莺啼,0.342411,2.896816,3,69,34,0.00487,0.0024,0.000212
两相,他日,0.342411,2.896816,3,46,51,0.003247,0.0036,0.000212
万物,两相,0.342411,2.896816,3,51,46,0.0036,0.003247,0.000212
九重,天子,0.342303,2.560161,8,60,146,0.004235,0.010306,0.000565
天上,物外,0.342262,2.797098,4,128,27,0.009035,0.001906,0.000282
尘埃,珍重,0.34226,2.895538,3,81,29,0.005718,0.002047,0.000212
城下,望乡,0.342209,2.895112,3,50,47,0.003529,0.003318,0.000212
宛转,宫中,0.342209,2.895112,3,50,47,0.003529,0.003318,0.000212
满地,随风,0.342209,2.895112,3,47,50,0.003318,0.003529,0.000212
昔时,百尺,0.342184,3.033641,2,22,62,0.001553,0.004376,0.000141
沧浪,钓鱼,0.342184,3.033641,2,44,31,0.003106,0.002188,0.000141
千门,双阙,0.342184,3.033641,2,44,31,0.003106,0.002188,0.000141
万年,春雨,0.342184,3.033641,2,44,31,0.003106,0.002188,0.000141
千秋,黄花,0.342184,3.033641,2,31,44,0.002188,0.003106,0.000141
北阙,千门,0.342184,3.033641,2,31,44,0.002188,0.003106,0.000141
先生,圣人,0.342109,2.894262,3,84,28,0.005929,0.001976,0.000212
逢人,闻说,0.342109,2.894262,3,48,49,0.003388,0.003459,0.000212
月光,还家,0.342101,3.032908,2,35,39,0.002471,0.002753,0.000141
月光,苍茫,0.342101,3.032908,2,35,39,0.002471,0.002753,0.000141
月光,未央,0.342101,3.032908,2,35,39,0.002471,0.002753,0.000141
霓裳,风飘,0.342101,3.032908,2,39,35,0.002753,0.002471,0.000141
阑干,霓裳,0.342101,3.032908,2,35,39,0.002471,0.002753,0.000141
无力,霓裳,0.342101,3.032908,2,35,39,0.002471,0.002753,0.000141
出入,造化,0.341908,2.892562,3,38,62,0.002682,0.004376,0.000212
人世,造化,0.341908,2.892562,3,38,62,0.002682,0.004376,0.000212
羽翼,鬼神,0.341854,3.030713,2,38,36,0.002682,0.002541,0.000141
无情,玉楼,0.341854,3.030713,2,57,24,0.004023,0.001694,0.000141
日晚,行乐,0.341854,3.030713,2,38,36,0.002682,0.002541,0.000141
红叶,鹧鸪,0.341854,3.030713,2,36,38,0.002541,0.002682,0.000141
摇落,黄鹤,0.341854,3.030713,2,57,24,0.004023,0.001694,0.000141
人世,鬼神,0.341854,3.030713,2,38,36,0.002682,0.002541,0.000141
丈夫,富贵,0.341801,2.717055,5,60,78,0.004235,0.005506,0.000353
物外,瑶池,0.341795,3.267101,1,27,20,0.001906,0.001412,7.1e-05
九衢,青楼,0.341771,3.029982,2,37,37,0.002612,0.002612,0.000141
夫子,知音,0.341733,2.792767,4,39,89,0.002753,0.006282,0.000282
千金,生死,0.341708,2.890866,3,40,59,0.002823,0.004165,0.000212
生死,萧索,0.341708,2.890866,3,59,40,0.004165,0.002823,0.000212
南国,汉宫,0.341524,3.027793,2,49,28,0.003459,0.001976,0.000141
天台,汉宫,0.341524,3.027793,2,49,28,0.003459,0.001976,0.000141
圣人,红尘,0.341524,3.027793,2,28,49,0.001976,0.003459,0.000141
乾坤,圣人,0.341524,3.027793,2,49,28,0.003459,0.001976,0.000141
寥落,雨后,0.341457,2.88875,3,55,43,0.003882,0.003035,0.000212
杜陵,草色,0.341416,2.790177,4,40,87,0.002823,0.006141,0.000282
飘飖,黄金,0.341309,2.650915,6,40,150,0.002823,0.010588,0.000424
寥落,干戈,0.341278,3.025609,2,55,25,0.003882,0.001765,0.000141
寒食,管弦,0.341244,2.650415,6,69,87,0.00487,0.006141,0.000424
云飞,浮生,0.341196,3.024882,2,32,43,0.002259,0.003035,0.000141
天台,沧海,0.341157,2.71194,5,49,96,0.003459,0.006776,0.000353
中原,茫茫,0.341032,3.023429,2,13,106,0.000918,0.007482,0.000141
壮士,所思,0.341032,3.023429,2,26,53,0.001835,0.003741,0.000141
参差,山河,0.341009,2.596021,7,145,51,0.010235,0.0036,0.000494
杯酒,白玉,0.340966,2.648252,6,94,64,0.006635,0.004518,0.000424
东方,鸡鸣,0.340909,2.884109,3,66,36,0.004659,0.002541,0.000212
日斜,陌上,0.340909,2.884109,3,44,54,0.003106,0.003812,0.000212
多少,春日,0.340909,2.884109,3,33,72,0.002329,0.005082,0.000212
瑶池,经年,0.340869,3.021979,2,20,69,0.001412,0.00487,0.000141
两相,马嘶,0.340869,3.021979,2,46,30,0.003247,0.002118,0.000141
梦魂,远近,0.340869,3.021979,2,23,60,0.001623,0.004235,0.000141
自然,鱼龙,0.340869,3.021979,2,60,23,0.004235,0.001623,0.000141
九重,梦魂,0.340869,3.021979,2,60,23,0.004235,0.001623,0.000141
夫子,知己,0.34076,2.882847,3,39,61,0.002753,0.004306,0.000212
蛟龙,雨露,0.34071,2.882427,3,34,70,0.0024,0.004941,0.000212
丹砂,白雪,0.34071,2.882427,3,35,68,0.002471,0.0048,0.000212
巫山,罗衣,0.340639,3.256052,1,26,21,0.001835,0.001482,7.1e-05
江边,鹦鹉,0.340462,2.880328,3,53,45,0.003741,0.003176,0.000212
圣主,所以,0.340379,3.017641,2,33,42,0.002329,0.002965,0.000141
千古,所以,0.340379,3.017641,2,33,42,0.002329,0.002965,0.000141
客心,楚水,0.340116,2.877398,3,46,52,0.003247,0.003671,0.000212
自古,辛苦,0.340116,2.877398,3,52,46,0.003671,0.003247,0.000212
功成,消息,0.340116,2.877398,3,46,52,0.003247,0.003671,0.000212
万年,神仙,0.340017,2.778749,4,44,80,0.003106,0.005647,0.000282
咫尺,神仙,0.340017,2.778749,4,44,80,0.003106,0.005647,0.000282
从容,出入,0.340017,2.876562,3,63,38,0.004447,0.002682,0.000212
苍苔,黄叶,0.340017,2.876562,3,42,57,0.002965,0.004023,0.000212
思归,故乡,0.339933,2.702209,5,50,95,0.003529,0.006706,0.000353
晚来,王孙,0.339892,3.013321,2,29,48,0.002047,0.003388,0.000141
宁知,晚来,0.339892,3.013321,2,48,29,0.003388,0.002047,0.000141
晚来,高树,0.339892,3.013321,2,29,48,0.002047,0.003388,0.000141
昔日,霄汉,0.339892,3.013321,2,29,48,0.002047,0.003388,0.000141
干戈,昔时,0.339875,3.248752,1,25,22,0.001765,0.001553,7.1e-05
昔时,金陵,0.339875,3.248752,1,22,25,0.001553,0.001765,7.1e-05
扁舟,烟波,0.339748,2.700736,5,67,71,0.004729,0.005012,0.000353
孤云,深山,0.339739,2.776479,4,56,63,0.003953,0.004447,0.000282
垂杨,楼前,0.33973,3.011885,2,41,34,0.002894,0.0024,0.000141
明主,渭水,0.33973,3.011885,2,41,34,0.002894,0.0024,0.000141
弟子,道士,0.33973,3.011885,2,34,41,0.0024,0.002894,0.000141
自言,路傍,0.33973,3.011885,2,41,34,0.002894,0.0024,0.000141
九天,自言,0.33973,3.011885,2,34,41,0.0024,0.002894,0.000141
蛟龙,道士,0.33973,3.011885,2,34,41,0.0024,0.002894,0.000141
扬州,青草,0.339721,2.874059,3,48,50,0.003388,0.003529,0.000212
名利,思归,0.339721,2.874059,3,48,50,0.003388,0.003529,0.000212
城下,宁知,0.339721,2.874059,3,50,48,0.003529,0.003388,0.000212
新月,西风,0.339721,2.874059,3,48,50,0.003388,0.003529,0.000212
九重,梨花,0.339721,2.874059,3,60,40,0.004235,0.002823,0.000212
岁月,雨露,0.339669,2.700106,5,68,70,0.0048,0.004941,0.000353
单于,草绿,0.339649,3.011168,2,31,45,0.002188,0.003176,0.000141
双阙,日照,0.339649,3.011168,2,31,45,0.002188,0.003176,0.000141
庭前,钓鱼,0.339649,3.011168,2,45,31,0.003176,0.002188,0.000141
梦魂,玉楼,0.339495,3.245123,1,23,24,0.001623,0.001694,7.1e-05
月夜,花时,0.339324,2.773083,4,59,60,0.004165,0.004235,0.000282
旧游,楼台,0.339255,2.772518,4,77,46,0.005435,0.003247,0.000282
两相,南北,0.339255,2.772518,4,46,77,0.003247,0.005435,0.000282
御沟,随风,0.339246,3.00759,2,28,50,0.001976,0.003529,0.000141
干戈,欢娱,0.339246,3.00759,2,25,56,0.001765,0.003953,0.000141
圣朝,月光,0.339246,3.00759,2,40,35,0.002823,0.002471,0.000141
翡翠,阑干,0.339246,3.00759,2,40,35,0.002823,0.002471,0.000141
梨花,风飘,0.339246,3.00759,2,40,35,0.002823,0.002471,0.000141
丹砂,千金,0.339246,3.00759,2,35,40,0.002471,0.002823,0.000141
世人,瑶池,0.339246,3.00759,2,70,20,0.004941,0.001412,0.000141
洞庭,猿声,0.339087,2.581389,7,134,56,0.009459,0.003953,0.000494
烟波,细雨,0.339033,2.868242,3,71,34,0.005012,0.0024,0.000212
是非,路傍,0.339033,2.868242,3,71,34,0.005012,0.0024,0.000212
他乡,登高,0.339004,3.00545,2,23,61,0.001623,0.004306,0.000141
梦魂,蓬莱,0.339004,3.00545,2,23,61,0.001623,0.004306,0.000141
相识,路难,0.338984,2.867828,3,69,35,0.00487,0.002471,0.000212
佳人,高台,0.338924,3.004737,2,52,27,0.003671,0.001906,0.000141
北斗,消息,0.338924,3.004737,2,27,52,0.001906,0.003671,0.000141
封侯,百里,0.338924,3.004737,2,26,54,0.001835,0.003812,0.000141
意气,男儿,0.338924,3.004737,2,36,39,0.002541,0.002753,0.000141
佳人,北斗,0.338924,3.004737,2,52,27,0.003671,0.001906,0.000141
月落,行乐,0.338924,3.004737,2,39,36,0.002753,0.002541,0.000141
云雨,窈窕,0.338924,3.004737,2,78,18,0.005506,0.001271,0.000141
太平,感激,0.338924,3.004737,2,39,36,0.002753,0.002541,0.000141
世上,物外,0.338924,3.004737,2,52,27,0.003671,0.001906,0.000141
光辉,男儿,0.338838,2.866587,3,62,39,0.004376,0.002753,0.000212
太平,造化,0.338838,2.866587,3,39,62,0.002753,0.004376,0.000212
寻常,道士,0.338789,2.866173,3,59,41,0.004165,0.002894,0.000212
劝君,道士,0.338789,2.866173,3,59,41,0.004165,0.002894,0.000212
细雨,花落,0.338773,2.692988,5,34,141,0.0024,0.009953,0.000353
汀洲,菊花,0.338763,3.003314,2,38,37,0.002682,0.002612,0.000141
寥落,芳树,0.33874,2.86576,3,55,44,0.003882,0.003106,0.000212
翡翠,颜色,0.338616,2.691737,5,40,120,0.002823,0.00847,0.000353
丈夫,神仙,0.338616,2.691737,5,60,80,0.004235,0.005647,0.000353
东流,昔时,0.338603,3.001892,2,64,22,0.004518,0.001553,0.000141
云飞,咫尺,0.338603,3.001892,2,32,44,0.002259,0.003106,0.000141
东流,野花,0.338603,3.001892,2,64,22,0.004518,0.001553,0.000141
佳人,参差,0.338458,2.576603,7,52,145,0.003671,0.010235,0.000494
望乡,马嘶,0.338443,3.000473,2,47,30,0.003318,0.002118,0.000141
河汉,窈窕,0.338364,3.234312,1,31,18,0.002188,0.001271,7.1e-05
双阙,窈窕,0.338364,3.234312,1,31,18,0.002188,0.001271,7.1e-05
万国,窈窕,0.338364,3.234312,1,31,18,0.002188,0.001271,7.1e-05
得意,陌上,0.338253,2.861636,3,45,54,0.003176,0.003812,0.000212
中原,天外,0.338177,3.232521,1,13,43,0.000918,0.003035,7.1e-05
中原,浮生,0.338177,3.232521,1,13,43,0.000918,0.003035,7.1e-05
中原,人情,0.338177,3.232521,1,13,43,0.000918,0.003035,7.1e-05
天子,朝廷,0.338145,2.687994,5,146,33,0.010306,0.002329,0.000353
汉宫,瑶池,0.33799,3.230734,1,28,20,0.001976,0.001412,7.1e-05
御沟,瑶池,0.33799,3.230734,1,28,20,0.001976,0.001412,7.1e-05
洞庭,苍梧,0.337989,2.68675,5,134,36,0.009459,0.002541,0.000353
劝君,玉楼,0.337964,2.996227,2,59,24,0.004165,0.001694,0.000141
心期,黄鹤,0.337964,2.996227,2,59,24,0.004165,0.001694,0.000141
御沟,曲江,0.337961,2.85917,3,28,87,0.001976,0.006141,0.000212
独自,辛苦,0.337864,2.85835,3,53,46,0.003741,0.003247,0.000212
向人,孤云,0.337812,2.76073,4,64,56,0.004518,0.003953,0.000282
凄凉,咸阳,0.337767,2.85753,3,61,40,0.004306,0.002823,0.000212
千金,蓬莱,0.337767,2.85753,3,40,61,0.002823,0.004306,0.000212
登临,雨后,0.337725,2.99411,2,33,43,0.002329,0.003035,0.000141
纵横,迢递,0.337676,2.684265,5,62,78,0.004376,0.005506,0.000353
辛苦,须臾,0.337676,2.759615,4,46,78,0.003247,0.005506,0.000282
秋来,黄叶,0.337574,2.758779,4,63,57,0.004447,0.004023,0.000282
翡翠,风起,0.337572,2.683439,5,40,121,0.002823,0.008541,0.000353
梨花,风起,0.337572,2.683439,5,40,121,0.002823,0.008541,0.000353
日照,风吹,0.337481,2.448791,10,45,272,0.003176,0.0192,0.000706
白雪,鬼神,0.33738,2.854256,3,68,36,0.0048,0.002541,0.000212
寻常,蓬莱,0.337301,2.756554,4,59,61,0.004165,0.004306,0.000282
思归,肠断,0.337284,2.85344,3,50,49,0.003529,0.003459,0.000212
随风,马上,0.337284,2.85344,3,50,49,0.003529,0.003459,0.000212
南国,秋天,0.337284,2.85344,3,49,50,0.003459,0.003529,0.000212
秋天,肠断,0.337284,2.85344,3,50,49,0.003529,0.003459,0.000212
君王,阑干,0.337284,2.85344,3,70,35,0.004941,0.002471,0.000212
世人,丹砂,0.337284,2.85344,3,70,35,0.004941,0.002471,0.000212
落叶,霄汉,0.337267,2.756276,4,75,48,0.005294,0.003388,0.000282
愁人,秋天,0.337267,2.756276,4,72,50,0.005082,0.003529,0.000282
思归,愁人,0.337267,2.756276,4,50,72,0.003529,0.005082,0.000282
城下,城中,0.337267,2.756276,4,50,72,0.003529,0.005082,0.000282
玉楼,黄金,0.337267,2.756276,4,24,150,0.001694,0.010588,0.000282
干戈,歌舞,0.337249,2.989891,2,25,57,0.001765,0.004023,0.000141
玉堂,蛾眉,0.337249,2.989891,2,25,57,0.001765,0.004023,0.000141
万户,楼台,0.33717,2.989189,2,31,46,0.002188,0.003247,0.000141
烟雨,猿啼,0.33717,2.989189,2,31,46,0.002188,0.003247,0.000141
功成,河汉,0.33717,2.989189,2,46,31,0.003247,0.002188,0.000141
烟雨,秋日,0.33717,2.989189,2,31,46,0.002188,0.003247,0.000141
百尺,鱼龙,0.33717,2.989189,2,62,23,0.004376,0.001623,0.000141
去年,子孙,0.337053,2.679315,5,81,60,0.005718,0.004235,0.000353
古今,圣人,0.337012,2.987788,2,51,28,0.0036,0.001976,0.000141
春深,花落,0.337004,2.617481,6,44,141,0.003106,0.009953,0.000424
绿杨,青春,0.336946,2.850587,3,39,63,0.002753,0.004447,0.000212
太平,深山,0.336946,2.850587,3,39,63,0.002753,0.004447,0.000212
故乡,游子,0.336928,2.753502,4,95,38,0.006706,0.002682,0.000282
愁人,江水,0.336865,2.564476,7,72,106,0.005082,0.007482,0.000494
叹息,始知,0.33686,2.752948,4,43,84,0.003035,0.005929,0.000282
巫山,忆昔,0.336854,2.986388,2,26,55,0.001835,0.003882,0.000141
关河,寥落,0.336854,2.986388,2,26,55,0.001835,0.003882,0.000141
九重,明主,0.336802,2.849366,3,60,41,0.004235,0.002894,0.000212
九重,道士,0.336802,2.849366,3,60,41,0.004235,0.002894,0.000212
罗衣,阳台,0.33669,3.218311,1,21,27,0.001482,0.001906,7.1e-05
千万,瑶池,0.336589,2.750736,4,181,20,0.012776,0.001412,0.000282
等闲,道路,0.336537,2.675208,5,61,80,0.004306,0.005647,0.000353
丹砂,当年,0.33646,2.982898,2,35,41,0.002471,0.002894,0.000141
日月,道士,0.336424,2.612977,6,152,41,0.010729,0.002894,0.000424
少年,走马,0.336364,2.379363,12,246,64,0.017364,0.004518,0.000847
未央,美人,0.336353,2.748804,4,39,93,0.002753,0.006565,0.000282
君心,鹦鹉,0.336084,2.843287,3,55,45,0.003882,0.003176,0.000212
骑马,鹦鹉,0.336084,2.843287,3,55,45,0.003882,0.003176,0.000212
多少,楼上,0.336084,2.843287,3,33,75,0.002329,0.005294,0.000212
咸阳,秋雨,0.336068,2.979419,2,40,36,0.002823,0.002541,0.000141
海上,瑶池,0.336068,2.979419,2,72,20,0.005082,0.001412,0.000141
梦里,秋雨,0.336068,2.979419,2,40,36,0.002823,0.002541,0.000141
千金,鬼神,0.336068,2.979419,2,40,36,0.002823,0.002541,0.000141
秋雨,萧索,0.336068,2.979419,2,36,40,0.002541,0.002823,0.000141
心期,自怜,0.33594,2.842076,3,59,42,0.004165,0.002965,0.000212
劝君,所以,0.33594,2.842076,3,59,42,0.004165,0.002965,0.000212
春雨,汉家,0.335845,2.841269,3,31,80,0.002188,0.005647,0.000212
千金,纵横,0.335845,2.841269,3,40,62,0.002823,0.004376,0.000212
光辉,紫微,0.335845,2.841269,3,62,40,0.004376,0.002823,0.000212
梨花,相对,0.335845,2.841269,3,40,62,0.002823,0.004376,0.000212
翡翠,造化,0.335845,2.841269,3,40,62,0.002823,0.004376,0.000212
山高,道路,0.335845,2.841269,3,31,80,0.002188,0.005647,0.000212
男儿,青楼,0.335833,2.977338,2,39,37,0.002753,0.002612,0.000141
巫峡,菊花,0.335833,2.977338,2,39,37,0.002753,0.002612,0.000141
月落,菊花,0.335833,2.977338,2,39,37,0.002753,0.002612,0.000141
九衢,太平,0.335833,2.977338,2,37,39,0.002612,0.002753,0.000141
绿杨,青楼,0.335833,2.977338,2,39,37,0.002753,0.002612,0.000141
星辰,男儿,0.335833,2.977338,2,37,39,0.002612,0.002753,0.000141
岁寒,昔时,0.335772,3.209532,1,26,22,0.001835,0.001553,7.1e-05
中原,黄花,0.335772,3.209532,1,13,44,0.000918,0.003106,7.1e-05
昔时,衣冠,0.335772,3.209532,1,22,26,0.001553,0.001835,7.1e-05
中原,公卿,0.335772,3.209532,1,13,44,0.000918,0.003106,7.1e-05
中原,枕上,0.335772,3.209532,1,13,44,0.000918,0.003106,7.1e-05
中原,咫尺,0.335772,3.209532,1,13,44,0.000918,0.003106,7.1e-05
辛苦,陌上,0.335655,2.839657,3,46,54,0.003247,0.003812,0.000212
佳期,行乐,0.335655,2.839657,3,69,36,0.00487,0.002541,0.000212
秋月,鬼神,0.335655,2.839657,3,69,36,0.00487,0.002541,0.000212
依稀,梦中,0.335607,2.839255,3,35,71,0.002471,0.005012,0.000212
丹砂,是非,0.335607,2.839255,3,35,71,0.002471,0.005012,0.000212
佳期,罗衣,0.335365,2.973189,2,69,21,0.00487,0.001482,0.000141
相识,行路,0.335345,2.740567,4,69,53,0.00487,0.003741,0.000282
憔悴,颜色,0.335341,2.468594,9,90,120,0.006353,0.00847,0.000635
江边,白蘋,0.335322,2.836843,3,53,47,0.003741,0.003318,0.000212
生死,纵横,0.335312,2.740293,4,59,62,0.004165,0.004376,0.000282
松柏,百尺,0.335312,2.740293,4,59,62,0.004165,0.004376,0.000282
寻常,造化,0.335312,2.740293,4,59,62,0.004165,0.004376,0.000282
御沟,无穷,0.335275,2.836442,3,28,89,0.001976,0.006282,0.000212
九重,蓬莱,0.335245,2.739747,4,60,61,0.004235,0.004306,0.000282
生涯,等闲,0.335245,2.739747,4,60,61,0.004235,0.004306,0.000282
子孙,等闲,0.335245,2.739747,4,60,61,0.004235,0.004306,0.000282
干戈,梦魂,0.335224,3.204301,1,25,23,0.001765,0.001623,7.1e-05
多少,日斜,0.335132,2.971121,2,33,44,0.002329,0.003106,0.000141
咫尺,多少,0.335132,2.971121,2,44,33,0.003106,0.002329,0.000141
万年,昆仑,0.335132,2.971121,2,44,33,0.003106,0.002329,0.000141
万年,思量,0.335132,2.971121,2,44,33,0.003106,0.002329,0.000141
咫尺,昆仑,0.335132,2.971121,2,44,33,0.003106,0.002329,0.000141
梧桐,消息,0.335085,2.834838,3,48,52,0.003388,0.003671,0.000212
巫山,相忆,0.335085,2.834838,3,26,96,0.001835,0.006776,0.000212
岁寒,时节,0.335085,2.834838,3,26,96,0.001835,0.006776,0.000212
清明,鸳鸯,0.335085,2.834838,3,39,64,0.002753,0.004518,0.000212
绿杨,鸳鸯,0.335085,2.834838,3,39,64,0.002753,0.004518,0.000212
男儿,白玉,0.335085,2.834838,3,39,64,0.002753,0.004518,0.000212
世上,名利,0.335085,2.834838,3,52,48,0.003671,0.003388,0.000212
未央,鸳鸯,0.335085,2.834838,3,39,64,0.002753,0.004518,0.000212
杯酒,男儿,0.335044,2.738109,4,94,39,0.006635,0.002753,0.000282
高秋,黄鹤,0.335043,3.202563,1,24,24,0.001694,0.001694,7.1e-05
意气,英雄,0.335043,3.202563,1,36,16,0.002541,0.001129,7.1e-05
万物,南国,0.334943,2.833637,3,51,49,0.0036,0.003459,0.000212
寒山,归客,0.334943,2.833637,3,51,49,0.0036,0.003459,0.000212
功名,向东,0.334896,2.833237,3,50,50,0.003529,0.003529,0.000212
天涯,消息,0.334884,2.549391,7,149,52,0.010517,0.003671,0.000494
蓬莱,道士,0.334848,2.832837,3,61,41,0.004306,0.002894,0.000212
巫山,猿声,0.334822,2.96837,2,26,56,0.001835,0.003953,0.000141
万物,人心,0.334821,2.661572,5,51,97,0.0036,0.006847,0.000353
南国,落叶,0.334744,2.735657,4,49,75,0.003459,0.005294,0.000282
万国,满地,0.334744,2.967683,2,31,47,0.002188,0.003318,0.000141
单于,望乡,0.334744,2.967683,2,31,47,0.002188,0.003318,0.000141
云间,烟雨,0.334744,2.967683,2,47,31,0.003318,0.002188,0.000141
云间,空馀,0.334744,2.967683,2,47,31,0.003318,0.002188,0.000141
宫中,山高,0.334744,2.967683,2,47,31,0.003318,0.002188,0.000141
北阙,流年,0.334744,2.967683,2,31,47,0.002188,0.003318,0.000141
宫中,承恩,0.334744,2.967683,2,47,31,0.003318,0.002188,0.000141
人心,道路,0.334681,2.547843,7,97,80,0.006847,0.005647,0.000494
古来,归去,0.334599,2.598797,6,49,129,0.003459,0.009106,0.000424
云飞,桃花,0.334578,2.734297,4,32,115,0.002259,0.008117,0.000282
道路,骨肉,0.334578,2.734297,4,80,46,0.005647,0.003247,0.000282
功成,神仙,0.334578,2.734297,4,46,80,0.003247,0.005647,0.000282
日斜,歌舞,0.334518,2.830042,3,44,57,0.003106,0.004023,0.000212
南北,山川,0.334393,2.545655,7,77,101,0.005435,0.007129,0.000494
北斗,衣裳,0.334377,2.828847,3,27,93,0.001906,0.006565,0.000212
人情,路傍,0.334358,2.964257,2,43,34,0.003035,0.0024,0.000141
故国,细雨,0.334358,2.964257,2,43,34,0.003035,0.0024,0.000141
帝城,蛟龙,0.334358,2.964257,2,43,34,0.003035,0.0024,0.000141
天外,蛟龙,0.334358,2.964257,2,43,34,0.003035,0.0024,0.000141
人情,日落,0.334358,2.964257,2,43,34,0.003035,0.0024,0.000141
东海,他年,0.334319,3.195642,1,29,20,0.002047,0.001412,7.1e-05
孤舟,猿啼,0.334288,2.657336,5,108,46,0.007623,0.003247,0.000353
天下,感激,0.334288,2.657336,5,138,36,0.009741,0.002541,0.000353
柳色,碧云,0.334246,2.731583,4,45,82,0.003176,0.005788,0.000282
玉楼,蓬莱,0.334204,2.96289,2,24,61,0.001694,0.004306,0.000141
朝朝,莺啼,0.334142,2.826857,3,74,34,0.005223,0.0024,0.000212
朝朝,蛟龙,0.334142,2.826857,3,74,34,0.005223,0.0024,0.000212
绿水,青山,0.333988,2.542574,7,29,269,0.002047,0.018988,0.000494
月下,行乐,0.333954,2.825269,3,70,36,0.004941,0.002541,0.000212
孤云,氛氲,0.333954,2.825269,3,56,45,0.003953,0.003176,0.000212
欢娱,鹦鹉,0.333954,2.825269,3,56,45,0.003953,0.003176,0.000212
所以,自然,0.333954,2.825269,3,42,60,0.002965,0.004235,0.000212
子孙,苦辛,0.333954,2.825269,3,60,42,0.004235,0.002965,0.000212
所以,月光,0.333742,2.9588,2,42,35,0.002965,0.002471,0.000141
月光,自怜,0.333742,2.9588,2,35,42,0.002471,0.002965,0.000141
南国,路岐,0.333742,2.9588,2,49,30,0.003459,0.002118,0.000141
明时,玉树,0.333742,2.9588,2,42,35,0.002965,0.002471,0.000141
阑干,风动,0.333742,2.9588,2,35,42,0.002471,0.002965,0.000141
山川,干戈,0.33372,2.823287,3,101,25,0.007129,0.001765,0.000212
向人,富贵,0.333682,2.652517,5,64,78,0.004518,0.005506,0.000353
云飞,猿啼,0.333589,2.95744,2,32,46,0.002259,0.003247,0.000141
云飞,往事,0.333589,2.95744,2,32,46,0.002259,0.003247,0.000141
梦魂,白玉,0.333589,2.95744,2,23,64,0.001623,0.004518,0.000141
云飞,功成,0.333589,2.95744,2,32,46,0.002259,0.003247,0.000141
世事,两相,0.333486,2.821308,3,55,46,0.003882,0.003247,0.000212
中原,从军,0.333421,3.187059,1,13,45,0.000918,0.003176,7.1e-05
姓名,金陵,0.333359,2.955405,2,59,25,0.004165,0.001765,0.000141
干戈,生死,0.333359,2.955405,2,25,59,0.001765,0.004165,0.000141
东山,闭门,0.333354,2.724293,4,63,59,0.004447,0.004165,0.000282
苍梧,道士,0.333283,2.954727,2,36,41,0.002541,0.002894,0.000141
道士,鬼神,0.333283,2.954727,2,41,36,0.002894,0.002541,0.000141
美人,翡翠,0.333255,2.723486,4,93,40,0.006565,0.002823,0.000282
九重,百尺,0.333255,2.723486,4,60,62,0.004235,0.004376,0.000282
等闲,蓬莱,0.333222,2.723217,4,61,61,0.004306,0.004306,0.000282
叹息,寻常,0.333159,2.818545,3,43,59,0.003035,0.004165,0.000212
春水,满地,0.333113,2.818151,3,54,47,0.003812,0.003318,0.000212
八月,陌上,0.333113,2.818151,3,47,54,0.003318,0.003812,0.000212
年华,陌上,0.333113,2.818151,3,47,54,0.003318,0.003812,0.000212
山河,珍重,0.333054,2.952696,2,51,29,0.0036,0.002047,0.000141
九衢,飘飖,0.332978,2.95202,2,37,40,0.002612,0.002823,0.000141
翡翠,青楼,0.332978,2.95202,2,40,37,0.002823,0.002612,0.000141
南北,残阳,0.332973,2.81697,3,77,33,0.005435,0.002329,0.000212
纵横,自言,0.332926,2.816576,3,62,41,0.004376,0.002894,0.000212
出入,男儿,0.332825,2.95067,2,38,39,0.002682,0.002753,0.000141
游子,还家,0.332825,2.95067,2,38,39,0.002682,0.002753,0.000141
月落,汀洲,0.332825,2.95067,2,39,38,0.002753,0.002682,0.000141
秋声,苍茫,0.332825,2.95067,2,38,39,0.002682,0.002753,0.000141
关河,春光,0.332825,2.95067,2,26,57,0.001835,0.004023,0.000141
巫山,春光,0.332825,2.95067,2,26,57,0.001835,0.004023,0.000141
衣冠,风烟,0.332825,2.95067,2,26,57,0.001835,0.004023,0.000141
消息,马上,0.332648,2.814219,3,52,49,0.003671,0.003459,0.000212
归客,楚水,0.332648,2.814219,3,49,52,0.003459,0.003671,0.000212
世上,乾坤,0.332648,2.814219,3,52,49,0.003671,0.003459,0.000212
天子,百里,0.332598,2.53199,7,146,54,0.010306,0.003812,0.000494
多少,日照,0.332597,2.948648,2,33,45,0.002329,0.003176,0.000141
多少,鹦鹉,0.332597,2.948648,2,33,45,0.002329,0.003176,0.000141
婵娟,物外,0.332597,2.948648,2,55,27,0.003882,0.001906,0.000141
圣主,阙下,0.332597,2.948648,2,33,45,0.002329,0.003176,0.000141
世事,阳台,0.332597,2.948648,2,55,27,0.003882,0.001906,0.000141
夜雨,溪水,0.332597,2.948648,2,45,33,0.003176,0.002329,0.000141
丹青,柳色,0.332597,2.948648,2,33,45,0.002329,0.003176,0.000141
千古,氛氲,0.332597,2.948648,2,33,45,0.002329,0.003176,0.000141
楼上,莺啼,0.332555,2.813434,3,75,34,0.005294,0.0024,0.000212
花枝,莺啼,0.332555,2.813434,3,75,34,0.005294,0.0024,0.000212
颜色,黄金,0.332512,2.325493,13,120,150,0.00847,0.010588,0.000918
世人,海上,0.332478,2.642947,5,70,72,0.004941,0.005082,0.000353
始知,自然,0.332478,2.642947,5,84,60,0.005929,0.004235,0.000353
潇湘,霄汉,0.332468,2.717055,4,78,48,0.005506,0.003388,0.000282
名利,富贵,0.332468,2.717055,4,48,78,0.003388,0.005506,0.000282
昔年,相识,0.332416,2.812258,3,37,69,0.002612,0.00487,0.000212
杯酒,笙歌,0.332398,2.530469,7,94,84,0.006635,0.005929,0.000494
烟雨,青松,0.332369,2.94663,2,31,48,0.002188,0.003388,0.000141
单于,飞鸟,0.332369,2.94663,2,31,48,0.002188,0.003388,0.000141
空馀,逢人,0.332369,2.94663,2,31,48,0.002188,0.003388,0.000141
北阙,行客,0.332369,2.94663,2,31,48,0.002188,0.003388,0.000141
尚书,红粉,0.332369,2.94663,2,48,31,0.003388,0.002188,0.000141
世间,乾坤,0.332304,2.641559,5,103,49,0.00727,0.003459,0.000353
乔木,烟波,0.332277,2.811084,3,36,71,0.002541,0.005012,0.000212
日月,消息,0.332265,2.529457,7,152,52,0.010729,0.003671,0.000494
无限,杨柳,0.332206,2.349947,12,121,134,0.008541,0.009459,0.000847
昔年,英雄,0.332176,3.175164,1,37,16,0.002612,0.001129,7.1e-05
江湖,相知,0.332092,2.80952,3,64,40,0.004518,0.002823,0.000212
云飞,神仙,0.332092,2.80952,3,32,80,0.002259,0.005647,0.000212
梨花,鸳鸯,0.332092,2.80952,3,40,64,0.002823,0.004518,0.000212
明时,湘水,0.332,2.808739,3,42,61,0.002965,0.004306,0.000212
知己,苦辛,0.332,2.808739,3,61,42,0.004306,0.002965,0.000212
才子,风流,0.331968,2.482862,8,91,104,0.006423,0.007341,0.000565
关山,蛾眉,0.331881,2.712259,4,66,57,0.004659,0.004023,0.000282
玲珑,鹦鹉,0.331862,2.807569,3,57,45,0.004023,0.003176,0.000212
多情,阳城,0.331862,2.807569,3,45,57,0.003176,0.004023,0.000212
所思,是非,0.331849,2.711993,4,53,71,0.003741,0.005012,0.000282
中原,桃花,0.33184,2.941936,2,13,115,0.000918,0.008117,0.000141
圣主,窈窕,0.331823,3.171791,1,33,18,0.002329,0.001271,7.1e-05
朝廷,窈窕,0.331823,3.171791,1,33,18,0.002329,0.001271,7.1e-05
日落,逶迤,0.331765,2.941268,2,34,44,0.0024,0.003106,0.000141
日斜,细雨,0.331765,2.941268,2,44,34,0.003106,0.0024,0.000141
九天,咫尺,0.331765,2.941268,2,34,44,0.0024,0.003106,0.000141
咫尺,日落,0.331765,2.941268,2,44,34,0.003106,0.0024,0.000141
公卿,弟子,0.331765,2.941268,2,44,34,0.003106,0.0024,0.000141
万年,九天,0.331765,2.941268,2,44,34,0.003106,0.0024,0.000141
咫尺,蛟龙,0.331765,2.941268,2,44,34,0.003106,0.0024,0.000141
迢递,风波,0.331732,2.637012,5,78,65,0.005506,0.004588,0.000353
潇湘,风波,0.331732,2.637012,5,78,65,0.005506,0.004588,0.000353
南北,马上,0.331524,2.709339,4,77,49,0.005435,0.003459,0.000282
南北,天台,0.331524,2.709339,4,77,49,0.005435,0.003459,0.000282
城下,马嘶,0.331463,2.938597,2,50,30,0.003529,0.002118,0.000141
九重,金陵,0.331463,2.938597,2,60,25,0.004235,0.001765,0.000141
古木,干戈,0.331463,2.938597,2,60,25,0.004235,0.001765,0.000141
朝廷,须臾,0.331448,2.804066,3,33,78,0.002329,0.005506,0.000212
向人,生死,0.331427,2.708544,4,64,59,0.004518,0.004165,0.000282
君王,百里,0.331297,2.707486,4,70,54,0.004941,0.003812,0.000282
人心,巫峡,0.3312,2.706692,4,97,39,0.006847,0.002753,0.000282
月落,至今,0.3312,2.706692,4,39,97,0.002753,0.006847,0.000282
叹息,日夕,0.331172,2.801738,3,43,60,0.003035,0.004235,0.000212
相随,路岐,0.331172,2.801738,3,86,30,0.00607,0.002118,0.000212
中原,猿啼,0.331121,3.16508,1,13,46,0.000918,0.003247,7.1e-05
他乡,衣冠,0.331121,3.16508,1,23,26,0.001623,0.001835,7.1e-05
中原,客心,0.331121,3.16508,1,13,46,0.000918,0.003247,7.1e-05
他乡,关河,0.331121,3.16508,1,23,26,0.001623,0.001835,7.1e-05
巫山,梦魂,0.331121,3.16508,1,26,23,0.001835,0.001623,7.1e-05
中原,秋日,0.331121,3.16508,1,13,46,0.000918,0.003247,7.1e-05
岁寒,梦魂,0.331121,3.16508,1,26,23,0.001835,0.001623,7.1e-05
中原,往事,0.331121,3.16508,1,13,46,0.000918,0.003247,7.1e-05
两相,中原,0.331121,3.16508,1,46,13,0.003247,0.000918,7.1e-05
中原,楼台,0.331121,3.16508,1,13,46,0.000918,0.003247,7.1e-05
中原,功成,0.331121,3.16508,1,13,46,0.000918,0.003247,7.1e-05
今已,路难,0.331088,2.93527,2,43,35,0.003035,0.002471,0.000141
月光,浮生,0.331088,2.93527,2,35,43,0.002471,0.003035,0.000141
九天,黄金,0.33099,2.631113,5,34,150,0.0024,0.010588,0.000353
君心,满地,0.330944,2.799802,3,55,47,0.003882,0.003318,0.000212
宫中,饮酒,0.330944,2.799802,3,47,55,0.003318,0.003882,0.000212
美人,颜色,0.330887,2.435804,9,93,120,0.006565,0.00847,0.000635
东海,消息,0.330864,2.933278,2,29,52,0.002047,0.003671,0.000141
寥落,经年,0.330813,2.703525,4,55,69,0.003882,0.00487,0.000282
归心,骑马,0.330813,2.703525,4,69,55,0.00487,0.003882,0.000282
昆仑,桃花,0.330813,2.703525,4,33,115,0.002329,0.008117,0.000282
皎然,颜色,0.330772,3.161741,1,5,120,0.000353,0.00847,7.1e-05
玉堂,玉楼,0.330772,3.161741,1,25,24,0.001765,0.001694,7.1e-05
君王,青楼,0.330715,2.79787,3,70,37,0.004941,0.002612,0.000212
朱门,玉树,0.330715,2.79787,3,74,35,0.005223,0.002471,0.000212
游子,百年,0.330652,2.702209,4,38,100,0.002682,0.007059,0.000282
干戈,日月,0.330652,2.702209,4,25,152,0.001765,0.010729,0.000282
人世,今年,0.330652,2.702209,4,38,100,0.002682,0.007059,0.000282
百花,高台,0.330565,2.930629,2,56,27,0.003953,0.001906,0.000141
御沟,陌上,0.330565,2.930629,2,28,54,0.001976,0.003812,0.000141
御沟,春水,0.330565,2.930629,2,28,54,0.001976,0.003812,0.000141
明时,行乐,0.330565,2.930629,2,42,36,0.002965,0.002541,0.000141
乔木,自怜,0.330565,2.930629,2,36,42,0.002541,0.002965,0.000141
乔木,苦辛,0.330565,2.930629,2,36,42,0.002541,0.002965,0.000141
行乐,风动,0.330565,2.930629,2,36,42,0.002541,0.002965,0.000141
夜来,高台,0.330565,2.930629,2,56,27,0.003953,0.001906,0.000141
红叶,自怜,0.330565,2.930629,2,36,42,0.002541,0.002965,0.000141
玉楼,遥知,0.330565,2.930629,2,24,63,0.001694,0.004447,0.000141
游人,高台,0.330565,2.930629,2,56,27,0.003953,0.001906,0.000141
所以,鬼神,0.330565,2.930629,2,42,36,0.002965,0.002541,0.000141
春水,汉宫,0.330565,2.930629,2,54,28,0.003812,0.001976,0.000141
人生,百年,0.330401,2.432226,9,112,100,0.007906,0.007059,0.000635
古来,行路,0.330396,2.795171,3,49,53,0.003459,0.003741,0.000212
山僧,莓苔,0.330396,2.795171,3,53,49,0.003741,0.003459,0.000212
乾坤,江边,0.330396,2.795171,3,49,53,0.003459,0.003741,0.000212
思归,楚水,0.33026,2.794016,3,50,52,0.003529,0.003671,0.000212
岐路,风波,0.33026,2.794016,3,40,65,0.002823,0.004588,0.000212
世上,功名,0.33026,2.794016,3,52,50,0.003671,0.003529,0.000212
星辰,道士,0.330192,2.927328,2,37,41,0.002612,0.002894,0.000141
分明,生死,0.330178,2.624663,5,87,59,0.006141,0.004165,0.000353
残月,骨肉,0.330118,2.926669,2,33,46,0.002329,0.003247,0.000141
多少,辛苦,0.330118,2.926669,2,33,46,0.002329,0.003247,0.000141
千古,相访,0.330118,2.926669,2,33,46,0.002329,0.003247,0.000141
思量,辛苦,0.330118,2.926669,2,33,46,0.002329,0.003247,0.000141
多少,猿啼,0.330118,2.926669,2,33,46,0.002329,0.003247,0.000141
功成,思量,0.330118,2.926669,2,46,33,0.003247,0.002329,0.000141
怜君,长江,0.330078,2.792479,3,62,42,0.004376,0.002965,0.000212
不归,双飞,0.330078,2.792479,3,84,31,0.005929,0.002188,0.000212
万国,乾坤,0.330044,2.92601,2,31,49,0.002188,0.003459,0.000141
古来,烟雨,0.330044,2.92601,2,49,31,0.003459,0.002188,0.000141
乾坤,双阙,0.330044,2.92601,2,49,31,0.003459,0.002188,0.000141
万户,红尘,0.330044,2.92601,2,31,49,0.002188,0.003459,0.000141
北阙,南国,0.330044,2.92601,2,31,49,0.002188,0.003459,0.000141
钓鱼,马上,0.330044,2.92601,2,31,49,0.002188,0.003459,0.000141
歌声,自由,0.329969,2.925352,2,38,40,0.002682,0.002823,0.000141
咸阳,清秋,0.329969,2.925352,2,40,38,0.002823,0.002682,0.000141
圣朝,游子,0.329969,2.925352,2,40,38,0.002823,0.002682,0.000141
出入,千金,0.329969,2.925352,2,38,40,0.002682,0.002823,0.000141
羽翼,飘飖,0.329969,2.925352,2,38,40,0.002682,0.002823,0.000141
西山,霓裳,0.329895,2.924694,2,39,39,0.002753,0.002753,0.000141
太平,霓裳,0.329895,2.924694,2,39,39,0.002753,0.002753,0.000141
月落,未央,0.329895,2.924694,2,39,39,0.002753,0.002753,0.000141
月落,西山,0.329895,2.924694,2,39,39,0.002753,0.002753,0.000141
夫子,月落,0.329895,2.924694,2,39,39,0.002753,0.002753,0.000141
未央,霓裳,0.329895,2.924694,2,39,39,0.002753,0.002753,0.000141
未央,绿杨,0.329895,2.924694,2,39,39,0.002753,0.002753,0.000141
从军,黄昏,0.329806,2.790177,3,45,58,0.003176,0.004094,0.000212
断肠,梅花,0.329806,2.790177,3,58,45,0.004094,0.003176,0.000212
今已,知音,0.329785,2.695128,4,43,89,0.003035,0.006282,0.000282
男儿,白马,0.32967,2.789029,3,39,67,0.002753,0.004729,0.000212
别离,相随,0.329631,2.331735,12,192,86,0.013553,0.00607,0.000847
羽翼,英雄,0.329386,3.148496,1,38,16,0.002682,0.001129,7.1e-05
白玉,自然,0.32937,2.691737,4,64,60,0.004518,0.004235,0.000282
功成,歌舞,0.329264,2.78559,3,46,57,0.003247,0.004023,0.000212
歌舞,辛苦,0.329264,2.78559,3,57,46,0.004023,0.003247,0.000212
读书,辛苦,0.329264,2.78559,3,57,46,0.004023,0.003247,0.000212
读书,骨肉,0.329264,2.78559,3,57,46,0.004023,0.003247,0.000212
梅花,楼前,0.32923,2.918795,2,45,34,0.003176,0.0024,0.000141
柳色,细雨,0.32923,2.918795,2,45,34,0.003176,0.0024,0.000141
细雨,草绿,0.32923,2.918795,2,34,45,0.0024,0.003176,0.000141
氛氲,苍生,0.32923,2.918795,2,45,34,0.003176,0.0024,0.000141
花间,路傍,0.32923,2.918795,2,45,34,0.003176,0.0024,0.000141
草绿,莺啼,0.32923,2.918795,2,45,34,0.003176,0.0024,0.000141
万物,路岐,0.32923,2.918795,2,51,30,0.0036,0.002118,0.000141
凄凉,故国,0.329219,2.785209,3,61,43,0.004306,0.003035,0.000212
台上,秋色,0.329174,2.784828,3,41,64,0.002894,0.004518,0.000212
当年,走马,0.329174,2.784828,3,41,64,0.002894,0.004518,0.000212
白玉,道士,0.329174,2.784828,3,64,41,0.004518,0.002894,0.000212
九衢,明朝,0.329116,2.689656,4,37,104,0.002612,0.007341,0.000282
梦中,青楼,0.329039,2.783685,3,71,37,0.005012,0.002612,0.000212
当时,忆昔,0.329038,2.555605,6,120,55,0.00847,0.003882,0.000424
梦中,零落,0.328959,2.614969,5,71,73,0.005012,0.005153,0.000353
寻常,衣冠,0.328935,2.916184,2,59,26,0.004165,0.001835,0.000141
宫中,碧云,0.328925,2.688098,4,47,82,0.003318,0.005788,0.000282
中原,满地,0.328871,3.143574,1,13,47,0.000918,0.003318,7.1e-05
中原,白蘋,0.328871,3.143574,1,13,47,0.000918,0.003318,7.1e-05
宫中,百花,0.328814,2.781784,3,47,56,0.003318,0.003953,0.000212
流年,花下,0.328814,2.781784,3,47,56,0.003318,0.003953,0.000212
晚来,江边,0.328715,2.91423,2,29,53,0.002047,0.003741,0.000141
山僧,珍重,0.328715,2.91423,2,53,29,0.003741,0.002047,0.000141
渭水,窈窕,0.3287,3.141938,1,34,18,0.0024,0.001271,7.1e-05
九天,窈窕,0.3287,3.141938,1,34,18,0.0024,0.001271,7.1e-05
楼前,窈窕,0.3287,3.141938,1,34,18,0.0024,0.001271,7.1e-05
窈窕,路傍,0.3287,3.141938,1,18,34,0.001271,0.0024,7.1e-05
朱门,长安,0.328594,2.298094,13,74,250,0.005223,0.017647,0.000918
蛾眉,高台,0.328568,2.91293,2,57,27,0.004023,0.001906,0.000141
北斗,春光,0.328568,2.91293,2,27,57,0.001906,0.004023,0.000141
春光,阳台,0.328568,2.91293,2,57,27,0.004023,0.001906,0.000141
江城,野花,0.328495,2.91228,2,70,22,0.004941,0.001553,0.000141
丹砂,咫尺,0.328495,2.91228,2,35,44,0.002471,0.003106,0.000141
世人,松风,0.328495,2.91228,2,70,22,0.004941,0.001553,0.000141
他年,旧游,0.328495,2.91228,2,20,77,0.001412,0.005435,0.000141
千古,道路,0.328455,2.778749,3,33,80,0.002329,0.005647,0.000212
多少,神仙,0.328455,2.778749,3,33,80,0.002329,0.005647,0.000212
昔时,浮云,0.328455,2.778749,3,22,120,0.001553,0.00847,0.000212
扬州,骑马,0.328455,2.778749,3,48,55,0.003388,0.003882,0.000212
丈夫,咫尺,0.328455,2.778749,3,60,44,0.004235,0.003106,0.000212
次第,鱼龙,0.328422,2.911631,2,67,23,0.004729,0.001623,0.000141
桃李,梦魂,0.328231,2.776857,3,115,23,0.008117,0.001623,0.000212
天台,翠微,0.328187,2.776479,3,49,54,0.003459,0.003812,0.000212
文章,等闲,0.328085,2.548208,6,109,61,0.007694,0.004306,0.000424
御沟,昔时,0.328019,3.135424,1,28,22,0.001976,0.001553,7.1e-05
吾道,昔时,0.328019,3.135424,1,28,22,0.001976,0.001553,7.1e-05
白雪,绿杨,0.327919,2.774214,3,68,39,0.0048,0.002753,0.000212
楼前,须臾,0.327919,2.774214,3,34,78,0.0024,0.005506,0.000212
古今,可惜,0.327919,2.774214,3,51,52,0.0036,0.003671,0.000212
深处,男儿,0.327919,2.774214,3,68,39,0.0048,0.002753,0.000212
浮生,行乐,0.327911,2.907099,2,43,36,0.003035,0.002541,0.000141
乔木,故国,0.327911,2.907099,2,36,43,0.002541,0.003035,0.000141
叹息,感激,0.327911,2.907099,2,43,36,0.003035,0.002541,0.000141
帝城,行乐,0.327911,2.907099,2,43,36,0.003035,0.002541,0.000141
名利,尘埃,0.32785,2.679315,4,48,81,0.003388,0.005718,0.000282
十里,春雨,0.327765,2.905808,2,50,31,0.003529,0.002188,0.000141
十里,宫殿,0.327765,2.905808,2,50,31,0.003529,0.002188,0.000141
红粉,阳春,0.327765,2.905808,2,31,50,0.002188,0.003529,0.000141
百尺,金陵,0.327765,2.905808,2,62,25,0.004376,0.001765,0.000141
双飞,尘土,0.327765,2.905808,2,31,50,0.002188,0.003529,0.000141
玉堂,百尺,0.327765,2.905808,2,25,62,0.001765,0.004376,0.000141
双飞,宛转,0.327765,2.905808,2,31,50,0.002188,0.003529,0.000141
干戈,纵横,0.327765,2.905808,2,25,62,0.001765,0.004376,0.000141
双飞,青草,0.327765,2.905808,2,31,50,0.002188,0.003529,0.000141
宛转,承恩,0.327765,2.905808,2,50,31,0.003529,0.002188,0.000141
八月,多少,0.327692,2.905163,2,47,33,0.003318,0.002329,0.000141
八月,千古,0.327692,2.905163,2,47,33,0.003318,0.002329,0.000141
千古,白蘋,0.327692,2.905163,2,33,47,0.002329,0.003318,0.000141
丹青,依然,0.327692,2.905163,2,33,47,0.002329,0.003318,0.000141
天上,白玉,0.327564,2.493667,7,128,64,0.009035,0.004518,0.000494
月下,鹧鸪,0.327563,2.771201,3,70,38,0.004941,0.002682,0.000212
苍苔,青楼,0.327474,2.90323,2,42,37,0.002965,0.002612,0.000141
功名,富贵,0.327473,2.676233,4,50,78,0.003529,0.005506,0.000282
伤心,满眼,0.327473,2.676233,4,78,50,0.005506,0.003529,0.000282
眼前,等闲,0.327439,2.602887,5,86,61,0.00607,0.004306,0.000353
天上,道士,0.327391,2.602506,5,128,41,0.009035,0.002894,0.000353
九衢,凤凰,0.327385,2.769699,3,37,72,0.002612,0.005082,0.000212
回头,蓬莱,0.327348,2.675208,4,64,61,0.004518,0.004306,0.000282
白玉,等闲,0.327348,2.675208,4,64,61,0.004518,0.004306,0.000282
双阙,瑶池,0.327342,3.128951,1,31,20,0.002188,0.001412,7.1e-05
北阙,斜阳,0.327342,3.128951,1,31,20,0.002188,0.001412,7.1e-05
山高,瑶池,0.327342,3.128951,1,31,20,0.002188,0.001412,7.1e-05
大道,瑶池,0.327342,3.128951,1,31,20,0.002188,0.001412,7.1e-05
瑶池,红粉,0.327342,3.128951,1,20,31,0.001412,0.002188,7.1e-05
思君,月照,0.327341,2.769324,3,41,65,0.002894,0.004588,0.000212
单于,眼前,0.327297,2.768948,3,31,86,0.002188,0.00607,0.000212
楼台,青天,0.327208,2.768198,3,46,58,0.003247,0.004094,0.000212
微雨,清秋,0.327184,2.90066,2,41,38,0.002894,0.002682,0.000141
日晚,明主,0.327184,2.90066,2,38,41,0.002682,0.002894,0.000141
当年,清秋,0.327184,2.90066,2,41,38,0.002894,0.002682,0.000141
出入,道士,0.327184,2.90066,2,38,41,0.002682,0.002894,0.000141
男儿,自由,0.32704,2.899377,2,39,40,0.002753,0.002823,0.000141
前程,男儿,0.32704,2.899377,2,40,39,0.002823,0.002753,0.000141
圣朝,还家,0.32704,2.899377,2,40,39,0.002823,0.002753,0.000141
未央,飘飖,0.32704,2.899377,2,39,40,0.002753,0.002823,0.000141
丈夫,封侯,0.32704,2.899377,2,60,26,0.004235,0.001835,0.000141
到处,岐路,0.32704,2.899377,2,39,40,0.002753,0.002823,0.000141
绿杨,翡翠,0.32704,2.899377,2,39,40,0.002753,0.002823,0.000141
岐路,绿杨,0.32704,2.899377,2,40,39,0.002823,0.002753,0.000141
太平,飘飖,0.32704,2.899377,2,39,40,0.002753,0.002823,0.000141
夫子,岐路,0.32704,2.899377,2,39,40,0.002753,0.002823,0.000141
萧索,霓裳,0.32704,2.899377,2,40,39,0.002823,0.002753,0.000141
未央,翡翠,0.32704,2.899377,2,39,40,0.002753,0.002823,0.000141
清明,翡翠,0.32704,2.899377,2,39,40,0.002753,0.002823,0.000141
苍茫,萧索,0.32704,2.899377,2,39,40,0.002753,0.002823,0.000141
游子,风尘,0.327035,2.67265,4,38,103,0.002682,0.00727,0.000282
千古,千载,0.326987,2.766326,3,33,81,0.002329,0.005718,0.000212
别后,相思,0.326836,2.26158,14,82,252,0.005788,0.017788,0.000988
壮士,山下,0.326766,2.764457,3,26,103,0.001835,0.00727,0.000212
九天,龙门,0.326751,2.896816,2,34,46,0.0024,0.003247,0.000141
路傍,辛苦,0.326751,2.896816,2,34,46,0.0024,0.003247,0.000141
九天,功成,0.326751,2.896816,2,34,46,0.0024,0.003247,0.000141
年华,歌舞,0.326722,2.764084,3,47,57,0.003318,0.004023,0.000212
人皆,满地,0.326722,2.764084,3,57,47,0.004023,0.003318,0.000212
先生,神仙,0.326718,2.537587,6,84,80,0.005929,0.005647,0.000424
千年,瑶池,0.326678,2.763711,3,134,20,0.009459,0.001412,0.000212
太平,英雄,0.326669,3.12252,1,39,16,0.002753,0.001129,7.1e-05
中原,水清,0.326669,3.12252,1,13,48,0.000918,0.003388,7.1e-05
中原,逢人,0.326669,3.12252,1,13,48,0.000918,0.003388,7.1e-05
中原,名利,0.326669,3.12252,1,13,48,0.000918,0.003388,7.1e-05
关山,汉家,0.326626,2.596427,5,66,80,0.004659,0.005647,0.000353
天地,昆仑,0.326626,2.596427,5,160,33,0.011294,0.002329,0.000353
北斗,青天,0.326607,2.895538,2,27,58,0.001906,0.004094,0.000141
北斗,半夜,0.326607,2.895538,2,27,58,0.001906,0.004094,0.000141
半夜,高台,0.326607,2.895538,2,58,27,0.004094,0.001906,0.000141
芙蓉,蛾眉,0.326603,2.536694,6,118,57,0.008329,0.004023,0.000424
芳树,蓬莱,0.326501,2.762219,3,44,61,0.003106,0.004306,0.000212
云飞,肠断,0.326463,2.894262,2,32,49,0.002259,0.003459,0.000141
仙人,相寻,0.326463,2.894262,2,49,32,0.003459,0.002259,0.000141
寒食,阳城,0.326442,2.667807,4,69,57,0.00487,0.004023,0.000282
路傍,高楼,0.326413,2.761475,3,34,79,0.0024,0.005576,0.000212
孤舟,归客,0.326341,2.594157,5,108,49,0.007623,0.003459,0.000353
东流,苍苔,0.326325,2.76073,3,64,42,0.004518,0.002965,0.000212
猿声,青门,0.326325,2.76073,3,56,48,0.003953,0.003388,0.000212
归心,男儿,0.326193,2.759615,3,69,39,0.00487,0.002753,0.000212
心事,零落,0.326162,2.665521,4,54,73,0.003812,0.005153,0.000282
相识,颜色,0.326161,2.482982,7,69,120,0.00487,0.00847,0.000494
九重,天下,0.326161,2.482982,7,60,138,0.004235,0.009741,0.000494
歌舞,美人,0.326127,2.592458,5,57,93,0.004023,0.006565,0.000353
美人,蛾眉,0.326127,2.592458,5,93,57,0.006565,0.004023,0.000353
婵娟,归客,0.326018,2.758129,3,55,49,0.003882,0.003459,0.000212
闻说,饮酒,0.326018,2.758129,3,49,55,0.003459,0.003882,0.000212
乾坤,饮酒,0.326018,2.758129,3,49,55,0.003459,0.003882,0.000212
干戈,马蹄,0.32596,2.889807,2,25,63,0.001765,0.004447,0.000141
阑干,鹦鹉,0.32596,2.889807,2,35,45,0.002471,0.003176,0.000141
宫殿,管弦,0.32593,2.757388,3,31,87,0.002188,0.006141,0.000212
分明,大道,0.32593,2.757388,3,87,31,0.006141,0.002188,0.000212
消息,闻道,0.325852,2.662988,4,52,76,0.003671,0.005365,0.000282
天地,茫茫,0.325847,2.304964,12,160,106,0.011294,0.007482,0.000847
次第,生死,0.325821,2.662735,4,67,59,0.004729,0.004165,0.000282
裴回,高台,0.325799,2.756276,3,100,27,0.007059,0.001906,0.000212
九重,从军,0.325799,2.756276,3,60,45,0.004235,0.003176,0.000212
乔木,徘徊,0.325799,2.756276,3,36,75,0.002541,0.005294,0.000212
尘土,百里,0.325799,2.756276,3,50,54,0.003529,0.003812,0.000212
人家,猿啼,0.325729,2.661976,4,86,46,0.00607,0.003247,0.000282
窈窕,阑干,0.325668,3.112951,1,18,35,0.001271,0.002471,7.1e-05
依稀,窈窕,0.325668,3.112951,1,35,18,0.002471,0.001271,7.1e-05
窈窕,风飘,0.325668,3.112951,1,18,35,0.001271,0.002471,7.1e-05
携手,旧游,0.325649,2.529288,6,88,77,0.006212,0.005435,0.000424
巫山,明朝,0.325624,2.754795,3,26,104,0.001835,0.007341,0.000212
古今,承恩,0.325531,2.886005,2,51,31,0.0036,0.002188,0.000141
古今,大道,0.325531,2.886005,2,51,31,0.0036,0.002188,0.000141
日出,江水,0.325497,2.528108,6,64,106,0.004518,0.007482,0.000424
古人,君子,0.325482,2.396015,9,79,147,0.005576,0.010376,0.000635
逍遥,饮酒,0.325323,2.586064,5,97,55,0.006847,0.003882,0.000353
圣主,霄汉,0.325317,2.884109,2,33,48,0.002329,0.003388,0.000141
桃源,残阳,0.325317,2.884109,2,48,33,0.003388,0.002329,0.000141
圣主,梧桐,0.325317,2.884109,2,33,48,0.002329,0.003388,0.000141
残阳,飞鸟,0.325317,2.884109,2,33,48,0.002329,0.003388,0.000141
扬州,昆仑,0.325317,2.884109,2,48,33,0.003388,0.002329,0.000141
红叶,黄花,0.325317,2.884109,2,36,44,0.002541,0.003106,0.000141
公卿,鬼神,0.325317,2.884109,2,44,36,0.003106,0.002541,0.000141
咫尺,感激,0.325317,2.884109,2,44,36,0.003106,0.002541,0.000141
朝廷,青门,0.325317,2.884109,2,33,48,0.002329,0.003388,0.000141
春深,行乐,0.325317,2.884109,2,44,36,0.003106,0.002541,0.000141
昆仑,逢人,0.325317,2.884109,2,33,48,0.002329,0.003388,0.000141
新月,残月,0.325317,2.884109,2,48,33,0.003388,0.002329,0.000141
相亲,黄鹤,0.325317,2.884109,2,66,24,0.004659,0.001694,0.000141
知音,自然,0.325205,2.585128,5,89,60,0.006282,0.004235,0.000353
丈夫,知音,0.325205,2.585128,5,60,89,0.004235,0.006282,0.000353
近来,闭门,0.325187,2.751104,3,46,59,0.003247,0.004165,0.000212
寻常,相访,0.325187,2.751104,3,59,46,0.004165,0.003247,0.000212
功成,生死,0.325187,2.751104,3,46,59,0.003247,0.004165,0.000212
功成,寻常,0.325187,2.751104,3,46,59,0.003247,0.004165,0.000212
封侯,知己,0.325175,2.882847,2,26,61,0.001835,0.004306,0.000141
梦魂,经年,0.325104,2.882217,2,23,69,0.001623,0.00487,0.000141
归心,梦魂,0.325104,2.882217,2,69,23,0.00487,0.001623,0.000141
梦魂,秋月,0.325104,2.882217,2,23,69,0.001623,0.00487,0.000141
汉家,路傍,0.324926,2.748896,3,80,34,0.005647,0.0024,0.000212
岁月,紫微,0.324926,2.748896,3,68,40,0.0048,0.002823,0.000212
今已,星辰,0.32482,2.8797,2,43,37,0.003035,0.002612,0.000141
杨柳,翡翠,0.324734,2.581389,5,134,40,0.009459,0.002823,0.000353
夜长,高台,0.324678,2.878443,2,59,27,0.004165,0.001906,0.000141
月夜,高台,0.324678,2.878443,2,59,27,0.004165,0.001906,0.000141
北斗,生死,0.324678,2.878443,2,27,59,0.001906,0.004165,0.000141
劝君,北斗,0.324678,2.878443,2,59,27,0.004165,0.001906,0.000141
依然,相送,0.324666,2.746692,3,47,58,0.003318,0.004094,0.000212
北斗,山川,0.324623,2.746326,3,27,101,0.001906,0.007129,0.000212
天地,始知,0.324592,2.355265,10,160,84,0.011294,0.005929,0.000706
枕上,远山,0.324579,2.745959,3,44,62,0.003106,0.004376,0.000212
咫尺,造化,0.324579,2.745959,3,44,62,0.003106,0.004376,0.000212
独坐,绿水,0.324537,2.877189,2,55,29,0.003882,0.002047,0.000141
中原,肠断,0.324512,3.101901,1,13,49,0.000918,0.003459,7.1e-05
中原,马上,0.324512,3.101901,1,13,49,0.000918,0.003459,7.1e-05
中原,南国,0.324512,3.101901,1,13,49,0.000918,0.003459,7.1e-05
中原,天台,0.324512,3.101901,1,13,49,0.000918,0.003459,7.1e-05
中原,红尘,0.324512,3.101901,1,13,49,0.000918,0.003459,7.1e-05
中原,乾坤,0.324512,3.101901,1,13,49,0.000918,0.003459,7.1e-05
万事,陌上,0.324498,2.651916,4,74,54,0.005223,0.003812,0.000282
富贵,路难,0.324493,2.745226,3,78,35,0.005506,0.002471,0.000212
到处,石上,0.324493,2.745226,3,39,70,0.002753,0.004941,0.000212
君王,未央,0.324493,2.745226,3,70,39,0.004941,0.002753,0.000212
所以,游子,0.324466,2.876562,2,42,38,0.002965,0.002682,0.000141
秋声,风动,0.324466,2.876562,2,38,42,0.002682,0.002965,0.000141
人世,永日,0.324466,2.876562,2,38,42,0.002682,0.002965,0.000141
吾道,无情,0.324466,2.876562,2,28,57,0.001976,0.004023,0.000141
昔时,绿水,0.324348,3.100332,1,22,29,0.001553,0.002047,7.1e-05
东海,昔时,0.324348,3.100332,1,29,22,0.002047,0.001553,7.1e-05
日落,江流,0.324325,2.87531,2,34,47,0.0024,0.003318,0.000141
九天,依然,0.324325,2.87531,2,34,47,0.0024,0.003318,0.000141
宫中,蛟龙,0.324325,2.87531,2,47,34,0.003318,0.0024,0.000141
路长,风霜,0.324254,2.874684,2,39,41,0.002753,0.002894,0.000141
垂杨,金谷,0.324254,2.874684,2,41,39,0.002894,0.002753,0.000141
当年,男儿,0.324254,2.874684,2,41,39,0.002894,0.002753,0.000141
台上,苍茫,0.324254,2.874684,2,41,39,0.002894,0.002753,0.000141
男儿,道士,0.324254,2.874684,2,39,41,0.002753,0.002894,0.000141
乔木,沧洲,0.324233,2.743031,3,36,76,0.002541,0.005365,0.000212
摇落,梧桐,0.324233,2.743031,3,57,48,0.004023,0.003388,0.000212
春日,牡丹,0.324233,2.743031,3,72,38,0.005082,0.002682,0.000212
世上,人间,0.32419,2.293241,12,52,330,0.003671,0.023294,0.000847
干戈,走马,0.324184,2.874059,2,25,64,0.001765,0.004518,0.000141
公子,萧索,0.324184,2.874059,2,40,40,0.002823,0.002823,0.000141
岐路,相知,0.324184,2.874059,2,40,40,0.002823,0.002823,0.000141
前程,岐路,0.324184,2.874059,2,40,40,0.002823,0.002823,0.000141
相寻,秋天,0.324184,2.874059,2,32,50,0.002259,0.003529,0.000141
翡翠,萧索,0.324184,2.874059,2,40,40,0.002823,0.002823,0.000141
九衢,朱门,0.324147,2.7423,3,37,74,0.002612,0.005223,0.000212
万事,青楼,0.324147,2.7423,3,74,37,0.005223,0.002612,0.000212
云飞,瑶池,0.32402,3.097202,1,32,20,0.002259,0.001412,7.1e-05
姓名,岁月,0.324009,2.64792,4,59,68,0.004165,0.0048,0.000282
寻常,白雪,0.324009,2.64792,4,59,68,0.004165,0.0048,0.000282
花满,马上,0.323888,2.740111,3,56,49,0.003953,0.003459,0.000212
垂杨,白马,0.323759,2.739018,3,41,67,0.002894,0.004729,0.000212
白马,自言,0.323759,2.739018,3,67,41,0.004729,0.002894,0.000212
年华,桃李,0.323683,2.573029,5,47,115,0.003318,0.008117,0.000353
桃花,满地,0.323683,2.573029,5,115,47,0.008117,0.003318,0.000353
宛转,忆昔,0.32363,2.737927,3,50,55,0.003529,0.003882,0.000212
寥落,思归,0.32363,2.737927,3,55,50,0.003882,0.003529,0.000212
夜月,湘水,0.323582,2.644436,4,66,61,0.004659,0.004306,0.000282
人情,白玉,0.323544,2.7372,3,43,64,0.003035,0.004518,0.000212
故国,秋色,0.323544,2.7372,3,43,64,0.003035,0.004518,0.000212
人情,江湖,0.323544,2.7372,3,43,64,0.003035,0.004518,0.000212
出入,茫茫,0.323522,2.64394,4,38,106,0.002682,0.007482,0.000282
客心,月光,0.323481,2.867828,2,46,35,0.003247,0.002471,0.000141
丹砂,往事,0.323481,2.867828,2,35,46,0.002471,0.003247,0.000141
月光,楼台,0.323481,2.867828,2,35,46,0.002471,0.003247,0.000141
丹砂,功成,0.323481,2.867828,2,35,46,0.002471,0.003247,0.000141
兄弟,风波,0.323461,2.643443,4,62,65,0.004376,0.004588,0.000282
千载,蛟龙,0.323458,2.736473,3,81,34,0.005718,0.0024,0.000212
桃源,落花,0.3234,2.642947,4,48,84,0.003388,0.005929,0.000282
落花,飞鸟,0.3234,2.642947,4,84,48,0.005929,0.003388,0.000282
先生,逢人,0.3234,2.642947,4,84,48,0.005929,0.003388,0.000282
相随,自知,0.32338,2.570626,5,86,63,0.00607,0.004447,0.000353
巫山,江水,0.323372,2.735747,3,26,106,0.001835,0.007482,0.000212
他人,行路,0.323372,2.735747,3,52,53,0.003671,0.003741,0.000212
他乡,吾道,0.323368,3.090972,1,23,28,0.001623,0.001976,7.1e-05
兄弟,绮罗,0.323341,2.866587,2,62,26,0.004376,0.001835,0.000141
他人,山高,0.323341,2.866587,2,52,31,0.003671,0.002188,0.000141
单于,可惜,0.323341,2.866587,2,31,52,0.002188,0.003671,0.000141
双飞,独行,0.323341,2.866587,2,31,52,0.002188,0.003671,0.000141
依旧,承恩,0.323341,2.866587,2,52,31,0.003671,0.002188,0.000141
头白,春雨,0.323341,2.866587,2,52,31,0.003671,0.002188,0.000141
红粉,花前,0.323341,2.866587,2,31,52,0.002188,0.003671,0.000141
他人,承恩,0.323341,2.866587,2,52,31,0.003671,0.002188,0.000141
他人,春雨,0.323341,2.866587,2,52,31,0.003671,0.002188,0.000141
大道,消息,0.323341,2.866587,2,31,52,0.002188,0.003671,0.000141
山高,知音,0.323244,2.734659,3,31,89,0.002188,0.006282,0.000212
无穷,河汉,0.323244,2.734659,3,89,31,0.006282,0.002188,0.000212
皎然,风雨,0.323206,3.08942,1,5,129,0.000353,0.009106,7.1e-05
客心,远近,0.323201,2.734297,3,46,60,0.003247,0.004235,0.000212
岐路,江海,0.323201,2.734297,3,40,69,0.002823,0.00487,0.000212
功成,子孙,0.323201,2.734297,3,46,60,0.003247,0.004235,0.000212
白云,黄鹤,0.323149,2.460059,7,353,24,0.024917,0.001694,0.000494
依然,太守,0.323097,2.64047,4,47,86,0.003318,0.00607,0.000282
归客,残阳,0.322992,2.86349,2,49,33,0.003459,0.002329,0.000141
乾坤,多少,0.322992,2.86349,2,49,33,0.003459,0.002329,0.000141
闻说,雨雪,0.322992,2.86349,2,49,33,0.003459,0.002329,0.000141
临风,昆仑,0.322992,2.86349,2,49,33,0.003459,0.002329,0.000141
乾坤,思量,0.322992,2.86349,2,49,33,0.003459,0.002329,0.000141
东南,读书,0.322946,2.639234,4,71,57,0.005012,0.004023,0.000282
春深,看花,0.322915,2.638987,4,44,92,0.003106,0.006494,0.000282
白露,西风,0.322855,2.638493,4,81,50,0.005718,0.003529,0.000282
柳色,行乐,0.322783,2.861636,2,45,36,0.003176,0.002541,0.000141
月出,行乐,0.322783,2.861636,2,45,36,0.003176,0.002541,0.000141
万古,草绿,0.322783,2.861636,2,36,45,0.002541,0.003176,0.000141
乔木,氛氲,0.322783,2.861636,2,36,45,0.002541,0.003176,0.000141
千载,瑶池,0.322783,2.861636,2,81,20,0.005718,0.001412,0.000141
从军,感激,0.322783,2.861636,2,45,36,0.003176,0.002541,0.000141
远近,阳台,0.322783,2.861636,2,60,27,0.004235,0.001906,0.000141
心事,路岐,0.322783,2.861636,2,54,30,0.003812,0.002118,0.000141
物外,生涯,0.322783,2.861636,2,27,60,0.001906,0.004235,0.000141
九重,物外,0.322783,2.861636,2,60,27,0.004235,0.001906,0.000141
物外,自然,0.322783,2.861636,2,27,60,0.001906,0.004235,0.000141
东西,生死,0.322778,2.45723,7,144,59,0.010164,0.004165,0.000494
无限,梅花,0.322755,2.565655,5,121,45,0.008541,0.003176,0.000353
阳台,高秋,0.322721,3.08478,1,27,24,0.001906,0.001694,7.1e-05
阳台,黄鹤,0.322721,3.08478,1,27,24,0.001906,0.001694,7.1e-05
高台,高秋,0.322721,3.08478,1,27,24,0.001906,0.001694,7.1e-05
高台,黄鹤,0.322721,3.08478,1,27,24,0.001906,0.001694,7.1e-05
物外,黄鹤,0.322721,3.08478,1,27,24,0.001906,0.001694,7.1e-05
夜月,明时,0.322688,2.729959,3,66,42,0.004659,0.002965,0.000212
万年,从容,0.322688,2.729959,3,44,63,0.003106,0.004447,0.000212
旧游,红叶,0.322688,2.729959,3,77,36,0.005435,0.002541,0.000212
先生,千古,0.322688,2.729959,3,84,33,0.005929,0.002329,0.000212
自古,须臾,0.322674,2.637012,4,52,78,0.003671,0.005506,0.000282
消息,潇湘,0.322674,2.637012,4,52,78,0.003671,0.005506,0.000282
夜长,宫中,0.322645,2.729598,3,59,47,0.004165,0.003318,0.000212
猿声,落日,0.322531,2.455349,7,56,152,0.003953,0.010729,0.000494
月色,珍重,0.322504,2.85917,2,56,29,0.003953,0.002047,0.000141
金陵,风波,0.322435,2.858555,2,25,65,0.001765,0.004588,0.000141
中原,城下,0.322398,3.081698,1,13,50,0.000918,0.003529,7.1e-05
中原,功名,0.322398,3.081698,1,13,50,0.000918,0.003529,7.1e-05
岁寒,玉堂,0.322398,3.081698,1,26,25,0.001835,0.001765,7.1e-05
春雨,罗衣,0.322237,3.080161,1,31,21,0.002188,0.001482,7.1e-05
北阙,罗衣,0.322237,3.080161,1,31,21,0.002188,0.001482,7.1e-05
万事,昔时,0.322227,2.85671,2,74,22,0.005223,0.001553,0.000141
九衢,雨中,0.322227,2.85671,2,37,44,0.002612,0.003106,0.000141
公卿,星辰,0.322227,2.85671,2,44,37,0.003106,0.002612,0.000141
朝朝,野花,0.322227,2.85671,2,74,22,0.005223,0.001553,0.000141
云飞,分明,0.322177,2.725639,3,32,87,0.002259,0.006141,0.000212
微风,清净,0.322177,2.725639,3,58,48,0.004094,0.003388,0.000212
明时,至今,0.322132,2.632584,4,42,97,0.002965,0.006847,0.000282
永日,逍遥,0.322132,2.632584,4,42,97,0.002965,0.006847,0.000282
人心,所以,0.322132,2.632584,4,97,42,0.006847,0.002965,0.000282
岁月,道士,0.322008,2.724203,3,68,41,0.0048,0.002894,0.000212
生涯,白雪,0.321952,2.631113,4,60,68,0.004235,0.0048,0.000282
万物,神仙,0.321952,2.631113,4,51,80,0.0036,0.005647,0.000282
九天,王孙,0.32195,2.854256,2,34,48,0.0024,0.003388,0.000141
九天,宁知,0.32195,2.854256,2,34,48,0.0024,0.003388,0.000141
楼前,青门,0.32195,2.854256,2,34,48,0.0024,0.003388,0.000141
池塘,渭水,0.32195,2.854256,2,48,34,0.003388,0.0024,0.000141
桃源,莺啼,0.32195,2.854256,2,48,34,0.003388,0.0024,0.000141
王孙,莺啼,0.32195,2.854256,2,48,34,0.003388,0.0024,0.000141
云飞,他日,0.32195,2.854256,2,32,51,0.002259,0.0036,0.000141
尚书,路傍,0.32195,2.854256,2,48,34,0.003388,0.0024,0.000141
楼前,池塘,0.32195,2.854256,2,34,48,0.0024,0.003388,0.000141
蛟龙,青松,0.32195,2.854256,2,34,48,0.0024,0.003388,0.000141
蛟龙,逢人,0.32195,2.854256,2,34,48,0.0024,0.003388,0.000141
弟子,逢人,0.32195,2.854256,2,34,48,0.0024,0.003388,0.000141
是非,鱼龙,0.321881,2.853644,2,71,23,0.005012,0.001623,0.000141
叹息,游子,0.321812,2.853032,2,43,38,0.003035,0.002682,0.000141
今已,清秋,0.321812,2.853032,2,43,38,0.003035,0.002682,0.000141
浮生,鹧鸪,0.321812,2.853032,2,43,38,0.003035,0.002682,0.000141
人世,浮生,0.321812,2.853032,2,38,43,0.002682,0.003035,0.000141
读书,马上,0.321796,2.722411,3,57,49,0.004023,0.003459,0.000212
扁舟,湘水,0.321742,2.629398,4,67,61,0.004729,0.004306,0.000282
分明,白蘋,0.321682,2.628909,4,87,47,0.006141,0.003318,0.000282
所以,还家,0.321536,2.850587,2,42,39,0.002965,0.002753,0.000141
昨夜,罗衣,0.321536,2.850587,2,78,21,0.005506,0.001482,0.000141
苍茫,风动,0.321536,2.850587,2,39,42,0.002753,0.002965,0.000141
云雨,罗衣,0.321536,2.850587,2,78,21,0.005506,0.001482,0.000141
夫子,所以,0.321536,2.850587,2,39,42,0.002753,0.002965,0.000141
月色,秋天,0.3215,2.719908,3,56,50,0.003953,0.003529,0.000212
江城,萧索,0.3215,2.719908,3,70,40,0.004941,0.002823,0.000212
雨露,飘飖,0.3215,2.719908,3,70,40,0.004941,0.002823,0.000212
君王,梨花,0.3215,2.719908,3,70,40,0.004941,0.002823,0.000212
君王,裴回,0.321462,2.496765,6,70,100,0.004941,0.007059,0.000424
君恩,当年,0.321399,2.849366,2,40,41,0.002823,0.002894,0.000141
咸阳,当年,0.321399,2.849366,2,40,41,0.002823,0.002894,0.000141
垂杨,翡翠,0.321399,2.849366,2,41,40,0.002894,0.002823,0.000141
明主,萧索,0.321399,2.849366,2,41,40,0.002894,0.002823,0.000141
咸阳,自言,0.321399,2.849366,2,40,41,0.002823,0.002894,0.000141
杜陵,汉水,0.321399,2.849366,2,40,41,0.002823,0.002894,0.000141
君恩,自言,0.321399,2.849366,2,40,41,0.002823,0.002894,0.000141
道士,飘飖,0.321399,2.849366,2,41,40,0.002894,0.002823,0.000141
紫微,道士,0.321399,2.849366,2,40,41,0.002823,0.002894,0.000141
他日,饮酒,0.321289,2.718124,3,51,55,0.0036,0.003882,0.000212
湘水,猿啼,0.321247,2.717768,3,61,46,0.004306,0.003247,0.000212
知己,龙门,0.321247,2.717768,3,61,46,0.004306,0.003247,0.000212
功成,等闲,0.321247,2.717768,3,46,61,0.003247,0.004306,0.000212
北斗,日月,0.321234,2.625248,4,27,152,0.001906,0.010729,0.000282
日月,物外,0.321234,2.625248,4,152,27,0.010729,0.001906,0.000282
天涯,青楼,0.321194,2.553244,5,149,37,0.010517,0.002612,0.000353
独自,红粉,0.321192,2.847539,2,53,31,0.003741,0.002188,0.000141
万国,独自,0.321192,2.847539,2,31,53,0.002188,0.003741,0.000141
山高,行路,0.321192,2.847539,2,31,53,0.002188,0.003741,0.000141
万古,伤心,0.321163,2.717055,3,36,78,0.002541,0.005506,0.000212
江边,独自,0.321121,2.716699,3,53,53,0.003741,0.003741,0.000212
夕阳,巫山,0.321115,2.624273,4,158,26,0.011153,0.001835,0.000282
丹砂,流年,0.321055,2.846322,2,35,47,0.002471,0.003318,0.000141
宫中,阑干,0.321055,2.846322,2,47,35,0.003318,0.002471,0.000141
丹砂,白蘋,0.321055,2.846322,2,35,47,0.002471,0.003318,0.000141
桃源,桃花,0.321034,2.551975,5,48,115,0.003388,0.008117,0.000353
神仙,黄金,0.321028,2.363233,9,80,150,0.005647,0.010588,0.000635
年少,晚来,0.320952,2.715276,3,97,29,0.006847,0.002047,0.000212
草木,路傍,0.320937,2.622814,4,121,34,0.008541,0.0024,0.000282
仙人,先生,0.320877,2.622328,4,49,84,0.003459,0.005929,0.000282
咫尺,江湖,0.320826,2.71421,3,44,64,0.003106,0.004518,0.000212
日出,春深,0.320826,2.71421,3,64,44,0.004518,0.003106,0.000212
斜阳,朝廷,0.320801,3.066431,1,20,33,0.001412,0.002329,7.1e-05
丹青,斜阳,0.320801,3.066431,1,33,20,0.002329,0.001412,7.1e-05
瑶池,雨雪,0.320801,3.066431,1,20,33,0.001412,0.002329,7.1e-05
十里,残月,0.320713,2.843287,2,50,33,0.003529,0.002329,0.000141
徘徊,昔时,0.320713,2.843287,2,75,22,0.005294,0.001553,0.000141
千古,江山,0.320713,2.843287,2,33,50,0.002329,0.003529,0.000141
人稀,鸟飞,0.320713,2.843287,2,50,33,0.003529,0.002329,0.000141
干戈,黄河,0.320713,2.843287,2,25,66,0.001765,0.004659,0.000141
九重,满地,0.320659,2.712791,3,60,47,0.004235,0.003318,0.000212
白蘋,自然,0.320659,2.712791,3,47,60,0.003318,0.004235,0.000212
同心,御沟,0.320576,2.842076,2,59,28,0.004165,0.001976,0.000141
同心,汉宫,0.320576,2.842076,2,59,28,0.004165,0.001976,0.000141
汉宫,生死,0.320576,2.842076,2,28,59,0.001976,0.004165,0.000141
吾道,草堂,0.320576,2.842076,2,28,59,0.001976,0.004165,0.000141
世人,生死,0.320462,2.618932,4,70,59,0.004941,0.004165,0.000282
世人,姓名,0.320462,2.618932,4,70,59,0.004941,0.004165,0.000282
无力,芙蓉,0.320462,2.618932,4,35,118,0.002471,0.008329,0.000282
万物,千载,0.320432,2.61869,4,51,81,0.0036,0.005718,0.000282
月落,茫茫,0.320343,2.617964,4,39,106,0.002753,0.007482,0.000282
中原,山头,0.320327,3.061896,1,13,51,0.000918,0.0036,7.1e-05
万物,中原,0.320327,3.061896,1,51,13,0.0036,0.000918,7.1e-05
中原,山河,0.320327,3.061896,1,13,51,0.000918,0.0036,7.1e-05
中原,他日,0.320327,3.061896,1,13,51,0.000918,0.0036,7.1e-05
乔木,往事,0.320303,2.839657,2,36,46,0.002541,0.003247,0.000141
相访,鬼神,0.320303,2.839657,2,46,36,0.003247,0.002541,0.000141
梦魂,海上,0.320303,2.839657,2,23,72,0.001623,0.005082,0.000141
功成,感激,0.320303,2.839657,2,46,36,0.003247,0.002541,0.000141
功成,鬼神,0.320303,2.839657,2,46,36,0.003247,0.002541,0.000141
相识,风霜,0.320282,2.709604,3,69,41,0.00487,0.002894,0.000212
佳期,日夕,0.320166,2.616514,4,69,60,0.00487,0.004235,0.000282
同心,青门,0.320157,2.708544,3,59,48,0.004165,0.003388,0.000212
桃源,闭门,0.320157,2.708544,3,48,59,0.003388,0.004165,0.000212
今夜,罗衣,0.320099,2.837847,2,79,21,0.005576,0.001482,0.000141
人生,青楼,0.320047,2.615548,4,112,37,0.007906,0.002612,0.000282
得意,马蹄,0.320032,2.707486,3,45,63,0.003176,0.004447,0.000212
去年,阑干,0.320032,2.707486,3,81,35,0.005718,0.002471,0.000212
窈窕,青楼,0.319854,3.057381,1,18,37,0.001271,0.002612,7.1e-05
梦中,相知,0.319823,2.705724,3,71,40,0.005012,0.002823,0.000212
回头,壮士,0.31976,2.834838,2,64,26,0.004518,0.001835,0.000141
壮士,走马,0.31976,2.834838,2,26,64,0.001835,0.004518,0.000141
岁寒,相望,0.31976,2.834838,2,26,64,0.001835,0.004518,0.000141
世上,云飞,0.31976,2.834838,2,52,32,0.003671,0.002259,0.000141
云飞,消息,0.31976,2.834838,2,32,52,0.002259,0.003671,0.000141
次第,纵横,0.319753,2.613138,4,67,62,0.004729,0.004376,0.000282
肠断,黄昏,0.31974,2.70502,3,49,58,0.003459,0.004094,0.000212
梅花,青楼,0.319692,2.834237,2,45,37,0.003176,0.002612,0.000141
从军,青楼,0.319692,2.834237,2,45,37,0.003176,0.002612,0.000141
九衢,得意,0.319692,2.834237,2,37,45,0.002612,0.003176,0.000141
得意,青楼,0.319692,2.834237,2,45,37,0.003176,0.002612,0.000141
星辰,柳色,0.319692,2.834237,2,37,45,0.002612,0.003176,0.000141
氛氲,青楼,0.319692,2.834237,2,45,37,0.003176,0.002612,0.000141
多情,花飞,0.319692,2.834237,2,45,37,0.003176,0.002612,0.000141
登楼,细雨,0.319624,2.833637,2,49,34,0.003459,0.0024,0.000141
楼前,红尘,0.319624,2.833637,2,34,49,0.0024,0.003459,0.000141
仙人,弟子,0.319624,2.833637,2,49,34,0.003459,0.0024,0.000141
红尘,蛟龙,0.319624,2.833637,2,49,34,0.003459,0.0024,0.000141
九天,乾坤,0.319624,2.833637,2,34,49,0.0024,0.003459,0.000141
九天,红尘,0.319624,2.833637,2,34,49,0.0024,0.003459,0.000141
汉家,消息,0.319576,2.611695,4,80,52,0.005647,0.003671,0.000282
消息,神仙,0.319576,2.611695,4,52,80,0.003671,0.005647,0.000282
梦魂,相见,0.319488,2.610974,4,23,181,0.001623,0.012776,0.000282
尘土,风烟,0.319408,2.702209,3,50,57,0.003529,0.004023,0.000212
宛转,蛾眉,0.319408,2.702209,3,50,57,0.003529,0.004023,0.000212
宛转,玲珑,0.319408,2.702209,3,50,57,0.003529,0.004023,0.000212
万国,明日,0.319325,2.701507,3,31,92,0.002188,0.006494,0.000212
丞相,骨肉,0.319325,2.701507,3,62,46,0.004376,0.003247,0.000212
相对,龙门,0.319325,2.701507,3,62,46,0.004376,0.003247,0.000212
功成,造化,0.319325,2.701507,3,46,62,0.003247,0.004376,0.000212
羽翼,雨中,0.319219,2.830042,2,38,44,0.002682,0.003106,0.000141
咫尺,鹧鸪,0.319219,2.830042,2,44,38,0.003106,0.002682,0.000141
人世,咫尺,0.319219,2.830042,2,38,44,0.002682,0.003106,0.000141
万年,出入,0.319219,2.830042,2,44,38,0.003106,0.002682,0.000141
北风,苦辛,0.319159,2.700106,3,68,42,0.0048,0.002965,0.000212
莺啼,落花,0.319159,2.700106,3,34,84,0.0024,0.005929,0.000212
故乡,草堂,0.319112,2.536694,5,95,59,0.006706,0.004165,0.000353
万国,春水,0.319084,2.828847,2,31,54,0.002188,0.003812,0.000141
山高,陌上,0.319084,2.828847,2,31,54,0.002188,0.003812,0.000141
春水,烟雨,0.319084,2.828847,2,54,31,0.003812,0.002188,0.000141
宫殿,翠微,0.319084,2.828847,2,31,54,0.002188,0.003812,0.000141
心事,钓鱼,0.319084,2.828847,2,54,31,0.003812,0.002188,0.000141
千秋,有情,0.319084,2.828847,2,31,54,0.002188,0.003812,0.000141
北阙,多病,0.319084,2.828847,2,31,54,0.002188,0.003812,0.000141
春深,风波,0.318994,2.698706,3,44,65,0.003106,0.004588,0.000212
消息,饮酒,0.318994,2.698706,3,52,55,0.003671,0.003882,0.000212
所以,英雄,0.318916,3.048412,1,42,16,0.002965,0.001129,7.1e-05
苦辛,英雄,0.318916,3.048412,1,42,16,0.002965,0.001129,7.1e-05
行路,陌上,0.318911,2.698007,3,53,54,0.003741,0.003812,0.000212
江边,陌上,0.318911,2.698007,3,53,54,0.003741,0.003812,0.000212
山僧,翠微,0.318911,2.698007,3,53,54,0.003741,0.003812,0.000212
中原,归去,0.318882,2.827056,2,13,129,0.000918,0.009106,0.000141
叹息,路长,0.318882,2.827056,2,43,39,0.003035,0.002753,0.000141
君家,男儿,0.318882,2.827056,2,43,39,0.003035,0.002753,0.000141
巫峡,帝城,0.318882,2.827056,2,39,43,0.002753,0.003035,0.000141
叹息,霓裳,0.318882,2.827056,2,43,39,0.003035,0.002753,0.000141
梅花,美人,0.318843,2.605703,4,45,93,0.003176,0.006565,0.000282
日照,美人,0.318843,2.605703,4,45,93,0.003176,0.006565,0.000282
衣裳,鹦鹉,0.318843,2.605703,4,93,45,0.006565,0.003176,0.000282
旧游,零落,0.318753,2.533844,5,77,73,0.005435,0.005153,0.000353
是非,生死,0.318726,2.604748,4,71,59,0.005012,0.004165,0.000282
云间,等闲,0.318705,2.696261,3,47,61,0.003318,0.004306,0.000212
湘水,白蘋,0.318705,2.696261,3,61,47,0.004306,0.003318,0.000212
宫中,等闲,0.318705,2.696261,3,47,61,0.003318,0.004306,0.000212
宫中,蓬莱,0.318705,2.696261,3,47,61,0.003318,0.004306,0.000212
洞庭,潇湘,0.318691,2.383564,8,134,78,0.009459,0.005506,0.000565
汉宫,远近,0.31868,2.825269,2,28,60,0.001976,0.004235,0.000141
月光,霄汉,0.31868,2.825269,2,35,48,0.002471,0.003388,0.000141
圣朝,所以,0.31868,2.825269,2,40,42,0.002823,0.002965,0.000141
明时,梨花,0.31868,2.825269,2,42,40,0.002965,0.002823,0.000141
月下,高秋,0.31868,2.825269,2,70,24,0.004941,0.001694,0.000141
翡翠,自怜,0.31868,2.825269,2,40,42,0.002823,0.002965,0.000141
九重,御沟,0.31868,2.825269,2,60,28,0.004235,0.001976,0.000141
岐路,苦辛,0.31868,2.825269,2,40,42,0.002823,0.002965,0.000141
石上,黄鹤,0.31868,2.825269,2,70,24,0.004941,0.001694,0.000141
君恩,所以,0.31868,2.825269,2,40,42,0.002823,0.002965,0.000141
自由,苦辛,0.31868,2.825269,2,40,42,0.002823,0.002965,0.000141
无力,梧桐,0.31868,2.825269,2,35,48,0.002471,0.003388,0.000141
丹砂,名利,0.31868,2.825269,2,35,48,0.002471,0.003388,0.000141
明时,萧索,0.31868,2.825269,2,42,40,0.002965,0.002823,0.000141
世人,黄鹤,0.31868,2.825269,2,70,24,0.004941,0.001694,0.000141
先生,瑶池,0.31868,2.825269,2,84,20,0.005929,0.001412,0.000141
自言,道士,0.318613,2.824674,2,41,41,0.002894,0.002894,0.000141
分明,残月,0.31854,2.694867,3,87,33,0.006141,0.002329,0.000212
昆仑,曲江,0.31854,2.694867,3,33,87,0.002329,0.006141,0.000212
古今,圣主,0.318479,2.823485,2,51,33,0.0036,0.002329,0.000141
他日,溪水,0.318479,2.823485,2,51,33,0.0036,0.002329,0.000141
古今,登临,0.318479,2.823485,2,51,33,0.0036,0.002329,0.000141
万物,千古,0.318479,2.823485,2,51,33,0.0036,0.002329,0.000141
他日,昆仑,0.318479,2.823485,2,51,33,0.0036,0.002329,0.000141
北斗,干戈,0.31845,3.043958,1,27,25,0.001906,0.001765,7.1e-05
玉堂,阳台,0.31845,3.043958,1,25,27,0.001765,0.001906,7.1e-05
汉宫,黄金,0.318405,2.602125,4,28,150,0.001976,0.010588,0.000282
生涯,雨露,0.318405,2.602125,4,60,70,0.004235,0.004941,0.000282
月光,浮云,0.318405,2.602125,4,35,120,0.002471,0.00847,0.000282
中原,楚水,0.318295,3.042478,1,13,52,0.000918,0.003671,7.1e-05
世上,中原,0.318295,3.042478,1,52,13,0.003671,0.000918,7.1e-05
九重,飞鸟,0.31817,2.691737,3,60,48,0.004235,0.003388,0.000212
九重,霄汉,0.31817,2.691737,3,60,48,0.004235,0.003388,0.000212
十载,子孙,0.31817,2.691737,3,48,60,0.003388,0.004235,0.000212
山阴,扁舟,0.318129,2.69139,3,43,67,0.003035,0.004729,0.000212
君王,黄金,0.318078,2.378982,8,70,150,0.004941,0.010588,0.000565
孤舟,巫峡,0.318056,2.599272,4,108,39,0.007623,0.002753,0.000282
孤舟,月落,0.318056,2.599272,4,108,39,0.007623,0.002753,0.000282
陌上,须臾,0.318056,2.599272,4,54,78,0.003812,0.005506,0.000282
红粉,美人,0.318047,2.690696,3,31,93,0.002188,0.006565,0.000212
万户,美人,0.318047,2.690696,3,31,93,0.002188,0.006565,0.000212
双阙,衣裳,0.318047,2.690696,3,31,93,0.002188,0.006565,0.000212
承恩,美人,0.318047,2.690696,3,31,93,0.002188,0.006565,0.000212
东风,中原,0.318011,2.819334,2,130,13,0.009176,0.000918,0.000141
潇湘,青楼,0.317924,2.689656,3,78,37,0.005506,0.002612,0.000212
青楼,须臾,0.317924,2.689656,3,37,78,0.002612,0.005506,0.000212
到处,朝朝,0.317924,2.689656,3,39,74,0.002753,0.005223,0.000212
万事,歌舞,0.317882,2.597849,4,74,57,0.005223,0.004023,0.000282
文字,读书,0.317882,2.597849,4,74,57,0.005223,0.004023,0.000282
年华,意气,0.317878,2.818151,2,47,36,0.003318,0.002541,0.000141
宫中,行乐,0.317878,2.818151,2,47,36,0.003318,0.002541,0.000141
江流,鬼神,0.317878,2.818151,2,47,36,0.003318,0.002541,0.000141
满地,鬼神,0.317878,2.818151,2,47,36,0.003318,0.002541,0.000141
青松,黄金,0.317835,2.468594,6,48,150,0.003388,0.010588,0.000424
才子,新诗,0.317757,2.41901,7,91,97,0.006423,0.006847,0.000494
古来,生死,0.317719,2.687925,3,49,59,0.003459,0.004165,0.000212
夜长,月满,0.317719,2.687925,3,59,49,0.004165,0.003459,0.000212
来往,闻说,0.317719,2.687925,3,59,49,0.004165,0.003459,0.000212
仙人,寻常,0.317719,2.687925,3,49,59,0.003459,0.004165,0.000212
松柏,莓苔,0.317719,2.687925,3,59,49,0.004165,0.003459,0.000212
寻常,红尘,0.317719,2.687925,3,59,49,0.004165,0.003459,0.000212
乾坤,寻常,0.317719,2.687925,3,49,59,0.003459,0.004165,0.000212
天上,昆仑,0.317708,2.596427,4,128,33,0.009035,0.002329,0.000282
九天,瑶池,0.317678,3.036578,1,34,20,0.0024,0.001412,7.1e-05
草木,零落,0.317668,2.418331,7,121,73,0.008541,0.005153,0.000494
云飞,江边,0.317611,2.81579,2,32,53,0.002259,0.003741,0.000141
佳期,自怜,0.317434,2.685507,3,69,42,0.00487,0.002965,0.000212
生死,黄金,0.317415,2.416408,7,59,150,0.004165,0.010588,0.000494
昔时,河汉,0.317371,3.033641,1,22,31,0.001553,0.002188,7.1e-05
双飞,野花,0.317371,3.033641,1,31,22,0.002188,0.001553,7.1e-05
承恩,昔时,0.317371,3.033641,1,31,22,0.002188,0.001553,7.1e-05
空馀,野花,0.317371,3.033641,1,31,22,0.002188,0.001553,7.1e-05
宫殿,昔时,0.317371,3.033641,1,31,22,0.002188,0.001553,7.1e-05
万国,昔时,0.317371,3.033641,1,31,22,0.002188,0.001553,7.1e-05
北阙,昔时,0.317371,3.033641,1,31,22,0.002188,0.001553,7.1e-05
山高,野花,0.317371,3.033641,1,31,22,0.002188,0.001553,7.1e-05
清晨,百年,0.317352,2.684817,3,29,100,0.002047,0.007059,0.000212
楼前,随风,0.317346,2.813434,2,34,50,0.0024,0.003529,0.000141
日落,江山,0.317346,2.813434,2,34,50,0.0024,0.003529,0.000141
北斗,马蹄,0.317279,2.812846,2,27,63,0.001906,0.004447,0.000141
茫茫,萧索,0.317245,2.592646,4,106,40,0.007482,0.002823,0.000282
辛苦,青楼,0.317213,2.812258,2,46,37,0.003247,0.002612,0.000141
往事,星辰,0.317213,2.812258,2,46,37,0.003247,0.002612,0.000141
两相,青楼,0.317213,2.812258,2,46,37,0.003247,0.002612,0.000141
梦中,黄鹤,0.31708,2.811084,2,71,24,0.005012,0.001694,0.000141
出入,窈窕,0.317064,3.030713,1,38,18,0.002682,0.001271,7.1e-05
窈窕,鹧鸪,0.317064,3.030713,1,18,38,0.001271,0.002682,7.1e-05
秋雨,芙蓉,0.317014,2.590761,4,36,118,0.002541,0.008329,0.000282
夜长,愁人,0.317014,2.590761,4,59,72,0.004165,0.005082,0.000282
万国,君心,0.317014,2.810497,2,31,55,0.002188,0.003882,0.000141
大道,婵娟,0.317014,2.810497,2,31,55,0.002188,0.003882,0.000141
双飞,君心,0.317014,2.810497,2,31,55,0.002188,0.003882,0.000141
君心,承恩,0.317014,2.810497,2,55,31,0.003882,0.002188,0.000141
忆昔,承恩,0.317014,2.810497,2,55,31,0.003882,0.002188,0.000141
今年,玲珑,0.316998,2.519887,5,100,57,0.007059,0.004023,0.000353
今年,无情,0.316998,2.519887,5,100,57,0.007059,0.004023,0.000353
夫子,文章,0.316928,2.590055,4,39,109,0.002753,0.007694,0.000282
圣人,日月,0.316784,2.58888,4,28,152,0.001976,0.010729,0.000282
光辉,年华,0.316783,2.680001,3,62,47,0.004376,0.003318,0.000212
昆仑,风雨,0.316755,2.588645,4,33,129,0.002329,0.009106,0.000282
君心,独自,0.316742,2.679658,3,55,53,0.003882,0.003741,0.000212
婵娟,独自,0.316742,2.679658,3,55,53,0.003882,0.003741,0.000212
千载,苍梧,0.316702,2.679315,3,81,36,0.005718,0.002541,0.000212
日晚,花间,0.316684,2.807569,2,38,45,0.002682,0.003176,0.000141
出入,草绿,0.316684,2.807569,2,38,45,0.002682,0.003176,0.000141
得意,游子,0.316684,2.807569,2,45,38,0.003176,0.002682,0.000141
月出,鹧鸪,0.316684,2.807569,2,45,38,0.003176,0.002682,0.000141
草绿,鹧鸪,0.316684,2.807569,2,45,38,0.003176,0.002682,0.000141
摇落,路岐,0.316684,2.807569,2,57,30,0.004023,0.002118,0.000141
是非,自然,0.316669,2.587941,4,71,60,0.005012,0.004235,0.000282
独立,绿水,0.316618,2.806985,2,59,29,0.004165,0.002047,0.000141
东海,松柏,0.316618,2.806985,2,29,59,0.002047,0.004165,0.000141
分明,闻说,0.316583,2.587237,4,87,49,0.006141,0.003459,0.000282
零落,飘飖,0.31654,2.677944,3,73,40,0.005153,0.002823,0.000212
萧索,零落,0.31654,2.677944,3,40,73,0.002823,0.005153,0.000212
相知,零落,0.31654,2.677944,3,40,73,0.002823,0.005153,0.000212
人间,物外,0.316528,2.409651,7,330,27,0.023294,0.001906,0.000494
夕阳,高台,0.316497,2.586533,4,158,27,0.011153,0.001906,0.000282
劝君,年少,0.316491,2.51586,5,59,97,0.004165,0.006847,0.000353
浮生,英雄,0.316454,3.024882,1,43,16,0.003035,0.001129,7.1e-05
南国,月光,0.316355,2.804649,2,49,35,0.003459,0.002471,0.000141
风飘,马上,0.316355,2.804649,2,35,49,0.002471,0.003459,0.000141
路难,马上,0.316355,2.804649,2,35,49,0.002471,0.003459,0.000141
丹砂,红尘,0.316355,2.804649,2,35,49,0.002471,0.003459,0.000141
中原,江边,0.316302,3.023429,1,13,53,0.000918,0.003741,7.1e-05
中原,独自,0.316302,3.023429,1,13,53,0.000918,0.003741,7.1e-05
未央,逶迤,0.316289,2.804066,2,39,44,0.002753,0.003106,0.000141
绮罗,黄河,0.316289,2.804066,2,26,66,0.001835,0.004659,0.000141
残阳,消息,0.316289,2.804066,2,33,52,0.002329,0.003671,0.000141
帝乡,消息,0.316289,2.804066,2,33,52,0.002329,0.003671,0.000141
日斜,男儿,0.316289,2.804066,2,44,39,0.003106,0.002753,0.000141
佳人,圣主,0.316289,2.804066,2,52,33,0.003671,0.002329,0.000141
圣主,楚水,0.316289,2.804066,2,33,52,0.002329,0.003671,0.000141
日斜,绿杨,0.316289,2.804066,2,44,39,0.003106,0.002753,0.000141
他人,鸟飞,0.316289,2.804066,2,52,33,0.003671,0.002329,0.000141
封侯,黄河,0.316289,2.804066,2,26,66,0.001835,0.004659,0.000141
咫尺,夫子,0.316289,2.804066,2,44,39,0.003106,0.002753,0.000141
多少,独行,0.316289,2.804066,2,33,52,0.002329,0.003671,0.000141
世上,雨雪,0.316289,2.804066,2,52,33,0.003671,0.002329,0.000141
昔时,潇湘,0.316289,2.804066,2,22,78,0.001553,0.005506,0.000141
到处,枕上,0.316289,2.804066,2,39,44,0.002753,0.003106,0.000141
衣冠,黄河,0.316289,2.804066,2,26,66,0.001835,0.004659,0.000141
日斜,苍茫,0.316289,2.804066,2,44,39,0.003106,0.002753,0.000141
夫子,逶迤,0.316289,2.804066,2,39,44,0.002753,0.003106,0.000141
咫尺,西山,0.316289,2.804066,2,44,39,0.003106,0.002753,0.000141
夫子,雨中,0.316289,2.804066,2,39,44,0.002753,0.003106,0.000141
千门,未央,0.316289,2.804066,2,44,39,0.003106,0.002753,0.000141
公卿,男儿,0.316289,2.804066,2,44,39,0.003106,0.002753,0.000141
公卿,到处,0.316289,2.804066,2,44,39,0.003106,0.002753,0.000141
千古,消息,0.316289,2.804066,2,33,52,0.002329,0.003671,0.000141
思量,消息,0.316289,2.804066,2,33,52,0.002329,0.003671,0.000141
世上,昆仑,0.316289,2.804066,2,52,33,0.003671,0.002329,0.000141
明年,楼上,0.316239,2.584426,4,57,75,0.004023,0.005294,0.000282
梧桐,蓬莱,0.316216,2.675208,3,48,61,0.003388,0.004306,0.000212
年华,春色,0.316182,2.583958,4,47,91,0.003318,0.006423,0.000282
路岐,鱼龙,0.316151,3.021979,1,30,23,0.002118,0.001623,7.1e-05
他年,太守,0.316026,2.801738,2,20,86,0.001412,0.00607,0.000141
帝城,杜陵,0.316026,2.801738,2,43,40,0.003035,0.002823,0.000141
岐路,帝城,0.316026,2.801738,2,40,43,0.002823,0.003035,0.000141
叹息,飘飖,0.316026,2.801738,2,43,40,0.003035,0.002823,0.000141
前程,重阳,0.316026,2.801738,2,40,43,0.002823,0.003035,0.000141
浮生,翡翠,0.316026,2.801738,2,43,40,0.003035,0.002823,0.000141
桃李,随风,0.315899,2.511153,5,115,50,0.008117,0.003529,0.000353
道士,青冥,0.315895,2.800576,2,41,42,0.002894,0.002965,0.000141
伤心,日夜,0.315811,2.580923,4,78,55,0.005506,0.003882,0.000282
婵娟,昨夜,0.315811,2.580923,4,55,78,0.003882,0.005506,0.000282
君心,须臾,0.315811,2.580923,4,55,78,0.003882,0.005506,0.000282
不归,月光,0.315733,2.671118,3,84,35,0.005929,0.002471,0.000212
乾坤,子孙,0.315733,2.671118,3,49,60,0.003459,0.004235,0.000212
生涯,红尘,0.315733,2.671118,3,60,49,0.004235,0.003459,0.000212
九重,天台,0.315733,2.671118,3,60,49,0.004235,0.003459,0.000212
丈夫,乾坤,0.315733,2.671118,3,60,49,0.004235,0.003459,0.000212
当时,等闲,0.315707,2.452064,6,120,61,0.00847,0.004306,0.000424
干戈,归心,0.315699,2.798835,2,25,69,0.001765,0.00487,0.000141
梦魂,落叶,0.315699,2.798835,2,23,75,0.001623,0.005294,0.000141
山色,干戈,0.315699,2.798835,2,69,25,0.00487,0.001765,0.000141
丹青,罗衣,0.315697,3.017641,1,33,21,0.002329,0.001482,7.1e-05
别离,路岐,0.31568,2.509416,5,192,30,0.013553,0.002118,0.000353
梧桐,颜色,0.31568,2.509416,5,48,120,0.003388,0.00847,0.000353
桃李,美人,0.315618,2.360581,8,115,93,0.008117,0.006565,0.000565
白玉,龙门,0.315572,2.669758,3,64,46,0.004518,0.003247,0.000212
两相,白玉,0.315572,2.669758,3,46,64,0.003247,0.004518,0.000212
临水,钓鱼,0.315532,2.669419,3,95,31,0.006706,0.002188,0.000212
宛转,经过,0.315526,2.578595,4,50,86,0.003529,0.00607,0.000282
意气,扬州,0.315503,2.797098,2,36,48,0.002541,0.003388,0.000141
感激,青松,0.315503,2.797098,2,36,48,0.002541,0.003388,0.000141
桃源,鬼神,0.315503,2.797098,2,48,36,0.003388,0.002541,0.000141
秋色,高台,0.315503,2.797098,2,64,27,0.004518,0.001906,0.000141
千年,昔时,0.315412,2.668401,3,134,22,0.009459,0.001553,0.000212
公卿,次第,0.315412,2.668401,3,44,67,0.003106,0.004729,0.000212
万年,次第,0.315412,2.668401,3,44,67,0.003106,0.004729,0.000212
扁舟,沧浪,0.315412,2.668401,3,67,44,0.004729,0.003106,0.000212
笙歌,风景,0.315383,2.400935,7,84,107,0.005929,0.007553,0.000494
生死,随风,0.315331,2.667722,3,59,50,0.004165,0.003529,0.000212
寻常,镜中,0.315331,2.667722,3,59,50,0.004165,0.003529,0.000212
生死,零落,0.315327,2.576968,4,59,73,0.004165,0.005153,0.000282
垂杨,愁人,0.315251,2.667045,3,41,72,0.002894,0.005082,0.000212
晚来,黄鹤,0.315245,3.013321,1,29,24,0.002047,0.001694,7.1e-05
春草,武陵,0.315222,2.505777,5,141,41,0.009953,0.002894,0.000353
丈夫,黄金,0.315208,2.399601,7,60,150,0.004235,0.010588,0.000494
仙人,芙蓉,0.315201,2.505604,5,49,118,0.003459,0.008329,0.000353
山头,路傍,0.315112,2.793632,2,51,34,0.0036,0.0024,0.000141
万物,蛟龙,0.315112,2.793632,2,51,34,0.0036,0.0024,0.000141
秋水,蛟龙,0.315011,2.665014,3,87,34,0.006141,0.0024,0.000212
分明,蛟龙,0.315011,2.665014,3,87,34,0.006141,0.0024,0.000212
楼前,管弦,0.315011,2.665014,3,34,87,0.0024,0.006141,0.000212
莺啼,风光,0.315011,2.665014,3,34,87,0.0024,0.006141,0.000212
万物,青天,0.315011,2.665014,3,51,58,0.0036,0.004094,0.000212
千秋,欢娱,0.314982,2.792479,2,31,56,0.002188,0.003953,0.000141
承恩,百花,0.314982,2.792479,2,31,56,0.002188,0.003953,0.000141
烟雨,花满,0.314982,2.792479,2,31,56,0.002188,0.003953,0.000141
双阙,百花,0.314982,2.792479,2,31,56,0.002188,0.003953,0.000141
双阙,欢娱,0.314982,2.792479,2,31,56,0.002188,0.003953,0.000141
光辉,圣人,0.314982,2.792479,2,62,28,0.004376,0.001976,0.000141
山高,游人,0.314982,2.792479,2,31,56,0.002188,0.003953,0.000141
游人,钓鱼,0.314982,2.792479,2,56,31,0.003953,0.002188,0.000141
城中,远近,0.314958,2.573954,4,72,60,0.005082,0.004235,0.000282
星辰,神仙,0.314931,2.664338,3,37,80,0.002612,0.005647,0.000212
东山,依然,0.314892,2.664001,3,63,47,0.004447,0.003318,0.000212
古人,昔时,0.314852,2.791327,2,79,22,0.005576,0.001553,0.000141
苦辛,风尘,0.314788,2.572566,4,42,103,0.002965,0.00727,0.000282
望乡,青楼,0.314787,2.790752,2,47,37,0.003318,0.002612,0.000141
宫中,青楼,0.314787,2.790752,2,47,37,0.003318,0.002612,0.000141
八月,青楼,0.314787,2.790752,2,47,37,0.003318,0.002612,0.000141
流年,花飞,0.314787,2.790752,2,47,37,0.003318,0.002612,0.000141
星辰,白蘋,0.314787,2.790752,2,37,47,0.002612,0.003318,0.000141
富贵,歌声,0.314772,2.662988,3,78,38,0.005506,0.002682,0.000212
消息,阳城,0.314772,2.662988,3,52,57,0.003671,0.004023,0.000212
游子,潇湘,0.314772,2.662988,3,38,78,0.002682,0.005506,0.000212
云雨,鹧鸪,0.314772,2.662988,3,78,38,0.005506,0.002682,0.000212
春光,杏花,0.314772,2.662988,3,57,52,0.004023,0.003671,0.000212
人世,须臾,0.314772,2.662988,3,38,78,0.002682,0.005506,0.000212
子孙,昔日,0.314722,2.790177,2,60,29,0.004235,0.002047,0.000141
梦魂,花开,0.314652,2.661976,3,23,129,0.001623,0.009106,0.000212
叹息,相识,0.314652,2.661976,3,43,69,0.003035,0.00487,0.000212
今已,相识,0.314652,2.661976,3,43,69,0.003035,0.00487,0.000212
浮生,秋月,0.314652,2.661976,3,43,69,0.003035,0.00487,0.000212
吾道,金陵,0.314645,3.00759,1,28,25,0.001976,0.001765,7.1e-05
圣人,玉堂,0.314645,3.00759,1,28,25,0.001976,0.001765,7.1e-05
斜阳,玉树,0.314645,3.00759,1,20,35,0.001412,0.002471,7.1e-05
依稀,瑶池,0.314645,3.00759,1,35,20,0.002471,0.001412,7.1e-05
他年,风飘,0.314645,3.00759,1,20,35,0.001412,0.002471,7.1e-05
丹砂,瑶池,0.314645,3.00759,1,35,20,0.002471,0.001412,7.1e-05
汉家,白首,0.314625,2.395166,7,80,113,0.005647,0.007976,0.000494
巫山,白马,0.314593,2.789029,2,26,67,0.001835,0.004729,0.000141
封侯,白马,0.314593,2.789029,2,26,67,0.001835,0.004729,0.000141
天涯,苍茫,0.314571,2.500601,5,149,39,0.010517,0.002753,0.000353
君心,春水,0.314533,2.660966,3,55,54,0.003882,0.003812,0.000212
东方,花间,0.314533,2.660966,3,66,45,0.004659,0.003176,0.000212
独坐,陌上,0.314533,2.660966,3,55,54,0.003882,0.003812,0.000212
日照,相亲,0.314533,2.660966,3,45,66,0.003176,0.004659,0.000212
窈窕,苍茫,0.314347,3.004737,1,18,39,0.001271,0.002753,7.1e-05
封侯,高台,0.314347,3.004737,1,26,27,0.001835,0.001906,7.1e-05
壮士,物外,0.314347,3.004737,1,26,27,0.001835,0.001906,7.1e-05
北斗,衣冠,0.314347,3.004737,1,27,26,0.001906,0.001835,7.1e-05
太平,窈窕,0.314347,3.004737,1,39,18,0.002753,0.001271,7.1e-05
中原,春水,0.314347,3.004737,1,13,54,0.000918,0.003812,7.1e-05
中原,心事,0.314347,3.004737,1,13,54,0.000918,0.003812,7.1e-05
中原,百里,0.314347,3.004737,1,13,54,0.000918,0.003812,7.1e-05
万事,百年,0.314307,2.441195,6,74,100,0.005223,0.007059,0.000424
玉楼,相见,0.31428,2.568414,4,24,181,0.001694,0.012776,0.000282
茫茫,道士,0.314224,2.567954,4,106,41,0.007482,0.002894,0.000282
两相,日晚,0.314205,2.78559,2,46,38,0.003247,0.002682,0.000141
客心,日晚,0.314205,2.78559,2,46,38,0.003247,0.002682,0.000141
天寒,残月,0.31414,2.785018,2,53,33,0.003741,0.002329,0.000141
多少,独自,0.31414,2.785018,2,33,53,0.002329,0.003741,0.000141
行路,鸟飞,0.31414,2.785018,2,53,33,0.003741,0.002329,0.000141
朝廷,行路,0.31414,2.785018,2,33,53,0.002329,0.003741,0.000141
君王,干戈,0.314076,2.784447,2,70,25,0.004941,0.001765,0.000141
干戈,雨露,0.314076,2.784447,2,25,70,0.001765,0.004941,0.000141
君王,玉堂,0.314076,2.784447,2,70,25,0.004941,0.001765,0.000141
山下,愁人,0.314029,2.439035,6,103,72,0.00727,0.005082,0.000424
草木,鬼神,0.313942,2.565655,4,121,36,0.008541,0.002541,0.000282
九衢,归来,0.313816,2.494596,5,37,158,0.002612,0.011153,0.000353
乾坤,蓬莱,0.313779,2.654589,3,49,61,0.003459,0.004306,0.000212
从军,未央,0.313754,2.781594,2,45,39,0.003176,0.002753,0.000141
得意,未央,0.313754,2.781594,2,45,39,0.003176,0.002753,0.000141
男儿,鹦鹉,0.313754,2.781594,2,39,45,0.002753,0.003176,0.000141
多情,绿杨,0.313754,2.781594,2,45,39,0.003176,0.002753,0.000141
梅花,绿杨,0.313754,2.781594,2,45,39,0.003176,0.002753,0.000141
梅花,金谷,0.313754,2.781594,2,45,39,0.003176,0.002753,0.000141
多情,巫峡,0.313754,2.781594,2,45,39,0.003176,0.002753,0.000141
月出,月落,0.313754,2.781594,2,45,39,0.003176,0.002753,0.000141
苍茫,鹦鹉,0.313754,2.781594,2,39,45,0.002753,0.003176,0.000141
从军,男儿,0.313754,2.781594,2,45,39,0.003176,0.002753,0.000141
少年,青楼,0.313727,2.388331,7,246,37,0.017364,0.002612,0.000494
年少,梅花,0.31369,2.563591,4,97,45,0.006847,0.003176,0.000282
富贵,欢娱,0.313606,2.562904,4,78,56,0.005506,0.003953,0.000282
佳人,往来,0.313606,2.562904,4,52,84,0.003671,0.005929,0.000282
可惜,始知,0.313606,2.562904,4,52,84,0.003671,0.005929,0.000282
世上,先生,0.313606,2.562904,4,52,84,0.003671,0.005929,0.000282
人世,桃花,0.31355,2.562447,4,38,115,0.002682,0.008117,0.000282
春草,烟雨,0.313522,2.562218,4,141,31,0.009953,0.002188,0.000282
九重,日月,0.313468,2.386356,7,60,152,0.004235,0.010729,0.000494
日月,自然,0.313468,2.386356,7,152,60,0.010729,0.004235,0.000494
花发,青楼,0.313463,2.651916,3,81,37,0.005718,0.002612,0.000212
白露,菊花,0.313463,2.651916,3,81,37,0.005718,0.002612,0.000212
君恩,芳树,0.313433,2.778749,2,40,44,0.002823,0.003106,0.000141
日斜,梨花,0.313433,2.778749,2,44,40,0.003106,0.002823,0.000141
公卿,前程,0.313433,2.778749,2,44,40,0.003106,0.002823,0.000141
他年,携手,0.313433,2.778749,2,20,88,0.001412,0.006212,0.000141
公卿,千金,0.313433,2.778749,2,44,40,0.003106,0.002823,0.000141
梦里,落叶,0.313345,2.650915,3,40,75,0.002823,0.005294,0.000212
瑶池,黄金,0.313345,2.650915,3,20,150,0.001412,0.010588,0.000212
日夕,江山,0.313345,2.650915,3,60,50,0.004235,0.003529,0.000212
当时,玉堂,0.313345,2.650915,3,120,25,0.00847,0.001765,0.000212
帝城,当年,0.313241,2.777046,2,43,41,0.003035,0.002894,0.000141
明主,波涛,0.313241,2.777046,2,41,43,0.002894,0.003035,0.000141
浮生,自言,0.313241,2.777046,2,43,41,0.003035,0.002894,0.000141
当年,浮生,0.313241,2.777046,2,41,43,0.002894,0.003035,0.000141
旧游,苍茫,0.313227,2.649916,3,77,39,0.005435,0.002753,0.000212
红尘,鸡鸣,0.313177,2.776479,2,49,36,0.003459,0.002541,0.000141
万古,归客,0.313177,2.776479,2,36,49,0.002541,0.003459,0.000141
乾坤,红叶,0.313177,2.776479,2,49,36,0.003459,0.002541,0.000141
乔木,莓苔,0.313177,2.776479,2,36,49,0.002541,0.003459,0.000141
月满,行乐,0.313177,2.776479,2,49,36,0.003459,0.002541,0.000141
万古,登楼,0.313177,2.776479,2,36,49,0.002541,0.003459,0.000141
闻说,鬼神,0.313177,2.776479,2,49,36,0.003459,0.002541,0.000141
红尘,鬼神,0.313177,2.776479,2,49,36,0.003459,0.002541,0.000141
壮士,平生,0.313172,2.489477,5,26,226,0.001835,0.015953,0.000353
云间,日出,0.31303,2.648252,3,47,64,0.003318,0.004518,0.000212
八月,鸳鸯,0.31303,2.648252,3,47,64,0.003318,0.004518,0.000212
流年,相望,0.31303,2.648252,3,47,64,0.003318,0.004518,0.000212
万物,生死,0.312991,2.64792,3,51,59,0.0036,0.004165,0.000212
红粉,蛾眉,0.312985,2.774779,2,31,57,0.002188,0.004023,0.000141
无情,红粉,0.312985,2.774779,2,57,31,0.004023,0.002188,0.000141
歌舞,河汉,0.312985,2.774779,2,57,31,0.004023,0.002188,0.000141
千秋,歌舞,0.312985,2.774779,2,31,57,0.002188,0.004023,0.000141
千秋,无情,0.312985,2.774779,2,31,57,0.002188,0.004023,0.000141
万户,阳城,0.312985,2.774779,2,31,57,0.002188,0.004023,0.000141
万户,歌舞,0.312985,2.774779,2,31,57,0.002188,0.004023,0.000141
万户,春光,0.312985,2.774779,2,31,57,0.002188,0.004023,0.000141
读书,钓鱼,0.312985,2.774779,2,57,31,0.004023,0.002188,0.000141
无力,眼前,0.312951,2.647588,3,35,86,0.002471,0.00607,0.000212
北风,绮罗,0.312922,2.774214,2,68,26,0.0048,0.001835,0.000141
楚水,细雨,0.312922,2.774214,2,52,34,0.003671,0.0024,0.000141
独行,细雨,0.312922,2.774214,2,52,34,0.003671,0.0024,0.000141
自古,路傍,0.312922,2.774214,2,52,34,0.003671,0.0024,0.000141
依旧,弟子,0.312922,2.774214,2,52,34,0.003671,0.0024,0.000141
世上,九天,0.312922,2.774214,2,52,34,0.003671,0.0024,0.000141
九天,消息,0.312922,2.774214,2,34,52,0.0024,0.003671,0.000141
两相,天上,0.312915,2.487437,5,46,128,0.003247,0.009035,0.000353
看花,走马,0.312915,2.487437,5,92,64,0.006494,0.004518,0.000353
白马,鹦鹉,0.312755,2.645928,3,67,45,0.004729,0.003176,0.000212
次第,花间,0.312755,2.645928,3,67,45,0.004729,0.003176,0.000212
万年,千年,0.312745,2.486079,5,44,134,0.003106,0.009459,0.000353
单于,梦魂,0.31272,2.989189,1,31,23,0.002188,0.001623,7.1e-05
烟雨,鱼龙,0.31272,2.989189,1,31,23,0.002188,0.001623,7.1e-05
双飞,梦魂,0.31272,2.989189,1,31,23,0.002188,0.001623,7.1e-05
春雨,鱼龙,0.31272,2.989189,1,31,23,0.002188,0.001623,7.1e-05
承恩,梦魂,0.31272,2.989189,1,31,23,0.002188,0.001623,7.1e-05
大道,鱼龙,0.31272,2.989189,1,31,23,0.002188,0.001623,7.1e-05
双阙,鱼龙,0.31272,2.989189,1,31,23,0.002188,0.001623,7.1e-05
承恩,鱼龙,0.31272,2.989189,1,31,23,0.002188,0.001623,7.1e-05
山高,梦魂,0.31272,2.989189,1,31,23,0.002188,0.001623,7.1e-05
微风,莲花,0.312716,2.645596,3,58,52,0.004094,0.003671,0.000212
半夜,消息,0.312716,2.645596,3,58,52,0.004094,0.003671,0.000212
日落,罗衣,0.312574,2.987788,1,34,21,0.0024,0.001482,7.1e-05
弟子,罗衣,0.312574,2.987788,1,34,21,0.0024,0.001482,7.1e-05
回首,瑶池,0.312559,2.644271,3,151,20,0.010659,0.001412,0.000212
天寒,风烟,0.31252,2.64394,3,53,57,0.003741,0.004023,0.000212
南国,憔悴,0.312435,2.553335,4,49,90,0.003459,0.006353,0.000282
中原,日夜,0.312427,2.986388,1,13,55,0.000918,0.003882,7.1e-05
中原,婵娟,0.312427,2.986388,1,13,55,0.000918,0.003882,7.1e-05
中原,饮酒,0.312427,2.986388,1,13,55,0.000918,0.003882,7.1e-05
行客,青楼,0.312412,2.769699,2,48,37,0.003388,0.002612,0.000141
星辰,池塘,0.312412,2.769699,2,37,48,0.002612,0.003388,0.000141
星辰,霄汉,0.312412,2.769699,2,37,48,0.002612,0.003388,0.000141
春水,花满,0.312403,2.642947,3,54,56,0.003812,0.003953,0.000212
尚书,秋来,0.312403,2.642947,3,48,63,0.003388,0.004447,0.000212
尚书,老去,0.312403,2.642947,3,48,63,0.003388,0.004447,0.000212
先生,鬼神,0.312403,2.642947,3,84,36,0.005929,0.002541,0.000212
城中,苦辛,0.312403,2.642947,3,72,42,0.005082,0.002965,0.000212
君心,忆昔,0.312364,2.642617,3,55,55,0.003882,0.003882,0.000212
两相,时节,0.312268,2.551975,4,46,96,0.003247,0.006776,0.000282
往事,相忆,0.312268,2.551975,4,46,96,0.003247,0.006776,0.000282
天地,星辰,0.312234,2.482017,5,160,37,0.011294,0.002612,0.000353
丹砂,白发,0.31215,2.424444,6,35,215,0.002471,0.015176,0.000424
今夜,月色,0.312047,2.550165,4,79,56,0.005576,0.003953,0.000282
多少,陌上,0.312032,2.766326,2,33,54,0.002329,0.003812,0.000141
残阳,翠微,0.312032,2.766326,2,33,54,0.002329,0.003812,0.000141
朝廷,百里,0.312032,2.766326,2,33,54,0.002329,0.003812,0.000141
翠微,鸟飞,0.312032,2.766326,2,54,33,0.003812,0.002329,0.000141
尘埃,野花,0.312032,2.766326,2,81,22,0.005718,0.001553,0.000141
徘徊,松柏,0.312019,2.549939,4,75,59,0.005294,0.004165,0.000282
两相,关山,0.311935,2.638987,3,46,66,0.003247,0.004659,0.000212
辛苦,黄河,0.311935,2.638987,3,46,66,0.003247,0.004659,0.000212
山色,黄花,0.311935,2.638987,3,69,44,0.00487,0.003106,0.000212
寒食,春深,0.311935,2.638987,3,69,44,0.00487,0.003106,0.000212
帝城,风尘,0.311909,2.549036,4,43,103,0.003035,0.00727,0.000282
乾坤,纵横,0.311857,2.638328,3,49,62,0.003459,0.004376,0.000212
古今,月光,0.311842,2.764644,2,51,35,0.0036,0.002471,0.000141
万物,丹砂,0.311842,2.764644,2,51,35,0.0036,0.002471,0.000141
丹砂,他日,0.311842,2.764644,2,35,51,0.002471,0.0036,0.000141
清秋,神仙,0.311779,2.63767,3,38,80,0.002682,0.005647,0.000212
梨花,闻道,0.311779,2.63767,3,40,76,0.002823,0.005365,0.000212
人世,道路,0.311779,2.63767,3,38,80,0.002682,0.005647,0.000212
人世,神仙,0.311779,2.63767,3,38,80,0.002682,0.005647,0.000212
江流,鹧鸪,0.311779,2.764084,2,47,38,0.003318,0.002682,0.000141
云间,羽翼,0.311779,2.764084,2,47,38,0.003318,0.002682,0.000141
年华,牡丹,0.311779,2.764084,2,47,38,0.003318,0.002682,0.000141
潇湘,还家,0.311701,2.637012,3,78,39,0.005506,0.002753,0.000212
昨夜,月落,0.311701,2.637012,3,78,39,0.005506,0.002753,0.000212
他年,鬼神,0.311698,2.979419,1,20,36,0.001412,0.002541,7.1e-05
瑶池,行乐,0.311698,2.979419,1,20,36,0.001412,0.002541,7.1e-05
氛氲,英雄,0.311698,2.979419,1,45,16,0.003176,0.001129,7.1e-05
梨花,窈窕,0.311698,2.979419,1,40,18,0.002823,0.001271,7.1e-05
窈窕,飘飖,0.311698,2.979419,1,18,40,0.001271,0.002823,7.1e-05
乔木,斜阳,0.311698,2.979419,1,36,20,0.002541,0.001412,7.1e-05
感激,斜阳,0.311698,2.979419,1,36,20,0.002541,0.001412,7.1e-05
斜阳,苍梧,0.311698,2.979419,1,20,36,0.001412,0.002541,7.1e-05
瑶池,鬼神,0.311698,2.979419,1,20,36,0.001412,0.002541,7.1e-05
瑶池,苍梧,0.311698,2.979419,1,20,36,0.001412,0.002541,7.1e-05
日出,芙蓉,0.311689,2.420862,6,64,118,0.004518,0.008329,0.000424
寒山,秋水,0.311688,2.547231,4,51,87,0.0036,0.006141,0.000282
万物,分明,0.311688,2.547231,4,51,87,0.0036,0.006141,0.000282
萧条,马嘶,0.311605,2.546555,4,148,30,0.010447,0.002118,0.000282
管弦,风飘,0.311585,2.636027,3,87,35,0.006141,0.002471,0.000212
富贵,年少,0.311451,2.41901,6,78,97,0.005506,0.006847,0.000424
富贵,蛾眉,0.31144,2.545205,4,78,57,0.005506,0.004023,0.000282
云飞,猿声,0.311401,2.76073,2,32,56,0.002259,0.003953,0.000141
云飞,夜来,0.311401,2.76073,2,32,56,0.002259,0.003953,0.000141
功名,等闲,0.311391,2.634386,3,50,61,0.003529,0.004306,0.000212
人稀,秋草,0.31133,2.544306,4,50,89,0.003529,0.006282,0.000282
日月,等闲,0.311297,2.369826,7,152,61,0.010729,0.004306,0.000494
相识,绮罗,0.311275,2.759615,2,69,26,0.00487,0.001835,0.000141
月落,猿啼,0.311275,2.759615,2,39,46,0.002753,0.003247,0.000141
巫峡,楼台,0.311275,2.759615,2,39,46,0.002753,0.003247,0.000141
客心,还家,0.311275,2.759615,2,46,39,0.003247,0.002753,0.000141
客心,苍茫,0.311275,2.759615,2,46,39,0.003247,0.002753,0.000141
往事,苍茫,0.311275,2.759615,2,46,39,0.003247,0.002753,0.000141
云雨,梦魂,0.311275,2.759615,2,78,23,0.005506,0.001623,0.000141
归心,绮罗,0.311275,2.759615,2,69,26,0.00487,0.001835,0.000141
往事,西山,0.311275,2.759615,2,46,39,0.003247,0.002753,0.000141
功成,太平,0.311275,2.759615,2,46,39,0.003247,0.002753,0.000141
往事,未央,0.311275,2.759615,2,46,39,0.003247,0.002753,0.000141
两相,绿杨,0.311275,2.759615,2,46,39,0.003247,0.002753,0.000141
寒食,绮罗,0.311275,2.759615,2,69,26,0.00487,0.001835,0.000141
叹息,是非,0.311275,2.633403,3,43,71,0.003035,0.005012,0.000212
八月,风波,0.311197,2.632748,3,47,65,0.003318,0.004588,0.000212
千载,婵娟,0.311193,2.543183,4,81,55,0.005718,0.003882,0.000282
独坐,白露,0.311193,2.543183,4,55,81,0.003882,0.005718,0.000282
南山,饮酒,0.311043,2.415843,6,138,55,0.009741,0.003882,0.000424
丞相,晚来,0.311024,2.757388,2,62,29,0.004376,0.002047,0.000141
丞相,绿水,0.311024,2.757388,2,62,29,0.004376,0.002047,0.000141
万户,交亲,0.311024,2.757388,2,31,58,0.002188,0.004094,0.000141
珍重,纵横,0.311024,2.757388,2,29,62,0.002047,0.004376,0.000141
北阙,青天,0.311024,2.757388,2,31,58,0.002188,0.004094,0.000141
丈夫,山河,0.311004,2.631113,3,60,51,0.004235,0.0036,0.000212
多情,白雪,0.311004,2.631113,3,45,68,0.003176,0.0048,0.000212
梅花,白雪,0.311004,2.631113,3,45,68,0.003176,0.0048,0.000212
淹留,阙下,0.311004,2.631113,3,68,45,0.0048,0.003176,0.000212
白雪,鹦鹉,0.311004,2.631113,3,68,45,0.0048,0.003176,0.000212
万物,自然,0.311004,2.631113,3,51,60,0.0036,0.004235,0.000212
功成,逍遥,0.311,2.541613,4,46,97,0.003247,0.006847,0.000282
清晨,玉堂,0.310974,2.972499,1,29,25,0.002047,0.001765,7.1e-05
世上,桃花,0.310965,2.471933,5,52,115,0.003671,0.008117,0.000353
梧桐,美人,0.310946,2.541164,4,48,93,0.003388,0.006565,0.000282
从军,咸阳,0.310898,2.756276,2,45,40,0.003176,0.002823,0.000141
相知,鹦鹉,0.310898,2.756276,2,40,45,0.002823,0.003176,0.000141
梅花,翡翠,0.310898,2.756276,2,45,40,0.003176,0.002823,0.000141
月中,瑶池,0.310898,2.756276,2,90,20,0.006353,0.001412,0.000141
苍梧,镜中,0.310898,2.756276,2,36,50,0.002541,0.003529,0.000141
秋雨,西风,0.310898,2.756276,2,36,50,0.002541,0.003529,0.000141
夜雨,萧索,0.310898,2.756276,2,45,40,0.003176,0.002823,0.000141
氛氲,飘飖,0.310898,2.756276,2,45,40,0.003176,0.002823,0.000141
功名,感激,0.310898,2.756276,2,50,36,0.003529,0.002541,0.000141
楼上,黄鹤,0.310898,2.756276,2,75,24,0.005294,0.001694,0.000141
人归,苍梧,0.310898,2.756276,2,50,36,0.003529,0.002541,0.000141
宛转,鬼神,0.310898,2.756276,2,50,36,0.003529,0.002541,0.000141
氛氲,翡翠,0.310898,2.756276,2,45,40,0.003176,0.002823,0.000141
梨花,草绿,0.310898,2.756276,2,40,45,0.002823,0.003176,0.000141
氛氲,萧索,0.310898,2.756276,2,45,40,0.003176,0.002823,0.000141
丈夫,路岐,0.310898,2.756276,2,60,30,0.004235,0.002118,0.000141
天子,明主,0.310839,2.47093,5,146,41,0.010306,0.002894,0.000353
自言,门前,0.310839,2.47093,5,41,146,0.002894,0.010306,0.000353
多少,昔时,0.31083,2.971121,1,33,22,0.002329,0.001553,7.1e-05
昔时,残阳,0.31083,2.971121,1,22,33,0.001553,0.002329,7.1e-05
日落,江边,0.310773,2.755165,2,34,53,0.0024,0.003741,0.000141
含情,所思,0.310773,2.755165,2,34,53,0.0024,0.003741,0.000141
天寒,日落,0.310773,2.755165,2,53,34,0.003741,0.0024,0.000141
欢娱,风景,0.310713,2.469928,5,56,107,0.003953,0.007553,0.000353
烟波,青春,0.310699,2.53915,4,71,63,0.005012,0.004447,0.000282
天子,诸侯,0.310697,2.323772,8,146,76,0.010306,0.005365,0.000565
他人,生死,0.310695,2.628502,3,52,59,0.003671,0.004165,0.000212
消息,生死,0.310695,2.628502,3,52,59,0.003671,0.004165,0.000212
心期,楚水,0.310695,2.628502,3,59,52,0.004165,0.003671,0.000212
他人,劝君,0.310695,2.628502,3,52,59,0.003671,0.004165,0.000212
他人,相看,0.310695,2.628502,3,52,59,0.003671,0.004165,0.000212
世上,寻常,0.310695,2.628502,3,52,59,0.003671,0.004165,0.000212
世上,劝君,0.310695,2.628502,3,52,59,0.003671,0.004165,0.000212
世上,姓名,0.310695,2.628502,3,52,59,0.003671,0.004165,0.000212
寻常,消息,0.310695,2.628502,3,59,52,0.004165,0.003671,0.000212
帝乡,衣裳,0.310657,2.628176,3,33,93,0.002329,0.006565,0.000212
多少,美人,0.310657,2.628176,3,33,93,0.002329,0.006565,0.000212
昔时,碧云,0.310648,2.754056,2,22,82,0.001553,0.005788,0.000141
万年,道士,0.310648,2.754056,2,44,41,0.003106,0.002894,0.000141
明主,逶迤,0.310648,2.754056,2,41,44,0.002894,0.003106,0.000141
公卿,当年,0.310648,2.754056,2,44,41,0.003106,0.002894,0.000141
千门,台上,0.310648,2.754056,2,44,41,0.003106,0.002894,0.000141
翡翠,黄金,0.310545,2.468594,5,40,150,0.002823,0.010588,0.000353
封侯,御沟,0.310542,2.96837,1,26,28,0.001835,0.001976,7.1e-05
圣人,壮士,0.310542,2.96837,1,28,26,0.001976,0.001835,7.1e-05
封侯,汉宫,0.310542,2.96837,1,26,28,0.001835,0.001976,7.1e-05
御沟,衣冠,0.310542,2.96837,1,28,26,0.001976,0.001835,7.1e-05
云飞,沧海,0.310541,2.627199,3,32,96,0.002259,0.006776,0.000212
浮生,长江,0.310523,2.752948,2,43,42,0.003035,0.002965,0.000141
浮生,苍苔,0.310523,2.752948,2,43,42,0.003035,0.002965,0.000141
叹息,所以,0.310523,2.752948,2,43,42,0.003035,0.002965,0.000141
世人,白玉,0.310508,2.537587,4,70,64,0.004941,0.004518,0.000282
深山,风起,0.310484,2.411505,6,63,121,0.004447,0.008541,0.000424
阳台,高台,0.310398,2.966997,1,27,27,0.001906,0.001906,7.1e-05
桃花,男儿,0.310371,2.536471,4,115,39,0.008117,0.002753,0.000282
白露,秋声,0.310311,2.625248,3,81,38,0.005718,0.002682,0.000212
花满,饮酒,0.310234,2.624598,3,56,55,0.003953,0.003882,0.000212
千门,雨露,0.310234,2.624598,3,44,70,0.003106,0.004941,0.000212
世人,咫尺,0.310234,2.624598,3,70,44,0.004941,0.003106,0.000212
芳草,野花,0.310234,2.624598,3,140,22,0.009882,0.001553,0.000212
梦魂,洞庭,0.310157,2.623949,3,23,134,0.001623,0.009459,0.000212
客心,扁舟,0.310157,2.623949,3,46,67,0.003247,0.004729,0.000212
红尘,青楼,0.310087,2.74908,2,49,37,0.003459,0.002612,0.000141
花飞,莓苔,0.310087,2.74908,2,37,49,0.002612,0.003459,0.000141
南国,青楼,0.310087,2.74908,2,49,37,0.003459,0.002612,0.000141
九衢,闻说,0.310087,2.74908,2,37,49,0.002612,0.003459,0.000141
星辰,闻说,0.310087,2.74908,2,37,49,0.002612,0.003459,0.000141
乾坤,星辰,0.310087,2.74908,2,49,37,0.003459,0.002612,0.000141
夜雨,百年,0.309963,2.533132,4,45,100,0.003176,0.007059,0.000282
帝乡,忆昔,0.309962,2.747977,2,33,55,0.002329,0.003882,0.000141
世事,残阳,0.309962,2.747977,2,55,33,0.003882,0.002329,0.000141
多少,独坐,0.309962,2.747977,2,33,55,0.002329,0.003882,0.000141
思量,日夜,0.309962,2.747977,2,33,55,0.002329,0.003882,0.000141
千古,婵娟,0.309962,2.747977,2,33,55,0.002329,0.003882,0.000141
多少,寥落,0.309962,2.747977,2,33,55,0.002329,0.003882,0.000141
杨柳,梅花,0.309917,2.463606,5,134,45,0.009459,0.003176,0.000353
君王,封侯,0.309652,2.745226,2,70,26,0.004941,0.001835,0.000141
汉宫,风波,0.309652,2.745226,2,28,65,0.001976,0.004588,0.000141
春色,瑶池,0.309652,2.745226,2,91,20,0.006423,0.001412,0.000141
依旧,无力,0.309652,2.745226,2,52,35,0.003671,0.002471,0.000141
花前,风飘,0.309652,2.745226,2,52,35,0.003671,0.002471,0.000141
世上,丹砂,0.309652,2.745226,2,52,35,0.003671,0.002471,0.000141
感激,经过,0.309622,2.619417,3,36,86,0.002541,0.00607,0.000212
万事,等闲,0.309583,2.530026,4,74,61,0.005223,0.004306,0.000282
君子,皎然,0.309541,2.9588,1,147,5,0.010376,0.000353,7.1e-05
月光,罗衣,0.309541,2.9588,1,35,21,0.002471,0.001482,7.1e-05
光辉,青草,0.309469,2.618125,3,62,50,0.004376,0.003529,0.000212
纵横,阳春,0.309469,2.618125,3,62,50,0.004376,0.003529,0.000212
宁知,日晚,0.309404,2.743031,2,48,38,0.003388,0.002682,0.000141
游子,霄汉,0.309404,2.743031,2,38,48,0.002682,0.003388,0.000141
行客,鹧鸪,0.309404,2.743031,2,48,38,0.003388,0.002682,0.000141
沧洲,黄鹤,0.309404,2.743031,2,76,24,0.005365,0.001694,0.000141
桃源,鹧鸪,0.309404,2.743031,2,48,38,0.003388,0.002682,0.000141
出入,十载,0.309404,2.743031,2,38,48,0.002682,0.003388,0.000141
尚书,鹧鸪,0.309404,2.743031,2,48,38,0.003388,0.002682,0.000141
云飞,梦魂,0.309399,2.95744,1,32,23,0.002259,0.001623,7.1e-05
关山,望乡,0.309393,2.617481,3,66,47,0.004659,0.003318,0.000212
玉堂,零落,0.309342,2.742483,2,25,73,0.001765,0.005153,0.000141
潇湘,青天,0.309312,2.527813,4,78,58,0.005506,0.004094,0.000282
可惜,风光,0.309312,2.527813,4,52,87,0.003671,0.006141,0.000282
相识,草绿,0.309278,2.616514,3,69,45,0.00487,0.003176,0.000212
双阙,车马,0.309258,2.527371,4,31,146,0.002188,0.010306,0.000282
明时,朱门,0.309164,2.615548,3,42,74,0.002965,0.005223,0.000212
日月,造化,0.309161,2.353566,7,152,62,0.010729,0.004376,0.000494
回首,马嘶,0.30915,2.526488,4,151,30,0.010659,0.002118,0.000282
微雨,萧条,0.309127,2.457324,5,41,148,0.002894,0.010447,0.000353
垂杨,窈窕,0.309115,2.954727,1,41,18,0.002894,0.001271,7.1e-05
劝君,山高,0.309095,2.740293,2,59,31,0.004165,0.002188,0.000141
承恩,生死,0.309095,2.740293,2,31,59,0.002188,0.004165,0.000141
双阙,夜长,0.309095,2.740293,2,31,59,0.002188,0.004165,0.000141
湖上,钓鱼,0.309095,2.740293,2,59,31,0.004165,0.002188,0.000141
大道,生死,0.309095,2.740293,2,31,59,0.002188,0.004165,0.000141
朝廷,洛阳,0.309044,2.456665,5,33,184,0.002329,0.012988,0.000353
公卿,天下,0.309044,2.456665,5,44,138,0.003106,0.009741,0.000353
月色,白露,0.308988,2.525164,4,56,81,0.003953,0.005718,0.000282
千载,楼上,0.308982,2.456171,5,81,75,0.005718,0.005294,0.000353
天地,生死,0.308938,2.351869,7,160,59,0.011294,0.004165,0.000494
回头,故乡,0.308879,2.455349,5,64,95,0.004518,0.006706,0.000353
年华,男儿,0.308849,2.738109,2,47,39,0.003318,0.002753,0.000141
云间,巫峡,0.308849,2.738109,2,47,39,0.003318,0.002753,0.000141
巫峡,江流,0.308849,2.738109,2,39,47,0.002753,0.003318,0.000141
年华,金谷,0.308849,2.738109,2,47,39,0.003318,0.002753,0.000141
年华,清明,0.308849,2.738109,2,47,39,0.003318,0.002753,0.000141
云间,苍茫,0.308849,2.738109,2,47,39,0.003318,0.002753,0.000141
巫峡,年华,0.308849,2.738109,2,39,47,0.002753,0.003318,0.000141
流年,霓裳,0.308849,2.738109,2,47,39,0.003318,0.002753,0.000141
太平,宫中,0.308849,2.738109,2,39,47,0.002753,0.003318,0.000141
北风,萧萧,0.308771,2.350599,7,68,139,0.0048,0.009812,0.000494
山川,草绿,0.308745,2.523182,4,101,45,0.007129,0.003176,0.000282
迢递,飘飖,0.308709,2.611695,3,78,40,0.005506,0.002823,0.000212
还家,道路,0.308709,2.611695,3,39,80,0.002753,0.005647,0.000212
东林,清净,0.308709,2.611695,3,65,48,0.004588,0.003388,0.000212
名利,风波,0.308709,2.611695,3,48,65,0.003388,0.004588,0.000212
自古,自然,0.308709,2.611695,3,52,60,0.003671,0.004235,0.000212
云雨,翡翠,0.308709,2.611695,3,78,40,0.005506,0.002823,0.000212
云雨,萧索,0.308709,2.611695,3,78,40,0.005506,0.002823,0.000212
消息,自然,0.308709,2.611695,3,52,60,0.003671,0.004235,0.000212
中原,读书,0.30869,2.95067,1,13,57,0.000918,0.004023,7.1e-05
今日,当时,0.308666,1.944776,26,439,120,0.030988,0.00847,0.001835
春水,楼前,0.308665,2.736473,2,54,34,0.003812,0.0024,0.000141
有情,渭水,0.308665,2.736473,2,54,34,0.003812,0.0024,0.000141
岁月,物外,0.308665,2.736473,2,68,27,0.0048,0.001906,0.000141
古今,鬼神,0.308665,2.736473,2,51,36,0.0036,0.002541,0.000141
古今,水边,0.308665,2.736473,2,51,36,0.0036,0.002541,0.000141
他日,鬼神,0.308665,2.736473,2,51,36,0.0036,0.002541,0.000141
雨露,风波,0.308611,2.522082,4,70,65,0.004941,0.004588,0.000282
枕上,梦中,0.308557,2.610413,3,44,71,0.003106,0.005012,0.000212
洞庭,蛟龙,0.308449,2.520765,4,134,34,0.009459,0.0024,0.000282
生死,行路,0.308444,2.609454,3,59,53,0.004165,0.003741,0.000212
山水,百里,0.308424,2.451737,5,113,54,0.007976,0.003812,0.000353
南国,美人,0.308423,2.520545,4,49,93,0.003459,0.006565,0.000282
梦魂,汉家,0.308419,2.734297,2,23,80,0.001623,0.005647,0.000141
客心,飘飖,0.308419,2.734297,2,46,40,0.003247,0.002823,0.000141
相知,骨肉,0.308419,2.734297,2,40,46,0.002823,0.003247,0.000141
功成,紫微,0.308419,2.734297,2,46,40,0.003247,0.002823,0.000141
岐路,往事,0.308419,2.734297,2,40,46,0.002823,0.003247,0.000141
萧索,骨肉,0.308419,2.734297,2,40,46,0.002823,0.003247,0.000141
楼台,白雪,0.308406,2.609134,3,46,68,0.003247,0.0048,0.000212
往事,白雪,0.308406,2.609134,3,46,68,0.003247,0.0048,0.000212
楼台,深处,0.308406,2.609134,3,46,68,0.003247,0.0048,0.000212
岁月,相访,0.308406,2.609134,3,68,46,0.0048,0.003247,0.000212
功成,白雪,0.308406,2.609134,3,46,68,0.003247,0.0048,0.000212
落日,马嘶,0.308342,2.519887,4,152,30,0.010729,0.002118,0.000282
浮云,游子,0.308342,2.519887,4,120,38,0.00847,0.002682,0.000282
牡丹,颜色,0.308342,2.519887,4,38,120,0.002682,0.00847,0.000282
古今,日月,0.308324,2.394724,6,51,152,0.0036,0.010729,0.000424
万国,旌旗,0.308293,2.608175,3,31,101,0.002188,0.007129,0.000212
单于,旌旗,0.308293,2.608175,3,31,101,0.002188,0.007129,0.000212
双飞,高秋,0.308268,2.94663,1,31,24,0.002188,0.001694,7.1e-05
双飞,黄鹤,0.308268,2.94663,1,31,24,0.002188,0.001694,7.1e-05
双飞,玉楼,0.308268,2.94663,1,31,24,0.002188,0.001694,7.1e-05
万国,玉楼,0.308268,2.94663,1,31,24,0.002188,0.001694,7.1e-05
大道,玉楼,0.308268,2.94663,1,31,24,0.002188,0.001694,7.1e-05
双阙,玉楼,0.308268,2.94663,1,31,24,0.002188,0.001694,7.1e-05
春雨,玉楼,0.308268,2.94663,1,31,24,0.002188,0.001694,7.1e-05
北阙,黄鹤,0.308268,2.94663,1,31,24,0.002188,0.001694,7.1e-05
烟雨,黄鹤,0.308268,2.94663,1,31,24,0.002188,0.001694,7.1e-05
东风,宫中,0.308259,2.450426,5,130,47,0.009176,0.003318,0.000353
管弦,行乐,0.308255,2.607856,3,87,36,0.006141,0.002541,0.000212
意气,曲江,0.308255,2.607856,3,36,87,0.002541,0.006141,0.000212
秋水,红叶,0.308255,2.607856,3,87,36,0.006141,0.002541,0.000212
春来,老去,0.308239,2.450263,5,97,63,0.006847,0.004447,0.000353
婵娟,蛾眉,0.308142,2.606898,3,55,57,0.003882,0.004023,0.000212
婵娟,风烟,0.308142,2.606898,3,55,57,0.003882,0.004023,0.000212
从军,台上,0.308113,2.731583,2,45,41,0.003176,0.002894,0.000141
梅花,风霜,0.308113,2.731583,2,45,41,0.003176,0.002894,0.000141
汉水,鹦鹉,0.308113,2.731583,2,41,45,0.002894,0.003176,0.000141
当年,鹦鹉,0.308113,2.731583,2,41,45,0.002894,0.003176,0.000141
当年,阙下,0.308113,2.731583,2,41,45,0.002894,0.003176,0.000141
垂杨,多情,0.308113,2.731583,2,41,45,0.002894,0.003176,0.000141
云深,汉水,0.308113,2.731583,2,45,41,0.003176,0.002894,0.000141
白玉,闻说,0.308104,2.60658,3,64,49,0.004518,0.003459,0.000212
乾坤,白玉,0.308104,2.60658,3,49,64,0.003459,0.004518,0.000212
巫山,梦中,0.308052,2.731041,2,26,71,0.001835,0.005012,0.000141
绮罗,芳菲,0.308052,2.731041,2,26,71,0.001835,0.005012,0.000141
东南,封侯,0.308052,2.731041,2,71,26,0.005012,0.001835,0.000141
今已,零落,0.307991,2.605623,3,43,73,0.003035,0.005153,0.000212
汉宫,黄河,0.30793,2.729959,2,28,66,0.001976,0.004659,0.000141
旧游,玉楼,0.30793,2.729959,2,77,24,0.005435,0.001694,0.000141
往来,昔时,0.30793,2.729959,2,84,22,0.005929,0.001553,0.000141
孤云,帝乡,0.30793,2.729959,2,56,33,0.003953,0.002329,0.000141
咫尺,所以,0.30793,2.729959,2,44,42,0.003106,0.002965,0.000141
圣人,黄河,0.30793,2.729959,2,28,66,0.001976,0.004659,0.000141
文章,青冥,0.30786,2.515947,4,109,42,0.007694,0.002965,0.000282
九衢,十里,0.307808,2.728877,2,37,50,0.002612,0.003529,0.000141
向东,星辰,0.307808,2.728877,2,50,37,0.003529,0.002612,0.000141
青楼,青草,0.307808,2.728877,2,37,50,0.002612,0.003529,0.000141
秋天,青楼,0.307808,2.728877,2,50,37,0.003529,0.002612,0.000141
镜中,青楼,0.307808,2.728877,2,50,37,0.003529,0.002612,0.000141
始知,零落,0.307807,2.446832,5,84,73,0.005929,0.005153,0.000353
白首,青山,0.307754,2.069785,17,113,269,0.007976,0.018988,0.0012
昔时,路傍,0.307707,2.941268,1,22,34,0.001553,0.0024,7.1e-05
莺啼,野花,0.307707,2.941268,1,34,22,0.0024,0.001553,7.1e-05
昔时,渭水,0.307707,2.941268,1,22,34,0.001553,0.0024,7.1e-05
依然,次第,0.307615,2.602443,3,47,67,0.003318,0.004729,0.000212
云间,次第,0.307615,2.602443,3,47,67,0.003318,0.004729,0.000212
单于,萧条,0.307593,2.513765,4,31,148,0.002188,0.010447,0.000282
镜中,青春,0.307578,2.602125,3,50,63,0.003529,0.004447,0.000212
世人,氛氲,0.307578,2.602125,3,70,45,0.004941,0.003176,0.000212
所以,老人,0.307578,2.602125,3,42,75,0.002965,0.005294,0.000212
江湖,沧海,0.307561,2.444877,5,64,96,0.004518,0.006776,0.000353
晚来,白玉,0.307443,2.725639,2,29,64,0.002047,0.004518,0.000141
晚来,走马,0.307443,2.725639,2,29,64,0.002047,0.004518,0.000141
东海,江湖,0.307443,2.725639,2,29,64,0.002047,0.004518,0.000141
云飞,微风,0.307443,2.725639,2,32,58,0.002259,0.004094,0.000141
绿水,鸳鸯,0.307443,2.725639,2,29,64,0.002047,0.004518,0.000141
云飞,青天,0.307443,2.725639,2,32,58,0.002259,0.004094,0.000141
桃李,萧索,0.307273,2.511153,4,115,40,0.008117,0.002823,0.000282
劝君,富贵,0.30722,2.510719,4,59,78,0.004165,0.005506,0.000282
富贵,相看,0.30722,2.510719,4,78,59,0.005506,0.004165,0.000282
单于,远近,0.3072,2.723486,2,31,60,0.002188,0.004235,0.000141
九重,河汉,0.3072,2.723486,2,60,31,0.004235,0.002188,0.000141
古木,宫殿,0.3072,2.723486,2,60,31,0.004235,0.002188,0.000141
九重,双阙,0.3072,2.723486,2,60,31,0.004235,0.002188,0.000141
九重,宫殿,0.3072,2.723486,2,60,31,0.004235,0.002188,0.000141
九重,承恩,0.3072,2.723486,2,60,31,0.004235,0.002188,0.000141
文章,珍重,0.307166,2.598639,3,109,29,0.007694,0.002047,0.000212
天地,草木,0.307137,2.172613,12,160,121,0.011294,0.008541,0.000847
楼前,美人,0.307128,2.598323,3,34,93,0.0024,0.006565,0.000212
美人,蛟龙,0.307128,2.598323,3,93,34,0.006565,0.0024,0.000212
山头,百尺,0.307128,2.598323,3,51,62,0.0036,0.004376,0.000212
出入,马上,0.307078,2.722411,2,38,49,0.002682,0.003459,0.000141
南国,游子,0.307078,2.722411,2,49,38,0.003459,0.002682,0.000141
乾坤,鹧鸪,0.307078,2.722411,2,49,38,0.003459,0.002682,0.000141
乾坤,人世,0.307078,2.722411,2,49,38,0.003459,0.002682,0.000141
出入,红尘,0.307078,2.722411,2,38,49,0.002682,0.003459,0.000141
天上,鬼神,0.307061,2.509416,4,128,36,0.009035,0.002541,0.000282
北斗,经年,0.307018,2.721874,2,27,69,0.001906,0.00487,0.000141
北斗,相识,0.307018,2.721874,2,27,69,0.001906,0.00487,0.000141
物外,秋月,0.307018,2.721874,2,27,69,0.001906,0.00487,0.000141
山河,草木,0.30701,2.440492,5,51,121,0.0036,0.008541,0.000353
分明,江边,0.306981,2.508765,4,87,53,0.006141,0.003741,0.000282
相亲,青松,0.306904,2.596427,3,66,48,0.004659,0.003388,0.000212
可怜,绿杨,0.306887,2.383564,6,201,39,0.014188,0.002753,0.000424
东海,巫山,0.306871,2.933278,1,29,26,0.002047,0.001835,7.1e-05
东海,衣冠,0.306871,2.933278,1,29,26,0.002047,0.001835,7.1e-05
岁寒,珍重,0.306871,2.933278,1,26,29,0.001835,0.002047,7.1e-05
壮士,珍重,0.306871,2.933278,1,26,29,0.001835,0.002047,7.1e-05
中原,半夜,0.306871,2.933278,1,13,58,0.000918,0.004094,7.1e-05
东海,壮士,0.306871,2.933278,1,29,26,0.002047,0.001835,7.1e-05
中原,青天,0.306871,2.933278,1,13,58,0.000918,0.004094,7.1e-05
所思,相见,0.306826,2.335792,7,53,181,0.003741,0.012776,0.000494
千载,蛾眉,0.306822,2.507465,4,81,57,0.005718,0.004023,0.000282
大道,天涯,0.306769,2.507031,4,31,149,0.002188,0.010517,0.000282
凄凉,楚水,0.306755,2.595165,3,61,52,0.004306,0.003671,0.000212
消息,等闲,0.306755,2.595165,3,52,61,0.003671,0.004306,0.000212
夜月,水流,0.306742,2.506815,4,66,70,0.004659,0.004941,0.000282
先生,饮酒,0.306742,2.506815,4,84,55,0.005929,0.003882,0.000282
南北,远近,0.306742,2.506815,4,77,60,0.005435,0.004235,0.000282
天下,梦魂,0.306681,2.594535,3,138,23,0.009741,0.001623,0.000212
婵娟,细雨,0.306595,2.718124,2,55,34,0.003882,0.0024,0.000141
忆昔,日落,0.306595,2.718124,2,55,34,0.003882,0.0024,0.000141
君心,路傍,0.306595,2.718124,2,55,34,0.003882,0.0024,0.000141
寥落,蛟龙,0.306595,2.718124,2,55,34,0.003882,0.0024,0.000141
君心,弟子,0.306595,2.718124,2,55,34,0.003882,0.0024,0.000141
江上,苍梧,0.306582,2.437095,5,172,36,0.012141,0.002541,0.000353
巫山,愁人,0.306474,2.717055,2,26,72,0.001835,0.005082,0.000141
自古,行乐,0.306474,2.717055,2,52,36,0.003671,0.002541,0.000141
扬州,男儿,0.306474,2.717055,2,48,39,0.003388,0.002753,0.000141
还家,霄汉,0.306474,2.717055,2,39,48,0.002753,0.003388,0.000141
金谷,青门,0.306474,2.717055,2,39,48,0.002753,0.003388,0.000141
桃源,水声,0.306474,2.717055,2,48,39,0.003388,0.002753,0.000141
水清,苍茫,0.306474,2.717055,2,48,39,0.003388,0.002753,0.000141
桃源,西山,0.306474,2.717055,2,48,39,0.003388,0.002753,0.000141
桃源,霓裳,0.306474,2.717055,2,48,39,0.003388,0.002753,0.000141
关河,故山,0.306474,2.717055,2,26,72,0.001835,0.005082,0.000141
扬州,绿杨,0.306474,2.717055,2,48,39,0.003388,0.002753,0.000141
到处,桃源,0.306474,2.717055,2,39,48,0.002753,0.003388,0.000141
太平,池塘,0.306474,2.717055,2,39,48,0.002753,0.003388,0.000141
万古,世上,0.306474,2.717055,2,36,52,0.002541,0.003671,0.000141
水边,消息,0.306474,2.717055,2,36,52,0.002541,0.003671,0.000141
名利,太平,0.306474,2.717055,2,48,39,0.003388,0.002753,0.000141
消息,苍梧,0.306474,2.717055,2,52,36,0.003671,0.002541,0.000141
到处,逢人,0.306474,2.717055,2,39,48,0.002753,0.003388,0.000141
世上,鬼神,0.306474,2.717055,2,52,36,0.003671,0.002541,0.000141
消息,鬼神,0.306474,2.717055,2,52,36,0.003671,0.002541,0.000141
中原,十年,0.306272,2.591075,3,13,245,0.000918,0.017294,0.000212
天子,黄河,0.306238,2.331319,7,146,66,0.010306,0.004659,0.000494
同心,春水,0.306234,2.590761,3,59,54,0.004165,0.003812,0.000212
物外,白日,0.306217,2.434192,5,27,230,0.001906,0.016235,0.000353
梦魂,残阳,0.306179,2.926669,1,23,33,0.001623,0.002329,7.1e-05
帝乡,梦魂,0.306179,2.926669,1,33,23,0.002329,0.001623,7.1e-05
他乡,多少,0.306179,2.926669,1,23,33,0.001623,0.002329,7.1e-05
千古,鱼龙,0.306179,2.926669,1,33,23,0.002329,0.001623,7.1e-05
登临,鱼龙,0.306179,2.926669,1,33,23,0.002329,0.001623,7.1e-05
梦魂,溪水,0.306179,2.926669,1,23,33,0.001623,0.002329,7.1e-05
千古,梦魂,0.306179,2.926669,1,33,23,0.002329,0.001623,7.1e-05
梦魂,雨雪,0.306179,2.926669,1,23,33,0.001623,0.002329,7.1e-05
昆仑,梦魂,0.306179,2.926669,1,33,23,0.002329,0.001623,7.1e-05
风雨,鬼神,0.306108,2.501634,4,129,36,0.009106,0.002541,0.000282
朝朝,落花,0.306096,2.433227,5,74,84,0.005223,0.005929,0.000353
瑶池,羽翼,0.306042,2.925352,1,20,38,0.001412,0.002682,7.1e-05
斜阳,鹧鸪,0.306042,2.925352,1,20,38,0.001412,0.002682,7.1e-05
他年,清秋,0.306042,2.925352,1,20,38,0.001412,0.002682,7.1e-05
他年,羽翼,0.306042,2.925352,1,20,38,0.001412,0.002682,7.1e-05
歌声,瑶池,0.306042,2.925352,1,38,20,0.002682,0.001412,7.1e-05
人世,瑶池,0.306042,2.925352,1,38,20,0.002682,0.001412,7.1e-05
梨花,江流,0.305993,2.712791,2,40,47,0.002823,0.003318,0.000141
八月,咸阳,0.305993,2.712791,2,47,40,0.003318,0.002823,0.000141
大道,黄金,0.30595,2.500342,4,31,150,0.002188,0.010588,0.000282
摇落,残月,0.305933,2.712259,2,57,33,0.004023,0.002329,0.000141
登临,蛾眉,0.305933,2.712259,2,33,57,0.002329,0.004023,0.000141
月出,焚香,0.305901,2.587941,3,45,71,0.003176,0.005012,0.000212
是非,氛氲,0.305901,2.587941,3,71,45,0.005012,0.003176,0.000212
十里,归来,0.305889,2.375812,6,50,158,0.003529,0.011153,0.000424
春来,梧桐,0.305793,2.499053,4,97,48,0.006847,0.003388,0.000282
垂杨,须臾,0.30579,2.587002,3,41,78,0.002894,0.005506,0.000212
垂杨,昨夜,0.30579,2.587002,3,41,78,0.002894,0.005506,0.000212
神仙,飘飖,0.305716,2.586377,3,80,40,0.005647,0.002823,0.000212
咸阳,汉家,0.305716,2.586377,3,40,80,0.002823,0.005647,0.000212
东流,功名,0.305716,2.586377,3,64,50,0.004518,0.003529,0.000212
东流,满眼,0.305716,2.586377,3,64,50,0.004518,0.003529,0.000212
日出,西风,0.305716,2.586377,3,64,50,0.004518,0.003529,0.000212
江上,猿啼,0.305693,2.374294,6,172,46,0.012141,0.003247,0.000424
昆仑,逍遥,0.305679,2.586064,3,33,97,0.002329,0.006847,0.000212
两相,明主,0.305634,2.709604,2,46,41,0.003247,0.002894,0.000141
功成,明主,0.305634,2.709604,2,46,41,0.003247,0.002894,0.000141
思君,秋日,0.305634,2.709604,2,41,46,0.002894,0.003247,0.000141
当年,相访,0.305634,2.709604,2,41,46,0.002894,0.003247,0.000141
叶落,相访,0.305634,2.709604,2,41,46,0.002894,0.003247,0.000141
两相,自言,0.305634,2.709604,2,46,41,0.003247,0.002894,0.000141
相访,自言,0.305634,2.709604,2,46,41,0.003247,0.002894,0.000141
相访,道士,0.305634,2.709604,2,46,41,0.003247,0.002894,0.000141
功成,当年,0.305634,2.709604,2,46,41,0.003247,0.002894,0.000141
功成,道士,0.305634,2.709604,2,46,41,0.003247,0.002894,0.000141
山河,昔年,0.305574,2.709074,2,51,37,0.0036,0.002612,0.000141
万物,星辰,0.305574,2.709074,2,51,37,0.0036,0.002612,0.000141
山河,星辰,0.305574,2.709074,2,51,37,0.0036,0.002612,0.000141
万古,秋草,0.305569,2.585128,3,36,89,0.002541,0.006282,0.000212
云飞,来往,0.305514,2.708544,2,32,59,0.002259,0.004165,0.000141
云飞,寻常,0.305514,2.708544,2,32,59,0.002259,0.004165,0.000141
君王,高台,0.305395,2.707486,2,70,27,0.004941,0.001906,0.000141
明时,柳色,0.305395,2.707486,2,42,45,0.002965,0.003176,0.000141
自怜,花间,0.305395,2.707486,2,42,45,0.002965,0.003176,0.000141
氛氲,苦辛,0.305395,2.707486,2,45,42,0.003176,0.002965,0.000141
物外,题诗,0.305395,2.707486,2,27,70,0.001906,0.004941,0.000141
所以,氛氲,0.305395,2.707486,2,42,45,0.002965,0.003176,0.000141
百里,风飘,0.305395,2.707486,2,54,35,0.003812,0.002471,0.000141
庭前,青冥,0.305395,2.707486,2,45,42,0.003176,0.002965,0.000141
所以,阙下,0.305395,2.707486,2,42,45,0.002965,0.003176,0.000141
万国,登高,0.305335,2.706957,2,31,61,0.002188,0.004306,0.000141
烟雨,等闲,0.305335,2.706957,2,31,61,0.002188,0.004306,0.000141
山高,湘水,0.305335,2.706957,2,31,61,0.002188,0.004306,0.000141
北阙,湘水,0.305335,2.706957,2,31,61,0.002188,0.004306,0.000141
凄凉,千秋,0.305335,2.706957,2,61,31,0.004306,0.002188,0.000141
大道,等闲,0.305335,2.706957,2,31,61,0.002188,0.004306,0.000141
宫殿,蓬莱,0.305335,2.706957,2,31,61,0.002188,0.004306,0.000141
生死,茫茫,0.305329,2.427132,5,59,106,0.004165,0.007482,0.000353
碧云,黄叶,0.305321,2.495194,4,82,57,0.005788,0.004023,0.000282
今已,咫尺,0.305276,2.706428,2,43,44,0.003035,0.003106,0.000141
咫尺,浮生,0.305276,2.706428,2,44,43,0.003106,0.003035,0.000141
春深,雨后,0.305276,2.706428,2,44,43,0.003106,0.003035,0.000141
今已,黄花,0.305276,2.706428,2,43,44,0.003035,0.003106,0.000141
帝城,春深,0.305276,2.706428,2,43,44,0.003035,0.003106,0.000141
人情,公卿,0.305276,2.706428,2,43,44,0.003035,0.003106,0.000141
重阳,黄花,0.305276,2.706428,2,43,44,0.003035,0.003106,0.000141
天子,昔时,0.305274,2.582634,3,146,22,0.010306,0.001553,0.000212
路长,颜色,0.305164,2.493912,4,39,120,0.002753,0.00847,0.000282
丈夫,须臾,0.305164,2.493912,4,60,78,0.004235,0.005506,0.000282
凉风,独行,0.305164,2.493912,4,90,52,0.006353,0.003671,0.000282
扬州,白马,0.305127,2.581389,3,48,67,0.003388,0.004729,0.000212
中原,同心,0.305083,2.916184,1,13,59,0.000918,0.004165,7.1e-05
中原,生死,0.305083,2.916184,1,13,59,0.000918,0.004165,7.1e-05
中原,劝君,0.305083,2.916184,1,13,59,0.000918,0.004165,7.1e-05
中原,姓名,0.305083,2.916184,1,13,59,0.000918,0.004165,7.1e-05
中原,寻常,0.305083,2.916184,1,13,59,0.000918,0.004165,7.1e-05
功成,君王,0.30498,2.580146,3,46,70,0.003247,0.004941,0.000212
云飞,高秋,0.304946,2.914881,1,32,24,0.002259,0.001694,7.1e-05
云飞,黄鹤,0.304946,2.914881,1,32,24,0.002259,0.001694,7.1e-05
宁知,英雄,0.304946,2.914881,1,48,16,0.003388,0.001129,7.1e-05
相寻,黄鹤,0.304946,2.914881,1,32,24,0.002259,0.001694,7.1e-05
中原,天子,0.304918,2.703262,2,13,146,0.000918,0.010306,0.000141
丹砂,千年,0.304902,2.491777,4,35,134,0.002471,0.009459,0.000282
天下,楼前,0.30485,2.491351,4,138,34,0.009741,0.0024,0.000282
独行,远山,0.304833,2.578905,3,52,62,0.003671,0.004376,0.000212
消息,造化,0.304833,2.578905,3,52,62,0.003671,0.004376,0.000212
出入,满眼,0.3048,2.702209,2,38,50,0.002682,0.003529,0.000141
功名,清秋,0.3048,2.702209,2,50,38,0.003529,0.002682,0.000141
思归,歌声,0.3048,2.702209,2,50,38,0.003529,0.002682,0.000141
临水,瑶池,0.3048,2.702209,2,95,20,0.006706,0.001412,0.000141
羽翼,阳春,0.3048,2.702209,2,38,50,0.002682,0.003529,0.000141
青草,鹧鸪,0.3048,2.702209,2,50,38,0.003529,0.002682,0.000141
秋声,青草,0.3048,2.702209,2,38,50,0.002682,0.003529,0.000141
城下,清秋,0.3048,2.702209,2,50,38,0.003529,0.002682,0.000141
羽翼,随风,0.3048,2.702209,2,38,50,0.002682,0.003529,0.000141
尘土,日晚,0.3048,2.702209,2,50,38,0.003529,0.002682,0.000141
君家,老人,0.304796,2.578595,3,43,75,0.003035,0.005294,0.000212
丹砂,松风,0.304674,2.91228,1,35,22,0.002471,0.001553,7.1e-05
昔时,月光,0.304674,2.91228,1,22,35,0.001553,0.002471,7.1e-05
今年,八月,0.304642,2.489647,4,100,47,0.007059,0.003318,0.000282
北风,汉宫,0.304562,2.700106,2,68,28,0.0048,0.001976,0.000141
日落,花满,0.304562,2.700106,2,34,56,0.0024,0.003953,0.000141
百花,莺啼,0.304562,2.700106,2,56,34,0.003953,0.0024,0.000141
夜来,细雨,0.304562,2.700106,2,56,34,0.003953,0.0024,0.000141
天地,等闲,0.304559,2.318533,7,160,61,0.011294,0.004306,0.000494
乾坤,时节,0.304538,2.488796,4,49,96,0.003459,0.006776,0.000282
人生,所以,0.304538,2.488796,4,112,42,0.007906,0.002965,0.000282
欢娱,笙歌,0.304538,2.488796,4,56,84,0.003953,0.005929,0.000282
关山,肠断,0.304467,2.575808,3,66,49,0.004659,0.003459,0.000212
子孙,空山,0.304407,2.419804,5,60,105,0.004235,0.007412,0.000353
大道,日月,0.30433,2.487097,4,31,152,0.002188,0.010729,0.000282
意气,行路,0.304326,2.698007,2,36,53,0.002541,0.003741,0.000141
江边,红叶,0.304326,2.698007,2,53,36,0.003741,0.002541,0.000141
独自,秋雨,0.304326,2.698007,2,53,36,0.003741,0.002541,0.000141
天地,镜中,0.304269,2.363233,6,160,50,0.011294,0.003529,0.000424
垂杨,桃李,0.304252,2.486461,4,41,115,0.002894,0.008117,0.000282
春日,花间,0.304248,2.573954,3,72,45,0.005082,0.003176,0.000212
当时,阳台,0.304248,2.573954,3,120,27,0.00847,0.001906,0.000212
公子,归路,0.304248,2.573954,3,40,81,0.002823,0.005718,0.000212
月落,登楼,0.304149,2.696436,2,39,49,0.002753,0.003459,0.000141
南国,还家,0.304149,2.696436,2,49,39,0.003459,0.002753,0.000141
古来,巫峡,0.304149,2.696436,2,49,39,0.003459,0.002753,0.000141
巫峡,归客,0.304149,2.696436,2,39,49,0.002753,0.003459,0.000141
归客,月落,0.304149,2.696436,2,49,39,0.003459,0.002753,0.000141
南国,路长,0.304149,2.696436,2,49,39,0.003459,0.002753,0.000141
巫峡,闻说,0.304149,2.696436,2,39,49,0.002753,0.003459,0.000141
到处,山路,0.304149,2.696436,2,39,49,0.002753,0.003459,0.000141
山路,绿杨,0.304149,2.696436,2,49,39,0.003459,0.002753,0.000141
到处,闻说,0.304149,2.696436,2,39,49,0.002753,0.003459,0.000141
乾坤,太平,0.304149,2.696436,2,49,39,0.003459,0.002753,0.000141
月满,霓裳,0.304149,2.696436,2,49,39,0.003459,0.002753,0.000141
男儿,闻说,0.304149,2.696436,2,39,49,0.002753,0.003459,0.000141
乾坤,男儿,0.304149,2.696436,2,49,39,0.003459,0.002753,0.000141
巫峡,无限,0.304148,2.485613,4,39,121,0.002753,0.008541,0.000282
无限,绿杨,0.304148,2.485613,4,121,39,0.008541,0.002753,0.000282
无限,霓裳,0.304148,2.485613,4,121,39,0.008541,0.002753,0.000282
夫子,草木,0.304148,2.485613,4,39,121,0.002753,0.008541,0.000282
今已,窈窕,0.304132,2.907099,1,43,18,0.003035,0.001271,7.1e-05
寻常,神仙,0.304122,2.485401,4,59,80,0.004165,0.005647,0.000282
芙蓉,飘飖,0.304122,2.485401,4,118,40,0.008329,0.002823,0.000282
翡翠,芙蓉,0.304122,2.485401,4,40,118,0.002823,0.008329,0.000282
姓名,忆昔,0.304066,2.572412,3,59,55,0.004165,0.003882,0.000212
家贫,独坐,0.304066,2.572412,3,59,55,0.004165,0.003882,0.000212
寻常,饮酒,0.304066,2.572412,3,59,55,0.004165,0.003882,0.000212
前程,夕阳,0.304008,2.416634,5,40,158,0.002823,0.011153,0.000353
单于,干戈,0.303997,2.905808,1,31,25,0.002188,0.001765,7.1e-05
山高,玉堂,0.303997,2.905808,1,31,25,0.002188,0.001765,7.1e-05
承恩,玉堂,0.303997,2.905808,1,31,25,0.002188,0.001765,7.1e-05
干戈,烟雨,0.303997,2.905808,1,25,31,0.001765,0.002188,7.1e-05
干戈,承恩,0.303997,2.905808,1,25,31,0.001765,0.002188,7.1e-05
万户,干戈,0.303997,2.905808,1,31,25,0.002188,0.001765,7.1e-05
万国,干戈,0.303997,2.905808,1,31,25,0.002188,0.001765,7.1e-05
大道,玉堂,0.303997,2.905808,1,31,25,0.002188,0.001765,7.1e-05
叹息,君子,0.303989,2.416476,5,43,147,0.003035,0.010376,0.000353
昔时,草色,0.303972,2.694867,2,22,87,0.001553,0.006141,0.000141
朝廷,青天,0.303972,2.694867,2,33,58,0.002329,0.004094,0.000141
帝乡,断肠,0.303972,2.694867,2,33,58,0.002329,0.004094,0.000141
半夜,思量,0.303972,2.694867,2,58,33,0.004094,0.002329,0.000141
东海,人生,0.303956,2.571488,3,29,112,0.002047,0.007906,0.000212
婵娟,眼前,0.303863,2.483284,4,55,86,0.003882,0.00607,0.000282
夜深,莲花,0.303811,2.482862,4,91,52,0.006423,0.003671,0.000282
北斗,是非,0.303795,2.693301,2,27,71,0.001906,0.005012,0.000141
东南,北斗,0.303795,2.693301,2,71,27,0.005012,0.001906,0.000141
罗衣,青楼,0.303727,2.90323,1,21,37,0.001482,0.002612,7.1e-05
衣裳,阑干,0.303702,2.569335,3,93,35,0.006565,0.002471,0.000212
君恩,扬州,0.303619,2.691737,2,40,48,0.002823,0.003388,0.000141
圣朝,霄汉,0.303619,2.691737,2,40,48,0.002823,0.003388,0.000141
千金,梧桐,0.303619,2.691737,2,40,48,0.002823,0.003388,0.000141
新月,梦里,0.303619,2.691737,2,48,40,0.003388,0.002823,0.000141
尚书,杜陵,0.303619,2.691737,2,48,40,0.003388,0.002823,0.000141
玉楼,神仙,0.303619,2.691737,2,24,80,0.001694,0.005647,0.000141
桃源,紫微,0.303619,2.691737,2,48,40,0.003388,0.002823,0.000141
尚书,萧索,0.303619,2.691737,2,48,40,0.003388,0.002823,0.000141
沧海,瑶池,0.303619,2.691737,2,96,20,0.006776,0.001412,0.000141
公子,尚书,0.303619,2.691737,2,40,48,0.002823,0.003388,0.000141
汉家,玉楼,0.303619,2.691737,2,80,24,0.005647,0.001694,0.000141
青松,飘飖,0.303619,2.691737,2,48,40,0.003388,0.002823,0.000141
前程,逢人,0.303619,2.691737,2,40,48,0.002823,0.003388,0.000141
公子,王孙,0.303619,2.691737,2,40,48,0.002823,0.003388,0.000141
梧桐,飘飖,0.303619,2.691737,2,48,40,0.003388,0.002823,0.000141
紫微,逢人,0.303619,2.691737,2,40,48,0.002823,0.003388,0.000141
岐路,青门,0.303619,2.691737,2,40,48,0.002823,0.003388,0.000141
英雄,颜色,0.303619,2.691737,2,16,120,0.001129,0.00847,0.000141
暮雨,马嘶,0.303619,2.691737,2,64,30,0.004518,0.002118,0.000141
向人,路岐,0.303619,2.691737,2,64,30,0.004518,0.002118,0.000141
云飞,自然,0.303619,2.691737,2,32,60,0.002259,0.004235,0.000141
云飞,生涯,0.303619,2.691737,2,32,60,0.002259,0.004235,0.000141
大道,造化,0.303501,2.690696,2,31,62,0.002188,0.004376,0.000141
桃李,雨露,0.303467,2.357003,6,115,70,0.008117,0.004941,0.000424
自古,青楼,0.303384,2.689656,2,52,37,0.003671,0.002612,0.000141
万事,绮罗,0.303384,2.689656,2,74,26,0.005223,0.001835,0.000141
消息,青楼,0.303384,2.689656,2,52,37,0.003671,0.002612,0.000141
壮士,朱门,0.303384,2.689656,2,26,74,0.001835,0.005223,0.000141
北风,新月,0.303375,2.566574,3,68,48,0.0048,0.003388,0.000212
古今,白玉,0.303375,2.566574,3,51,64,0.0036,0.004518,0.000212
万物,白玉,0.303375,2.566574,3,51,64,0.0036,0.004518,0.000212
古来,可怜,0.303366,2.309456,7,49,201,0.003459,0.014188,0.000494
旧游,玉堂,0.303325,2.689137,2,77,25,0.005435,0.001765,0.000141
太平,瑶池,0.303324,2.899377,1,39,20,0.002753,0.001412,7.1e-05
瑶池,霓裳,0.303324,2.899377,1,20,39,0.001412,0.002753,7.1e-05
衣冠,马嘶,0.303324,2.899377,1,26,30,0.001835,0.002118,7.1e-05
他年,巫峡,0.303324,2.899377,1,20,39,0.001412,0.002753,7.1e-05
中原,古木,0.303324,2.899377,1,13,60,0.000918,0.004235,7.1e-05
斜阳,绿杨,0.303324,2.899377,1,20,39,0.001412,0.002753,7.1e-05
到处,瑶池,0.303324,2.899377,1,39,20,0.002753,0.001412,7.1e-05
丈夫,中原,0.303324,2.899377,1,60,13,0.004235,0.000918,7.1e-05
中原,生涯,0.303324,2.899377,1,13,60,0.000918,0.004235,7.1e-05
中原,自然,0.303324,2.899377,1,13,60,0.000918,0.004235,7.1e-05
是非,骨肉,0.303303,2.565962,3,71,46,0.005012,0.003247,0.000212
月明,玉楼,0.303295,2.478644,4,198,24,0.013976,0.001694,0.000282
古来,年少,0.30327,2.478434,4,49,97,0.003459,0.006847,0.000282
无限,阳台,0.303267,2.565655,3,121,27,0.008541,0.001906,0.000212
汉水,远客,0.303208,2.688098,2,41,47,0.002894,0.003318,0.000141
依然,武陵,0.303208,2.688098,2,47,41,0.003318,0.002894,0.000141
垂杨,年华,0.303208,2.688098,2,41,47,0.002894,0.003318,0.000141
流年,自言,0.303208,2.688098,2,47,41,0.003318,0.002894,0.000141
白蘋,自言,0.303208,2.688098,2,47,41,0.003318,0.002894,0.000141
年华,微雨,0.303208,2.688098,2,47,41,0.003318,0.002894,0.000141
台上,宫中,0.303208,2.688098,2,41,47,0.002894,0.003318,0.000141
怅望,次第,0.303167,2.477592,4,71,67,0.005012,0.004729,0.000282
岁寒,殷勤,0.303141,2.477382,4,26,183,0.001835,0.012917,0.000282
伤心,蓬莱,0.303141,2.477382,4,78,61,0.005506,0.004306,0.000282
芳草,莺啼,0.30309,2.476962,4,140,34,0.009882,0.0024,0.000282
日落,梦魂,0.303056,2.896816,1,34,23,0.0024,0.001623,7.1e-05
楼前,鱼龙,0.303056,2.896816,1,34,23,0.0024,0.001623,7.1e-05
他乡,弟子,0.303056,2.896816,1,23,34,0.001623,0.0024,7.1e-05
含情,梦魂,0.303056,2.896816,1,34,23,0.0024,0.001623,7.1e-05
弟子,梦魂,0.303056,2.896816,1,34,23,0.0024,0.001623,7.1e-05
九天,梦魂,0.303056,2.896816,1,34,23,0.0024,0.001623,7.1e-05
梦魂,蛟龙,0.303056,2.896816,1,23,34,0.001623,0.0024,7.1e-05
消息,深山,0.302942,2.562904,3,52,63,0.003671,0.004447,0.000212
意气,春色,0.302942,2.562904,3,36,91,0.002541,0.006423,0.000212
深山,莲花,0.302942,2.562904,3,63,52,0.004447,0.003671,0.000212
东山,消息,0.302942,2.562904,3,63,52,0.004447,0.003671,0.000212
明时,潇湘,0.302942,2.562904,3,42,78,0.002965,0.005506,0.000212
太平,始知,0.302942,2.562904,3,39,84,0.002753,0.005929,0.000212
先生,男儿,0.302942,2.562904,3,84,39,0.005929,0.002753,0.000212
晚来,阳台,0.302923,2.895538,1,29,27,0.002047,0.001906,7.1e-05
晚来,高台,0.302923,2.895538,1,29,27,0.002047,0.001906,7.1e-05
东海,北斗,0.302923,2.895538,1,29,27,0.002047,0.001906,7.1e-05
昔日,阳台,0.302923,2.895538,1,29,27,0.002047,0.001906,7.1e-05
山色,汉宫,0.302916,2.685507,2,69,28,0.00487,0.001976,0.000141
圣人,江海,0.302916,2.685507,2,28,69,0.001976,0.00487,0.000141
吾道,经年,0.302916,2.685507,2,28,69,0.001976,0.00487,0.000141
圣人,寒食,0.302916,2.685507,2,28,69,0.001976,0.00487,0.000141
不归,梦魂,0.302916,2.685507,2,84,23,0.005929,0.001623,0.000141
客心,长江,0.302916,2.685507,2,46,42,0.003247,0.002965,0.000141
客心,风动,0.302916,2.685507,2,46,42,0.003247,0.002965,0.000141
辛苦,青冥,0.302916,2.685507,2,46,42,0.003247,0.002965,0.000141
先生,梦魂,0.302916,2.685507,2,84,23,0.005929,0.001623,0.000141
始知,鱼龙,0.302916,2.685507,2,84,23,0.005929,0.001623,0.000141
汉家,道士,0.302797,2.561684,3,80,41,0.005647,0.002894,0.000212
汉家,自言,0.302797,2.561684,3,80,41,0.005647,0.002894,0.000212
仙人,英雄,0.302789,2.894262,1,49,16,0.003459,0.001129,7.1e-05
所以,日月,0.302741,2.406558,5,42,152,0.002965,0.010729,0.000353
君家,草绿,0.302741,2.683955,2,43,45,0.003035,0.003176,0.000141
故国,柳色,0.302741,2.683955,2,43,45,0.003035,0.003176,0.000141
叹息,氛氲,0.302741,2.683955,2,43,45,0.003035,0.003176,0.000141
多情,山阴,0.302741,2.683955,2,45,43,0.003176,0.003035,0.000141
氛氲,浮生,0.302741,2.683955,2,45,43,0.003176,0.003035,0.000141
帝城,得意,0.302741,2.683955,2,43,45,0.003035,0.003176,0.000141
山阴,阙下,0.302741,2.683955,2,43,45,0.003035,0.003176,0.000141
帝城,庭前,0.302741,2.683955,2,43,45,0.003035,0.003176,0.000141
咫尺,芳树,0.302682,2.683439,2,44,44,0.003106,0.003106,0.000141
咫尺,枕上,0.302682,2.683439,2,44,44,0.003106,0.003106,0.000141
万年,春深,0.302682,2.683439,2,44,44,0.003106,0.003106,0.000141
公卿,咫尺,0.302682,2.683439,2,44,44,0.003106,0.003106,0.000141
公卿,春深,0.302682,2.683439,2,44,44,0.003106,0.003106,0.000141
劝君,千载,0.302602,2.472978,4,59,81,0.004165,0.005718,0.000282
山高,江水,0.302581,2.559857,3,31,106,0.002188,0.007482,0.000212
大道,茫茫,0.302581,2.559857,3,31,106,0.002188,0.007482,0.000212
古今,游子,0.302566,2.682406,2,51,38,0.0036,0.002682,0.000141
古今,汀洲,0.302566,2.682406,2,51,38,0.0036,0.002682,0.000141
山河,秋声,0.302566,2.682406,2,51,38,0.0036,0.002682,0.000141
万物,出入,0.302566,2.682406,2,51,38,0.0036,0.002682,0.000141
万物,牡丹,0.302566,2.682406,2,51,38,0.0036,0.002682,0.000141
万物,人世,0.302566,2.682406,2,51,38,0.0036,0.002682,0.000141
人世,古今,0.302566,2.682406,2,38,51,0.002682,0.0036,0.000141
山头,鹧鸪,0.302566,2.682406,2,51,38,0.0036,0.002682,0.000141
人世,山河,0.302566,2.682406,2,38,51,0.002682,0.0036,0.000141
歌舞,莺啼,0.302566,2.682406,2,57,34,0.004023,0.0024,0.000141
无情,莺啼,0.302566,2.682406,2,57,34,0.004023,0.0024,0.000141
九天,玲珑,0.302566,2.682406,2,34,57,0.0024,0.004023,0.000141
春光,莺啼,0.302566,2.682406,2,57,34,0.004023,0.0024,0.000141
读书,路傍,0.302566,2.682406,2,57,34,0.004023,0.0024,0.000141
弟子,玲珑,0.302566,2.682406,2,34,57,0.0024,0.004023,0.000141
人皆,日落,0.302566,2.682406,2,57,34,0.004023,0.0024,0.000141
封侯,少年,0.302505,2.40468,5,26,246,0.001835,0.017364,0.000353
人心,斜阳,0.30245,2.681375,2,97,20,0.006847,0.001412,0.000141
分明,饮酒,0.302449,2.471724,4,87,55,0.006141,0.003882,0.000282
今夜,去年,0.302446,2.404212,5,79,81,0.005576,0.005718,0.000353
君王,满地,0.302438,2.55864,3,70,47,0.004941,0.003318,0.000212
宫中,雨露,0.302438,2.55864,3,47,70,0.003318,0.004941,0.000212
天地,纵横,0.302423,2.302273,7,160,62,0.011294,0.004376,0.000494
春风,杨柳,0.302387,1.905212,26,409,134,0.02887,0.009459,0.001835
故园,花飞,0.30233,2.557729,3,89,37,0.006282,0.002612,0.000212
昔年,离别,0.30233,2.557729,3,37,89,0.002612,0.006282,0.000212
有情,等闲,0.302294,2.557425,3,54,61,0.003812,0.004306,0.000212
心事,等闲,0.302294,2.557425,3,54,61,0.003812,0.004306,0.000212
云飞,风尘,0.302222,2.556818,3,32,103,0.002259,0.00727,0.000212
春草,莺啼,0.302219,2.469845,4,141,34,0.009953,0.0024,0.000282
花落,莺啼,0.302219,2.469845,4,141,34,0.009953,0.0024,0.000282
北斗,愁人,0.302217,2.679315,2,27,72,0.001906,0.005082,0.000141
行乐,陌上,0.302217,2.679315,2,36,54,0.002541,0.003812,0.000141
乔木,有情,0.302217,2.679315,2,36,54,0.002541,0.003812,0.000141
故山,阳台,0.302217,2.679315,2,72,27,0.005082,0.001906,0.000141
红叶,青苔,0.302217,2.679315,2,36,54,0.002541,0.003812,0.000141
洛阳,陌上,0.302211,2.300661,7,184,54,0.012988,0.003812,0.000494
年少,楼前,0.302151,2.556211,3,97,34,0.006847,0.0024,0.000212
九天,逍遥,0.302151,2.556211,3,34,97,0.0024,0.006847,0.000212
蛟龙,逍遥,0.302151,2.556211,3,34,97,0.0024,0.006847,0.000212
寒食,衣裳,0.302092,2.401403,5,69,93,0.00487,0.006565,0.000353
关山,城下,0.302079,2.555605,3,66,50,0.004659,0.003529,0.000212
东方,青草,0.302079,2.555605,3,66,50,0.004659,0.003529,0.000212
关山,随风,0.302079,2.555605,3,66,50,0.004659,0.003529,0.000212
世事,生涯,0.302079,2.555605,3,55,60,0.003882,0.004235,0.000212
今年,朝廷,0.302079,2.555605,3,100,33,0.007059,0.002329,0.000212
向东,黄河,0.302079,2.555605,3,50,66,0.003529,0.004659,0.000212
自然,饮酒,0.302079,2.555605,3,60,55,0.004235,0.003882,0.000212
丈夫,饮酒,0.302079,2.555605,3,60,55,0.004235,0.003882,0.000212
关山,宛转,0.302079,2.555605,3,66,50,0.004659,0.003529,0.000212
萧索,颜色,0.302066,2.468594,4,40,120,0.002823,0.00847,0.000282
帝乡,生死,0.302043,2.677773,2,33,59,0.002329,0.004165,0.000141
家贫,残阳,0.302043,2.677773,2,59,33,0.004165,0.002329,0.000141
丹青,同心,0.302043,2.677773,2,33,59,0.002329,0.004165,0.000141
心期,朝廷,0.302043,2.677773,2,59,33,0.004165,0.002329,0.000141
寻常,帝乡,0.302043,2.677773,2,59,33,0.004165,0.002329,0.000141
寻常,思量,0.302043,2.677773,2,59,33,0.004165,0.002329,0.000141
思量,生死,0.302043,2.677773,2,33,59,0.002329,0.004165,0.000141
姓名,昆仑,0.302043,2.677773,2,59,33,0.004165,0.002329,0.000141
寻常,昆仑,0.302043,2.677773,2,59,33,0.004165,0.002329,0.000141
劝君,天下,0.302004,2.345639,6,59,138,0.004165,0.009741,0.000424
千万,饮酒,0.30196,2.298751,7,181,55,0.012776,0.003882,0.000494
公卿,天子,0.301955,2.400312,5,44,146,0.003106,0.010306,0.000353
吟诗,欢娱,0.301936,2.554394,3,59,56,0.004165,0.003953,0.000212
寻常,欢娱,0.301936,2.554394,3,59,56,0.004165,0.003953,0.000212
白日,须臾,0.301892,2.161778,11,230,78,0.016235,0.005506,0.000776
满眼,还家,0.30187,2.676233,2,50,39,0.003529,0.002753,0.000141
路长,随风,0.30187,2.676233,2,39,50,0.002753,0.003529,0.000141
男儿,青草,0.30187,2.676233,2,39,50,0.002753,0.003529,0.000141
未央,秋天,0.30187,2.676233,2,39,50,0.002753,0.003529,0.000141
金谷,随风,0.30187,2.676233,2,39,50,0.002753,0.003529,0.000141
宛转,月落,0.30187,2.676233,2,50,39,0.003529,0.002753,0.000141
人归,夫子,0.30187,2.676233,2,50,39,0.003529,0.002753,0.000141
绿杨,青草,0.30187,2.676233,2,39,50,0.002753,0.003529,0.000141
绿杨,闲居,0.30187,2.676233,2,39,50,0.002753,0.003529,0.000141
向东,男儿,0.30187,2.676233,2,50,39,0.003529,0.002753,0.000141
满眼,路长,0.30187,2.676233,2,50,39,0.003529,0.002753,0.000141
中原,黄金,0.30187,2.676233,2,13,150,0.000918,0.010588,0.000141
日晚,管弦,0.301864,2.553789,3,38,87,0.002682,0.006141,0.000212
秋声,管弦,0.301864,2.553789,3,38,87,0.002682,0.006141,0.000212
汀洲,草色,0.301864,2.553789,3,38,87,0.002682,0.006141,0.000212
出入,曲江,0.301864,2.553789,3,38,87,0.002682,0.006141,0.000212
回首,百里,0.301814,2.344166,6,151,54,0.010659,0.003812,0.000424
多少,高秋,0.301727,2.884109,1,33,24,0.002329,0.001694,7.1e-05
多少,黄鹤,0.301727,2.884109,1,33,24,0.002329,0.001694,7.1e-05
残月,高秋,0.301727,2.884109,1,33,24,0.002329,0.001694,7.1e-05
残月,黄鹤,0.301727,2.884109,1,33,24,0.002329,0.001694,7.1e-05
昔时,苍梧,0.301727,2.884109,1,22,36,0.001553,0.002541,7.1e-05
乔木,松风,0.301727,2.884109,1,36,22,0.002541,0.001553,7.1e-05
感激,松风,0.301727,2.884109,1,36,22,0.002541,0.001553,7.1e-05
窈窕,黄花,0.301727,2.884109,1,18,44,0.001271,0.003106,7.1e-05
圣主,玉楼,0.301727,2.884109,1,33,24,0.002329,0.001694,7.1e-05
苍梧,野花,0.301727,2.884109,1,36,22,0.002541,0.001553,7.1e-05
残月,玉楼,0.301727,2.884109,1,33,24,0.002329,0.001694,7.1e-05
万物,天地,0.30172,2.343431,6,51,160,0.0036,0.011294,0.000424
万国,秋来,0.301696,2.674696,2,31,63,0.002188,0.004447,0.000141
万国,马蹄,0.301696,2.674696,2,31,63,0.002188,0.004447,0.000141
双阙,青春,0.301696,2.674696,2,31,63,0.002188,0.004447,0.000141
自知,钓鱼,0.301696,2.674696,2,63,31,0.004447,0.002188,0.000141
承恩,送客,0.301696,2.674696,2,31,63,0.002188,0.004447,0.000141
承恩,老去,0.301696,2.674696,2,31,63,0.002188,0.004447,0.000141
大道,青春,0.301696,2.674696,2,31,63,0.002188,0.004447,0.000141
东山,北阙,0.301696,2.674696,2,63,31,0.004447,0.002188,0.000141
山高,送客,0.301696,2.674696,2,31,63,0.002188,0.004447,0.000141
山高,自知,0.301696,2.674696,2,31,63,0.002188,0.004447,0.000141
东山,大道,0.301696,2.674696,2,63,31,0.004447,0.002188,0.000141
城中,客心,0.30165,2.551975,3,72,46,0.005082,0.003247,0.000212
东西,梦魂,0.30165,2.551975,3,144,23,0.010164,0.001623,0.000212
归心,扬州,0.30165,2.551975,3,69,48,0.00487,0.003388,0.000212
明日,鸡鸣,0.30165,2.551975,3,92,36,0.006494,0.002541,0.000212
中原,知己,0.301595,2.882847,1,13,61,0.000918,0.004306,7.1e-05
中原,湘水,0.301595,2.882847,1,13,61,0.000918,0.004306,7.1e-05
中原,等闲,0.301595,2.882847,1,13,61,0.000918,0.004306,7.1e-05
杯酒,管弦,0.301436,2.341227,6,94,87,0.006635,0.006141,0.000424
古人,苍苔,0.301436,2.550165,3,79,42,0.005576,0.002965,0.000212
去年,自言,0.301329,2.549262,3,81,41,0.005718,0.002894,0.000212
千载,当年,0.301329,2.549262,3,81,41,0.005718,0.002894,0.000212
南国,圣朝,0.301293,2.671118,2,49,40,0.003459,0.002823,0.000141
南国,咸阳,0.301293,2.671118,2,49,40,0.003459,0.002823,0.000141
汉宫,雨露,0.301293,2.671118,2,28,70,0.001976,0.004941,0.000141
翡翠,肠断,0.301293,2.671118,2,40,49,0.002823,0.003459,0.000141
岐路,马上,0.301293,2.671118,2,40,49,0.002823,0.003459,0.000141
前程,登楼,0.301293,2.671118,2,40,49,0.002823,0.003459,0.000141
乾坤,圣朝,0.301293,2.671118,2,49,40,0.003459,0.002823,0.000141
乾坤,梦里,0.301293,2.671118,2,49,40,0.003459,0.002823,0.000141
梨花,马上,0.301293,2.671118,2,40,49,0.002823,0.003459,0.000141
南国,萧索,0.301293,2.671118,2,49,40,0.003459,0.002823,0.000141
翡翠,莓苔,0.301293,2.671118,2,40,49,0.002823,0.003459,0.000141
世人,吾道,0.301293,2.671118,2,70,28,0.004941,0.001976,0.000141
紫微,闻说,0.301293,2.671118,2,40,49,0.002823,0.003459,0.000141
乾坤,紫微,0.301293,2.671118,2,49,40,0.003459,0.002823,0.000141
所思,青楼,0.301235,2.670608,2,53,37,0.003741,0.002612,0.000141
江边,青楼,0.301235,2.670608,2,53,37,0.003741,0.002612,0.000141
消息,美人,0.301151,2.461122,4,52,93,0.003671,0.006565,0.000282
丞相,须臾,0.301151,2.461122,4,62,78,0.004376,0.005506,0.000282
江水,等闲,0.301135,2.393796,5,106,61,0.007482,0.004306,0.000353
中原,回首,0.30112,2.669589,2,13,151,0.000918,0.010659,0.000141
回头,莲花,0.30108,2.547156,3,64,52,0.004518,0.003671,0.000212
世上,向人,0.30108,2.547156,3,52,64,0.003671,0.004518,0.000212
他人,日出,0.30108,2.547156,3,52,64,0.003671,0.004518,0.000212
南宫,消息,0.30108,2.547156,3,64,52,0.004518,0.003671,0.000212
朱门,鹦鹉,0.301009,2.546555,3,74,45,0.005223,0.003176,0.000212
今来,从军,0.301009,2.546555,3,74,45,0.005223,0.003176,0.000212
临风,白雪,0.300938,2.545955,3,49,68,0.003459,0.0048,0.000212
岁月,红尘,0.300938,2.545955,3,68,49,0.0048,0.003459,0.000212
乾坤,白雪,0.300938,2.545955,3,49,68,0.003459,0.0048,0.000212
山川,昆仑,0.300903,2.545655,3,101,33,0.007129,0.002329,0.000212
千载,神仙,0.300863,2.391633,5,81,80,0.005718,0.005647,0.000353
孤舟,远近,0.300863,2.391633,5,108,60,0.007623,0.004235,0.000353
宁知,明主,0.300833,2.667045,2,48,41,0.003388,0.002894,0.000141
垂杨,青门,0.300833,2.667045,2,41,48,0.002894,0.003388,0.000141
汉水,行客,0.300833,2.667045,2,41,48,0.002894,0.003388,0.000141
青松,风霜,0.300833,2.667045,2,48,41,0.003388,0.002894,0.000141
玉楼,碧云,0.300833,2.667045,2,24,82,0.001694,0.005788,0.000141
道士,青松,0.300833,2.667045,2,41,48,0.002894,0.003388,0.000141
名利,道士,0.300833,2.667045,2,48,41,0.003388,0.002894,0.000141
桃花,清晨,0.300832,2.545055,3,115,29,0.008117,0.002047,0.000212
新诗,江山,0.300798,2.458231,4,97,50,0.006847,0.003529,0.000282
旧游,老去,0.300772,2.458025,4,77,63,0.005435,0.004447,0.000282
天下,宫中,0.300747,2.390707,5,138,47,0.009741,0.003318,0.000353
白马,黄金,0.300713,2.289253,7,67,150,0.004729,0.010588,0.000494
世间,自知,0.300689,2.390245,5,103,63,0.00727,0.004447,0.000353
圣朝,瑶池,0.300676,2.874059,1,40,20,0.002823,0.001412,7.1e-05
千金,斜阳,0.300676,2.874059,1,40,20,0.002823,0.001412,7.1e-05
梨花,瑶池,0.300676,2.874059,1,40,20,0.002823,0.001412,7.1e-05
英雄,西风,0.300676,2.874059,1,16,50,0.001129,0.003529,7.1e-05
斜阳,杜陵,0.300676,2.874059,1,20,40,0.001412,0.002823,7.1e-05
前程,瑶池,0.300676,2.874059,1,40,20,0.002823,0.001412,7.1e-05
梦里,瑶池,0.300676,2.874059,1,40,20,0.002823,0.001412,7.1e-05
北风,绿水,0.300604,2.665014,2,68,29,0.0048,0.002047,0.000141
蛟龙,青天,0.300604,2.665014,2,34,58,0.0024,0.004094,0.000141
九天,半夜,0.300604,2.665014,2,34,58,0.0024,0.004094,0.000141
憔悴,百里,0.300546,2.456171,4,90,54,0.006353,0.003812,0.000282
丈夫,千载,0.300546,2.456171,4,60,81,0.004235,0.005718,0.000282
宫中,苍苔,0.30049,2.664001,2,47,42,0.003318,0.002965,0.000141
满地,青冥,0.30049,2.664001,2,47,42,0.003318,0.002965,0.000141
故乡,茫茫,0.300451,2.287265,7,95,106,0.006706,0.007482,0.000494
玉堂,高楼,0.300433,2.663494,2,25,79,0.001765,0.005576,0.000141
佳人,歌声,0.300376,2.662988,2,52,38,0.003671,0.002682,0.000141
出入,可惜,0.300376,2.662988,2,38,52,0.002682,0.003671,0.000141
出入,消息,0.300376,2.662988,2,38,52,0.002682,0.003671,0.000141
佳人,游子,0.300376,2.662988,2,52,38,0.003671,0.002682,0.000141
楚水,游子,0.300376,2.662988,2,52,38,0.003671,0.002682,0.000141
楚水,歌声,0.300376,2.662988,2,52,38,0.003671,0.002682,0.000141
消息,羽翼,0.300376,2.662988,2,52,38,0.003671,0.002682,0.000141
楚水,鹧鸪,0.300376,2.662988,2,52,38,0.003671,0.002682,0.000141
人世,独行,0.300376,2.662988,2,38,52,0.002682,0.003671,0.000141
他人,羽翼,0.300376,2.662988,2,52,38,0.003671,0.002682,0.000141
衣裳,鸡鸣,0.300372,2.541164,3,93,36,0.006565,0.002541,0.000212
思归,扁舟,0.300301,2.540567,3,50,67,0.003529,0.004729,0.000212
往事,浮生,0.300262,2.661976,2,46,43,0.003247,0.003035,0.000141
楼台,浮生,0.300262,2.661976,2,46,43,0.003247,0.003035,0.000141
十载,长安,0.300225,2.24545,8,48,250,0.003388,0.017647,0.000565
千万,鬼神,0.300166,2.386093,5,181,36,0.012776,0.002541,0.000353
月落,经过,0.30016,2.539374,3,39,86,0.002753,0.00607,0.000212
君王,芙蓉,0.300152,2.33125,6,70,118,0.004941,0.008329,0.000424
意气,骑马,0.300148,2.660966,2,36,55,0.002541,0.003882,0.000141
多情,日斜,0.300148,2.660966,2,45,44,0.003176,0.003106,0.000141
日斜,梅花,0.300148,2.660966,2,44,45,0.003106,0.003176,0.000141
日斜,日照,0.300148,2.660966,2,44,45,0.003106,0.003176,0.000141
柳色,雨中,0.300148,2.660966,2,45,44,0.003176,0.003106,0.000141
万古,楚客,0.300148,2.660966,2,36,55,0.002541,0.003882,0.000141
万年,云深,0.300148,2.660966,2,44,45,0.003106,0.003176,0.000141
公卿,阙下,0.300148,2.660966,2,44,45,0.003106,0.003176,0.000141
世事,红叶,0.300148,2.660966,2,55,36,0.003882,0.002541,0.000141
万年,花间,0.300148,2.660966,2,44,45,0.003106,0.003176,0.000141
花间,芳树,0.300148,2.660966,2,45,44,0.003176,0.003106,0.000141
九重,朝廷,0.300148,2.660966,2,60,33,0.004235,0.002329,0.000141
忆昔,感激,0.300148,2.660966,2,55,36,0.003882,0.002541,0.000141
帝乡,生涯,0.300148,2.660966,2,33,60,0.002329,0.004235,0.000141
子孙,鸟飞,0.300148,2.660966,2,60,33,0.004235,0.002329,0.000141
昆仑,生涯,0.300148,2.660966,2,33,60,0.002329,0.004235,0.000141
婵娟,等闲,0.300125,2.539076,3,55,61,0.003882,0.004306,0.000212
神仙,等闲,0.300043,2.452064,4,80,61,0.005647,0.004306,0.000282
月光,鱼龙,0.300024,2.867828,1,35,23,0.002471,0.001623,7.1e-05
阑干,鱼龙,0.300024,2.867828,1,35,23,0.002471,0.001623,7.1e-05
他乡,月光,0.300024,2.867828,1,23,35,0.001623,0.002471,7.1e-05
依稀,梦魂,0.300024,2.867828,1,35,23,0.002471,0.001623,7.1e-05
他乡,依稀,0.300024,2.867828,1,23,35,0.001623,0.002471,7.1e-05
梦魂,风飘,0.300024,2.867828,1,23,35,0.001623,0.002471,7.1e-05
无力,梦魂,0.300024,2.867828,1,35,23,0.002471,0.001623,7.1e-05
丹砂,梦魂,0.300024,2.867828,1,35,23,0.002471,0.001623,7.1e-05
