词1,词2,NPMI值,PMI值,共现文档数,词1文档频次,词2文档频次,词1概率,词2概率,联合概率
多情,闻说,0.709762,5.568932,2,3,13,0.000587,0.002543,0.000391
南宫,牡丹,0.709005,6.054439,1,12,1,0.002347,0.000196,0.000196
御沟,朱门,0.684352,4.895202,4,9,17,0.001761,0.003326,0.000782
依稀,枕上,0.682874,5.831296,1,5,3,0.000978,0.000587,0.000196
今年,去年,0.670914,4.062009,12,33,32,0.006455,0.00626,0.002347
垂杨,多情,0.661396,5.189442,2,19,3,0.003717,0.000587,0.000391
君恩,多情,0.661396,5.189442,2,19,3,0.003717,0.000587,0.000391
翡翠,鸳鸯,0.660294,4.118099,10,26,32,0.005086,0.00626,0.001956
多情,有情,0.642711,5.042838,2,3,22,0.000587,0.004304,0.000391
向东,牡丹,0.627834,5.361292,1,24,1,0.004695,0.000196,0.000196
垂杨,红尘,0.624731,4.90176,2,19,4,0.003717,0.000782,0.000391
深处,溪水,0.623054,5.32047,1,1,25,0.000196,0.00489,0.000196
姓名,烟雨,0.61662,4.588102,3,13,12,0.002543,0.002347,0.000587
多情,大道,0.61661,4.838044,2,3,27,0.000587,0.005282,0.000391
山路,红叶,0.614041,5.243509,1,27,1,0.005282,0.000196,0.000196
东西,南北,0.613519,4.25163,5,28,13,0.005477,0.002543,0.000978
咫尺,多情,0.611975,4.801676,2,28,3,0.005477,0.000587,0.000391
菊花,重阳,0.606266,4.09083,6,27,19,0.005282,0.003717,0.001174
丞相,牡丹,0.605673,5.17205,1,29,1,0.005673,0.000196,0.000196
梨花,玉楼,0.602382,4.308869,4,25,11,0.00489,0.002152,0.000782
交亲,年华,0.601703,5.138149,1,5,6,0.000978,0.001174,0.000196
万户,千门,0.59818,3.864183,8,26,33,0.005086,0.006455,0.001565
双飞,宛转,0.597388,4.445001,3,15,12,0.002934,0.002347,0.000587
玉楼,翡翠,0.596899,4.269649,4,11,26,0.002152,0.005086,0.000782
思量,莓苔,0.594145,5.07361,1,2,16,0.000391,0.00313,0.000196
楼前,次第,0.590542,5.042838,1,11,3,0.002152,0.000587,0.000196
等闲,风光,0.590542,5.042838,1,3,11,0.000587,0.002152,0.000196
断肠,风飘,0.588074,3.968077,6,29,20,0.005673,0.003912,0.001174
两相,阑干,0.58663,4.364959,3,15,13,0.002934,0.002543,0.000587
万户,红尘,0.584755,4.588102,2,26,4,0.005086,0.000782,0.000391
月明,红叶,0.583651,4.983998,1,35,1,0.006847,0.000196,0.000196
花下,霓裳,0.583651,4.983998,1,5,7,0.000978,0.001369,0.000196
夜长,花下,0.583651,4.983998,1,7,5,0.001369,0.000978,0.000196
云雨,深处,0.580352,4.955827,1,36,1,0.007042,0.000196,0.000196
山川,深处,0.580352,4.955827,1,36,1,0.007042,0.000196,0.000196
山僧,思量,0.580352,4.955827,1,18,2,0.003521,0.000391,0.000196
名利,草绿,0.57531,4.513994,2,7,16,0.001369,0.00313,0.000391
洞庭,潇湘,0.572074,3.231629,18,79,46,0.015454,0.008998,0.003521
多情,行人,0.571031,4.248887,3,3,73,0.000587,0.01428,0.000587
相看,红叶,0.570979,4.875784,1,39,1,0.007629,0.000196,0.000196
岁寒,珍重,0.570979,4.875784,1,13,3,0.002543,0.000587,0.000196
珍重,看花,0.570979,4.875784,1,3,13,0.000587,0.002543,0.000196
梦魂,等闲,0.570979,4.875784,1,13,3,0.002543,0.000587,0.000196
登高,重阳,0.570498,3.685365,8,54,19,0.010563,0.003717,0.001565
多情,相看,0.569743,4.470319,2,3,39,0.000587,0.007629,0.000391
曲江,瑶池,0.569743,4.470319,2,9,13,0.001761,0.002543,0.000391
斜阳,鹧鸪,0.568014,4.850467,1,5,8,0.000978,0.001565,0.000196
到处,残月,0.568014,4.850467,1,5,8,0.000978,0.001565,0.000196
花前,花时,0.568014,4.850467,1,4,10,0.000782,0.001956,0.000196
君王,汉宫,0.567944,3.542134,10,74,20,0.014476,0.003912,0.001956
路傍,须臾,0.564729,4.039536,4,18,20,0.003521,0.003912,0.000782
罗衣,美人,0.564527,3.467017,11,27,65,0.005282,0.012715,0.002152
宫中,玉楼,0.563569,4.031238,4,33,11,0.006455,0.002152,0.000782
深处,蛟龙,0.5623,4.801676,1,1,42,0.000196,0.008216,0.000196
宫中,青楼,0.561693,3.790075,6,33,21,0.006455,0.004108,0.001174
名利,天外,0.560298,4.396211,2,7,18,0.001369,0.003521,0.000391
山僧,玲珑,0.560298,4.396211,2,18,7,0.003521,0.001369,0.000391
人皆,高台,0.559022,3.998714,4,25,15,0.00489,0.002934,0.000782
君家,红尘,0.558291,4.380463,2,32,4,0.00626,0.000782,0.000391
无限,汉宫,0.55717,3.985469,4,19,20,0.003717,0.003912,0.000782
游人,花前,0.556853,4.755156,1,11,4,0.002152,0.000782,0.000196
尘埃,思量,0.556853,4.755156,1,22,2,0.004304,0.000391,0.000196
姓名,物外,0.556315,4.364959,2,13,10,0.002543,0.001956,0.000391
登高,黄花,0.555005,3.585281,8,54,21,0.010563,0.004108,0.001565
无限,阑干,0.554861,4.12857,3,19,13,0.003717,0.002543,0.000587
多情,行路,0.554369,4.349691,2,3,44,0.000587,0.008607,0.000391
春深,杏花,0.554221,4.732684,1,9,5,0.001761,0.000978,0.000196
天寒,红叶,0.551647,4.710705,1,46,1,0.008998,0.000196,0.000196
向人,君心,0.550577,4.096695,3,15,17,0.002934,0.003326,0.000587
汉宫,阑干,0.547967,4.077277,3,20,13,0.003912,0.002543,0.000587
风月,风飘,0.54687,4.290851,2,7,20,0.001369,0.003912,0.000391
独自,高树,0.546663,4.668145,1,12,4,0.002347,0.000782,0.000196
故山,路岐,0.546663,4.668145,1,24,2,0.004695,0.000391,0.000196
多情,得意,0.545963,4.283733,2,3,47,0.000587,0.009194,0.000391
玉楼,紫微,0.545915,4.062009,3,11,24,0.002152,0.004695,0.000587
寥落,独行,0.545915,4.062009,3,24,11,0.004695,0.002152,0.000587
名利,霓裳,0.544248,4.647526,1,7,7,0.001369,0.001369,0.000196
夜长,霓裳,0.544248,4.647526,1,7,7,0.001369,0.001369,0.000196
绮罗,风光,0.544168,4.269649,2,13,11,0.002543,0.002152,0.000391
庭前,所以,0.541903,4.032156,3,17,16,0.003326,0.00313,0.000587
杏花,绿杨,0.541883,4.627323,1,5,10,0.000978,0.001956,0.000196
帝乡,路岐,0.541883,4.627323,1,25,2,0.00489,0.000391,0.000196
眼前,风光,0.540429,4.021187,3,25,11,0.00489,0.002152,0.000587
枕上,梦中,0.539564,4.60752,1,3,17,0.000587,0.003326,0.000196
珍重,细雨,0.539564,4.60752,1,3,17,0.000587,0.003326,0.000196
巫山,阳台,0.538695,3.479921,8,42,30,0.008216,0.005869,0.001565
双飞,西风,0.538077,4.221858,2,15,10,0.002934,0.001956,0.000391
月夜,玉树,0.538007,4.003169,3,14,20,0.002739,0.003912,0.000587
尘埃,裴回,0.536742,3.467302,8,22,58,0.004304,0.011346,0.001565
两相,无限,0.535629,3.985469,3,15,19,0.002934,0.003717,0.000587
夜长,有情,0.534723,4.195541,2,7,22,0.001369,0.004304,0.000391
月夜,玉楼,0.534723,4.195541,2,14,11,0.002739,0.002152,0.000391
秋草,高台,0.53436,3.703064,5,42,15,0.008216,0.002934,0.000978
多情,百花,0.53287,4.550362,1,3,18,0.000587,0.003521,0.000196
枕上,碧云,0.53287,4.550362,1,3,18,0.000587,0.003521,0.000196
微风,枕上,0.53287,4.550362,1,18,3,0.003521,0.000587,0.000196
枕上,百花,0.53287,4.550362,1,3,18,0.000587,0.003521,0.000196
宛转,黄鹤,0.531682,3.803148,4,12,38,0.002347,0.007433,0.000782
多情,少年,0.53145,3.954379,3,3,98,0.000587,0.019171,0.000587
月夜,花间,0.53145,3.954379,3,14,21,0.002739,0.004108,0.000587
北阙,月夜,0.53145,3.954379,3,21,14,0.004108,0.002739,0.000587
东山,牡丹,0.530721,4.532013,1,55,1,0.010759,0.000196,0.000196
他年,心期,0.530721,4.532013,1,11,5,0.002152,0.000978,0.000196
生死,苦辛,0.530461,3.794414,4,20,23,0.003912,0.004499,0.000782
夜长,窈窕,0.529057,4.151089,2,7,23,0.001369,0.004499,0.000391
山阴,道士,0.528949,3.783603,4,31,15,0.006064,0.002934,0.000782
两相,汉宫,0.528735,3.934176,3,15,20,0.002934,0.003912,0.000587
无力,玲珑,0.528611,4.513994,1,8,7,0.001565,0.001369,0.000196
水声,玲珑,0.528611,4.513994,1,8,7,0.001565,0.001369,0.000196
寻常,时节,0.528611,4.513994,1,7,8,0.001369,0.001565,0.000196
羽翼,路岐,0.528611,4.513994,1,28,2,0.005477,0.000391,0.000196
相对,等闲,0.526539,4.496295,1,19,3,0.003717,0.000587,0.000196
多情,相识,0.52593,4.126548,2,3,55,0.000587,0.010759,0.000391
双飞,玉楼,0.52593,4.126548,2,15,11,0.002934,0.002152,0.000391
笙歌,风光,0.52593,4.126548,2,15,11,0.002934,0.002152,0.000391
满眼,管弦,0.52593,4.126548,2,15,11,0.002934,0.002152,0.000391
双飞,鸳鸯,0.524511,3.751854,4,15,32,0.002934,0.00626,0.000782
月下,汉宫,0.524511,3.751854,4,24,20,0.004695,0.003912,0.000782
兄弟,思量,0.524502,4.478903,1,29,2,0.005673,0.000391,0.000196
万物,思量,0.524502,4.478903,1,29,2,0.005673,0.000391,0.000196
君子,多情,0.523633,4.108529,2,56,3,0.010955,0.000587,0.000391
月夜,满地,0.523633,4.108529,2,14,12,0.002739,0.002347,0.000391
佳人,鸳鸯,0.523619,3.533165,6,28,32,0.005477,0.00626,0.001174
山头,阑干,0.523464,3.894955,3,24,13,0.004695,0.002543,0.000587
月下,阑干,0.523464,3.894955,3,24,13,0.004695,0.002543,0.000587
当年,蹉跎,0.520996,3.515465,6,19,48,0.003717,0.00939,0.001174
红尘,老去,0.520532,4.445001,1,4,15,0.000782,0.002934,0.000196
依稀,微雨,0.520532,4.445001,1,5,12,0.000978,0.002347,0.000196
西风,近来,0.520532,4.445001,1,10,6,0.001956,0.001174,0.000196
往事,昔年,0.520532,4.445001,1,5,12,0.000978,0.002347,0.000196
从军,功名,0.517978,3.854133,3,13,25,0.002543,0.00489,0.000587
多情,颜色,0.516982,4.056343,2,3,59,0.000587,0.011541,0.000391
从军,单于,0.51686,3.697129,4,13,39,0.002543,0.007629,0.000782
先生,道士,0.515926,3.838866,3,22,15,0.004304,0.002934,0.000587
鹦鹉,黄鹤,0.514946,3.474643,6,25,38,0.00489,0.007433,0.001174
双阙,昔年,0.51484,4.039536,2,15,12,0.002934,0.002347,0.000391
殷勤,珍重,0.514818,4.396211,1,21,3,0.004108,0.000587,0.000196
春草,池塘,0.51386,3.675665,4,74,7,0.014476,0.001369,0.000782
佳人,月落,0.513504,3.820847,3,28,12,0.005477,0.002347,0.000587
红粉,青楼,0.513504,3.820847,3,16,21,0.00313,0.004108,0.000587
扬州,自由,0.512974,4.380463,1,16,4,0.00313,0.000782,0.000196
宫中,蛾眉,0.512302,3.377831,7,33,37,0.006455,0.007238,0.001369
台上,无力,0.512039,4.017557,2,23,8,0.004499,0.001565,0.000391
时节,桃源,0.512039,4.017557,2,8,23,0.001565,0.004499,0.000391
梨花,青楼,0.511983,3.662242,4,25,21,0.00489,0.004108,0.000782
心期,梦魂,0.511158,4.364959,1,5,13,0.000978,0.002543,0.000196
往事,阑干,0.511158,4.364959,1,5,13,0.000978,0.002543,0.000196
九衢,渭水,0.510661,4.006747,2,6,31,0.001174,0.006064,0.000391
叶落,昔日,0.509977,4.001385,2,11,17,0.002152,0.003326,0.000391
太平,玉楼,0.509977,4.001385,2,17,11,0.003326,0.002152,0.000391
东林,流年,0.509977,4.001385,2,17,11,0.003326,0.002152,0.000391
前程,苦辛,0.509952,3.794414,3,15,23,0.002934,0.004499,0.000587
所思,枕上,0.509371,4.349691,1,22,3,0.004304,0.000587,0.000196
九衢,游人,0.509371,4.349691,1,6,11,0.001174,0.002152,0.000196
归心,次第,0.509371,4.349691,1,22,3,0.004304,0.000587,0.000196
公卿,珍重,0.509371,4.349691,1,22,3,0.004304,0.000587,0.000196
玉树,罗衣,0.508045,3.634071,4,20,27,0.003912,0.005282,0.000782
莺啼,饮酒,0.508018,3.780025,3,14,25,0.002739,0.00489,0.000587
大道,闻说,0.507634,3.777172,3,27,13,0.005282,0.002543,0.000587
东海,九衢,0.506614,3.974998,2,32,6,0.00626,0.001174,0.000391
寥落,时节,0.506614,3.974998,2,24,8,0.004695,0.001565,0.000391
梦里,花前,0.505875,4.319838,1,17,4,0.003326,0.000782,0.000196
婵娟,瑶池,0.504638,3.959494,2,15,13,0.002934,0.002543,0.000391
两相,姓名,0.504638,3.959494,2,15,13,0.002934,0.002543,0.000391
笙歌,绮罗,0.504638,3.959494,2,15,13,0.002934,0.002543,0.000391
南北,双飞,0.504638,3.959494,2,13,15,0.002543,0.002934,0.000391
宛转,无穷,0.504232,3.751854,3,12,30,0.002347,0.005869,0.000587
两相,山头,0.504232,3.751854,3,15,24,0.002934,0.004695,0.000587
两相,月下,0.504232,3.751854,3,15,24,0.002934,0.004695,0.000587
婵娟,蛾眉,0.504214,3.606672,4,15,37,0.002934,0.007238,0.000782
参差,等闲,0.504165,4.305239,1,23,3,0.004499,0.000587,0.000196
劝君,莺啼,0.503987,3.954379,2,14,14,0.002739,0.002739,0.000391
叶落,碧云,0.502693,3.944226,2,11,18,0.002152,0.003521,0.000391
寻常,花时,0.50248,4.290851,1,7,10,0.001369,0.001956,0.000196
早晚,西风,0.501412,3.934176,2,20,10,0.003912,0.001956,0.000391
佳期,西风,0.501412,3.934176,2,20,10,0.003912,0.001956,0.000391
自怜,西风,0.501412,3.934176,2,20,10,0.003912,0.001956,0.000391
功名,时节,0.501412,3.934176,2,25,8,0.00489,0.001565,0.000391
明日,重阳,0.500486,3.580004,4,30,19,0.005869,0.003717,0.000782
旧游,花前,0.499181,4.26268,1,18,4,0.003521,0.000782,0.000196
多情,行乐,0.499181,4.26268,1,3,24,0.000587,0.004695,0.000196
九衢,烟雨,0.499181,4.26268,1,6,12,0.001174,0.002347,0.000196
携手,红叶,0.499181,4.26268,1,72,1,0.014085,0.000196,0.000196
山头,珍重,0.499181,4.26268,1,24,3,0.004695,0.000587,0.000196
摇落,自由,0.499181,4.26268,1,18,4,0.003521,0.000782,0.000196
君心,月落,0.498888,3.914373,2,17,12,0.003326,0.002347,0.000391
昔日,黄叶,0.498888,3.914373,2,17,12,0.003326,0.002347,0.000391
城下,昔年,0.498888,3.914373,2,17,12,0.003326,0.002347,0.000391
眼前,笙歌,0.498745,3.711032,3,25,15,0.00489,0.002934,0.000587
将军,汉家,0.498091,2.786773,19,105,57,0.02054,0.01115,0.003717
断肠,阑干,0.498031,3.705713,3,29,13,0.005673,0.002543,0.000587
世间,封侯,0.497027,3.899774,2,9,23,0.001761,0.004499,0.000391
望乡,风景,0.496965,3.697787,3,20,19,0.003912,0.003717,0.000587
梦魂,楚水,0.496413,3.894955,2,13,16,0.002543,0.00313,0.000391
垂杨,清明,0.495802,3.890159,2,19,11,0.003717,0.002152,0.000391
月落,鸳鸯,0.495558,3.687316,3,12,32,0.002347,0.00626,0.000587
千金,宛转,0.495558,3.687316,3,32,12,0.00626,0.002347,0.000587
枕上,迢递,0.494401,4.221858,1,3,25,0.000587,0.00489,0.000196
眼前,等闲,0.494401,4.221858,1,25,3,0.00489,0.000587,0.000196
别后,等闲,0.494401,4.221858,1,25,3,0.00489,0.000587,0.000196
斜阳,泉声,0.494401,4.221858,1,5,15,0.000978,0.002934,0.000196
东方,北斗,0.493535,3.420155,5,22,38,0.004304,0.007433,0.000978
笙歌,自言,0.493474,3.671812,3,15,26,0.002934,0.005086,0.000587
帝乡,紫微,0.493315,3.528711,4,25,24,0.00489,0.004695,0.000782
君心,承恩,0.49313,3.669251,3,17,23,0.003326,0.004499,0.000587
人情,朱门,0.49313,3.669251,3,23,17,0.004499,0.003326,0.000587
当年,红尘,0.49285,4.208613,1,19,4,0.003717,0.000782,0.000196
头白,高树,0.49285,4.208613,1,19,4,0.003717,0.000782,0.000196
北斗,路岐,0.49285,4.208613,1,38,2,0.007433,0.000391,0.000196
丈夫,到处,0.492194,3.861855,2,43,5,0.008412,0.000978,0.000391
碧云,黄叶,0.491603,3.857215,2,18,12,0.003521,0.002347,0.000391
湘水,烟雨,0.491423,3.656544,3,33,12,0.006455,0.002347,0.000587
名利,流年,0.491319,4.195541,1,7,11,0.001369,0.002152,0.000196
芳树,霓裳,0.491319,4.195541,1,11,7,0.002152,0.001369,0.000196
万年,霓裳,0.491319,4.195541,1,11,7,0.002152,0.001369,0.000196
名利,汀洲,0.491319,4.195541,1,7,11,0.001369,0.002152,0.000196
寻常,风光,0.491319,4.195541,1,7,11,0.001369,0.002152,0.000196
万户,多情,0.489808,4.182637,1,26,3,0.005086,0.000587,0.000196
多情,竹林,0.489808,4.182637,1,3,26,0.000587,0.005086,0.000196
等闲,马蹄,0.489808,4.182637,1,3,26,0.000587,0.005086,0.000196
管弦,自怜,0.489264,3.838866,2,11,20,0.002152,0.003912,0.000391
汉宫,玉楼,0.489264,3.838866,2,20,11,0.003912,0.002152,0.000391
玉树,玉楼,0.489264,3.838866,2,20,11,0.003912,0.002152,0.000391
晚来,玉楼,0.489264,3.838866,2,20,11,0.003912,0.002152,0.000391
南北,庭前,0.488686,3.83433,2,13,17,0.002543,0.003326,0.000391
九天,随风,0.488506,3.494309,4,23,27,0.004499,0.005282,0.000782
九衢,青冥,0.488111,3.829816,2,6,37,0.001174,0.007238,0.000391
九衢,咸阳,0.488111,3.829816,2,6,37,0.001174,0.007238,0.000391
歌舞,玉楼,0.48774,3.629145,3,37,11,0.007238,0.002152,0.000587
春水,烟雨,0.48741,3.626691,3,34,12,0.006651,0.002347,0.000587
肠断,骨肉,0.487162,3.484694,4,33,19,0.006455,0.003717,0.000782
霓裳,鸳鸯,0.486968,3.820847,2,7,32,0.001369,0.00626,0.000391
东西,水声,0.486968,3.820847,2,28,8,0.005477,0.001565,0.000391
单于,咸阳,0.486966,3.210777,7,39,37,0.007629,0.007238,0.001369
佳期,红尘,0.486843,4.157319,1,20,4,0.003912,0.000782,0.000196
红尘,须臾,0.486843,4.157319,1,4,20,0.000782,0.003912,0.000196
金谷,雨中,0.486843,4.157319,1,8,10,0.001565,0.001956,0.000196
花时,金谷,0.486843,4.157319,1,10,8,0.001956,0.001565,0.000196
徘徊,物外,0.486843,4.157319,1,8,10,0.001565,0.001956,0.000196
古木,往事,0.486843,4.157319,1,16,5,0.00313,0.000978,0.000196
心期,楚水,0.486843,4.157319,1,5,16,0.000978,0.00313,0.000196
自怜,高树,0.486843,4.157319,1,20,4,0.003912,0.000782,0.000196
回头,花下,0.486843,4.157319,1,16,5,0.00313,0.000978,0.000196
世间,英雄,0.4864,3.816393,2,9,25,0.001761,0.00489,0.000391
千金,相寻,0.484801,3.607273,3,32,13,0.00626,0.002543,0.000587
宫中,罗衣,0.484341,3.356439,5,33,27,0.006455,0.005282,0.000978
汉宫,鸳鸯,0.484293,3.464172,4,20,32,0.003912,0.00626,0.000782
思量,松柏,0.483951,4.132627,1,2,41,0.000391,0.00802,0.000196
使君,思量,0.483951,4.132627,1,41,2,0.00802,0.000391,0.000196
双飞,风起,0.483205,3.45639,4,15,43,0.002934,0.008412,0.000782
玉楼,零落,0.483046,3.790075,2,11,21,0.002152,0.004108,0.000391
子孙,管弦,0.483046,3.790075,2,21,11,0.004108,0.002152,0.000391
玉楼,花间,0.483046,3.790075,2,11,21,0.002152,0.004108,0.000391
玉楼,青楼,0.483046,3.790075,2,11,21,0.002152,0.004108,0.000391
北阙,玉楼,0.483046,3.790075,2,21,11,0.004108,0.002152,0.000391
花飞,风光,0.483046,3.790075,2,21,11,0.004108,0.002152,0.000391
梨花,翡翠,0.482125,3.448668,4,25,26,0.00489,0.005086,0.000782
无情,梦魂,0.481402,3.777172,2,18,13,0.003521,0.002543,0.000391
歌声,相寻,0.481402,3.777172,2,18,13,0.003521,0.002543,0.000391
万户,曲江,0.481402,3.777172,2,26,9,0.005086,0.001761,0.000391
依旧,生涯,0.481402,3.777172,2,9,26,0.001761,0.005086,0.000391
池塘,野花,0.481129,4.108529,1,7,12,0.001369,0.002347,0.000196
楼上,花前,0.481129,4.108529,1,21,4,0.004108,0.000782,0.000196
思归,枕上,0.481129,4.108529,1,28,3,0.005477,0.000587,0.000196
年华,莺啼,0.481129,4.108529,1,6,14,0.001174,0.002739,0.000196
依然,枕上,0.481129,4.108529,1,28,3,0.005477,0.000587,0.000196
昔时,等闲,0.481129,4.108529,1,28,3,0.005477,0.000587,0.000196
宛转,霓裳,0.481129,4.108529,1,12,7,0.002347,0.001369,0.000196
月落,霓裳,0.481129,4.108529,1,12,7,0.002347,0.001369,0.000196
名利,宛转,0.481129,4.108529,1,7,12,0.001369,0.002347,0.000196
名利,月落,0.481129,4.108529,1,7,12,0.001369,0.002347,0.000196
寻常,愁人,0.481129,4.108529,1,7,12,0.001369,0.002347,0.000196
寒山,次第,0.481129,4.108529,1,28,3,0.005477,0.000587,0.000196
月中,霓裳,0.481129,4.108529,1,12,7,0.002347,0.001369,0.000196
姓名,湘水,0.480665,3.576501,3,13,33,0.002543,0.006455,0.000587
到处,太平,0.479743,4.096695,1,5,17,0.000978,0.003326,0.000196
城下,往事,0.479743,4.096695,1,17,5,0.003326,0.000978,0.000196
山头,旧游,0.479729,3.569533,3,24,18,0.004695,0.003521,0.000587
河汉,莓苔,0.479729,3.569533,3,27,16,0.005282,0.00313,0.000587
君心,独立,0.479357,3.428865,4,17,39,0.003326,0.007629,0.000782
人稀,消息,0.479108,3.564914,3,14,31,0.002739,0.006064,0.000587
两相,断肠,0.478799,3.562612,3,15,29,0.002934,0.005673,0.000587
所以,高台,0.478175,3.751854,2,16,15,0.00313,0.002934,0.000391
双飞,草绿,0.478175,3.751854,2,15,16,0.002934,0.00313,0.000391
婵娟,草绿,0.478175,3.751854,2,15,16,0.002934,0.00313,0.000391
思君,西风,0.478175,3.751854,2,24,10,0.004695,0.001956,0.000391
佳期,永日,0.478175,3.751854,2,20,12,0.003912,0.002347,0.000391
月落,风飘,0.478175,3.751854,2,12,20,0.002347,0.003912,0.000391
关河,思君,0.478175,3.751854,2,10,24,0.001956,0.004695,0.000391
到处,黄河,0.478175,3.751854,2,5,48,0.000978,0.00939,0.000391
秋雨,黄叶,0.478175,3.751854,2,20,12,0.003912,0.002347,0.000391
宫中,歌舞,0.477753,3.22368,6,33,37,0.006455,0.007238,0.001174
富贵,自言,0.477632,3.222861,6,47,26,0.009194,0.005086,0.001174
江水,独自,0.477472,3.415382,4,56,12,0.010955,0.002347,0.000782
独行,飘飖,0.477263,3.551184,3,11,40,0.002152,0.007825,0.000587
所思,流年,0.477117,3.743555,2,22,11,0.004304,0.002152,0.000391
多情,王孙,0.47702,4.073438,1,3,29,0.000587,0.005673,0.000196
人家,珍重,0.47702,4.073438,1,29,3,0.005673,0.000587,0.000196
姓名,春水,0.476653,3.546648,3,13,34,0.002543,0.006651,0.000587
时节,独行,0.475682,4.062009,1,8,11,0.001565,0.002152,0.000196
流年,鹧鸪,0.475682,4.062009,1,11,8,0.002152,0.001565,0.000196
水声,清明,0.475682,4.062009,1,8,11,0.001565,0.002152,0.000196
有情,高树,0.475682,4.062009,1,22,4,0.004304,0.000782,0.000196
到处,杨柳,0.475547,3.731235,2,5,49,0.000978,0.009585,0.000391
名利,花开,0.475547,3.731235,2,7,35,0.001369,0.006847,0.000391
东西,他人,0.474841,3.533165,3,28,16,0.005477,0.00313,0.000587
所以,落叶,0.474841,3.533165,3,16,28,0.00313,0.005477,0.000587
今来,所以,0.474841,3.533165,3,28,16,0.005477,0.00313,0.000587
昔日,至今,0.474785,3.290219,5,17,56,0.003326,0.010955,0.000978
从军,骨肉,0.474511,3.723105,2,13,19,0.002543,0.003717,0.000391
垂杨,闻说,0.474511,3.723105,2,19,13,0.003717,0.002543,0.000391
君恩,闻说,0.474511,3.723105,2,19,13,0.003717,0.002543,0.000391
君恩,绮罗,0.474511,3.723105,2,19,13,0.003717,0.002543,0.000391
日晚,路傍,0.474242,3.528711,3,25,18,0.00489,0.003521,0.000587
出入,御沟,0.474242,3.528711,3,50,9,0.009781,0.001761,0.000587
他乡,故国,0.473777,3.388949,4,30,23,0.005869,0.004499,0.000782
宫中,花飞,0.47317,3.38461,4,33,21,0.006455,0.004108,0.000782
九衢,笙歌,0.47305,4.039536,1,6,15,0.001174,0.002934,0.000196
次第,秋色,0.47305,4.039536,1,3,30,0.000587,0.005869,0.000196
春深,绿杨,0.47305,4.039536,1,9,10,0.001761,0.001956,0.000196
依稀,碧云,0.47305,4.039536,1,5,18,0.000978,0.003521,0.000196
依稀,微风,0.47305,4.039536,1,5,18,0.000978,0.003521,0.000196
依稀,百花,0.47305,4.039536,1,5,18,0.000978,0.003521,0.000196
往事,碧云,0.47305,4.039536,1,5,18,0.000978,0.003521,0.000196
世间,半夜,0.47305,4.039536,1,9,10,0.001761,0.001956,0.000196
凄凉,往事,0.47305,4.039536,1,18,5,0.003521,0.000978,0.000196
到处,辛苦,0.47305,4.039536,1,5,18,0.000978,0.003521,0.000196
天涯,路岐,0.47305,4.039536,1,45,2,0.008803,0.000391,0.000196
关河,迢递,0.472972,3.711032,2,10,25,0.001956,0.00489,0.000391
可惜,鹦鹉,0.472972,3.711032,2,10,25,0.001956,0.00489,0.000391
梦魂,汉水,0.472757,3.517661,3,13,35,0.002543,0.006847,0.000587
山头,无限,0.472462,3.515465,3,24,19,0.004695,0.003717,0.000587
无限,月下,0.472462,3.515465,3,19,24,0.003717,0.004695,0.000587
世间,寂寥,0.471956,3.703064,2,9,28,0.001761,0.005477,0.000391
绮罗,风月,0.471756,4.028486,1,13,7,0.002543,0.001369,0.000196
岁寒,霓裳,0.471756,4.028486,1,13,7,0.002543,0.001369,0.000196
相寻,霓裳,0.471756,4.028486,1,13,7,0.002543,0.001369,0.000196
南北,霓裳,0.471756,4.028486,1,13,7,0.002543,0.001369,0.000196
名利,岁寒,0.471756,4.028486,1,7,13,0.001369,0.002543,0.000196
名利,相寻,0.471756,4.028486,1,7,13,0.001369,0.002543,0.000196
南北,名利,0.471756,4.028486,1,13,7,0.002543,0.001369,0.000196
君心,罗衣,0.471581,3.508908,3,17,27,0.003326,0.005282,0.000587
玉楼,窈窕,0.471452,3.699104,2,11,23,0.002152,0.004499,0.000391
云飞,玉楼,0.471452,3.699104,2,23,11,0.004499,0.002152,0.000391
云飞,百尺,0.471288,3.506732,3,23,20,0.004499,0.003912,0.000587
故国,花前,0.470476,4.017557,1,23,4,0.004499,0.000782,0.000196
离别,花下,0.470448,3.69123,2,51,5,0.009977,0.000978,0.000391
林下,水声,0.469949,3.687316,2,32,8,0.00626,0.001565,0.000391
分明,珍重,0.46921,4.006747,1,31,3,0.006064,0.000587,0.000196
从军,男儿,0.468971,3.48949,3,13,36,0.002543,0.007042,0.000587
人心,无情,0.468971,3.48949,3,26,18,0.005086,0.003521,0.000587
月落,独立,0.468971,3.48949,3,12,39,0.002347,0.007629,0.000587
云雨,阑干,0.468971,3.48949,3,36,13,0.007042,0.002543,0.000587
衣裳,阑干,0.468971,3.48949,3,36,13,0.007042,0.002543,0.000587
人心,星辰,0.468971,3.48949,3,26,18,0.005086,0.003521,0.000587
自言,辛苦,0.468971,3.48949,3,26,18,0.005086,0.003521,0.000587
月落,绿水,0.468971,3.48949,3,12,39,0.002347,0.007629,0.000587
夜长,歌舞,0.468464,3.675665,2,7,37,0.001369,0.007238,0.000391
从军,生死,0.467973,3.671812,2,13,20,0.002543,0.003912,0.000391
佳期,梦魂,0.467973,3.671812,2,20,13,0.003912,0.002543,0.000391
翡翠,西风,0.467973,3.671812,2,26,10,0.005086,0.001956,0.000391
八月,西风,0.467973,3.671812,2,26,10,0.005086,0.001956,0.000391
歌舞,罗衣,0.467831,3.242029,5,37,27,0.007238,0.005282,0.000978
万事,星辰,0.467827,3.346389,4,40,18,0.007825,0.003521,0.000782
世间,日照,0.467484,3.667973,2,9,29,0.001761,0.005673,0.000391
功名,当年,0.466976,3.474643,3,25,19,0.00489,0.003717,0.000587
君恩,心期,0.466718,3.985469,1,19,5,0.003717,0.000978,0.000196
雨后,黄昏,0.466718,3.985469,1,5,19,0.000978,0.003717,0.000196
心期,无限,0.466718,3.985469,1,5,19,0.000978,0.003717,0.000196
佳人,同心,0.466693,3.47254,3,28,17,0.005477,0.003326,0.000587
孤云,连天,0.466693,3.47254,3,28,17,0.005477,0.003326,0.000587
相访,逢人,0.466027,3.656544,2,24,11,0.004695,0.002152,0.000391
南宫,夜来,0.466027,3.656544,2,12,22,0.002347,0.004304,0.000391
叶落,青苔,0.466027,3.656544,2,11,24,0.002152,0.004695,0.000391
玉楼,行乐,0.466027,3.656544,2,11,24,0.002152,0.004695,0.000391
独行,萧索,0.466027,3.656544,2,11,24,0.002152,0.004695,0.000391
宛转,尘埃,0.466027,3.656544,2,12,22,0.002347,0.004304,0.000391
他年,波涛,0.466027,3.656544,2,11,24,0.002152,0.004695,0.000391
古来,圣人,0.465966,3.2291,5,44,23,0.008607,0.004499,0.000978
东风,庭前,0.465707,3.331227,4,43,17,0.008412,0.003326,0.000782
山头,汉宫,0.465569,3.464172,3,24,20,0.004695,0.003912,0.000587
萧索,风飘,0.465569,3.464172,3,24,20,0.004695,0.003912,0.000587
红尘,行乐,0.465492,3.974998,1,4,24,0.000782,0.004695,0.000196
次第,焚香,0.465492,3.974998,1,3,32,0.000587,0.00626,0.000196
满地,金谷,0.465492,3.974998,1,12,8,0.002347,0.001565,0.000196
无力,独自,0.465492,3.974998,1,8,12,0.001565,0.002347,0.000196
东南,思量,0.465492,3.974998,1,48,2,0.00939,0.000391,0.000196
月中,鹧鸪,0.465492,3.974998,1,12,8,0.002347,0.001565,0.000196
杯酒,珍重,0.465492,3.974998,1,32,3,0.00626,0.000587,0.000196
愁人,时节,0.465492,3.974998,1,12,8,0.002347,0.001565,0.000196
自由,萧索,0.465492,3.974998,1,4,24,0.000782,0.004695,0.000196
宛转,无力,0.465492,3.974998,1,12,8,0.002347,0.001565,0.000196
昆仑,瑶池,0.465289,3.462091,3,37,13,0.007238,0.002543,0.000587
窈窕,零落,0.464731,3.457942,3,23,21,0.004499,0.004108,0.000587
云飞,北阙,0.464731,3.457942,3,23,21,0.004499,0.004108,0.000587
叶落,白露,0.464453,3.455873,3,11,44,0.002152,0.008607,0.000587
十年,独行,0.464406,3.218289,5,93,11,0.018192,0.002152,0.000978
丹砂,烟霞,0.463899,3.45175,3,27,18,0.005282,0.003521,0.000587
姓名,扁舟,0.463808,3.31764,4,13,57,0.002543,0.01115,0.000782
御沟,花发,0.463163,3.634071,2,9,30,0.001761,0.005869,0.000391
他人,昔日,0.462223,3.626691,2,16,17,0.00313,0.003326,0.000391
同心,红粉,0.462223,3.626691,2,17,16,0.003326,0.00313,0.000391
双阙,衣冠,0.46212,3.305567,4,15,50,0.002934,0.009781,0.000782
人家,日斜,0.461977,3.437449,3,29,17,0.005673,0.003326,0.000587
曲江,风光,0.461889,3.944226,1,9,11,0.001761,0.002152,0.000196
千门,多情,0.461889,3.944226,1,33,3,0.006455,0.000587,0.000196
南北,零落,0.461755,3.623021,2,13,21,0.002543,0.004108,0.000391
浮生,阑干,0.461755,3.623021,2,21,13,0.004108,0.002543,0.000391
千门,双阙,0.461433,3.433401,3,33,15,0.006455,0.002934,0.000587
花枝,草色,0.461433,3.433401,3,15,33,0.002934,0.006455,0.000587
眼前,管弦,0.460825,3.615722,2,25,11,0.00489,0.002152,0.000391
春来,玉楼,0.460825,3.615722,2,25,11,0.00489,0.002152,0.000391
独行,迢递,0.460825,3.615722,2,11,25,0.002152,0.00489,0.000391
春雨,英雄,0.460825,3.615722,2,11,25,0.002152,0.00489,0.000391
晚来,雨后,0.460712,3.934176,1,20,5,0.003912,0.000978,0.000196
到处,古今,0.460712,3.934176,1,5,20,0.000978,0.003912,0.000196
交亲,汉宫,0.460712,3.934176,1,5,20,0.000978,0.003912,0.000196
新诗,自由,0.460712,3.934176,1,25,4,0.00489,0.000782,0.000196
功名,自由,0.460712,3.934176,1,25,4,0.00489,0.000782,0.000196
心期,自怜,0.460712,3.934176,1,5,20,0.000978,0.003912,0.000196
参差,宛转,0.460362,3.612092,2,23,12,0.004499,0.002347,0.000391
云飞,独自,0.460362,3.612092,2,23,12,0.004499,0.002347,0.000391
日晚,须臾,0.460082,3.42335,3,25,20,0.00489,0.003912,0.000587
眼前,自怜,0.460082,3.42335,3,25,20,0.00489,0.003912,0.000587
公卿,黄河,0.459824,3.18654,5,22,48,0.004304,0.00939,0.000978
花间,行乐,0.459011,3.415382,3,21,24,0.004108,0.004695,0.000587
北阙,行乐,0.459011,3.415382,3,21,24,0.004108,0.004695,0.000587
依旧,昨夜,0.459011,3.415382,3,9,56,0.001761,0.010955,0.000587
曲江,渭水,0.458984,3.601281,2,9,31,0.001761,0.006064,0.000391
紫微,鸳鸯,0.458804,3.281851,4,24,32,0.004695,0.00626,0.000782
落叶,西风,0.458528,3.597704,2,28,10,0.005477,0.001956,0.000391
月夜,汉宫,0.458528,3.597704,2,14,20,0.002739,0.003912,0.000391
晚来,月夜,0.458528,3.597704,2,20,14,0.003912,0.002739,0.000391
空山,雨后,0.458528,3.597704,2,56,5,0.010955,0.000978,0.000391
半夜,寒山,0.458528,3.597704,2,10,28,0.001956,0.005477,0.000391
劝君,百尺,0.458528,3.597704,2,14,20,0.002739,0.003912,0.000391
霓裳,飘飖,0.458528,3.597704,2,7,40,0.001369,0.007825,0.000391
寻常,干戈,0.458528,3.597704,2,7,40,0.001369,0.007825,0.000391
思量,故乡,0.458393,3.914373,1,2,51,0.000391,0.009977,0.000196
多少,意气,0.458214,3.409447,3,13,39,0.002543,0.007629,0.000587
婵娟,相忆,0.457421,3.403548,3,15,34,0.002934,0.006651,0.000587
谢公,连天,0.457421,3.403548,3,30,17,0.005869,0.003326,0.000587
歌舞,青楼,0.457176,3.2702,4,37,21,0.007238,0.004108,0.000782
垂杨,大道,0.456633,3.397682,3,19,27,0.003717,0.005282,0.000587
君恩,大道,0.456633,3.397682,3,19,27,0.003717,0.005282,0.000587
当年,老去,0.456272,3.580004,2,19,15,0.003717,0.002934,0.000391
玉堂,笙歌,0.456272,3.580004,2,19,15,0.003717,0.002934,0.000391
向人,头白,0.456272,3.580004,2,15,19,0.002934,0.003717,0.000391
圣主,高树,0.456119,3.894955,1,26,4,0.005086,0.000782,0.000196
时节,钓鱼,0.456119,3.894955,1,8,13,0.001565,0.002543,0.000196
自由,送客,0.456119,3.894955,1,4,26,0.000782,0.005086,0.000196
万年,圣主,0.455826,3.576501,2,11,26,0.002152,0.005086,0.000391
楼台,瑶池,0.455826,3.576501,2,22,13,0.004304,0.002543,0.000391
有情,闻说,0.455826,3.576501,2,22,13,0.004304,0.002543,0.000391
相随,风光,0.455826,3.576501,2,26,11,0.005086,0.002152,0.000391
自言,风光,0.455826,3.576501,2,26,11,0.005086,0.002152,0.000391
柳色,玉楼,0.455826,3.576501,2,26,11,0.005086,0.002152,0.000391
未央,玉楼,0.455826,3.576501,2,26,11,0.005086,0.002152,0.000391
未央,白蘋,0.455826,3.576501,2,26,11,0.005086,0.002152,0.000391
夜月,明时,0.455826,3.576501,2,13,22,0.002543,0.004304,0.000391
南北,明年,0.455826,3.576501,2,13,22,0.002543,0.004304,0.000391
松柏,霓裳,0.455381,3.573011,2,41,7,0.00802,0.001369,0.000391
他日,池塘,0.455381,3.573011,2,41,7,0.00802,0.001369,0.000391
月夜,歌舞,0.455329,3.387983,3,14,37,0.002739,0.007238,0.000587
杏花,行客,0.454998,3.885386,1,5,21,0.000978,0.004108,0.000196
多情,月明,0.454998,3.885386,1,3,35,0.000587,0.006847,0.000196
婵娟,玲珑,0.454998,3.885386,1,15,7,0.002934,0.001369,0.000196
双飞,霓裳,0.454998,3.885386,1,15,7,0.002934,0.001369,0.000196
霓裳,高台,0.454998,3.885386,1,7,15,0.001369,0.002934,0.000196
双飞,名利,0.454998,3.885386,1,15,7,0.002934,0.001369,0.000196
名利,高台,0.454998,3.885386,1,7,15,0.001369,0.002934,0.000196
心期,陌上,0.454998,3.885386,1,5,21,0.000978,0.004108,0.000196
池塘,花枝,0.454998,3.885386,1,7,15,0.001369,0.002934,0.000196
文字,高台,0.454998,3.885386,1,7,15,0.001369,0.002934,0.000196
到处,十载,0.454998,3.885386,1,5,21,0.000978,0.004108,0.000196
文字,秋声,0.454998,3.885386,1,7,15,0.001369,0.002934,0.000196
寻常,弟子,0.454998,3.885386,1,7,15,0.001369,0.002934,0.000196
弟子,池塘,0.454998,3.885386,1,15,7,0.002934,0.001369,0.000196
次第,知音,0.454998,3.885386,1,3,35,0.000587,0.006847,0.000196
道士,霓裳,0.454998,3.885386,1,15,7,0.002934,0.001369,0.000196
往事,浮生,0.454998,3.885386,1,5,21,0.000978,0.004108,0.000196
临风,池塘,0.454998,3.885386,1,15,7,0.002934,0.001369,0.000196
世间,千金,0.454938,3.569533,2,9,32,0.001761,0.00626,0.000391
登楼,红粉,0.454938,3.569533,2,18,16,0.003521,0.00313,0.000391
青苔,黄叶,0.454938,3.569533,2,24,12,0.004695,0.002347,0.000391
白发,花前,0.454938,3.569533,2,72,4,0.014085,0.000782,0.000391
君家,御沟,0.454938,3.569533,2,32,9,0.00626,0.001761,0.000391
帝城,曲江,0.454938,3.569533,2,32,9,0.00626,0.001761,0.000391
天外,草绿,0.454938,3.569533,2,18,16,0.003521,0.00313,0.000391
世事,曲江,0.454938,3.569533,2,32,9,0.00626,0.001761,0.000391
八月,早晚,0.454811,3.384129,3,26,20,0.005086,0.003912,0.000587
古今,自言,0.454811,3.384129,3,20,26,0.003912,0.005086,0.000587
东方,日出,0.454502,3.251079,4,22,36,0.004304,0.007042,0.000782
相亲,行乐,0.454502,3.251079,4,33,24,0.006455,0.004695,0.000782
肠断,青苔,0.454502,3.251079,4,33,24,0.006455,0.004695,0.000782
人间,姓名,0.454326,3.249817,4,61,13,0.011933,0.002543,0.000782
日照,绿杨,0.454056,3.562612,2,29,10,0.005673,0.001956,0.000391
寒食,春来,0.453525,3.37456,3,21,25,0.004108,0.00489,0.000587
造化,高台,0.453525,3.37456,3,35,15,0.006847,0.002934,0.000587
君心,美人,0.453279,3.141183,5,17,65,0.003326,0.012715,0.000978
红尘,黄金,0.452759,3.368862,3,4,132,0.000782,0.025822,0.000587
白露,黄叶,0.452759,3.368862,3,44,12,0.008607,0.002347,0.000587
九重,宫中,0.452759,3.368862,3,16,33,0.00313,0.006455,0.000587
尘埃,青苔,0.452759,3.368862,3,22,24,0.004304,0.004695,0.000587
月夜,青楼,0.45231,3.548913,2,14,21,0.002739,0.004108,0.000391
君恩,咫尺,0.451745,3.361315,3,19,28,0.003717,0.005477,0.000587
月色,玉堂,0.451745,3.361315,3,28,19,0.005477,0.003717,0.000587
暮雨,红尘,0.451699,3.857215,1,27,4,0.005282,0.000782,0.000196
客心,花前,0.451699,3.857215,1,27,4,0.005282,0.000782,0.000196
罗衣,花前,0.451699,3.857215,1,27,4,0.005282,0.000782,0.000196
题诗,高树,0.451699,3.857215,1,27,4,0.005282,0.000782,0.000196
九衢,百花,0.451699,3.857215,1,6,18,0.001174,0.003521,0.000196
依旧,宛转,0.451699,3.857215,1,9,12,0.001761,0.002347,0.000196
御沟,微雨,0.451699,3.857215,1,9,12,0.001761,0.002347,0.000196
曲江,满地,0.451699,3.857215,1,9,12,0.001761,0.002347,0.000196
年华,烟霞,0.451699,3.857215,1,6,18,0.001174,0.003521,0.000196
暮雨,阳台,0.451361,3.228606,4,27,30,0.005282,0.005869,0.000782
云间,随风,0.451361,3.228606,4,30,27,0.005869,0.005282,0.000782
千门,御沟,0.451016,3.538761,2,33,9,0.006455,0.001761,0.000391
大道,管弦,0.451016,3.538761,2,27,11,0.005282,0.002152,0.000391
玉楼,罗衣,0.451016,3.538761,2,11,27,0.002152,0.005282,0.000391
千门,曲江,0.451016,3.538761,2,33,9,0.006455,0.001761,0.000391
忆昔,逢人,0.451016,3.538761,2,27,11,0.005282,0.002152,0.000391
单于,汉家,0.450808,2.912175,8,39,57,0.007629,0.01115,0.001565
君王,玉楼,0.450672,3.22368,4,74,11,0.014476,0.002152,0.000782
从军,苦辛,0.450161,3.53205,2,13,23,0.002543,0.004499,0.000391
佳期,暮雨,0.449739,3.346389,3,20,27,0.003912,0.005282,0.000587
日落,月落,0.449739,3.346389,3,45,12,0.008803,0.002347,0.000587
两相,云雨,0.449739,3.346389,3,15,36,0.002934,0.007042,0.000587
两相,衣裳,0.449739,3.346389,3,15,36,0.002934,0.007042,0.000587
佳期,老去,0.449735,3.528711,2,20,15,0.003912,0.002934,0.000391
老去,须臾,0.449735,3.528711,2,15,20,0.002934,0.003912,0.000391
向人,苍苔,0.449735,3.528711,2,15,20,0.002934,0.003912,0.000391
九衢,衣冠,0.449735,3.528711,2,6,50,0.001174,0.009781,0.000391
前程,远客,0.449735,3.528711,2,15,20,0.002934,0.003912,0.000391
满眼,自怜,0.449735,3.528711,2,15,20,0.002934,0.003912,0.000391
西风,门前,0.449735,3.528711,2,10,30,0.001956,0.005869,0.000391
双飞,早晚,0.449735,3.528711,2,15,20,0.002934,0.003912,0.000391
佳期,双飞,0.449735,3.528711,2,20,15,0.003912,0.002934,0.000391
双飞,自怜,0.449735,3.528711,2,15,20,0.002934,0.003912,0.000391
永日,自然,0.449735,3.528711,2,12,25,0.002347,0.00489,0.000391
闲居,高台,0.449735,3.528711,2,20,15,0.003912,0.002934,0.000391
婵娟,风飘,0.449735,3.528711,2,15,20,0.002934,0.003912,0.000391
双飞,风飘,0.449735,3.528711,2,15,20,0.002934,0.003912,0.000391
宛转,英雄,0.449735,3.528711,2,12,25,0.002347,0.00489,0.000391
桃花,武陵,0.449628,2.904556,8,70,32,0.013693,0.00626,0.001565
楼前,花时,0.44955,3.838866,1,11,10,0.002152,0.001956,0.000196
依稀,明时,0.44955,3.838866,1,5,22,0.000978,0.004304,0.000196
心期,明时,0.44955,3.838866,1,5,22,0.000978,0.004304,0.000196
月满,花时,0.44955,3.838866,1,11,10,0.002152,0.001956,0.000196
先生,斜阳,0.44955,3.838866,1,22,5,0.004304,0.000978,0.000196
往事,青草,0.44955,3.838866,1,5,22,0.000978,0.004304,0.000196
沧洲,路岐,0.44955,3.838866,1,55,2,0.010759,0.000391,0.000196
北风,路岐,0.44955,3.838866,1,55,2,0.010759,0.000391,0.000196
汀洲,雨中,0.44955,3.838866,1,11,10,0.002152,0.001956,0.000196
先生,往事,0.44955,3.838866,1,22,5,0.004304,0.000978,0.000196
世上,颜色,0.44949,2.903664,8,38,59,0.007433,0.011541,0.001565
宫中,春来,0.448795,3.210257,4,33,25,0.006455,0.00489,0.000782
宫中,梨花,0.448795,3.210257,4,33,25,0.006455,0.00489,0.000782
湖上,等闲,0.448491,3.829816,1,37,3,0.007238,0.000587,0.000196
归路,等闲,0.448491,3.829816,1,37,3,0.007238,0.000587,0.000196
从军,走马,0.448254,3.335339,3,13,42,0.002543,0.008216,0.000587
万户,青楼,0.448254,3.335339,3,26,21,0.005086,0.004108,0.000587
巫山,阑干,0.448254,3.335339,3,42,13,0.008216,0.002543,0.000587
月夜,逶迤,0.448254,3.335339,3,14,39,0.002739,0.007629,0.000587
他人,骨肉,0.448047,3.515465,2,16,19,0.00313,0.003717,0.000391
九重,相对,0.448047,3.515465,2,16,19,0.00313,0.003717,0.000391
咸阳,渭水,0.447896,3.103879,5,37,31,0.007238,0.006064,0.000978
人心,千金,0.447614,3.201808,4,26,32,0.005086,0.00626,0.000782
相随,经过,0.447614,3.201808,4,26,32,0.005086,0.00626,0.000782
细雨,花落,0.447446,3.200607,4,17,49,0.003326,0.009585,0.000782
月夜,金谷,0.44744,3.820847,1,14,8,0.002739,0.001565,0.000196
夜长,红粉,0.44744,3.820847,1,7,16,0.001369,0.00313,0.000196
所以,霓裳,0.44744,3.820847,1,16,7,0.00313,0.001369,0.000196
草绿,霓裳,0.44744,3.820847,1,16,7,0.00313,0.001369,0.000196
名利,所以,0.44744,3.820847,1,7,16,0.001369,0.00313,0.000196
九重,池塘,0.44744,3.820847,1,16,7,0.00313,0.001369,0.000196
所以,文字,0.44744,3.820847,1,16,7,0.00313,0.001369,0.000196
九重,寻常,0.44744,3.820847,1,16,7,0.00313,0.001369,0.000196
无力,马嘶,0.44744,3.820847,1,8,14,0.001565,0.002739,0.000196
孤云,自由,0.44744,3.820847,1,28,4,0.005477,0.000782,0.000196
春来,楼台,0.447273,3.32804,3,25,22,0.00489,0.004304,0.000587
可惜,落花,0.447273,3.32804,3,10,55,0.001956,0.010759,0.000587
功名,所思,0.447273,3.32804,3,25,22,0.00489,0.004304,0.000587
人生,须臾,0.447254,3.017885,6,75,20,0.014671,0.003912,0.001174
日斜,烟霞,0.447211,3.508908,2,17,18,0.003326,0.003521,0.000391
星辰,朱门,0.447211,3.508908,2,18,17,0.003521,0.003326,0.000391
垂杨,断肠,0.447029,3.326223,3,19,29,0.003717,0.005673,0.000587
断肠,无限,0.447029,3.326223,3,29,19,0.005673,0.003717,0.000587
城中,年少,0.446785,3.32441,3,23,24,0.004499,0.004695,0.000587
云飞,行乐,0.446785,3.32441,3,23,24,0.004499,0.004695,0.000587
玲珑,白露,0.446381,3.502393,2,7,44,0.001369,0.008607,0.000391
氛氲,汀洲,0.446381,3.502393,2,28,11,0.005477,0.002152,0.000391
咫尺,风光,0.446381,3.502393,2,28,11,0.005477,0.002152,0.000391
叶落,花满,0.446381,3.502393,2,11,28,0.002152,0.005477,0.000391
花满,芳树,0.446381,3.502393,2,28,11,0.005477,0.002152,0.000391
古来,寻常,0.446381,3.502393,2,44,7,0.008607,0.001369,0.000391
凉风,白露,0.445878,2.939866,7,43,44,0.008412,0.008607,0.001369
九衢,玉堂,0.445368,3.803148,1,6,19,0.001174,0.003717,0.000196
丹青,枕上,0.445368,3.803148,1,38,3,0.007433,0.000587,0.000196
相对,近来,0.445368,3.803148,1,19,6,0.003717,0.001174,0.000196
昨夜,西风,0.444851,3.310022,3,56,10,0.010955,0.001956,0.000587
花开,草绿,0.444851,3.310022,3,35,16,0.006847,0.00313,0.000587
岁寒,行乐,0.444736,3.48949,2,13,24,0.002543,0.004695,0.000391
石上,阑干,0.444736,3.48949,2,24,13,0.004695,0.002543,0.000391
出入,朱门,0.444622,3.180404,4,50,17,0.009781,0.003326,0.000782
云飞,歌舞,0.444458,3.179228,4,23,37,0.004499,0.007238,0.000782
功名,富贵,0.444416,3.07976,5,25,47,0.00489,0.009194,0.000978
到处,台上,0.444345,3.794414,1,5,23,0.000978,0.004499,0.000196
到处,封侯,0.444345,3.794414,1,5,23,0.000978,0.004499,0.000196
心期,风烟,0.444345,3.794414,1,5,23,0.000978,0.004499,0.000196
人归,杏花,0.444345,3.794414,1,23,5,0.004499,0.000978,0.000196
窈窕,花下,0.444345,3.794414,1,23,5,0.004499,0.000978,0.000196
子孙,满眼,0.443517,3.479921,2,21,15,0.004108,0.002934,0.000391
双飞,青楼,0.443517,3.479921,2,15,21,0.002934,0.004108,0.000391
浮生,鬼神,0.443517,3.479921,2,21,15,0.004108,0.002934,0.000391
千年,岐路,0.443517,3.479921,2,35,9,0.006847,0.001761,0.000391
南国,花前,0.443331,3.785756,1,29,4,0.005673,0.000782,0.000196
相知,高树,0.443331,3.785756,1,29,4,0.005673,0.000782,0.000196
梧桐,高树,0.443331,3.785756,1,29,4,0.005673,0.000782,0.000196
思量,裴回,0.443331,3.785756,1,2,58,0.000391,0.011346,0.000196
人心,清晨,0.443312,3.171036,4,26,33,0.005086,0.006455,0.000782
万户,宫中,0.443312,3.171036,4,26,33,0.005086,0.006455,0.000782
宫中,未央,0.443312,3.171036,4,33,26,0.006455,0.005086,0.000782
叹息,尘埃,0.443312,3.171036,4,39,22,0.007629,0.004304,0.000782
罗衣,青楼,0.443182,3.297599,3,27,21,0.005282,0.004108,0.000587
北阙,罗衣,0.443182,3.297599,3,21,27,0.004108,0.005282,0.000587
子孙,菊花,0.443182,3.297599,3,21,27,0.004108,0.005282,0.000587
客心,芳菲,0.443182,3.297599,3,27,21,0.005282,0.004108,0.000587
云间,君恩,0.442473,3.292322,3,30,19,0.005869,0.003717,0.000587
双飞,黄鹤,0.442473,3.292322,3,15,38,0.002934,0.007433,0.000587
罗衣,鸳鸯,0.442338,3.164068,4,27,32,0.005282,0.00626,0.000782
云雨,山头,0.442338,3.164068,4,36,24,0.007042,0.004695,0.000782
世间,猿啼,0.442326,3.777172,1,9,13,0.001761,0.002543,0.000196
南北,曲江,0.442326,3.777172,1,13,9,0.002543,0.001761,0.000196
依旧,多少,0.442326,3.777172,1,9,13,0.001761,0.002543,0.000196
珍重,纵横,0.442326,3.777172,1,3,39,0.000587,0.007629,0.000196
叹息,珍重,0.442326,3.777172,1,39,3,0.007629,0.000587,0.000196
珍重,逶迤,0.442326,3.777172,1,3,39,0.000587,0.007629,0.000196
南北,古来,0.442002,3.288819,3,13,44,0.002543,0.008607,0.000587
经过,绿杨,0.44151,3.464172,2,32,10,0.00626,0.001956,0.000391
所以,生死,0.44151,3.464172,2,16,20,0.00313,0.003912,0.000391
西风,鸳鸯,0.44151,3.464172,2,10,32,0.001956,0.00626,0.000391
天台,莓苔,0.44151,3.464172,2,20,16,0.003912,0.00313,0.000391
草绿,风飘,0.44151,3.464172,2,16,20,0.00313,0.003912,0.000391
时节,飘飖,0.44151,3.464172,2,8,40,0.001565,0.007825,0.000391
可惜,欢娱,0.44151,3.464172,2,10,32,0.001956,0.00626,0.000391
裴回,高台,0.441371,3.157147,4,58,15,0.011346,0.002934,0.000782
功名,苦辛,0.441299,3.283588,3,25,23,0.00489,0.004499,0.000587
无情,鸳鸯,0.441065,3.281851,3,18,32,0.003521,0.00626,0.000587
千金,歌声,0.441065,3.281851,3,32,18,0.00626,0.003521,0.000587
山头,月下,0.441065,3.281851,3,24,24,0.004695,0.004695,0.000587
紫微,行乐,0.441065,3.281851,3,24,24,0.004695,0.004695,0.000587
永日,相望,0.441065,3.281851,3,12,48,0.002347,0.00939,0.000587
潇湘,玉堂,0.440729,3.15256,4,46,19,0.008998,0.003717,0.000782
封侯,马嘶,0.440716,3.457942,2,23,14,0.004499,0.002739,0.000391
云飞,月夜,0.440716,3.457942,2,23,14,0.004499,0.002739,0.000391
潇湘,霓裳,0.440716,3.457942,2,46,7,0.008998,0.001369,0.000391
人稀,是非,0.440716,3.457942,2,14,23,0.002739,0.004499,0.000391
君心,相忆,0.4406,3.278384,3,17,34,0.003326,0.006651,0.000587
东林,名利,0.440341,3.760223,1,17,7,0.003326,0.001369,0.000196
庭前,霓裳,0.440341,3.760223,1,17,7,0.003326,0.001369,0.000196
名利,庭前,0.440341,3.760223,1,7,17,0.001369,0.003326,0.000196
同心,风月,0.440341,3.760223,1,17,7,0.003326,0.001369,0.000196
寻常,庭前,0.440341,3.760223,1,7,17,0.001369,0.003326,0.000196
寻常,朱门,0.440341,3.760223,1,7,17,0.001369,0.003326,0.000196
十里,霓裳,0.440341,3.760223,1,17,7,0.003326,0.001369,0.000196
垂杨,庭前,0.44032,3.454841,2,19,17,0.003717,0.003326,0.000391
当年,龙门,0.44032,3.454841,2,19,17,0.003717,0.003326,0.000391
月光,玉堂,0.44032,3.454841,2,17,19,0.003326,0.003717,0.000391
同心,骨肉,0.44032,3.454841,2,17,19,0.003326,0.003717,0.000391
南国,鱼龙,0.440135,3.27493,3,29,20,0.005673,0.003912,0.000587
断肠,汉宫,0.440135,3.27493,3,29,20,0.005673,0.003912,0.000587
世间,男儿,0.439926,3.45175,2,9,36,0.001761,0.007042,0.000391
微风,百花,0.439926,3.45175,2,18,18,0.003521,0.003521,0.000391
碧云,雨露,0.439926,3.45175,2,18,18,0.003521,0.003521,0.000391
桃李,罗衣,0.439674,2.89896,7,73,27,0.01428,0.005282,0.001369
人皆,姓名,0.439534,3.448668,2,25,13,0.00489,0.002543,0.000391
眼前,绮罗,0.439534,3.448668,2,25,13,0.00489,0.002543,0.000391
千金,黄鹤,0.439466,3.045462,5,32,38,0.00626,0.007433,0.000978
花前,花发,0.439361,3.751854,1,4,30,0.000782,0.005869,0.000196
婵娟,无力,0.439361,3.751854,1,15,8,0.002934,0.001565,0.000196
人世,徘徊,0.439361,3.751854,1,15,8,0.002934,0.001565,0.000196
门前,高树,0.439361,3.751854,1,30,4,0.005869,0.000782,0.000196
时节,秋日,0.439361,3.751854,1,8,15,0.001565,0.002934,0.000196
弟子,水声,0.439361,3.751854,1,15,8,0.002934,0.001565,0.000196
日夜,自由,0.439361,3.751854,1,30,4,0.005869,0.000782,0.000196
花枝,金谷,0.439361,3.751854,1,15,8,0.002934,0.001565,0.000196
日夜,花前,0.439361,3.751854,1,30,4,0.005869,0.000782,0.000196
春日,花前,0.439361,3.751854,1,30,4,0.005869,0.000782,0.000196
两相,鹧鸪,0.439361,3.751854,1,15,8,0.002934,0.001565,0.000196
公子,多情,0.439361,3.751854,1,40,3,0.007825,0.000587,0.000196
年华,自怜,0.439361,3.751854,1,6,20,0.001174,0.003912,0.000196
石上,雨后,0.439361,3.751854,1,24,5,0.004695,0.000978,0.000196
满地,花时,0.439361,3.751854,1,12,10,0.002347,0.001956,0.000196
寥落,往事,0.439361,3.751854,1,24,5,0.004695,0.000978,0.000196
心期,思君,0.439361,3.751854,1,5,24,0.000978,0.004695,0.000196
万事,等闲,0.439361,3.751854,1,40,3,0.007825,0.000587,0.000196
半夜,满地,0.439361,3.751854,1,10,12,0.001956,0.002347,0.000196
干戈,珍重,0.439361,3.751854,1,40,3,0.007825,0.000587,0.000196
半夜,愁人,0.439361,3.751854,1,10,12,0.001956,0.002347,0.000196
日落,相寻,0.438982,3.266346,3,45,13,0.008803,0.002543,0.000587
双阙,意气,0.438982,3.266346,3,15,39,0.002934,0.007629,0.000587
歌舞,行乐,0.438508,3.136669,4,37,24,0.007238,0.004695,0.000782
清明,芳树,0.438389,3.743555,1,11,11,0.002152,0.002152,0.000196
万年,芳树,0.438389,3.743555,1,11,11,0.002152,0.002152,0.000196
叶落,管弦,0.438389,3.743555,1,11,11,0.002152,0.002152,0.000196
月满,独行,0.438389,3.743555,1,11,11,0.002152,0.002152,0.000196
君恩,得意,0.437723,3.131054,4,19,47,0.003717,0.009194,0.000782
春日,汀洲,0.437588,3.433401,2,30,11,0.005869,0.002152,0.000391
叶落,秋色,0.437588,3.433401,2,11,30,0.002152,0.005869,0.000391
游人,花发,0.437588,3.433401,2,11,30,0.002152,0.005869,0.000391
莲花,高台,0.437588,3.433401,2,22,15,0.004304,0.002934,0.000391
月出,楼前,0.437588,3.433401,2,30,11,0.005869,0.002152,0.000391
莲花,道士,0.437588,3.433401,2,22,15,0.004304,0.002934,0.000391
双飞,有情,0.437588,3.433401,2,15,22,0.002934,0.004304,0.000391
尘埃,鬼神,0.437588,3.433401,2,22,15,0.004304,0.002934,0.000391
先生,弟子,0.437588,3.433401,2,22,15,0.004304,0.002934,0.000391
他年,千秋,0.437588,3.433401,2,11,30,0.002152,0.005869,0.000391
他年,谢公,0.437588,3.433401,2,11,30,0.002152,0.005869,0.000391
草色,雨中,0.437588,3.433401,2,33,10,0.006455,0.001956,0.000391
思量,日月,0.437425,3.735325,1,2,61,0.000391,0.011933,0.000196
夜深,月照,0.436704,3.249397,3,17,35,0.003326,0.006847,0.000587
功名,男儿,0.436631,3.123246,4,25,36,0.00489,0.007042,0.000782
世间,青冥,0.436434,3.424351,2,9,37,0.001761,0.007238,0.000391
当时,忆昔,0.436414,3.024306,5,46,27,0.008998,0.005282,0.000978
君王,宫中,0.436263,2.818215,8,74,33,0.014476,0.006455,0.001565
今朝,昨夜,0.43625,2.876386,7,36,56,0.007042,0.010955,0.001369
月落,白雪,0.435579,3.241029,3,12,50,0.002347,0.009781,0.000587
万事,满眼,0.435579,3.241029,3,40,15,0.007825,0.002934,0.000587
寥落,迢递,0.435579,3.241029,3,24,25,0.004695,0.00489,0.000587
萧索,迢递,0.435579,3.241029,3,24,25,0.004695,0.00489,0.000587
苍苔,谢公,0.435579,3.241029,3,20,30,0.003912,0.005869,0.000587
高树,鸟飞,0.435521,3.719064,1,4,31,0.000782,0.006064,0.000196
花满,黄叶,0.435291,3.415382,2,28,12,0.005477,0.002347,0.000391
九重,花飞,0.435291,3.415382,2,16,21,0.00313,0.004108,0.000391
月夜,紫微,0.435291,3.415382,2,14,24,0.002739,0.004695,0.000391
月夜,行乐,0.435291,3.415382,2,14,24,0.002739,0.004695,0.000391
楚水,青楼,0.435291,3.415382,2,16,21,0.00313,0.004108,0.000391
依然,独自,0.435291,3.415382,2,28,12,0.005477,0.002347,0.000391
可怜,夜长,0.435291,3.415382,2,48,7,0.00939,0.001369,0.000391
所以,花间,0.435291,3.415382,2,16,21,0.00313,0.004108,0.000391
莓苔,霄汉,0.435291,3.415382,2,16,21,0.00313,0.004108,0.000391
寻常,风流,0.435291,3.415382,2,7,48,0.001369,0.00939,0.000391
千万,往事,0.43458,3.711032,1,25,5,0.00489,0.000978,0.000196
交亲,英雄,0.43458,3.711032,1,5,25,0.000978,0.00489,0.000196
眼前,花下,0.43458,3.711032,1,25,5,0.00489,0.000978,0.000196
往事,日晚,0.43458,3.711032,1,5,25,0.000978,0.00489,0.000196
日晚,花下,0.43458,3.711032,1,25,5,0.00489,0.000978,0.000196
相随,绮罗,0.434535,3.409447,2,26,13,0.005086,0.002543,0.000391
绮罗,自言,0.434535,3.409447,2,13,26,0.002543,0.005086,0.000391
相寻,送客,0.434535,3.409447,2,13,26,0.002543,0.005086,0.000391
柳色,相寻,0.434535,3.409447,2,26,13,0.005086,0.002543,0.000391
圣朝,多少,0.434535,3.409447,2,26,13,0.005086,0.002543,0.000391
单于,走马,0.434211,2.929874,6,39,42,0.007629,0.008216,0.001174
相忆,罗衣,0.433863,3.103443,4,34,27,0.006651,0.005282,0.000782
君恩,鸳鸯,0.433799,3.227783,3,19,32,0.003717,0.00626,0.000587
扬州,黄鹤,0.433799,3.227783,3,16,38,0.00313,0.007433,0.000587
梦中,须臾,0.433783,3.403548,2,17,20,0.003326,0.003912,0.000391
君心,苍苔,0.433783,3.403548,2,17,20,0.003326,0.003912,0.000391
君心,闲居,0.433783,3.403548,2,17,20,0.003326,0.003912,0.000391
朱门,生死,0.433783,3.403548,2,17,20,0.003326,0.003912,0.000391
同心,远客,0.433783,3.403548,2,17,20,0.003326,0.003912,0.000391
歌声,风月,0.433647,3.703064,1,18,7,0.003521,0.001369,0.000196
新月,近来,0.433647,3.703064,1,21,6,0.004108,0.001174,0.000196
多情,往来,0.433647,3.703064,1,3,42,0.000587,0.008216,0.000196
九衢,宫殿,0.433647,3.703064,1,6,21,0.001174,0.004108,0.000196
名利,路傍,0.433647,3.703064,1,7,18,0.001369,0.003521,0.000196
天外,霓裳,0.433647,3.703064,1,18,7,0.003521,0.001369,0.000196
镜中,霓裳,0.433647,3.703064,1,18,7,0.003521,0.001369,0.000196
星辰,霓裳,0.433647,3.703064,1,18,7,0.003521,0.001369,0.000196
名利,镜中,0.433647,3.703064,1,7,18,0.001369,0.003521,0.000196
名利,星辰,0.433647,3.703064,1,7,18,0.001369,0.003521,0.000196
镜中,风月,0.433647,3.703064,1,18,7,0.003521,0.001369,0.000196
池塘,登楼,0.433647,3.703064,1,7,18,0.001369,0.003521,0.000196
夜长,碧云,0.433647,3.703064,1,7,18,0.001369,0.003521,0.000196
寻常,微风,0.433647,3.703064,1,7,18,0.001369,0.003521,0.000196
曲江,月夜,0.433647,3.703064,1,9,14,0.001761,0.002739,0.000196
歌声,池塘,0.433647,3.703064,1,18,7,0.003521,0.001369,0.000196
摇落,风月,0.433647,3.703064,1,18,7,0.003521,0.001369,0.000196
旧游,玲珑,0.433647,3.703064,1,18,7,0.003521,0.001369,0.000196
兄弟,陌上,0.433578,3.22614,3,29,21,0.005673,0.004108,0.000587
芙蓉,黄鹤,0.433565,2.858686,7,54,38,0.010563,0.007433,0.001369
君恩,无情,0.433035,3.397682,2,19,18,0.003717,0.003521,0.000391
吟诗,对酒,0.433035,3.397682,2,9,38,0.001761,0.007433,0.000391
歌声,黄昏,0.433035,3.397682,2,18,19,0.003521,0.003717,0.000391
临水,风景,0.433035,3.397682,2,18,19,0.003521,0.003717,0.000391
潇湘,苍梧,0.432591,2.918945,6,46,36,0.008998,0.007042,0.001174
古来,得意,0.432387,2.850919,7,44,47,0.008607,0.009194,0.001369
千金,相知,0.432348,3.092609,4,32,29,0.00626,0.005673,0.000782
佳人,明年,0.432042,3.214711,3,28,22,0.005477,0.004304,0.000587
咫尺,有情,0.432042,3.214711,3,28,22,0.005477,0.004304,0.000587
向人,承恩,0.431922,3.388949,2,15,23,0.002934,0.004499,0.000391
前程,是非,0.431922,3.388949,2,15,23,0.002934,0.004499,0.000391
云飞,婵娟,0.431922,3.388949,2,23,15,0.004499,0.002934,0.000391
路长,高台,0.431922,3.388949,2,23,15,0.004499,0.002934,0.000391
弟子,潺湲,0.431922,3.388949,2,15,23,0.002934,0.004499,0.000391
宁知,花前,0.431803,3.687316,1,32,4,0.00626,0.000782,0.000196
九重,无力,0.431803,3.687316,1,16,8,0.00313,0.001565,0.000196
草绿,鹧鸪,0.431803,3.687316,1,16,8,0.00313,0.001565,0.000196
去年,花前,0.431803,3.687316,1,32,4,0.00626,0.000782,0.000196
欢娱,红尘,0.431803,3.687316,1,32,4,0.00626,0.000782,0.000196
回头,水声,0.431803,3.687316,1,16,8,0.00313,0.001565,0.000196
经过,自由,0.431803,3.687316,1,32,4,0.00626,0.000782,0.000196
青松,高树,0.431803,3.687316,1,32,4,0.00626,0.000782,0.000196
美人,鸳鸯,0.43151,2.845133,7,65,32,0.012715,0.00626,0.001369
云飞,罗衣,0.430956,3.206627,3,23,27,0.004499,0.005282,0.000587
枕上,风起,0.430892,3.679534,1,3,43,0.000587,0.008412,0.000196
丞相,南宫,0.430819,3.380291,2,29,12,0.005673,0.002347,0.000391
南宫,梧桐,0.430819,3.380291,2,12,29,0.002347,0.005673,0.000391
单于,旌旗,0.430723,2.906344,6,39,43,0.007629,0.008412,0.001174
得意,汉宫,0.430552,3.07976,4,47,20,0.009194,0.003912,0.000782
可怜,阑干,0.430308,3.201808,3,48,13,0.00939,0.002543,0.000587
柳色,紫微,0.430308,3.201808,3,26,24,0.005086,0.004695,0.000587
紫微,翡翠,0.430308,3.201808,3,24,26,0.004695,0.005086,0.000587
翡翠,行乐,0.430308,3.201808,3,26,24,0.005086,0.004695,0.000587
叹息,所以,0.430308,3.201808,3,39,16,0.007629,0.00313,0.000587
东流,南北,0.430308,3.201808,3,48,13,0.00939,0.002543,0.000587
眼前,饮酒,0.430093,3.200207,3,25,25,0.00489,0.00489,0.000587
劝君,饮酒,0.430089,3.37456,2,14,25,0.002739,0.00489,0.000391
月夜,梨花,0.430089,3.37456,2,14,25,0.002739,0.00489,0.000391
翠微,雨后,0.429987,3.671812,1,26,5,0.005086,0.000978,0.000196
猿声,西风,0.429987,3.671812,1,13,10,0.002543,0.001956,0.000196
交亲,相随,0.429987,3.671812,1,5,26,0.000978,0.005086,0.000196
可惜,梦魂,0.429987,3.671812,1,10,13,0.001956,0.002543,0.000196
斜阳,柳色,0.429987,3.671812,1,5,26,0.000978,0.005086,0.000196
物外,绮罗,0.429987,3.671812,1,10,13,0.001956,0.002543,0.000196
到处,自言,0.429987,3.671812,1,5,26,0.000978,0.005086,0.000196
可惜,看花,0.429987,3.671812,1,10,13,0.001956,0.002543,0.000196
交亲,生涯,0.429987,3.671812,1,5,26,0.000978,0.005086,0.000196
多病,花下,0.429987,3.671812,1,26,5,0.005086,0.000978,0.000196
关河,绮罗,0.429987,3.671812,1,10,13,0.001956,0.002543,0.000196
人心,斜阳,0.429987,3.671812,1,26,5,0.005086,0.000978,0.000196
心期,竹林,0.429987,3.671812,1,5,26,0.000978,0.005086,0.000196
自言,衣冠,0.429827,2.978664,5,26,50,0.005086,0.009781,0.000978
多情,日暮,0.429725,3.371707,2,3,117,0.000587,0.022887,0.000391
丹砂,瑶池,0.429725,3.371707,2,27,13,0.005282,0.002543,0.000391
客心,猿声,0.429725,3.371707,2,27,13,0.005282,0.002543,0.000391
曲江,逶迤,0.429725,3.371707,2,9,39,0.001761,0.007629,0.000391
去年,芳树,0.429362,3.368862,2,32,11,0.00626,0.002152,0.000391
憔悴,玉楼,0.429362,3.368862,2,32,11,0.00626,0.002152,0.000391
经过,风光,0.429362,3.368862,2,32,11,0.00626,0.002152,0.000391
帝城,风光,0.429362,3.368862,2,32,11,0.00626,0.002152,0.000391
叶落,鸳鸯,0.429362,3.368862,2,11,32,0.002152,0.00626,0.000391
管弦,读书,0.429362,3.368862,2,11,32,0.002152,0.00626,0.000391
憔悴,管弦,0.429362,3.368862,2,32,11,0.00626,0.002152,0.000391
玉楼,鸳鸯,0.429362,3.368862,2,11,32,0.002152,0.00626,0.000391
咸阳,朱门,0.429235,3.193827,3,37,17,0.007238,0.003326,0.000587
向人,走马,0.429022,3.192238,3,15,42,0.002934,0.008216,0.000587
楼上,花发,0.429022,3.192238,3,21,30,0.004108,0.005869,0.000587
两相,巫山,0.429022,3.192238,3,15,42,0.002934,0.008216,0.000587
星辰,花开,0.429022,3.192238,3,18,35,0.003521,0.006847,0.000587
富贵,百年,0.428979,2.828446,7,47,45,0.009194,0.008803,0.001369
独自,逢人,0.4282,3.656544,1,12,11,0.002347,0.002152,0.000196
云深,愁人,0.4282,3.656544,1,11,12,0.002152,0.002347,0.000196
枕上,江南,0.4282,3.656544,1,3,44,0.000587,0.008607,0.000196
愁人,独行,0.4282,3.656544,1,12,11,0.002347,0.002152,0.000196
愁人,风光,0.4282,3.656544,1,12,11,0.002347,0.002152,0.000196
相亲,红尘,0.4282,3.656544,1,33,4,0.006455,0.000782,0.000196
思量,草木,0.4282,3.656544,1,2,66,0.000391,0.012911,0.000196
车马,高树,0.4282,3.656544,1,33,4,0.006455,0.000782,0.000196
可怜,汉宫,0.427609,3.058707,4,48,20,0.00939,0.003912,0.000782
太平,宫殿,0.427565,3.354757,2,17,21,0.003326,0.004108,0.000391
同心,陌上,0.427565,3.354757,2,17,21,0.003326,0.004108,0.000391
君王,阑干,0.427318,3.056626,4,74,13,0.014476,0.002543,0.000782
君恩,霓裳,0.427316,3.648997,1,19,7,0.003717,0.001369,0.000196
君恩,夜长,0.427316,3.648997,1,19,7,0.003717,0.001369,0.000196
池塘,风景,0.427316,3.648997,1,7,19,0.001369,0.003717,0.000196
含情,风月,0.427316,3.648997,1,19,7,0.003717,0.001369,0.000196
玉堂,风月,0.427316,3.648997,1,19,7,0.003717,0.001369,0.000196
头白,风月,0.427316,3.648997,1,19,7,0.003717,0.001369,0.000196
寻常,风景,0.427316,3.648997,1,7,19,0.001369,0.003717,0.000196
杜陵,经过,0.426905,3.17649,3,20,32,0.003912,0.00626,0.000587
憔悴,自怜,0.426905,3.17649,3,32,20,0.00626,0.003912,0.000587
自怜,鸳鸯,0.426905,3.17649,3,20,32,0.003912,0.00626,0.000587
玉树,鸳鸯,0.426905,3.17649,3,20,32,0.003912,0.00626,0.000587
春草,王孙,0.426772,2.813895,7,74,29,0.014476,0.005673,0.001369
老去,行乐,0.426498,3.346389,2,15,24,0.002934,0.004695,0.000391
无情,汉宫,0.426498,3.346389,2,18,20,0.003521,0.003912,0.000391
秋色,黄叶,0.426498,3.346389,2,30,12,0.005869,0.002347,0.000391
双飞,思君,0.426498,3.346389,2,15,24,0.002934,0.004695,0.000391
山高,秋雨,0.426498,3.346389,2,18,20,0.003521,0.003912,0.000391
惆怅,杏花,0.426498,3.346389,2,72,5,0.014085,0.000978,0.000391
山头,泉声,0.426498,3.346389,2,24,15,0.004695,0.002934,0.000391
行乐,高台,0.426498,3.346389,2,24,15,0.004695,0.002934,0.000391
古今,镜中,0.426498,3.346389,2,20,18,0.003912,0.003521,0.000391
无情,风飘,0.426498,3.346389,2,18,20,0.003521,0.003912,0.000391
歌声,风飘,0.426498,3.346389,2,18,20,0.003521,0.003912,0.000391
可惜,男儿,0.426498,3.346389,2,10,36,0.001956,0.007042,0.000391
相访,道士,0.426498,3.346389,2,24,15,0.004695,0.002934,0.000391
天地,牡丹,0.426439,3.641506,1,134,1,0.026213,0.000196,0.000196
君恩,垂杨,0.426145,3.343615,2,19,19,0.003717,0.003717,0.000391
含情,玉堂,0.426145,3.343615,2,19,19,0.003717,0.003717,0.000391
婵娟,归去,0.42586,3.168708,3,15,43,0.002934,0.008412,0.000587
北斗,月光,0.425651,3.167159,3,38,17,0.007433,0.003326,0.000587
枕上,淹留,0.425568,3.634071,1,3,45,0.000587,0.008803,0.000196
御沟,鬼神,0.425568,3.634071,1,9,15,0.001761,0.002934,0.000196
心期,随风,0.425568,3.634071,1,5,27,0.000978,0.005282,0.000196
心期,松风,0.425568,3.634071,1,5,27,0.000978,0.005282,0.000196
丹砂,雨后,0.425568,3.634071,1,27,5,0.005282,0.000978,0.000196
双飞,曲江,0.425568,3.634071,1,15,9,0.002934,0.001761,0.000196
丹砂,杏花,0.425568,3.634071,1,27,5,0.005282,0.000978,0.000196
往事,朝朝,0.425568,3.634071,1,5,27,0.000978,0.005282,0.000196
叶落,肠断,0.42544,3.33809,2,11,33,0.002152,0.006455,0.000391
玉楼,相亲,0.42544,3.33809,2,11,33,0.002152,0.006455,0.000391
千门,白蘋,0.42544,3.33809,2,33,11,0.006455,0.002152,0.000391
尘埃,日月,0.425239,2.946868,5,22,61,0.004304,0.011933,0.000978
宛转,芙蓉,0.425236,3.164068,3,12,54,0.002347,0.010563,0.000587
紫微,罗衣,0.425236,3.164068,3,24,27,0.004695,0.005282,0.000587
罗衣,行乐,0.425236,3.164068,3,27,24,0.005282,0.004695,0.000587
咫尺,闻说,0.42509,3.335339,2,28,13,0.005477,0.002543,0.000391
咫尺,绮罗,0.42509,3.335339,2,28,13,0.005477,0.002543,0.000391
月夜,柳色,0.42509,3.335339,2,14,26,0.002739,0.005086,0.000391
月夜,翡翠,0.42509,3.335339,2,14,26,0.002739,0.005086,0.000391
月夜,未央,0.42509,3.335339,2,14,26,0.002739,0.005086,0.000391
故园,风月,0.42509,3.335339,2,52,7,0.010172,0.001369,0.000391
叶落,青天,0.425029,3.162526,3,11,59,0.002152,0.011541,0.000587
人心,独坐,0.424822,3.160986,3,26,25,0.005086,0.00489,0.000587
柳色,梨花,0.424822,3.160986,3,26,25,0.005086,0.00489,0.000587
万国,圣主,0.424822,3.160986,3,25,26,0.00489,0.005086,0.000587
东林,水声,0.424704,3.626691,1,17,8,0.003326,0.001565,0.000196
夜深,时节,0.424704,3.626691,1,17,8,0.003326,0.001565,0.000196
相忆,自由,0.424704,3.626691,1,34,4,0.006651,0.000782,0.000196
同心,残月,0.424704,3.626691,1,17,8,0.003326,0.001565,0.000196
寒食,渭水,0.424615,3.159449,3,21,31,0.004108,0.006064,0.000587
千万,芙蓉,0.424381,2.940924,5,25,54,0.00489,0.010563,0.000978
他日,相访,0.424157,3.034014,4,41,24,0.00802,0.004695,0.000782
九天,他人,0.423697,3.32441,2,23,16,0.004499,0.00313,0.000391
九重,台上,0.423697,3.32441,2,16,23,0.00313,0.004499,0.000391
所以,深山,0.423697,3.32441,2,16,23,0.00313,0.004499,0.000391
九重,圣人,0.423697,3.32441,2,16,23,0.00313,0.004499,0.000391
九重,承恩,0.423697,3.32441,2,16,23,0.00313,0.004499,0.000391
九重,池上,0.423697,3.32441,2,16,23,0.00313,0.004499,0.000391
岁月,风霜,0.42359,3.029958,4,38,26,0.007433,0.005086,0.000782
使君,御沟,0.423351,3.321697,2,41,9,0.00802,0.001761,0.000391
无情,落花,0.423307,3.027935,4,18,55,0.003521,0.010759,0.000782
帝城,渭水,0.423025,3.025917,4,32,31,0.00626,0.006064,0.000782
交亲,君王,0.423006,3.31899,2,5,74,0.000978,0.014476,0.000391
得意,相知,0.422998,2.93134,5,47,29,0.009194,0.005673,0.000978
人情,近来,0.422994,3.612092,1,23,6,0.004499,0.001174,0.000196
肠断,鱼龙,0.42277,3.145718,3,33,20,0.006455,0.003912,0.000587
宫中,玉树,0.42277,3.145718,3,33,20,0.006455,0.003912,0.000587
逍遥,闲居,0.42277,3.145718,3,33,20,0.006455,0.003912,0.000587
独行,茫茫,0.42277,3.145718,3,11,60,0.002152,0.011737,0.000587
仙人,霓裳,0.422662,3.316291,2,53,7,0.010368,0.001369,0.000391
仙人,名利,0.422662,3.316291,2,53,7,0.010368,0.001369,0.000391
庭前,绿水,0.42216,3.141183,3,17,39,0.003326,0.007629,0.000587
意气,昔日,0.42216,3.141183,3,39,17,0.007629,0.003326,0.000587
意气,龙门,0.42216,3.141183,3,39,17,0.007629,0.003326,0.000587
月色,白玉,0.422049,2.924759,5,28,49,0.005477,0.009585,0.000978
迢递,飘飖,0.421902,3.017885,4,25,40,0.00489,0.007825,0.000782
中原,骨肉,0.421756,3.138171,3,35,19,0.006847,0.003717,0.000587
公卿,朱门,0.421636,3.308237,2,22,17,0.004304,0.003326,0.000391
君心,归心,0.421636,3.308237,2,17,22,0.003326,0.004304,0.000391
月光,青天,0.421483,3.01489,4,17,59,0.003326,0.011541,0.000782
月夜,花时,0.421309,3.597704,1,14,10,0.002739,0.001956,0.000196
玲珑,百尺,0.421309,3.597704,1,7,20,0.001369,0.003912,0.000196
依然,依稀,0.421309,3.597704,1,28,5,0.005477,0.000978,0.000196
霓裳,风飘,0.421309,3.597704,1,7,20,0.001369,0.003912,0.000196
古今,霓裳,0.421309,3.597704,1,20,7,0.003912,0.001369,0.000196
阳春,霓裳,0.421309,3.597704,1,20,7,0.003912,0.001369,0.000196
名利,风飘,0.421309,3.597704,1,7,20,0.001369,0.003912,0.000196
古今,名利,0.421309,3.597704,1,20,7,0.003912,0.001369,0.000196
名利,阳春,0.421309,3.597704,1,7,20,0.001369,0.003912,0.000196
天台,风月,0.421309,3.597704,1,20,7,0.003912,0.001369,0.000196
夜长,鱼龙,0.421309,3.597704,1,7,20,0.001369,0.003912,0.000196
半夜,水边,0.421309,3.597704,1,10,14,0.001956,0.002739,0.000196
阳春,风月,0.421309,3.597704,1,20,7,0.003912,0.001369,0.000196
玉树,风月,0.421309,3.597704,1,20,7,0.003912,0.001369,0.000196
远客,风月,0.421309,3.597704,1,20,7,0.003912,0.001369,0.000196
尚书,雨后,0.421309,3.597704,1,28,5,0.005477,0.000978,0.000196
经年,阙下,0.421309,3.597704,1,14,10,0.002739,0.001956,0.000196
寻常,风飘,0.421309,3.597704,1,7,20,0.001369,0.003912,0.000196
知音,自由,0.421309,3.597704,1,35,4,0.006847,0.000782,0.000196
早晚,池塘,0.421309,3.597704,1,20,7,0.003912,0.001369,0.000196
寻常,秋雨,0.421309,3.597704,1,7,20,0.001369,0.003912,0.000196
玉树,霓裳,0.421309,3.597704,1,20,7,0.003912,0.001369,0.000196
天台,玲珑,0.421309,3.597704,1,20,7,0.003912,0.001369,0.000196
两相,人皆,0.421295,3.305567,2,15,25,0.002934,0.00489,0.000391
双阙,英雄,0.421295,3.305567,2,15,25,0.002934,0.00489,0.000391
春来,老去,0.421295,3.305567,2,25,15,0.00489,0.002934,0.000391
可怜,寒食,0.420788,3.009917,4,48,21,0.00939,0.004108,0.000782
巫山,月下,0.420788,3.009917,4,42,24,0.008216,0.004695,0.000782
南北,梧桐,0.420617,3.300248,2,13,29,0.002543,0.005673,0.000391
南北,断肠,0.420617,3.300248,2,13,29,0.002543,0.005673,0.000391
万物,南北,0.420617,3.300248,2,29,13,0.005673,0.002543,0.000391
枕上,高楼,0.420476,3.590586,1,3,47,0.000587,0.009194,0.000196
经过,陌上,0.420348,3.1277,3,32,21,0.00626,0.004108,0.000587
读书,陌上,0.420348,3.1277,3,32,21,0.00626,0.004108,0.000587
子孙,读书,0.420348,3.1277,3,21,32,0.004108,0.00626,0.000587
子孙,憔悴,0.420348,3.1277,3,21,32,0.004108,0.00626,0.000587
思君,落叶,0.420348,3.1277,3,24,28,0.004695,0.005477,0.000587
青楼,鸳鸯,0.420348,3.1277,3,21,32,0.004108,0.00626,0.000587
零落,青松,0.420348,3.1277,3,21,32,0.004108,0.00626,0.000587
零落,鸳鸯,0.420348,3.1277,3,21,32,0.004108,0.00626,0.000587
所以,蓬莱,0.420348,3.1277,3,16,42,0.00313,0.008216,0.000587
巫山,楚水,0.420348,3.1277,3,42,16,0.008216,0.00313,0.000587
月夜,罗衣,0.42028,3.297599,2,14,27,0.002739,0.005282,0.000391
路傍,陌上,0.42028,3.297599,2,18,21,0.003521,0.004108,0.000391
镜中,零落,0.42028,3.297599,2,18,21,0.003521,0.004108,0.000391
殷勤,烟霞,0.42028,3.297599,2,21,18,0.004108,0.003521,0.000391
无情,青楼,0.42028,3.297599,2,18,21,0.003521,0.004108,0.000391
子孙,辛苦,0.42028,3.297599,2,21,18,0.004108,0.003521,0.000391
歌声,花间,0.42028,3.297599,2,18,21,0.003521,0.004108,0.000391
临水,殷勤,0.42028,3.297599,2,18,21,0.003521,0.004108,0.000391
年少,白马,0.41996,2.910287,5,24,58,0.004695,0.011346,0.000978
今已,独立,0.419958,3.003982,4,26,39,0.005086,0.007629,0.000782
百年,笙歌,0.41975,3.123246,3,45,15,0.008803,0.002934,0.000587
日晚,朝朝,0.41975,3.123246,3,25,27,0.00489,0.005282,0.000587
南山,曲江,0.41975,3.123246,3,75,9,0.014671,0.001761,0.000587
双飞,相见,0.41965,2.908134,5,15,93,0.002934,0.018192,0.000978
生死,骨肉,0.419607,3.292322,2,20,19,0.003912,0.003717,0.000391
百尺,黄昏,0.419607,3.292322,2,20,19,0.003912,0.003717,0.000391
佳期,当年,0.419607,3.292322,2,20,19,0.003912,0.003717,0.000391
当年,须臾,0.419607,3.292322,2,19,20,0.003717,0.003912,0.000391
君恩,汉宫,0.419607,3.292322,2,19,20,0.003717,0.003912,0.000391
垂杨,风飘,0.419607,3.292322,2,19,20,0.003717,0.003912,0.000391
含情,远客,0.419607,3.292322,2,19,20,0.003717,0.003912,0.000391
风飘,黄昏,0.419607,3.292322,2,20,19,0.003912,0.003717,0.000391
姓名,白首,0.419551,3.121765,3,13,52,0.002543,0.010172,0.000587
相随,自言,0.419551,3.121765,3,26,26,0.005086,0.005086,0.000587
白玉,蛾眉,0.419167,2.828367,6,49,37,0.009585,0.007238,0.001174
远山,飘飖,0.419133,2.904556,5,35,40,0.006847,0.007825,0.000978
叶落,梦魂,0.418826,3.576501,1,11,13,0.002152,0.002543,0.000196
他年,闻说,0.418826,3.576501,1,11,13,0.002152,0.002543,0.000196
独行,钓鱼,0.418826,3.576501,1,11,13,0.002152,0.002543,0.000196
叶落,夜月,0.418826,3.576501,1,11,13,0.002152,0.002543,0.000196
从军,芳树,0.418826,3.576501,1,13,11,0.002543,0.002152,0.000196
逢人,阑干,0.418826,3.576501,1,11,13,0.002152,0.002543,0.000196
岁寒,管弦,0.418826,3.576501,1,13,11,0.002543,0.002152,0.000196
山川,逶迤,0.418722,2.901703,5,36,39,0.007042,0.007629,0.000978
千金,鸳鸯,0.418586,2.994169,4,32,32,0.00626,0.00626,0.000782
青松,鸳鸯,0.418586,2.994169,4,32,32,0.00626,0.00626,0.000782
君王,歌舞,0.418552,2.703805,8,74,37,0.014476,0.007238,0.001565
山高,萧萧,0.418313,2.992217,4,18,57,0.003521,0.01115,0.000782
相逢,红尘,0.418273,3.281851,2,96,4,0.018779,0.000782,0.000391
鸳鸯,黄叶,0.418273,3.281851,2,32,12,0.00626,0.002347,0.000391
君家,独自,0.418273,3.281851,2,32,12,0.00626,0.002347,0.000391
红粉,青苔,0.418273,3.281851,2,16,24,0.00313,0.004695,0.000391
古木,寥落,0.418273,3.281851,2,16,24,0.00313,0.004695,0.000391
所以,行乐,0.418273,3.281851,2,16,24,0.00313,0.004695,0.000391
草绿,行乐,0.418273,3.281851,2,16,24,0.00313,0.004695,0.000391
石上,红粉,0.418273,3.281851,2,24,16,0.004695,0.00313,0.000391
满地,自古,0.418273,3.281851,2,12,32,0.002347,0.00626,0.000391
独自,野花,0.41801,3.569533,1,12,12,0.002347,0.002347,0.000196
水声,镜中,0.41801,3.569533,1,8,18,0.001565,0.003521,0.000196
无力,碧云,0.41801,3.569533,1,8,18,0.001565,0.003521,0.000196
宛转,月落,0.41801,3.569533,1,12,12,0.002347,0.002347,0.000196
扬州,曲江,0.41801,3.569533,1,16,9,0.00313,0.001761,0.000196
世间,扬州,0.41801,3.569533,1,9,16,0.001761,0.00313,0.000196
山僧,水声,0.41801,3.569533,1,18,8,0.003521,0.001565,0.000196
水声,秋来,0.41801,3.569533,1,8,18,0.001565,0.003521,0.000196
满地,野花,0.41801,3.569533,1,12,12,0.002347,0.002347,0.000196
临水,时节,0.41801,3.569533,1,18,8,0.003521,0.001565,0.000196
近来,青苔,0.41801,3.569533,1,6,24,0.001174,0.004695,0.000196
时节,烟霞,0.41801,3.569533,1,8,18,0.001565,0.003521,0.000196
江边,自由,0.41801,3.569533,1,36,4,0.007042,0.000782,0.000196
凄凉,金谷,0.41801,3.569533,1,18,8,0.003521,0.001565,0.000196
残月,雨露,0.41801,3.569533,1,8,18,0.001565,0.003521,0.000196
次第,风流,0.41801,3.569533,1,3,48,0.000587,0.00939,0.000196
微雨,黄叶,0.41801,3.569533,1,12,12,0.002347,0.002347,0.000196
世上,路傍,0.41797,3.11,3,38,18,0.007433,0.003521,0.000587
云雨,无限,0.41797,3.11,3,36,19,0.007042,0.003717,0.000587
无限,衣裳,0.41797,3.11,3,19,36,0.003717,0.007042,0.000587
扁舟,烟雨,0.41797,3.11,3,57,12,0.01115,0.002347,0.000587
天上,月中,0.41797,3.11,3,57,12,0.01115,0.002347,0.000587
星辰,黄鹤,0.41797,3.11,3,18,38,0.003521,0.007433,0.000587
叶落,月明,0.417941,3.27925,2,11,35,0.002152,0.006847,0.000391
独行,远山,0.417941,3.27925,2,11,35,0.002152,0.006847,0.000391
花落,莺啼,0.417577,3.107081,3,49,14,0.009585,0.002739,0.000587
王孙,雨后,0.4172,3.562612,1,29,5,0.005673,0.000978,0.000196
斜阳,断肠,0.4172,3.562612,1,5,29,0.000978,0.005673,0.000196
往事,秋天,0.4172,3.562612,1,5,29,0.000978,0.005673,0.000196
南国,往事,0.4172,3.562612,1,29,5,0.005673,0.000978,0.000196
交亲,相知,0.4172,3.562612,1,5,29,0.000978,0.005673,0.000196
归客,雨后,0.4172,3.562612,1,29,5,0.005673,0.000978,0.000196
归去,草绿,0.417186,3.104169,3,43,16,0.008412,0.00313,0.000587
从容,孤城,0.416796,3.101267,3,15,46,0.002934,0.008998,0.000587
万事,今已,0.416419,2.978664,4,40,26,0.007825,0.005086,0.000782
云间,从军,0.416297,3.266346,2,30,13,0.005869,0.002543,0.000391
相随,笙歌,0.416297,3.266346,2,26,15,0.005086,0.002934,0.000391
双飞,翡翠,0.416297,3.266346,2,15,26,0.002934,0.005086,0.000391
八月,双飞,0.416297,3.266346,2,26,15,0.005086,0.002934,0.000391
笙歌,翠微,0.416297,3.266346,2,15,26,0.002934,0.005086,0.000391
人世,生涯,0.416297,3.266346,2,15,26,0.002934,0.005086,0.000391
半夜,相看,0.416297,3.266346,2,10,39,0.001956,0.007629,0.000391
相寻,青门,0.416297,3.266346,2,13,30,0.002543,0.005869,0.000391
夜月,风动,0.416297,3.266346,2,13,30,0.002543,0.005869,0.000391
宫中,陌上,0.416213,3.096928,3,33,21,0.006455,0.004108,0.000587
相亲,花间,0.416213,3.096928,3,33,21,0.006455,0.004108,0.000587
子孙,逍遥,0.416213,3.096928,3,21,33,0.004108,0.006455,0.000587
光辉,歌舞,0.416173,2.808165,6,50,37,0.009781,0.007238,0.001174
封侯,昔日,0.41597,3.263786,2,23,17,0.004499,0.003326,0.000391
九天,昔日,0.41597,3.263786,2,23,17,0.004499,0.003326,0.000391
城下,城中,0.41597,3.263786,2,17,23,0.003326,0.004499,0.000391
垂杨,落花,0.415748,2.973868,4,19,55,0.003717,0.010759,0.000782
无力,白玉,0.415645,3.261231,2,8,49,0.001565,0.009585,0.000391
空山,霓裳,0.415645,3.261231,2,56,7,0.010955,0.001369,0.000391
王孙,行乐,0.415632,3.092609,3,29,24,0.005673,0.004695,0.000587
山头,断肠,0.415632,3.092609,3,24,29,0.004695,0.005673,0.000587
断肠,月下,0.415632,3.092609,3,29,24,0.005673,0.004695,0.000587
宛转,裴回,0.415632,3.092609,3,12,58,0.002347,0.011346,0.000587
多情,杨柳,0.415595,3.548913,1,3,49,0.000587,0.009585,0.000196
始知,等闲,0.415595,3.548913,1,49,3,0.009585,0.000587,0.000196
夜长,青楼,0.415595,3.548913,1,7,21,0.001369,0.004108,0.000196
零落,霓裳,0.415595,3.548913,1,21,7,0.004108,0.001369,0.000196
名利,零落,0.415595,3.548913,1,7,21,0.001369,0.004108,0.000196
零落,风月,0.415595,3.548913,1,21,7,0.004108,0.001369,0.000196
陌上,风月,0.415595,3.548913,1,21,7,0.004108,0.001369,0.000196
杨柳,珍重,0.415595,3.548913,1,49,3,0.009585,0.000587,0.000196
子孙,寻常,0.415595,3.548913,1,21,7,0.004108,0.001369,0.000196
寻常,花飞,0.415595,3.548913,1,7,21,0.001369,0.004108,0.000196
宫殿,霓裳,0.415595,3.548913,1,21,7,0.004108,0.001369,0.000196
池塘,黄花,0.415595,3.548913,1,7,21,0.001369,0.004108,0.000196
人皆,秋草,0.415081,2.969095,4,25,42,0.00489,0.008216,0.000782
日落,鸳鸯,0.415068,2.876386,5,45,32,0.008803,0.00626,0.000978
佳期,花开,0.414862,3.086878,3,20,35,0.003912,0.006847,0.000587
生死,造化,0.414862,3.086878,3,20,35,0.003912,0.006847,0.000587
别后,月色,0.414862,3.086878,3,25,28,0.00489,0.005477,0.000587
意气,罗衣,0.414682,2.966242,4,39,27,0.007629,0.005282,0.000782
山路,翠微,0.414479,3.084025,3,27,26,0.005282,0.005086,0.000587
松风,翠微,0.414479,3.084025,3,27,26,0.005282,0.005086,0.000587
多情,黄金,0.414351,3.251079,2,3,132,0.000587,0.025822,0.000391
男儿,风光,0.414351,3.251079,2,36,11,0.007042,0.002152,0.000391
肠断,黄叶,0.414351,3.251079,2,33,12,0.006455,0.002347,0.000391
今朝,玉楼,0.414351,3.251079,2,36,11,0.007042,0.002152,0.000391
千门,昔年,0.414351,3.251079,2,33,12,0.006455,0.002347,0.000391
当年,青春,0.414287,3.082601,3,19,37,0.003717,0.007238,0.000587
湘水,自古,0.414284,2.963397,4,33,32,0.006455,0.00626,0.000782
去年,肠断,0.414284,2.963397,4,32,33,0.00626,0.006455,0.000782
人生,日晚,0.414184,2.794742,6,75,25,0.014671,0.00489,0.001174
东海,莲花,0.414096,3.08118,3,32,22,0.00626,0.004304,0.000587
公卿,欢娱,0.414096,3.08118,3,22,32,0.004304,0.00626,0.000587
所思,自古,0.414096,3.08118,3,22,32,0.004304,0.00626,0.000587
富贵,笙歌,0.413905,3.07976,3,47,15,0.009194,0.002934,0.000587
含情,浮生,0.413389,3.243532,2,19,21,0.003717,0.004108,0.000391
相对,花飞,0.413389,3.243532,2,19,21,0.003717,0.004108,0.000391
玉堂,陌上,0.413389,3.243532,2,19,21,0.003717,0.004108,0.000391
重阳,黄花,0.413389,3.243532,2,19,21,0.003717,0.004108,0.000391
花间,黄昏,0.413389,3.243532,2,21,19,0.004108,0.003717,0.000391
罗衣,芙蓉,0.413276,2.863963,5,27,54,0.005282,0.010563,0.000978
登高,菊花,0.413276,2.863963,5,54,27,0.010563,0.005282,0.000978
依稀,月出,0.41323,3.528711,1,5,30,0.000978,0.005869,0.000196
从容,物外,0.41323,3.528711,1,15,10,0.002934,0.001956,0.000196
心期,秋色,0.41323,3.528711,1,5,30,0.000978,0.005869,0.000196
双飞,绿杨,0.41323,3.528711,1,15,10,0.002934,0.001956,0.000196
可惜,婵娟,0.41323,3.528711,1,10,15,0.001956,0.002934,0.000196
双飞,可惜,0.41323,3.528711,1,15,10,0.002934,0.001956,0.000196
临风,花时,0.41323,3.528711,1,15,10,0.002934,0.001956,0.000196
斜阳,门前,0.41323,3.528711,1,5,30,0.000978,0.005869,0.000196
他乡,到处,0.41323,3.528711,1,30,5,0.005869,0.000978,0.000196
临风,雨中,0.41323,3.528711,1,15,10,0.002934,0.001956,0.000196
两相,雨中,0.41323,3.528711,1,15,10,0.002934,0.001956,0.000196
物外,鬼神,0.41323,3.528711,1,10,15,0.001956,0.002934,0.000196
可惜,老去,0.41323,3.528711,1,10,15,0.001956,0.002934,0.000196
临风,阙下,0.41323,3.528711,1,15,10,0.002934,0.001956,0.000196
心期,谢公,0.41323,3.528711,1,5,30,0.000978,0.005869,0.000196
斜阳,谢公,0.41323,3.528711,1,5,30,0.000978,0.005869,0.000196
十年,男儿,0.413182,2.620452,9,93,36,0.018192,0.007042,0.001761
佳期,须臾,0.41307,3.241029,2,20,20,0.003912,0.003912,0.000391
佳期,早晚,0.41307,3.241029,2,20,20,0.003912,0.003912,0.000391
早晚,自怜,0.41307,3.241029,2,20,20,0.003912,0.003912,0.000391
佳期,自怜,0.41307,3.241029,2,20,20,0.003912,0.003912,0.000391
汉宫,玉树,0.41307,3.241029,2,20,20,0.003912,0.003912,0.000391
晚来,汉宫,0.41307,3.241029,2,20,20,0.003912,0.003912,0.000391
晚来,玉树,0.41307,3.241029,2,20,20,0.003912,0.003912,0.000391
朝廷,阙下,0.41307,3.241029,2,40,10,0.007825,0.001956,0.000391
玉树,生死,0.41307,3.241029,2,20,20,0.003912,0.003912,0.000391
千万,怜君,0.41307,3.241029,2,25,16,0.00489,0.00313,0.000391
人皆,所以,0.41307,3.241029,2,25,16,0.00489,0.00313,0.000391
天台,早晚,0.41307,3.241029,2,20,20,0.003912,0.003912,0.000391
将军,路傍,0.413003,2.786773,6,105,18,0.02054,0.003521,0.001174
万户,行人,0.412377,2.782549,6,26,73,0.005086,0.01428,0.001174
十里,往来,0.412201,3.067075,3,17,42,0.003326,0.008216,0.000587
梧桐,蛾眉,0.412052,2.947427,4,29,37,0.005673,0.007238,0.000782
咸阳,天子,0.412042,2.530533,11,37,121,0.007238,0.02367,0.002152
所以,青云,0.411897,2.854407,5,16,92,0.00313,0.017997,0.000978
对酒,高树,0.411679,3.515465,1,38,4,0.007433,0.000782,0.000196
心事,无力,0.411679,3.515465,1,19,8,0.003717,0.001565,0.000196
岁月,红尘,0.411679,3.515465,1,38,4,0.007433,0.000782,0.000196
当年,无力,0.411679,3.515465,1,19,8,0.003717,0.001565,0.000196
时节,风景,0.411679,3.515465,1,8,19,0.001565,0.003717,0.000196
山色,水声,0.411679,3.515465,1,19,8,0.003717,0.001565,0.000196
暮雨,老去,0.411487,3.228606,2,27,15,0.005282,0.002934,0.000391
向人,罗衣,0.411487,3.228606,2,15,27,0.002934,0.005282,0.000391
丹砂,婵娟,0.411487,3.228606,2,27,15,0.005282,0.002934,0.000391
大道,满眼,0.411487,3.228606,2,27,15,0.005282,0.002934,0.000391
人世,清净,0.411487,3.228606,2,15,27,0.002934,0.005282,0.000391
菊花,高台,0.411487,3.228606,2,27,15,0.005282,0.002934,0.000391
婵娟,罗衣,0.411487,3.228606,2,15,27,0.002934,0.005282,0.000391
大道,高台,0.411487,3.228606,2,27,15,0.005282,0.002934,0.000391
朝朝,高台,0.411487,3.228606,2,27,15,0.005282,0.002934,0.000391
淹留,萧索,0.411143,2.940924,4,45,24,0.008803,0.004695,0.000782
寥落,淹留,0.411143,2.940924,4,24,45,0.004695,0.008803,0.000782
松风,飘飖,0.411143,2.940924,4,27,40,0.005282,0.007825,0.000782
两相,可怜,0.411076,3.058707,3,15,48,0.002934,0.00939,0.000587
云雨,汉宫,0.411076,3.058707,3,36,20,0.007042,0.003912,0.000587
汉宫,衣裳,0.411076,3.058707,3,20,36,0.003912,0.007042,0.000587
今朝,晚来,0.411076,3.058707,3,36,20,0.007042,0.003912,0.000587
圣人,得意,0.411013,2.939999,4,23,47,0.004499,0.009194,0.000782
故乡,枕上,0.410911,3.508908,1,51,3,0.009977,0.000587,0.000196
御沟,龙门,0.410911,3.508908,1,9,17,0.001761,0.003326,0.000196
春深,龙门,0.410911,3.508908,1,9,17,0.001761,0.003326,0.000196
世间,朱门,0.410911,3.508908,1,9,17,0.001761,0.003326,0.000196
世间,连天,0.410911,3.508908,1,9,17,0.001761,0.003326,0.000196
依旧,同心,0.410911,3.508908,1,9,17,0.001761,0.003326,0.000196
依旧,庭前,0.410911,3.508908,1,9,17,0.001761,0.003326,0.000196
吟诗,日斜,0.410911,3.508908,1,9,17,0.001761,0.003326,0.000196
日斜,曲江,0.410911,3.508908,1,17,9,0.003326,0.001761,0.000196
昔日,青苔,0.410546,3.221226,2,17,24,0.003326,0.004695,0.000391
月夜,芳树,0.410148,3.502393,1,14,11,0.002739,0.002152,0.000196
春雨,莺啼,0.410148,3.502393,1,11,14,0.002152,0.002739,0.000196
明年,霓裳,0.410148,3.502393,1,22,7,0.004304,0.001369,0.000196
莲花,霓裳,0.410148,3.502393,1,22,7,0.004304,0.001369,0.000196
尘埃,霓裳,0.410148,3.502393,1,22,7,0.004304,0.001369,0.000196
名利,明年,0.410148,3.502393,1,7,22,0.001369,0.004304,0.000196
名利,莲花,0.410148,3.502393,1,7,22,0.001369,0.004304,0.000196
名利,尘埃,0.410148,3.502393,1,7,22,0.001369,0.004304,0.000196
东方,霓裳,0.410148,3.502393,1,22,7,0.004304,0.001369,0.000196
他年,莺啼,0.410148,3.502393,1,11,14,0.002152,0.002739,0.000196
寻常,闭门,0.410148,3.502393,1,7,22,0.001369,0.004304,0.000196
东方,风月,0.410148,3.502393,1,22,7,0.004304,0.001369,0.000196
春雨,马嘶,0.410148,3.502393,1,11,14,0.002152,0.002739,0.000196
夜来,玲珑,0.410148,3.502393,1,22,7,0.004304,0.001369,0.000196
文字,青草,0.410148,3.502393,1,7,22,0.001369,0.004304,0.000196
别后,相知,0.410146,3.051787,3,25,29,0.00489,0.005673,0.000587
咫尺,相看,0.409598,2.929874,4,28,39,0.005477,0.007629,0.000782
佳人,独立,0.409598,2.929874,4,28,39,0.005477,0.007629,0.000782
今已,秋草,0.409598,2.929874,4,26,42,0.005086,0.008216,0.000782
佳人,叹息,0.409598,2.929874,4,28,39,0.005477,0.007629,0.000782
白首,零落,0.409598,2.929874,4,52,21,0.010172,0.004108,0.000782
羽翼,自言,0.409591,3.047657,3,28,26,0.005477,0.005086,0.000587
山阴,雨后,0.40939,3.495921,1,31,5,0.006064,0.000978,0.000196
斜阳,鸟飞,0.40939,3.495921,1,5,31,0.000978,0.006064,0.000196
霓裳,青天,0.408994,3.209046,2,7,59,0.001369,0.011541,0.000391
人间,烟雨,0.408855,3.042178,3,61,12,0.011933,0.002347,0.000587
日月,星辰,0.408832,2.924395,4,61,18,0.011933,0.003521,0.000782
池上,秋来,0.408685,3.206627,2,23,18,0.004499,0.003521,0.000391
圣人,星辰,0.408685,3.206627,2,23,18,0.004499,0.003521,0.000391
星辰,路长,0.408685,3.206627,2,18,23,0.003521,0.004499,0.000391
山僧,自知,0.408685,3.206627,2,18,23,0.003521,0.004499,0.000391
桃源,登楼,0.408685,3.206627,2,23,18,0.004499,0.003521,0.000391
梦魂,黄叶,0.408637,3.48949,1,13,12,0.002543,0.002347,0.000196
南北,独自,0.408637,3.48949,1,13,12,0.002543,0.002347,0.000196
永日,瑶池,0.408637,3.48949,1,12,13,0.002347,0.002543,0.000196
月落,绮罗,0.408637,3.48949,1,12,13,0.002347,0.002543,0.000196
宛转,岁寒,0.408637,3.48949,1,12,13,0.002347,0.002543,0.000196
宛转,相寻,0.408637,3.48949,1,12,13,0.002347,0.002543,0.000196
南北,宛转,0.408637,3.48949,1,13,12,0.002543,0.002347,0.000196
岁寒,月落,0.408637,3.48949,1,13,12,0.002543,0.002347,0.000196
月落,相寻,0.408637,3.48949,1,12,13,0.002347,0.002543,0.000196
南北,月落,0.408637,3.48949,1,13,12,0.002543,0.002347,0.000196
愁人,钓鱼,0.408637,3.48949,1,12,13,0.002347,0.002543,0.000196
梦魂,满地,0.408637,3.48949,1,13,12,0.002543,0.002347,0.000196
南宫,岁寒,0.408637,3.48949,1,12,13,0.002347,0.002543,0.000196
满地,瑶池,0.408637,3.48949,1,12,13,0.002347,0.002543,0.000196
昔年,阑干,0.408637,3.48949,1,12,13,0.002347,0.002543,0.000196
年华,风霜,0.408637,3.48949,1,6,26,0.001174,0.005086,0.000196
春风,汉宫,0.408589,2.639449,8,146,20,0.02856,0.003912,0.001565
落花,风飘,0.408577,2.922575,4,55,20,0.010759,0.003912,0.000782
行客,远山,0.408305,3.038088,3,21,35,0.004108,0.006847,0.000587
不归,是非,0.408122,3.036728,3,32,23,0.00626,0.004499,0.000587
不归,苦辛,0.408122,3.036728,3,32,23,0.00626,0.004499,0.000587
林下,池上,0.408122,3.036728,3,32,23,0.00626,0.004499,0.000587
欢娱,窈窕,0.408122,3.036728,3,32,23,0.00626,0.004499,0.000587
万户,长安,0.408085,2.588125,9,26,133,0.005086,0.026017,0.001761
从军,雨雪,0.408071,3.201808,2,13,32,0.002543,0.00626,0.000391
从军,梅花,0.408071,3.201808,2,13,32,0.002543,0.00626,0.000391
今已,他人,0.408071,3.201808,2,26,16,0.005086,0.00313,0.000391
经过,绮罗,0.408071,3.201808,2,32,13,0.00626,0.002543,0.000391
帝城,绮罗,0.408071,3.201808,2,32,13,0.00626,0.002543,0.000391
梦魂,鸳鸯,0.408071,3.201808,2,13,32,0.002543,0.00626,0.000391
南北,憔悴,0.408071,3.201808,2,13,32,0.002543,0.00626,0.000391
岁寒,青松,0.408071,3.201808,2,13,32,0.002543,0.00626,0.000391
东海,南北,0.408071,3.201808,2,32,13,0.00626,0.002543,0.000391
世事,瑶池,0.408071,3.201808,2,32,13,0.00626,0.002543,0.000391
相望,路长,0.40807,2.918945,4,48,23,0.00939,0.004499,0.000782
窈窕,黄河,0.40807,2.918945,4,23,48,0.004499,0.00939,0.000782
云雨,巫山,0.408028,2.827595,5,36,42,0.007042,0.008216,0.000978
垂杨,有情,0.40746,3.197012,2,19,22,0.003717,0.004304,0.000391
君恩,有情,0.40746,3.197012,2,19,22,0.003717,0.004304,0.000391
公卿,心事,0.40746,3.197012,2,22,19,0.004304,0.003717,0.000391
汉宫,蛾眉,0.407394,3.031308,3,20,37,0.003912,0.007238,0.000587
昆仑,晚来,0.407394,3.031308,3,37,20,0.007238,0.003912,0.000587
咸阳,生死,0.407394,3.031308,3,37,20,0.007238,0.003912,0.000587
歌舞,玉树,0.407394,3.031308,3,37,20,0.007238,0.003912,0.000587
南北,扁舟,0.407212,3.029958,3,13,57,0.002543,0.01115,0.000587
咫尺,笙歌,0.406852,3.192238,2,28,15,0.005477,0.002934,0.000391
月明,黄叶,0.406852,3.192238,2,35,12,0.006847,0.002347,0.000391
风动,马嘶,0.406852,3.192238,2,30,14,0.005869,0.002739,0.000391
双飞,落叶,0.406852,3.192238,2,15,28,0.002934,0.005477,0.000391
依然,高台,0.406852,3.192238,2,28,15,0.005477,0.002934,0.000391
月色,秋声,0.406852,3.192238,2,28,15,0.005477,0.002934,0.000391
尚书,花枝,0.406852,3.192238,2,28,15,0.005477,0.002934,0.000391
杜陵,陌上,0.406852,3.192238,2,20,21,0.003912,0.004108,0.000391
子孙,自怜,0.406852,3.192238,2,21,20,0.004108,0.003912,0.000391
汉宫,花间,0.406852,3.192238,2,20,21,0.003912,0.004108,0.000391
玉树,花间,0.406852,3.192238,2,20,21,0.003912,0.004108,0.000391
晚来,花间,0.406852,3.192238,2,20,21,0.003912,0.004108,0.000391
汉宫,青楼,0.406852,3.192238,2,20,21,0.003912,0.004108,0.000391
北阙,汉宫,0.406852,3.192238,2,21,20,0.004108,0.003912,0.000391
玉树,青楼,0.406852,3.192238,2,20,21,0.003912,0.004108,0.000391
北阙,玉树,0.406852,3.192238,2,21,20,0.004108,0.003912,0.000391
晚来,青楼,0.406852,3.192238,2,20,21,0.003912,0.004108,0.000391
北阙,晚来,0.406852,3.192238,2,21,20,0.004108,0.003912,0.000391
寒食,阳城,0.406852,3.192238,2,21,20,0.004108,0.003912,0.000391
古今,霄汉,0.406852,3.192238,2,20,21,0.003912,0.004108,0.000391
可惜,秋草,0.406852,3.192238,2,10,42,0.001956,0.008216,0.000391
花间,风飘,0.406852,3.192238,2,21,20,0.004108,0.003912,0.000391
年少,渭水,0.406669,3.025917,3,24,31,0.004695,0.006064,0.000587
乾坤,雨露,0.406559,2.908134,4,62,18,0.012128,0.003521,0.000782
君心,白露,0.405949,3.020555,3,17,44,0.003326,0.008607,0.000587
明年,春水,0.405949,3.020555,3,22,34,0.004304,0.006651,0.000587
生死,金谷,0.405672,3.464172,1,20,8,0.003912,0.001565,0.000196
玉树,金谷,0.405672,3.464172,1,20,8,0.003912,0.001565,0.000196
他人,关河,0.405672,3.464172,1,16,10,0.00313,0.001956,0.000196
半夜,扬州,0.405672,3.464172,1,10,16,0.001956,0.00313,0.000196
世事,心期,0.405672,3.464172,1,32,5,0.00626,0.000978,0.000196
可惜,怜君,0.405672,3.464172,1,10,16,0.001956,0.00313,0.000196
可惜,草绿,0.405672,3.464172,1,10,16,0.001956,0.00313,0.000196
可惜,楚水,0.405672,3.464172,1,10,16,0.001956,0.00313,0.000196
交亲,雨雪,0.405672,3.464172,1,5,32,0.000978,0.00626,0.000196
到处,读书,0.405672,3.464172,1,5,32,0.000978,0.00626,0.000196
时节,老人,0.405672,3.464172,1,8,20,0.001565,0.003912,0.000196
花下,读书,0.405672,3.464172,1,5,32,0.000978,0.00626,0.000196
无力,骑马,0.405672,3.464172,1,8,20,0.001565,0.003912,0.000196
所以,阙下,0.405672,3.464172,1,16,10,0.00313,0.001956,0.000196
楚水,阙下,0.405672,3.464172,1,16,10,0.00313,0.001956,0.000196
花下,鸳鸯,0.405672,3.464172,1,5,32,0.000978,0.00626,0.000196
云间,独坐,0.40559,3.017885,3,30,25,0.005869,0.00489,0.000587
新诗,风动,0.40559,3.017885,3,25,30,0.00489,0.005869,0.000587
明日,饮酒,0.40559,3.017885,3,30,25,0.005869,0.00489,0.000587
别后,明日,0.40559,3.017885,3,25,30,0.00489,0.005869,0.000587
人生,可惜,0.40559,3.017885,3,75,10,0.014671,0.001956,0.000587
同心,吾道,0.405343,3.180404,2,17,25,0.003326,0.00489,0.000391
帝乡,月光,0.405343,3.180404,2,25,17,0.00489,0.003326,0.000391
万国,城下,0.405343,3.180404,2,25,17,0.00489,0.003326,0.000391
万国,君心,0.405343,3.180404,2,25,17,0.00489,0.003326,0.000391
功名,日斜,0.405343,3.180404,2,25,17,0.00489,0.003326,0.000391
得意,怜君,0.405232,3.015222,3,47,16,0.009194,0.00313,0.000587
台上,玲珑,0.404942,3.457942,1,23,7,0.004499,0.001369,0.000196
路长,霓裳,0.404942,3.457942,1,23,7,0.004499,0.001369,0.000196
名利,路长,0.404942,3.457942,1,7,23,0.001369,0.004499,0.000196
圣人,霓裳,0.404942,3.457942,1,23,7,0.004499,0.001369,0.000196
名利,圣人,0.404942,3.457942,1,7,23,0.001369,0.004499,0.000196
承恩,池塘,0.404942,3.457942,1,23,7,0.004499,0.001369,0.000196
桃源,池塘,0.404942,3.457942,1,23,7,0.004499,0.001369,0.000196
圣人,池塘,0.404942,3.457942,1,23,7,0.004499,0.001369,0.000196
桃源,风月,0.404942,3.457942,1,23,7,0.004499,0.001369,0.000196
人情,文字,0.404942,3.457942,1,23,7,0.004499,0.001369,0.000196
寻常,承恩,0.404942,3.457942,1,7,23,0.001369,0.004499,0.000196
台上,寻常,0.404942,3.457942,1,23,7,0.004499,0.001369,0.000196
池塘,潺湲,0.404942,3.457942,1,7,23,0.001369,0.004499,0.000196
窈窕,霓裳,0.404942,3.457942,1,23,7,0.004499,0.001369,0.000196
白马,相寻,0.404875,3.012566,3,58,13,0.011346,0.002543,0.000587
江海,池塘,0.404745,3.175709,2,61,7,0.011933,0.001369,0.000391
大道,昔时,0.404519,3.009917,3,27,28,0.005282,0.005477,0.000587
今朝,青楼,0.404519,3.009917,3,36,21,0.007042,0.004108,0.000587
无情,秋草,0.404519,3.009917,3,18,42,0.003521,0.008216,0.000587
巫山,摇落,0.404519,3.009917,3,42,18,0.008216,0.003521,0.000587
春深,百花,0.404217,3.45175,1,9,18,0.001761,0.003521,0.000196
世间,星辰,0.404217,3.45175,1,9,18,0.001761,0.003521,0.000196
世间,烟霞,0.404217,3.45175,1,9,18,0.001761,0.003521,0.000196
曲江,歌声,0.404217,3.45175,1,9,18,0.001761,0.003521,0.000196
依旧,无情,0.404217,3.45175,1,9,18,0.001761,0.003521,0.000196
万古,珍重,0.404217,3.45175,1,54,3,0.010563,0.000587,0.000196
依旧,登楼,0.404217,3.45175,1,9,18,0.001761,0.003521,0.000196
年华,题诗,0.404217,3.45175,1,6,27,0.001174,0.005282,0.000196
年华,朝朝,0.404217,3.45175,1,6,27,0.001174,0.005282,0.000196
从军,肠断,0.404149,3.171036,2,13,33,0.002543,0.006455,0.000391
宫中,瑶池,0.404149,3.171036,2,33,13,0.006455,0.002543,0.000391
功成,姓名,0.404149,3.171036,2,33,13,0.006455,0.002543,0.000391
梦魂,肠断,0.404149,3.171036,2,13,33,0.002543,0.006455,0.000391
独行,纵横,0.404149,3.171036,2,11,39,0.002152,0.007629,0.000391
云深,绿水,0.404149,3.171036,2,11,39,0.002152,0.007629,0.000391
千门,南北,0.404149,3.171036,2,33,13,0.006455,0.002543,0.000391
君王,宫殿,0.404074,2.800196,5,74,21,0.014476,0.004108,0.000978
君王,花间,0.404074,2.800196,5,74,21,0.014476,0.004108,0.000978
关河,昨日,0.403853,3.168708,2,10,43,0.001956,0.008412,0.000391
世上,须臾,0.40381,3.00464,3,38,20,0.007433,0.003912,0.000587
仙人,黄鹤,0.403585,2.723227,6,53,38,0.010368,0.007433,0.001174
佳期,天上,0.403584,2.886857,4,20,57,0.003912,0.01115,0.000782
扁舟,闲居,0.403584,2.886857,4,57,20,0.01115,0.003912,0.000782
千秋,白首,0.403518,2.796343,5,30,52,0.005869,0.010172,0.000978
大道,黄金,0.403324,2.557932,9,27,132,0.005282,0.025822,0.001761
他人,随风,0.403261,3.164068,2,16,27,0.00313,0.005282,0.000391
忆昔,扬州,0.403261,3.164068,2,27,16,0.005282,0.00313,0.000391
回头,忆昔,0.403261,3.164068,2,16,27,0.00313,0.005282,0.000391
罗衣,草绿,0.403261,3.164068,2,27,16,0.005282,0.00313,0.000391
怜君,暮雨,0.403261,3.164068,2,16,27,0.00313,0.005282,0.000391
可怜,曲江,0.403261,3.164068,2,48,9,0.00939,0.001761,0.000391
星辰,紫微,0.403261,3.164068,2,18,24,0.003521,0.004695,0.000391
星辰,波涛,0.403261,3.164068,2,18,24,0.003521,0.004695,0.000391
东流,曲江,0.403261,3.164068,2,48,9,0.00939,0.001761,0.000391
登楼,萧索,0.403261,3.164068,2,18,24,0.003521,0.004695,0.000391
摇落,萧索,0.403261,3.164068,2,18,24,0.003521,0.004695,0.000391
故乡,满眼,0.402928,2.998082,3,51,15,0.009977,0.002934,0.000587
瑶池,青天,0.402577,2.995471,3,13,59,0.002543,0.011541,0.000587
帝城,年少,0.402402,2.994169,3,32,24,0.00626,0.004695,0.000587
行乐,鸳鸯,0.402402,2.994169,3,24,32,0.004695,0.00626,0.000587
萧索,高秋,0.402402,2.994169,3,24,32,0.004695,0.00626,0.000587
草绿,黄河,0.402402,2.994169,3,16,48,0.00313,0.00939,0.000587
相知,花枝,0.402379,3.157147,2,29,15,0.005673,0.002934,0.000391
万物,双飞,0.402379,3.157147,2,29,15,0.005673,0.002934,0.000391
万物,高台,0.402379,3.157147,2,29,15,0.005673,0.002934,0.000391
男儿,经过,0.40212,2.876386,4,36,32,0.007042,0.00626,0.000782
男儿,读书,0.40212,2.876386,4,36,32,0.007042,0.00626,0.000782
万年,双阙,0.402068,3.433401,1,11,15,0.002152,0.002934,0.000196
游人,笙歌,0.402068,3.433401,1,11,15,0.002152,0.002934,0.000196
月满,泉声,0.402068,3.433401,1,11,15,0.002152,0.002934,0.000196
前程,独行,0.402068,3.433401,1,15,11,0.002934,0.002152,0.000196
婵娟,楼前,0.402068,3.433401,1,15,11,0.002934,0.002152,0.000196
春雨,花枝,0.402068,3.433401,1,11,15,0.002152,0.002934,0.000196
流年,鬼神,0.402068,3.433401,1,11,15,0.002152,0.002934,0.000196
独行,秋日,0.402068,3.433401,1,11,15,0.002152,0.002934,0.000196
婵娟,芳树,0.402068,3.433401,1,15,11,0.002934,0.002152,0.000196
云深,老去,0.402068,3.433401,1,11,15,0.002152,0.002934,0.000196
从容,白蘋,0.402068,3.433401,1,15,11,0.002934,0.002152,0.000196
楼前,老去,0.402068,3.433401,1,11,15,0.002152,0.002934,0.000196
他年,满眼,0.402068,3.433401,1,11,15,0.002152,0.002934,0.000196
两相,流年,0.402068,3.433401,1,15,11,0.002934,0.002152,0.000196
往事,湘水,0.402068,3.433401,1,5,33,0.000978,0.006455,0.000196
清晨,花下,0.402068,3.433401,1,33,5,0.006455,0.000978,0.000196
苦辛,骨肉,0.401795,3.15256,2,23,19,0.004499,0.003717,0.000391
台上,相对,0.401795,3.15256,2,23,19,0.004499,0.003717,0.000391
参差,相对,0.401795,3.15256,2,23,19,0.004499,0.003717,0.000391
含情,桃源,0.401795,3.15256,2,19,23,0.003717,0.004499,0.000391
清晨,黄河,0.401315,2.781075,5,33,48,0.006455,0.00939,0.000978
万国,渭水,0.401183,2.985095,3,25,31,0.00489,0.006064,0.000587
万事,兄弟,0.401153,2.869465,4,40,29,0.007825,0.005673,0.000782
怅望,飘飖,0.401153,2.869465,4,29,40,0.005673,0.007825,0.000782
公子,芳树,0.400923,3.145718,2,40,11,0.007825,0.002152,0.000391
万事,管弦,0.400923,3.145718,2,40,11,0.007825,0.002152,0.000391
公卿,生死,0.400923,3.145718,2,22,20,0.004304,0.003912,0.000391
东方,玉树,0.400923,3.145718,2,22,20,0.004304,0.003912,0.000391
万事,独行,0.400923,3.145718,2,40,11,0.007825,0.002152,0.000391
尘埃,杜陵,0.400923,3.145718,2,22,20,0.004304,0.003912,0.000391
回首,生涯,0.400731,2.642192,7,98,26,0.019171,0.005086,0.001369
世间,壮士,0.400633,3.143448,2,9,49,0.001761,0.009585,0.000391
宫殿,花间,0.400633,3.143448,2,21,21,0.004108,0.004108,0.000391
玲珑,秋月,0.400633,3.143448,2,7,63,0.001369,0.012324,0.000391
寒食,花飞,0.400633,3.143448,2,21,21,0.004108,0.004108,0.000391
花飞,青楼,0.400633,3.143448,2,21,21,0.004108,0.004108,0.000391
寒食,青楼,0.400633,3.143448,2,21,21,0.004108,0.004108,0.000391
花间,青楼,0.400633,3.143448,2,21,21,0.004108,0.004108,0.000391
北阙,花间,0.400633,3.143448,2,21,21,0.004108,0.004108,0.000391
北阙,青楼,0.400633,3.143448,2,21,21,0.004108,0.004108,0.000391
子孙,陌上,0.400633,3.143448,2,21,21,0.004108,0.004108,0.000391
花间,陌上,0.400633,3.143448,2,21,21,0.004108,0.004108,0.000391
别后,相思,0.400583,2.587727,8,25,123,0.00489,0.024061,0.001565
回首,霄汉,0.400382,2.701616,6,98,21,0.019171,0.004108,0.001174
人心,朱门,0.400345,3.141183,2,26,17,0.005086,0.003326,0.000391
君心,相随,0.400345,3.141183,2,17,26,0.003326,0.005086,0.000391
云间,人心,0.400319,2.978664,3,30,26,0.005869,0.005086,0.000587
月落,美人,0.400319,2.978664,3,12,65,0.002347,0.012715,0.000587
八月,风波,0.400319,2.978664,3,26,30,0.005086,0.005869,0.000587
古今,登临,0.400319,2.978664,3,20,39,0.003912,0.007629,0.000587
洞庭,长沙,0.400281,2.585778,8,79,39,0.015454,0.007629,0.001565
寂寥,萧萧,0.400226,2.773528,5,28,57,0.005477,0.01115,0.000978
北阙,徘徊,0.399958,3.415382,1,21,8,0.004108,0.001565,0.000196
劝君,愁人,0.399958,3.415382,1,14,12,0.002739,0.002347,0.000196
永日,经年,0.399958,3.415382,1,12,14,0.002347,0.002739,0.000196
金谷,黄花,0.399958,3.415382,1,8,21,0.001565,0.004108,0.000196
君子,枕上,0.399958,3.415382,1,56,3,0.010955,0.000587,0.000196
时节,霄汉,0.399958,3.415382,1,8,21,0.001565,0.004108,0.000196
红尘,走马,0.399958,3.415382,1,4,42,0.000782,0.008216,0.000196
行乐,霓裳,0.399958,3.415382,1,24,7,0.004695,0.001369,0.000196
名利,行乐,0.399958,3.415382,1,7,24,0.001369,0.004695,0.000196
萧索,霓裳,0.399958,3.415382,1,24,7,0.004695,0.001369,0.000196
紫微,霓裳,0.399958,3.415382,1,24,7,0.004695,0.001369,0.000196
名利,萧索,0.399958,3.415382,1,7,24,0.001369,0.004695,0.000196
名利,紫微,0.399958,3.415382,1,7,24,0.001369,0.004695,0.000196
霓裳,青苔,0.399958,3.415382,1,7,24,0.001369,0.004695,0.000196
思君,风月,0.399958,3.415382,1,24,7,0.004695,0.001369,0.000196
徘徊,花飞,0.399958,3.415382,1,8,21,0.001565,0.004108,0.000196
波涛,玲珑,0.399958,3.415382,1,24,7,0.004695,0.001369,0.000196
昨夜,枕上,0.399958,3.415382,1,56,3,0.010955,0.000587,0.000196
枕上,江水,0.399958,3.415382,1,3,56,0.000587,0.010955,0.000196
寻常,行乐,0.399958,3.415382,1,7,24,0.001369,0.004695,0.000196
山头,文字,0.399958,3.415382,1,24,7,0.004695,0.001369,0.000196
巫山,自由,0.399958,3.415382,1,42,4,0.008216,0.000782,0.000196
寥落,池塘,0.399958,3.415382,1,24,7,0.004695,0.001369,0.000196
千古,池塘,0.399958,3.415382,1,24,7,0.004695,0.001369,0.000196
白雪,鸳鸯,0.399865,2.771025,5,50,32,0.009781,0.00626,0.000978
歌舞,独自,0.399769,3.136669,2,37,12,0.007238,0.002347,0.000391
宛转,蛾眉,0.399769,3.136669,2,12,37,0.002347,0.007238,0.000391
九重,白玉,0.399631,2.973549,3,16,49,0.00313,0.009585,0.000587
富贵,日晚,0.399356,2.856617,4,47,25,0.009194,0.00489,0.000782
人皆,富贵,0.399356,2.856617,4,25,47,0.00489,0.009194,0.000782
尘埃,行人,0.399324,2.767282,5,22,73,0.004304,0.01428,0.000978
岁寒,相寻,0.399263,3.409447,1,13,13,0.002543,0.002543,0.000196
南北,岁寒,0.399263,3.409447,1,13,13,0.002543,0.002543,0.000196
南北,相寻,0.399263,3.409447,1,13,13,0.002543,0.002543,0.000196
猿声,看花,0.399263,3.409447,1,13,13,0.002543,0.002543,0.000196
岁寒,看花,0.399263,3.409447,1,13,13,0.002543,0.002543,0.000196
夜月,闻说,0.399263,3.409447,1,13,13,0.002543,0.002543,0.000196
佳人,蛟龙,0.399237,2.855766,4,28,42,0.005477,0.008216,0.000782
阳春,青天,0.398763,2.852371,4,20,59,0.003912,0.011541,0.000782
自古,莺啼,0.398626,3.1277,2,32,14,0.00626,0.002739,0.000391
劝君,自古,0.398626,3.1277,2,14,32,0.002739,0.00626,0.000391
劝君,杯酒,0.398626,3.1277,2,14,32,0.002739,0.00626,0.000391
月夜,鸳鸯,0.398626,3.1277,2,14,32,0.002739,0.00626,0.000391
水声,至今,0.398626,3.1277,2,8,56,0.001565,0.010955,0.000391
半夜,同心,0.398572,3.403548,1,10,17,0.001956,0.003326,0.000196
十里,雨中,0.398572,3.403548,1,17,10,0.003326,0.001956,0.000196
半夜,朱门,0.398572,3.403548,1,10,17,0.001956,0.003326,0.000196
交亲,空馀,0.398572,3.403548,1,5,34,0.000978,0.006651,0.000196
夜深,阙下,0.398572,3.403548,1,17,10,0.003326,0.001956,0.000196
连天,雨中,0.398572,3.403548,1,17,10,0.003326,0.001956,0.000196
自古,蛾眉,0.39829,2.848987,4,32,37,0.00626,0.007238,0.000782
咸阳,欢娱,0.39829,2.848987,4,37,32,0.007238,0.00626,0.000782
山头,车马,0.398267,2.963397,3,24,33,0.004695,0.006455,0.000587
宫中,行乐,0.398267,2.963397,3,33,24,0.006455,0.004695,0.000587
年年,御沟,0.398058,3.123246,2,50,9,0.009781,0.001761,0.000391
无情,独坐,0.398058,3.123246,2,18,25,0.003521,0.00489,0.000391
双飞,门前,0.398058,3.123246,2,15,30,0.002934,0.005869,0.000391
双飞,风波,0.398058,3.123246,2,15,30,0.002934,0.005869,0.000391
人世,千秋,0.398058,3.123246,2,15,30,0.002934,0.005869,0.000391
春日,笙歌,0.398058,3.123246,2,30,15,0.005869,0.002934,0.000391
婵娟,日夜,0.398058,3.123246,2,15,30,0.002934,0.005869,0.000391
婵娟,阳台,0.398058,3.123246,2,15,30,0.002934,0.005869,0.000391
千秋,高台,0.398058,3.123246,2,30,15,0.005869,0.002934,0.000391
双飞,青门,0.398058,3.123246,2,15,30,0.002934,0.005869,0.000391
无穷,高台,0.398058,3.123246,2,30,15,0.005869,0.002934,0.000391
双飞,阳台,0.398058,3.123246,2,15,30,0.002934,0.005869,0.000391
花枝,谢公,0.398058,3.123246,2,15,30,0.002934,0.005869,0.000391
千万,无情,0.398058,3.123246,2,25,18,0.00489,0.003521,0.000391
吾道,雨露,0.398058,3.123246,2,25,18,0.00489,0.003521,0.000391
心事,春深,0.397886,3.397682,1,19,9,0.003717,0.001761,0.000196
曲江,黄昏,0.397886,3.397682,1,9,19,0.001761,0.003717,0.000196
依旧,骨肉,0.397886,3.397682,1,9,19,0.001761,0.003717,0.000196
心事,曲江,0.397886,3.397682,1,19,9,0.003717,0.001761,0.000196
圣人,天下,0.397883,2.684752,6,23,91,0.004499,0.017801,0.001174
大道,行路,0.397818,2.845614,4,27,44,0.005282,0.008607,0.000782
今朝,宫中,0.397818,2.845614,4,36,33,0.007042,0.006455,0.000782
仙人,道士,0.397759,2.959616,3,53,15,0.010368,0.002934,0.000587
洞庭,湘水,0.397259,2.619301,7,79,33,0.015454,0.006455,0.001369
巫山,无限,0.397252,2.95585,3,42,19,0.008216,0.003717,0.000587
北斗,陌上,0.397252,2.95585,3,38,21,0.007433,0.004108,0.000587
昨日,花前,0.397203,3.391852,1,43,4,0.008412,0.000782,0.000196
自古,饮酒,0.396916,2.953347,3,32,25,0.00626,0.00489,0.000587
眼前,经过,0.396916,2.953347,3,25,32,0.00489,0.00626,0.000587
君家,梨花,0.396916,2.953347,3,32,25,0.00626,0.00489,0.000587
眼前,读书,0.396916,2.953347,3,25,32,0.00489,0.00626,0.000587
千万,青松,0.396916,2.953347,3,25,32,0.00489,0.00626,0.000587
人皆,青松,0.396916,2.953347,3,25,32,0.00489,0.00626,0.000587
日晚,鸳鸯,0.396916,2.953347,3,25,32,0.00489,0.00626,0.000587
朝廷,杜陵,0.396916,2.953347,3,40,20,0.007825,0.003912,0.000587
中原,从军,0.39665,3.112196,2,35,13,0.006847,0.002543,0.000391
梦魂,花开,0.39665,3.112196,2,13,35,0.002543,0.006847,0.000391
月照,阑干,0.39665,3.112196,2,35,13,0.006847,0.002543,0.000391
美人,风月,0.39665,3.112196,2,65,7,0.012715,0.001369,0.000391
功名,蹉跎,0.396413,2.835564,4,25,48,0.00489,0.00939,0.000782
可怜,春来,0.396413,2.835564,4,48,25,0.00939,0.00489,0.000782
光辉,行乐,0.396413,2.835564,4,50,24,0.009781,0.004695,0.000782
风流,饮酒,0.396413,2.835564,4,48,25,0.00939,0.00489,0.000782
桃李,风光,0.396413,2.949604,3,73,11,0.01428,0.002152,0.000587
当年,行乐,0.39637,3.11,2,19,24,0.003717,0.004695,0.000391
山头,黄昏,0.39637,3.11,2,24,19,0.004695,0.003717,0.000391
月落,黄鹤,0.39637,3.11,2,12,38,0.002347,0.007433,0.000391
窈窕,造化,0.396079,2.947116,3,23,35,0.004499,0.006847,0.000587
九天,月照,0.396079,2.947116,3,23,35,0.004499,0.006847,0.000587
万户,渭水,0.395912,2.945875,3,26,31,0.005086,0.006064,0.000587
圣主,渭水,0.395912,2.945875,3,26,31,0.005086,0.006064,0.000587
乾坤,南北,0.395912,2.945875,3,62,13,0.012128,0.002543,0.000587
昔日,随风,0.395535,3.103443,2,17,27,0.003326,0.005282,0.000391
罗衣,龙门,0.395535,3.103443,2,27,17,0.005282,0.003326,0.000391
客心,梦里,0.395535,3.103443,2,27,17,0.005282,0.003326,0.000391
十里,清净,0.395535,3.103443,2,17,27,0.003326,0.005282,0.000391
十里,河汉,0.395535,3.103443,2,17,27,0.003326,0.005282,0.000391
丹砂,日斜,0.395535,3.103443,2,27,17,0.005282,0.003326,0.000391
君心,忆昔,0.395535,3.103443,2,17,27,0.003326,0.005282,0.000391
千门,年年,0.395424,2.740253,5,33,50,0.006455,0.009781,0.000978
宫中,年年,0.395424,2.740253,5,33,50,0.006455,0.009781,0.000978
汉宫,黄金,0.395351,2.606722,7,20,132,0.003912,0.025822,0.001369
承恩,苍苔,0.395257,3.101267,2,23,20,0.004499,0.003912,0.000391
佳期,潺湲,0.395257,3.101267,2,20,23,0.003912,0.004499,0.000391
古今,潺湲,0.395257,3.101267,2,20,23,0.003912,0.004499,0.000391
是非,远客,0.395257,3.101267,2,23,20,0.004499,0.003912,0.000391
苦辛,远客,0.395257,3.101267,2,23,20,0.004499,0.003912,0.000391
深山,生死,0.395257,3.101267,2,23,20,0.004499,0.003912,0.000391
家贫,生死,0.395257,3.101267,2,23,20,0.004499,0.003912,0.000391
云飞,汉宫,0.395257,3.101267,2,23,20,0.004499,0.003912,0.000391
云飞,玉树,0.395257,3.101267,2,23,20,0.004499,0.003912,0.000391
云飞,晚来,0.395257,3.101267,2,23,20,0.004499,0.003912,0.000391
苦辛,阳城,0.395257,3.101267,2,23,20,0.004499,0.003912,0.000391
半夜,孤城,0.395257,3.101267,2,10,46,0.001956,0.008998,0.000391
关河,孤城,0.395257,3.101267,2,10,46,0.001956,0.008998,0.000391
古今,圣人,0.395257,3.101267,2,20,23,0.003912,0.004499,0.000391
九天,阳春,0.395257,3.101267,2,23,20,0.004499,0.003912,0.000391
是非,老人,0.395257,3.101267,2,23,20,0.004499,0.003912,0.000391
日夜,暮雨,0.395247,2.940924,3,30,27,0.005869,0.005282,0.000587
朝朝,花发,0.395247,2.940924,3,27,30,0.005282,0.005869,0.000587
天外,日落,0.395247,2.940924,3,18,45,0.003521,0.008803,0.000587
双飞,芙蓉,0.395247,2.940924,3,15,54,0.002934,0.010563,0.000587
名利,帝乡,0.395178,3.37456,1,7,25,0.001369,0.00489,0.000196
名利,饮酒,0.395178,3.37456,1,7,25,0.001369,0.00489,0.000196
远山,雨后,0.395178,3.37456,1,35,5,0.006847,0.000978,0.000196
人皆,霓裳,0.395178,3.37456,1,25,7,0.00489,0.001369,0.000196
人皆,名利,0.395178,3.37456,1,25,7,0.00489,0.001369,0.000196
别后,池塘,0.395178,3.37456,1,25,7,0.00489,0.001369,0.000196
功名,池塘,0.395178,3.37456,1,25,7,0.00489,0.001369,0.000196
池塘,饮酒,0.395178,3.37456,1,7,25,0.001369,0.00489,0.000196
别后,风月,0.395178,3.37456,1,25,7,0.00489,0.001369,0.000196
风月,饮酒,0.395178,3.37456,1,7,25,0.001369,0.00489,0.000196
人皆,风月,0.395178,3.37456,1,25,7,0.00489,0.001369,0.000196
到处,知音,0.395178,3.37456,1,5,35,0.000978,0.006847,0.000196
别后,名利,0.395178,3.37456,1,25,7,0.00489,0.001369,0.000196
交亲,才子,0.395178,3.37456,1,5,35,0.000978,0.006847,0.000196
寻常,英雄,0.395178,3.37456,1,7,25,0.001369,0.00489,0.000196
日晚,霓裳,0.395178,3.37456,1,25,7,0.00489,0.001369,0.000196
夜长,日晚,0.395178,3.37456,1,7,25,0.001369,0.00489,0.000196
白玉,芙蓉,0.395007,2.604452,7,49,54,0.009585,0.010563,0.001369
春风,桃李,0.394952,2.209719,19,146,73,0.02856,0.01428,0.003717
孤舟,月夜,0.394915,2.938458,3,58,14,0.011346,0.002739,0.000587
丞相,尚书,0.394915,2.938458,3,29,28,0.005673,0.005477,0.000587
楼台,花飞,0.394704,3.096928,2,22,21,0.004304,0.004108,0.000391
寒食,楼台,0.394704,3.096928,2,21,22,0.004108,0.004304,0.000391
月夜,相亲,0.394704,3.096928,2,14,33,0.002739,0.006455,0.000391
宫中,月夜,0.394704,3.096928,2,33,14,0.006455,0.002739,0.000391
明年,零落,0.394704,3.096928,2,22,21,0.004304,0.004108,0.000391
尘埃,零落,0.394704,3.096928,2,22,21,0.004304,0.004108,0.000391
楼前,秋草,0.394704,3.096928,2,11,42,0.002152,0.008216,0.000391
公卿,金谷,0.394511,3.368862,1,22,8,0.004304,0.001565,0.000196
汀洲,草绿,0.394511,3.368862,1,11,16,0.002152,0.00313,0.000196
怜君,春雨,0.394511,3.368862,1,16,11,0.00313,0.002152,0.000196
九重,春雨,0.394511,3.368862,1,16,11,0.00313,0.002152,0.000196
管弦,红粉,0.394511,3.368862,1,11,16,0.002152,0.00313,0.000196
扬州,风光,0.394511,3.368862,1,16,11,0.00313,0.002152,0.000196
扬州,逢人,0.394511,3.368862,1,16,11,0.00313,0.002152,0.000196
归心,徘徊,0.394511,3.368862,1,22,8,0.004304,0.001565,0.000196
夜来,水声,0.394511,3.368862,1,22,8,0.004304,0.001565,0.000196
所思,时节,0.394511,3.368862,1,22,8,0.004304,0.001565,0.000196
尘埃,时节,0.394511,3.368862,1,22,8,0.004304,0.001565,0.000196
时节,莲花,0.394511,3.368862,1,8,22,0.001565,0.004304,0.000196
尘埃,无力,0.394511,3.368862,1,22,8,0.004304,0.001565,0.000196
巫山,断肠,0.394332,2.820675,4,42,29,0.008216,0.005673,0.000782
空馀,青苔,0.394255,2.933544,3,34,24,0.006651,0.004695,0.000587
仙人,窈窕,0.394217,2.819854,4,53,23,0.010368,0.004499,0.000782
古木,秋天,0.394154,3.092609,2,16,29,0.00313,0.005673,0.000391
南国,古木,0.394154,3.092609,2,29,16,0.005673,0.00313,0.000391
所以,梧桐,0.394154,3.092609,2,16,29,0.00313,0.005673,0.000391
丈夫,君恩,0.39409,2.932319,3,43,19,0.008412,0.003717,0.000587
双飞,消息,0.393879,3.090456,2,15,31,0.002934,0.006064,0.000391
百尺,路难,0.393597,2.928654,3,20,41,0.003912,0.00802,0.000587
日晚,杨柳,0.393531,2.814944,4,25,49,0.00489,0.009585,0.000782
世间,古人,0.39306,3.084025,2,9,52,0.001761,0.010172,0.000391
水清,瑶池,0.39306,3.084025,2,36,13,0.007042,0.002543,0.000391
男儿,绮罗,0.39306,3.084025,2,36,13,0.007042,0.002543,0.000391
歌声,送客,0.39306,3.084025,2,18,26,0.003521,0.005086,0.000391
柳色,歌声,0.39306,3.084025,2,26,18,0.005086,0.003521,0.000391
宛转,西山,0.39306,3.084025,2,12,39,0.002347,0.007629,0.000391
天外,自言,0.39306,3.084025,2,18,26,0.003521,0.005086,0.000391
宛转,绿水,0.39306,3.084025,2,12,39,0.002347,0.007629,0.000391
临水,今已,0.39306,3.084025,2,18,26,0.003521,0.005086,0.000391
多病,辛苦,0.39306,3.084025,2,26,18,0.005086,0.003521,0.000391
多病,星辰,0.39306,3.084025,2,26,18,0.005086,0.003521,0.000391
烟霞,风霜,0.39306,3.084025,2,18,26,0.003521,0.005086,0.000391
婵娟,落花,0.39278,2.922575,3,15,55,0.002934,0.010759,0.000587
人皆,功成,0.39278,2.922575,3,25,33,0.00489,0.006455,0.000587
圣人,日出,0.392293,2.918945,3,23,36,0.004499,0.007042,0.000587
残月,江湖,0.391975,3.075514,2,8,59,0.001565,0.011541,0.000391
南宫,双飞,0.391879,3.346389,1,12,15,0.002347,0.002934,0.000196
年华,明日,0.391879,3.346389,1,6,30,0.001174,0.005869,0.000196
近来,门前,0.391879,3.346389,1,6,30,0.001174,0.005869,0.000196
御沟,生死,0.391879,3.346389,1,9,20,0.001761,0.003912,0.000196
九衢,风动,0.391879,3.346389,1,6,30,0.001174,0.005869,0.000196
昔年,笙歌,0.391879,3.346389,1,12,15,0.002347,0.002934,0.000196
依旧,苍苔,0.391879,3.346389,1,9,20,0.001761,0.003912,0.000196
人世,昔年,0.391879,3.346389,1,15,12,0.002934,0.002347,0.000196
微雨,鬼神,0.391879,3.346389,1,12,15,0.002347,0.002934,0.000196
前程,永日,0.391879,3.346389,1,15,12,0.002934,0.002347,0.000196
宛转,高台,0.391879,3.346389,1,12,15,0.002347,0.002934,0.000196
双飞,月落,0.391879,3.346389,1,15,12,0.002934,0.002347,0.000196
月落,高台,0.391879,3.346389,1,12,15,0.002347,0.002934,0.000196
曲江,阳春,0.391879,3.346389,1,9,20,0.001761,0.003912,0.000196
世间,生死,0.391879,3.346389,1,9,20,0.001761,0.003912,0.000196
半夜,星辰,0.391879,3.346389,1,10,18,0.001956,0.003521,0.000196
向人,黄叶,0.391879,3.346389,1,15,12,0.002934,0.002347,0.000196
关河,登楼,0.391879,3.346389,1,10,18,0.001956,0.003521,0.000196
世间,天台,0.391879,3.346389,1,9,20,0.001761,0.003912,0.000196
半夜,无情,0.391879,3.346389,1,10,18,0.001956,0.003521,0.000196
吟诗,阳春,0.391879,3.346389,1,9,20,0.001761,0.003912,0.000196
世间,玉树,0.391879,3.346389,1,9,20,0.001761,0.003912,0.000196
可惜,无情,0.391879,3.346389,1,10,18,0.001956,0.003521,0.000196
可惜,碧云,0.391879,3.346389,1,10,18,0.001956,0.003521,0.000196
可惜,秋来,0.391879,3.346389,1,10,18,0.001956,0.003521,0.000196
愁人,秋日,0.391879,3.346389,1,12,15,0.002347,0.002934,0.000196
交亲,男儿,0.391879,3.346389,1,5,36,0.000978,0.007042,0.000196
秋来,雨中,0.391879,3.346389,1,18,10,0.003521,0.001956,0.000196
淹留,自由,0.391879,3.346389,1,45,4,0.008803,0.000782,0.000196
阙下,雨露,0.391879,3.346389,1,10,18,0.001956,0.003521,0.000196
凄凉,阙下,0.391879,3.346389,1,18,10,0.003521,0.001956,0.000196
昔年,鬼神,0.391879,3.346389,1,12,15,0.002347,0.002934,0.000196
关河,百花,0.391879,3.346389,1,10,18,0.001956,0.003521,0.000196
曲江,鱼龙,0.391879,3.346389,1,9,20,0.001761,0.003912,0.000196
微雨,秋日,0.391879,3.346389,1,12,15,0.002347,0.002934,0.000196
摇落,花时,0.391879,3.346389,1,18,10,0.003521,0.001956,0.000196
凤凰,阳春,0.391829,2.802774,4,62,20,0.012128,0.003912,0.000782
富贵,男儿,0.391797,2.715117,5,47,36,0.009194,0.007042,0.000978
凉风,叶落,0.391705,3.073398,2,43,11,0.008412,0.002152,0.000391
昨日,游人,0.391705,3.073398,2,43,11,0.008412,0.002152,0.000391
夜雨,风起,0.391705,3.073398,2,11,43,0.002152,0.008412,0.000391
万户,君家,0.391645,2.914126,3,26,32,0.005086,0.00626,0.000587
今已,憔悴,0.391645,2.914126,3,26,32,0.005086,0.00626,0.000587
人心,鸳鸯,0.391645,2.914126,3,26,32,0.005086,0.00626,0.000587
自古,自言,0.391645,2.914126,3,32,26,0.00626,0.005086,0.000587
杯酒,柳色,0.391645,2.914126,3,32,26,0.00626,0.005086,0.000587
今已,高秋,0.391645,2.914126,3,26,32,0.005086,0.00626,0.000587
东海,仙人,0.391456,2.712756,5,32,53,0.00626,0.010368,0.000978
功名,骨肉,0.391168,3.069178,2,25,19,0.00489,0.003717,0.000391
含情,饮酒,0.391168,3.069178,2,19,25,0.003717,0.00489,0.000391
君恩,独坐,0.391168,3.069178,2,19,25,0.003717,0.00489,0.000391
春来,楚客,0.391168,3.069178,2,25,19,0.00489,0.003717,0.000391
心事,眼前,0.391168,3.069178,2,19,25,0.003717,0.00489,0.000391
功名,心事,0.391168,3.069178,2,25,19,0.00489,0.003717,0.000391
古来,君恩,0.391,2.90933,3,44,19,0.008607,0.003717,0.000587
绿水,鸳鸯,0.39093,2.796343,4,39,32,0.007629,0.00626,0.000782
佳人,君心,0.3909,3.067075,2,28,17,0.005477,0.003326,0.000391
东西,昔日,0.3909,3.067075,2,28,17,0.005477,0.003326,0.000391
佳人,太平,0.3909,3.067075,2,28,17,0.005477,0.003326,0.000391
昔日,花满,0.3909,3.067075,2,17,28,0.003326,0.005477,0.000391
咫尺,朱门,0.3909,3.067075,2,28,17,0.005477,0.003326,0.000391
今夜,月色,0.3909,3.067075,2,17,28,0.003326,0.005477,0.000391
英雄,衣冠,0.390706,2.794742,4,25,50,0.00489,0.009781,0.000782
万国,衣冠,0.390706,2.794742,4,25,50,0.00489,0.009781,0.000782
吾道,苍茫,0.390706,2.794742,4,25,50,0.00489,0.009781,0.000782
自言,霓裳,0.390585,3.335339,1,26,7,0.005086,0.001369,0.000196
今已,霓裳,0.390585,3.335339,1,26,7,0.005086,0.001369,0.000196
人心,霓裳,0.390585,3.335339,1,26,7,0.005086,0.001369,0.000196
名利,自言,0.390585,3.335339,1,7,26,0.001369,0.005086,0.000196
今已,名利,0.390585,3.335339,1,26,7,0.005086,0.001369,0.000196
人心,名利,0.390585,3.335339,1,26,7,0.005086,0.001369,0.000196
月夜,猿声,0.390585,3.335339,1,14,13,0.002739,0.002543,0.000196
月夜,看花,0.390585,3.335339,1,14,13,0.002739,0.002543,0.000196
夜长,翡翠,0.390585,3.335339,1,7,26,0.001369,0.005086,0.000196
水边,钓鱼,0.390585,3.335339,1,14,13,0.002739,0.002543,0.000196
南北,马嘶,0.390585,3.335339,1,13,14,0.002543,0.002739,0.000196
寻常,未央,0.390585,3.335339,1,7,26,0.001369,0.005086,0.000196
寻常,翡翠,0.390585,3.335339,1,7,26,0.001369,0.005086,0.000196
月夜,瑶池,0.390585,3.335339,1,14,13,0.002739,0.002543,0.000196
池塘,生涯,0.390585,3.335339,1,7,26,0.001369,0.005086,0.000196
苍苔,蓬莱,0.390359,2.904556,3,20,42,0.003912,0.008216,0.000587
紫微,造化,0.390359,2.904556,3,24,35,0.004695,0.006847,0.000587
月明,青苔,0.390359,2.904556,3,35,24,0.006847,0.004695,0.000587
落叶,门前,0.390359,2.904556,3,28,30,0.005477,0.005869,0.000587
巫山,汉宫,0.390359,2.904556,3,42,20,0.008216,0.003912,0.000587
子孙,干戈,0.390359,2.904556,3,21,40,0.004108,0.007825,0.000587
玉树,蓬莱,0.390359,2.904556,3,20,42,0.003912,0.008216,0.000587
空山,高台,0.390359,2.904556,3,56,15,0.010955,0.002934,0.000587
秋草,风飘,0.390359,2.904556,3,42,20,0.008216,0.003912,0.000587
苦辛,风尘,0.389956,2.631263,6,23,96,0.004499,0.018779,0.001174
双飞,憔悴,0.389833,3.058707,2,15,32,0.002934,0.00626,0.000391
不归,前程,0.389833,3.058707,2,32,15,0.00626,0.002934,0.000391
笙歌,经过,0.389833,3.058707,2,15,32,0.002934,0.00626,0.000391
帝城,笙歌,0.389833,3.058707,2,32,15,0.00626,0.002934,0.000391
满眼,读书,0.389833,3.058707,2,15,32,0.002934,0.00626,0.000391
憔悴,满眼,0.389833,3.058707,2,32,15,0.00626,0.002934,0.000391
憔悴,高台,0.389833,3.058707,2,32,15,0.00626,0.002934,0.000391
古木,门前,0.389833,3.058707,2,16,30,0.00313,0.005869,0.000391
人世,君家,0.389833,3.058707,2,15,32,0.002934,0.00626,0.000391
茫茫,鹧鸪,0.389833,3.058707,2,60,8,0.011737,0.001565,0.000391
红粉,阳台,0.389833,3.058707,2,16,30,0.00313,0.005869,0.000391
千金,双飞,0.389833,3.058707,2,32,15,0.00626,0.002934,0.000391
双飞,青松,0.389833,3.058707,2,15,32,0.002934,0.00626,0.000391
草绿,阳台,0.389833,3.058707,2,16,30,0.00313,0.005869,0.000391
日夜,楚水,0.389833,3.058707,2,30,16,0.005869,0.00313,0.000391
前程,武陵,0.389833,3.058707,2,15,32,0.002934,0.00626,0.000391
佳期,行乐,0.389833,3.058707,2,20,24,0.003912,0.004695,0.000391
行乐,须臾,0.389833,3.058707,2,24,20,0.004695,0.003912,0.000391
年少,阳城,0.389833,3.058707,2,24,20,0.004695,0.003912,0.000391
生死,紫微,0.389833,3.058707,2,20,24,0.003912,0.004695,0.000391
思君,早晚,0.389833,3.058707,2,24,20,0.004695,0.003912,0.000391
佳期,思君,0.389833,3.058707,2,20,24,0.003912,0.004695,0.000391
思君,自怜,0.389833,3.058707,2,24,20,0.004695,0.003912,0.000391
汉宫,紫微,0.389833,3.058707,2,20,24,0.003912,0.004695,0.000391
玉树,紫微,0.389833,3.058707,2,20,24,0.003912,0.004695,0.000391
晚来,紫微,0.389833,3.058707,2,20,24,0.003912,0.004695,0.000391
汉宫,行乐,0.389833,3.058707,2,20,24,0.003912,0.004695,0.000391
玉树,行乐,0.389833,3.058707,2,20,24,0.003912,0.004695,0.000391
晚来,行乐,0.389833,3.058707,2,20,24,0.003912,0.004695,0.000391
半夜,蹉跎,0.389833,3.058707,2,10,48,0.001956,0.00939,0.000391
行乐,风飘,0.389833,3.058707,2,24,20,0.004695,0.003912,0.000391
干戈,满地,0.389833,3.058707,2,40,12,0.007825,0.002347,0.000391
巫山,日夜,0.389592,2.786773,4,42,30,0.008216,0.005869,0.000782
佳人,日落,0.389592,2.786773,4,28,45,0.005477,0.008803,0.000782
瑶池,蛾眉,0.389568,3.056626,2,13,37,0.002543,0.007238,0.000391
咸阳,多少,0.389568,3.056626,2,37,13,0.007238,0.002543,0.000391
梦魂,青冥,0.389568,3.056626,2,13,37,0.002543,0.007238,0.000391
歌舞,阑干,0.389568,3.056626,2,37,13,0.007238,0.002543,0.000391
梦魂,美人,0.389561,2.898622,3,13,65,0.002543,0.012715,0.000587
富贵,路傍,0.389402,2.897439,3,47,18,0.009194,0.003521,0.000587
云飞,无力,0.389305,3.32441,1,23,8,0.004499,0.001565,0.000196
台上,时节,0.389305,3.32441,1,23,8,0.004499,0.001565,0.000196
时节,是非,0.389305,3.32441,1,8,23,0.001565,0.004499,0.000196
故国,无力,0.389305,3.32441,1,23,8,0.004499,0.001565,0.000196
人归,花飞,0.389039,3.052477,2,23,21,0.004499,0.004108,0.000391
人归,寒食,0.389039,3.052477,2,23,21,0.004499,0.004108,0.000391
人归,青楼,0.389039,3.052477,2,23,21,0.004499,0.004108,0.000391
台上,花飞,0.389039,3.052477,2,23,21,0.004499,0.004108,0.000391
云飞,花间,0.389039,3.052477,2,23,21,0.004499,0.004108,0.000391
云飞,青楼,0.389039,3.052477,2,23,21,0.004499,0.004108,0.000391
人情,新月,0.389039,3.052477,2,23,21,0.004499,0.004108,0.000391
殷勤,自知,0.389039,3.052477,2,21,23,0.004108,0.004499,0.000391
承恩,花间,0.389039,3.052477,2,23,21,0.004499,0.004108,0.000391
是非,浮生,0.389039,3.052477,2,23,21,0.004499,0.004108,0.000391
明朝,逢人,0.388775,3.050408,2,44,11,0.008607,0.002152,0.000391
尘埃,楼台,0.388775,3.050408,2,22,22,0.004304,0.004304,0.000391
摇落,风尘,0.388759,2.694064,5,18,96,0.003521,0.018779,0.000978
仙人,蛟龙,0.388753,2.623144,6,53,42,0.010368,0.008216,0.001174
往事,湖上,0.38867,3.31899,1,5,37,0.000978,0.007238,0.000196
到处,青冥,0.38867,3.31899,1,5,37,0.000978,0.007238,0.000196
交亲,青冥,0.38867,3.31899,1,5,37,0.000978,0.007238,0.000196
无情,随风,0.38825,3.046285,2,18,27,0.003521,0.005282,0.000391
秋来,罗衣,0.38825,3.046285,2,18,27,0.003521,0.005282,0.000391
丹砂,雨露,0.38825,3.046285,2,27,18,0.005282,0.003521,0.000391
丹砂,天外,0.38825,3.046285,2,27,18,0.005282,0.003521,0.000391
曲江,芙蓉,0.38825,3.046285,2,9,54,0.001761,0.010563,0.000391
今日,昔时,0.388157,2.50746,8,119,28,0.023279,0.005477,0.001565
乾坤,尚书,0.388092,2.689445,5,62,28,0.012128,0.005477,0.000978
分明,近来,0.388039,3.313599,1,31,6,0.006064,0.001174,0.000196
归来,路岐,0.388039,3.313599,1,93,2,0.018192,0.000391,0.000196
梧桐,白露,0.387828,2.774155,4,29,44,0.005673,0.008607,0.000782
梨花,洛阳,0.387787,2.55685,7,25,111,0.00489,0.021714,0.001369
北斗,青天,0.387691,2.615982,6,38,59,0.007433,0.011541,0.001174
宫中,翡翠,0.387509,2.883354,3,33,26,0.006455,0.005086,0.000587
千门,未央,0.387509,2.883354,3,33,26,0.006455,0.005086,0.000587
今已,千门,0.387509,2.883354,3,26,33,0.005086,0.006455,0.000587
千门,自言,0.387509,2.883354,3,33,26,0.006455,0.005086,0.000587
尘埃,独立,0.387509,2.883354,3,22,39,0.004304,0.007629,0.000587
千门,柳色,0.387509,2.883354,3,33,26,0.006455,0.005086,0.000587
公卿,纵横,0.387509,2.883354,3,22,39,0.004304,0.007629,0.000587
春风,罗衣,0.38743,2.457127,9,146,27,0.02856,0.005282,0.001761
梦里,游人,0.387411,3.308237,1,17,11,0.003326,0.002152,0.000196
太平,楼前,0.387411,3.308237,1,17,11,0.003326,0.002152,0.000196
游人,连天,0.387411,3.308237,1,11,17,0.002152,0.003326,0.000196
太平,管弦,0.387411,3.308237,1,17,11,0.003326,0.002152,0.000196
春雨,梦里,0.387411,3.308237,1,11,17,0.002152,0.003326,0.000196
云深,连天,0.387411,3.308237,1,11,17,0.002152,0.003326,0.000196
云深,梦中,0.387411,3.308237,1,11,17,0.002152,0.003326,0.000196
太平,春雨,0.387411,3.308237,1,17,11,0.003326,0.002152,0.000196
城下,春雨,0.387411,3.308237,1,17,11,0.003326,0.002152,0.000196
城下,芳树,0.387411,3.308237,1,17,11,0.003326,0.002152,0.000196
太平,月满,0.387411,3.308237,1,17,11,0.003326,0.002152,0.000196
庭前,风光,0.387411,3.308237,1,17,11,0.003326,0.002152,0.000196
夜深,春雨,0.387411,3.308237,1,17,11,0.003326,0.002152,0.000196
夜深,逢人,0.387411,3.308237,1,17,11,0.003326,0.002152,0.000196
夜雨,细雨,0.387411,3.308237,1,11,17,0.002152,0.003326,0.000196
夜深,独行,0.387411,3.308237,1,17,11,0.003326,0.002152,0.000196
夜深,月满,0.387411,3.308237,1,17,11,0.003326,0.002152,0.000196
游人,龙门,0.387411,3.308237,1,11,17,0.002152,0.003326,0.000196
汀洲,连天,0.387411,3.308237,1,11,17,0.002152,0.003326,0.000196
他年,十里,0.387411,3.308237,1,11,17,0.002152,0.003326,0.000196
月光,玉楼,0.387411,3.308237,1,17,11,0.003326,0.002152,0.000196
十载,江海,0.387281,2.770244,4,21,61,0.004108,0.011933,0.000782
白玉,绿杨,0.387205,3.038088,2,49,10,0.009585,0.001956,0.000391
可惜,始知,0.387205,3.038088,2,10,49,0.001956,0.009585,0.000391
生死,百里,0.387196,2.881026,3,20,43,0.003912,0.008412,0.000587
丈夫,鱼龙,0.387196,2.881026,3,43,20,0.008412,0.003912,0.000587
旌旗,鱼龙,0.387196,2.881026,3,43,20,0.008412,0.003912,0.000587
东风,阳春,0.387196,2.881026,3,43,20,0.008412,0.003912,0.000587
仙人,清晨,0.387016,2.681984,5,53,33,0.010368,0.006455,0.000978
浮云,萧索,0.386769,2.609757,6,94,24,0.018388,0.004695,0.001174
万古,他人,0.386573,2.876386,3,54,16,0.010563,0.00313,0.000587
东流,无情,0.386573,2.876386,3,48,18,0.00939,0.003521,0.000587
大道,自古,0.386573,2.876386,3,27,32,0.005282,0.00626,0.000587
云雨,月下,0.386573,2.876386,3,36,24,0.007042,0.004695,0.000587
山头,衣裳,0.386573,2.876386,3,24,36,0.004695,0.007042,0.000587
月下,衣裳,0.386573,2.876386,3,24,36,0.004695,0.007042,0.000587
扬州,白头,0.386573,2.876386,3,16,54,0.00313,0.010563,0.000587
承恩,昨夜,0.38652,2.764794,4,23,56,0.004499,0.010955,0.000782
朱门,相知,0.386427,3.031984,2,17,29,0.003326,0.005673,0.000391
同心,相知,0.386427,3.031984,2,17,29,0.003326,0.005673,0.000391
当年,风霜,0.386169,3.029958,2,19,26,0.003717,0.005086,0.000391
万户,垂杨,0.386169,3.029958,2,26,19,0.005086,0.003717,0.000391
今已,骨肉,0.386169,3.029958,2,26,19,0.005086,0.003717,0.000391
夜月,黄鹤,0.386169,3.029958,2,13,38,0.002543,0.007433,0.000391
人心,君恩,0.386169,3.029958,2,26,19,0.005086,0.003717,0.000391
翠微,黄昏,0.386169,3.029958,2,26,19,0.005086,0.003717,0.000391
无限,竹林,0.386169,3.029958,2,19,26,0.003717,0.005086,0.000391
心事,生涯,0.386169,3.029958,2,19,26,0.003717,0.005086,0.000391
心事,柳色,0.386169,3.029958,2,19,26,0.003717,0.005086,0.000391
丹砂,霓裳,0.386165,3.297599,1,27,7,0.005282,0.001369,0.000196
丹砂,名利,0.386165,3.297599,1,27,7,0.005282,0.001369,0.000196
松风,霓裳,0.386165,3.297599,1,27,7,0.005282,0.001369,0.000196
罗衣,风月,0.386165,3.297599,1,27,7,0.005282,0.001369,0.000196
文字,松风,0.386165,3.297599,1,7,27,0.001369,0.005282,0.000196
朝朝,玲珑,0.386165,3.297599,1,27,7,0.005282,0.001369,0.000196
御沟,浮生,0.386165,3.297599,1,9,21,0.001761,0.004108,0.000196
曲江,花飞,0.386165,3.297599,1,9,21,0.001761,0.004108,0.000196
寒食,曲江,0.386165,3.297599,1,21,9,0.004108,0.001761,0.000196
曲江,青楼,0.386165,3.297599,1,9,21,0.001761,0.004108,0.000196
御沟,青楼,0.386165,3.297599,1,9,21,0.001761,0.004108,0.000196
岐路,殷勤,0.386165,3.297599,1,9,21,0.001761,0.004108,0.000196
宫殿,曲江,0.386165,3.297599,1,21,9,0.004108,0.001761,0.000196
吟诗,零落,0.386165,3.297599,1,9,21,0.001761,0.004108,0.000196
曲江,霄汉,0.386165,3.297599,1,9,21,0.001761,0.004108,0.000196
白日,青春,0.385983,2.370496,11,142,37,0.027778,0.007238,0.002152
向人,宫中,0.385911,3.027935,2,15,33,0.002934,0.006455,0.000391
婵娟,宫中,0.385911,3.027935,2,15,33,0.002934,0.006455,0.000391
两相,功成,0.385911,3.027935,2,15,33,0.002934,0.006455,0.000391
百年,风光,0.385911,3.027935,2,45,11,0.008803,0.002152,0.000391
泉声,草色,0.385911,3.027935,2,15,33,0.002934,0.006455,0.000391
逍遥,高台,0.385911,3.027935,2,33,15,0.006455,0.002934,0.000391
清晨,高台,0.385911,3.027935,2,33,15,0.006455,0.002934,0.000391
清晨,秋日,0.385911,3.027935,2,33,15,0.006455,0.002934,0.000391
淹留,独行,0.385911,3.027935,2,45,11,0.008803,0.002152,0.000391
千门,双飞,0.385911,3.027935,2,33,15,0.006455,0.002934,0.000391
咸阳,造化,0.385762,2.759374,4,37,35,0.007238,0.006847,0.000782
云雨,衣裳,0.385654,2.758602,4,36,36,0.007042,0.007042,0.000782
明日,相知,0.385643,2.869465,3,30,29,0.005869,0.005673,0.000587
怅望,日夜,0.385643,2.869465,3,29,30,0.005673,0.005869,0.000587
人家,春日,0.385643,2.869465,3,29,30,0.005673,0.005869,0.000587
依稀,岁月,0.385547,3.292322,1,5,38,0.000978,0.007433,0.000196
丹青,依稀,0.385547,3.292322,1,38,5,0.007433,0.000978,0.000196
关河,君恩,0.385547,3.292322,1,10,19,0.001956,0.003717,0.000196
对酒,花下,0.385547,3.292322,1,38,5,0.007433,0.000978,0.000196
花时,风景,0.385547,3.292322,1,10,19,0.001956,0.003717,0.000196
当年,西风,0.385547,3.292322,1,19,10,0.003717,0.001956,0.000196
岁月,杏花,0.385547,3.292322,1,38,5,0.007433,0.000978,0.000196
可惜,含情,0.385547,3.292322,1,10,19,0.001956,0.003717,0.000196
有情,颜色,0.385438,2.75706,4,22,59,0.004304,0.011541,0.000782
美人,风飘,0.385223,2.755521,4,65,20,0.012715,0.003912,0.000782
光辉,翡翠,0.385223,2.755521,4,50,26,0.009781,0.005086,0.000782
参差,黄鹤,0.385026,2.864878,3,23,38,0.004499,0.007433,0.000587
孤城,黄昏,0.385026,2.864878,3,46,19,0.008998,0.003717,0.000587
渭水,走马,0.385008,2.753984,4,31,42,0.006064,0.008216,0.000782
中原,功名,0.384873,2.863734,3,35,25,0.006847,0.00489,0.000587
自然,造化,0.384873,2.863734,3,25,35,0.00489,0.006847,0.000587
功名,生死,0.38463,3.017885,2,25,20,0.00489,0.003912,0.000391
汉宫,独坐,0.38463,3.017885,2,20,25,0.003912,0.00489,0.000391
年年,绿杨,0.38463,3.017885,2,50,10,0.009781,0.001956,0.000391
帝乡,生死,0.38463,3.017885,2,25,20,0.00489,0.003912,0.000391
梨花,汉宫,0.38463,3.017885,2,25,20,0.00489,0.003912,0.000391
梨花,玉树,0.38463,3.017885,2,25,20,0.00489,0.003912,0.000391
晚来,梨花,0.38463,3.017885,2,20,25,0.003912,0.00489,0.000391
人皆,风飘,0.38463,3.017885,2,25,20,0.00489,0.003912,0.000391
阳城,饮酒,0.38463,3.017885,2,20,25,0.003912,0.00489,0.000391
眼前,须臾,0.38463,3.017885,2,25,20,0.00489,0.003912,0.000391
人皆,阳春,0.38463,3.017885,2,25,20,0.00489,0.003912,0.000391
阳春,饮酒,0.38463,3.017885,2,20,25,0.003912,0.00489,0.000391
古木,昔年,0.384321,3.281851,1,16,12,0.00313,0.002347,0.000196
徘徊,故山,0.384321,3.281851,1,8,24,0.001565,0.004695,0.000196
微雨,扬州,0.384321,3.281851,1,12,16,0.002347,0.00313,0.000196
石上,金谷,0.384321,3.281851,1,24,8,0.004695,0.001565,0.000196
烟雨,莓苔,0.384321,3.281851,1,12,16,0.002347,0.00313,0.000196
九重,独自,0.384321,3.281851,1,16,12,0.00313,0.002347,0.000196
宛转,所以,0.384321,3.281851,1,12,16,0.002347,0.00313,0.000196
宛转,草绿,0.384321,3.281851,1,12,16,0.002347,0.00313,0.000196
所以,月落,0.384321,3.281851,1,16,12,0.00313,0.002347,0.000196
月落,草绿,0.384321,3.281851,1,12,16,0.002347,0.00313,0.000196
扬州,独自,0.384321,3.281851,1,16,12,0.00313,0.002347,0.000196
月中,莓苔,0.384321,3.281851,1,12,16,0.002347,0.00313,0.000196
他人,宛转,0.384321,3.281851,1,16,12,0.00313,0.002347,0.000196
蹉跎,高树,0.384321,3.281851,1,48,4,0.00939,0.000782,0.000196
时节,相访,0.384321,3.281851,1,8,24,0.001565,0.004695,0.000196
年少,无力,0.384321,3.281851,1,24,8,0.004695,0.001565,0.000196
时节,紫微,0.384321,3.281851,1,8,24,0.001565,0.004695,0.000196
无力,青苔,0.384321,3.281851,1,8,24,0.001565,0.004695,0.000196
思君,时节,0.384321,3.281851,1,24,8,0.004695,0.001565,0.000196
年华,青松,0.384321,3.281851,1,6,32,0.001174,0.00626,0.000196
百尺,飞鸟,0.384107,2.858036,3,20,44,0.003912,0.008607,0.000587
百尺,行路,0.384107,2.858036,3,20,44,0.003912,0.008607,0.000587
东方,飘飖,0.384107,2.858036,3,22,40,0.004304,0.007825,0.000587
东山,草绿,0.384107,2.858036,3,55,16,0.010759,0.00313,0.000587
圣人,汉家,0.384045,2.747095,4,23,57,0.004499,0.01115,0.000782
寒食,走马,0.383802,2.855766,3,21,42,0.004108,0.008216,0.000587
明月,碧云,0.383649,2.588703,6,128,18,0.025039,0.003521,0.001174
无情,羽翼,0.383615,3.009917,2,18,28,0.003521,0.005477,0.000391
年少,花飞,0.383615,3.009917,2,24,21,0.004695,0.004108,0.000391
寒食,年少,0.383615,3.009917,2,21,24,0.004108,0.004695,0.000391
年少,青楼,0.383615,3.009917,2,24,21,0.004695,0.004108,0.000391
今朝,月夜,0.383615,3.009917,2,36,14,0.007042,0.002739,0.000391
紫微,花间,0.383615,3.009917,2,24,21,0.004695,0.004108,0.000391
紫微,青楼,0.383615,3.009917,2,24,21,0.004695,0.004108,0.000391
北阙,紫微,0.383615,3.009917,2,21,24,0.004108,0.004695,0.000391
行乐,青楼,0.383615,3.009917,2,24,21,0.004695,0.004108,0.000391
山川,月夜,0.383615,3.009917,2,36,14,0.007042,0.002739,0.000391
寒食,行乐,0.383615,3.009917,2,21,24,0.004108,0.004695,0.000391
石上,黄花,0.383615,3.009917,2,24,21,0.004695,0.004108,0.000391
巫山,独自,0.383615,3.009917,2,42,12,0.008216,0.002347,0.000391
还家,黄叶,0.383615,3.009917,2,42,12,0.008216,0.002347,0.000391
依然,辛苦,0.383615,3.009917,2,28,18,0.005477,0.003521,0.000391
月落,还家,0.383615,3.009917,2,12,42,0.002347,0.008216,0.000391
吟诗,昨夜,0.383615,3.009917,2,9,56,0.001761,0.010955,0.000391
石上,花间,0.383615,3.009917,2,24,21,0.004695,0.004108,0.000391
年少,黄花,0.383615,3.009917,2,24,21,0.004695,0.004108,0.000391
巫山,野花,0.383615,3.009917,2,42,12,0.008216,0.002347,0.000391
旧游,落叶,0.383615,3.009917,2,18,28,0.003521,0.005477,0.000391
佳人,高楼,0.383513,2.743288,4,28,47,0.005477,0.009194,0.000782
主人,交亲,0.383362,3.007935,2,101,5,0.019757,0.000978,0.000391
婵娟,青天,0.383345,2.852371,3,15,59,0.002934,0.011541,0.000587
双飞,颜色,0.383345,2.852371,3,15,59,0.002934,0.011541,0.000587
白露,美人,0.383211,2.526679,7,44,65,0.008607,0.012715,0.001369
东方,台上,0.38311,3.005957,2,22,23,0.004304,0.004499,0.000391
人归,楼台,0.38311,3.005957,2,23,22,0.004499,0.004304,0.000391
东方,路长,0.38311,3.005957,2,22,23,0.004304,0.004499,0.000391
公卿,窈窕,0.38311,3.005957,2,22,23,0.004304,0.004499,0.000391
明年,路长,0.38311,3.005957,2,22,23,0.004304,0.004499,0.000391
圣人,莲花,0.38311,3.005957,2,23,22,0.004499,0.004304,0.000391
圣人,尘埃,0.38311,3.005957,2,23,22,0.004499,0.004304,0.000391
咸阳,紫微,0.382891,2.848987,3,37,24,0.007238,0.004695,0.000587
相看,闻说,0.382858,3.003982,2,39,13,0.007629,0.002543,0.000391
单于,多少,0.382858,3.003982,2,39,13,0.007629,0.002543,0.000391
单于,相寻,0.382858,3.003982,2,39,13,0.007629,0.002543,0.000391
猿声,长沙,0.382858,3.003982,2,13,39,0.002543,0.007629,0.000391
绿水,钓鱼,0.382858,3.003982,2,39,13,0.007629,0.002543,0.000391
绮罗,绿水,0.382858,3.003982,2,13,39,0.002543,0.007629,0.000391
叹息,岁寒,0.382858,3.003982,2,39,13,0.007629,0.002543,0.000391
满眼,看花,0.382505,3.266346,1,15,13,0.002934,0.002543,0.000196
多少,高台,0.382505,3.266346,1,13,15,0.002543,0.002934,0.000196
相寻,花枝,0.382505,3.266346,1,13,15,0.002543,0.002934,0.000196
单于,心期,0.382505,3.266346,1,39,5,0.007629,0.000978,0.000196
人世,猿啼,0.382505,3.266346,1,15,13,0.002934,0.002543,0.000196
临风,夜月,0.382505,3.266346,1,15,13,0.002934,0.002543,0.000196
岁寒,笙歌,0.382505,3.266346,1,13,15,0.002543,0.002934,0.000196
双飞,岁寒,0.382505,3.266346,1,15,13,0.002934,0.002543,0.000196
岁寒,高台,0.382505,3.266346,1,13,15,0.002543,0.002934,0.000196
双飞,相寻,0.382505,3.266346,1,15,13,0.002934,0.002543,0.000196
相寻,高台,0.382505,3.266346,1,13,15,0.002543,0.002934,0.000196
南北,高台,0.382505,3.266346,1,13,15,0.002543,0.002934,0.000196
双飞,猿声,0.382505,3.266346,1,15,13,0.002934,0.002543,0.000196
多少,婵娟,0.382505,3.266346,1,13,15,0.002543,0.002934,0.000196
夜月,秋日,0.382505,3.266346,1,13,15,0.002543,0.002934,0.000196
人世,猿声,0.382505,3.266346,1,15,13,0.002934,0.002543,0.000196
秋声,阑干,0.382505,3.266346,1,15,13,0.002934,0.002543,0.000196
婵娟,梦魂,0.382505,3.266346,1,15,13,0.002934,0.002543,0.000196
双飞,梦魂,0.382505,3.266346,1,15,13,0.002934,0.002543,0.000196
秋日,钓鱼,0.382505,3.266346,1,15,13,0.002934,0.002543,0.000196
从军,婵娟,0.382505,3.266346,1,13,15,0.002543,0.002934,0.000196
到处,相看,0.382505,3.266346,1,5,39,0.000978,0.007629,0.000196
多少,满眼,0.382505,3.266346,1,13,15,0.002543,0.002934,0.000196
婵娟,绮罗,0.382505,3.266346,1,15,13,0.002934,0.002543,0.000196
姓名,弟子,0.382505,3.266346,1,13,15,0.002543,0.002934,0.000196
夫子,风流,0.382501,2.47092,8,72,48,0.014085,0.00939,0.001565
功成,大道,0.382437,2.845614,3,33,27,0.006455,0.005282,0.000587
朱门,花发,0.382106,2.998082,2,17,30,0.003326,0.005869,0.000391
向人,相忆,0.382106,2.998082,2,15,34,0.002934,0.006651,0.000391
向人,空馀,0.382106,2.998082,2,15,34,0.002934,0.006651,0.000391
千秋,朱门,0.382106,2.998082,2,30,17,0.005869,0.003326,0.000391
佳人,霓裳,0.381906,3.261231,1,28,7,0.005477,0.001369,0.000196
佳人,名利,0.381906,3.261231,1,28,7,0.005477,0.001369,0.000196
落叶,风月,0.381906,3.261231,1,28,7,0.005477,0.001369,0.000196
佳人,风月,0.381906,3.261231,1,28,7,0.005477,0.001369,0.000196
水边,经年,0.381906,3.261231,1,14,14,0.002739,0.002739,0.000196
池塘,羽翼,0.381906,3.261231,1,7,28,0.001369,0.005477,0.000196
佳人,池塘,0.381906,3.261231,1,28,7,0.005477,0.001369,0.000196
花前,花落,0.381906,3.261231,1,4,49,0.000782,0.009585,0.000196
昔时,自古,0.381685,2.840018,3,28,32,0.005477,0.00626,0.000587
世人,所以,0.381685,2.840018,3,56,16,0.010955,0.00313,0.000587
东西,武陵,0.381685,2.840018,3,28,32,0.005477,0.00626,0.000587
佳人,自古,0.381685,2.840018,3,28,32,0.005477,0.00626,0.000587
他人,憔悴,0.381608,2.994169,2,16,32,0.00313,0.00626,0.000391
古木,青松,0.381608,2.994169,2,16,32,0.00313,0.00626,0.000391
东海,所以,0.381608,2.994169,2,32,16,0.00626,0.00313,0.000391
九重,宁知,0.381608,2.994169,2,16,32,0.00313,0.00626,0.000391
欢娱,红粉,0.381608,2.994169,2,32,16,0.00626,0.00313,0.000391
焚香,莓苔,0.381608,2.994169,2,32,16,0.00626,0.00313,0.000391
所以,鸳鸯,0.381608,2.994169,2,16,32,0.00313,0.00626,0.000391
草绿,鸳鸯,0.381608,2.994169,2,16,32,0.00313,0.00626,0.000391
所以,自古,0.381608,2.994169,2,16,32,0.00313,0.00626,0.000391
千金,草绿,0.381608,2.994169,2,32,16,0.00626,0.00313,0.000391
草绿,青松,0.381608,2.994169,2,16,32,0.00313,0.00626,0.000391
他人,杯酒,0.381608,2.994169,2,16,32,0.00313,0.00626,0.000391
单于,苦辛,0.381535,2.838902,3,39,23,0.007629,0.004499,0.000587
单于,将军,0.381426,2.419049,9,39,105,0.007629,0.02054,0.001761
世间,萧萧,0.381359,2.992217,2,9,57,0.001761,0.01115,0.000391
当年,暮雨,0.381359,2.992217,2,19,27,0.003717,0.005282,0.000391
君恩,随风,0.381359,2.992217,2,19,27,0.003717,0.005282,0.000391
当年,罗衣,0.381359,2.992217,2,19,27,0.003717,0.005282,0.000391
曲江,游子,0.381359,2.992217,2,9,57,0.001761,0.01115,0.000391
山路,黄昏,0.381359,2.992217,2,27,19,0.005282,0.003717,0.000391
日夜,阳台,0.381087,2.835564,3,30,30,0.005869,0.005869,0.000587
云间,风波,0.381087,2.835564,3,30,30,0.005869,0.005869,0.000587
日出,自然,0.381087,2.835564,3,36,25,0.007042,0.00489,0.000587
男儿,眼前,0.381087,2.835564,3,36,25,0.007042,0.00489,0.000587
春来,江边,0.381087,2.835564,3,25,36,0.00489,0.007042,0.000587
关山,孤城,0.380972,2.570638,6,51,46,0.009977,0.008998,0.001174
汉家,雨雪,0.380957,2.639997,5,57,32,0.01115,0.00626,0.000978
东方,使君,0.380788,2.833344,3,22,41,0.004304,0.00802,0.000587
楼前,秋来,0.380718,3.251079,1,11,18,0.002152,0.003521,0.000196
公卿,岐路,0.380718,3.251079,1,22,9,0.004304,0.001761,0.000196
曲江,楼台,0.380718,3.251079,1,9,22,0.001761,0.004304,0.000196
公卿,春深,0.380718,3.251079,1,22,9,0.004304,0.001761,0.000196
世间,公卿,0.380718,3.251079,1,9,22,0.001761,0.004304,0.000196
云深,无情,0.380718,3.251079,1,11,18,0.002152,0.003521,0.000196
临水,独行,0.380718,3.251079,1,18,11,0.003521,0.002152,0.000196
叶落,摇落,0.380718,3.251079,1,11,18,0.002152,0.003521,0.000196
曲江,有情,0.380718,3.251079,1,9,22,0.001761,0.004304,0.000196
凄凉,春雨,0.380718,3.251079,1,18,11,0.003521,0.002152,0.000196
夜雨,微风,0.380718,3.251079,1,11,18,0.002152,0.003521,0.000196
星辰,白蘋,0.380718,3.251079,1,18,11,0.003521,0.002152,0.000196
临水,楼前,0.380718,3.251079,1,18,11,0.003521,0.002152,0.000196
所思,曲江,0.380718,3.251079,1,22,9,0.004304,0.001761,0.000196
无情,逢人,0.380718,3.251079,1,18,11,0.003521,0.002152,0.000196
流年,百花,0.380718,3.251079,1,11,18,0.002152,0.003521,0.000196
旧游,管弦,0.380718,3.251079,1,18,11,0.003521,0.002152,0.000196
吟诗,遥知,0.380718,3.251079,1,9,22,0.001761,0.004304,0.000196
游人,百花,0.380718,3.251079,1,11,18,0.002152,0.003521,0.000196
山高,玉楼,0.380718,3.251079,1,18,11,0.003521,0.002152,0.000196
星辰,玉楼,0.380718,3.251079,1,18,11,0.003521,0.002152,0.000196
东风,芳菲,0.380639,2.832236,3,43,21,0.008412,0.004108,0.000587
昨日,黄叶,0.380616,2.986386,2,43,12,0.008412,0.002347,0.000391
宛转,归去,0.380616,2.986386,2,12,43,0.002347,0.008412,0.000391
秋水,黄叶,0.380616,2.986386,2,43,12,0.008412,0.002347,0.000391
佳人,可怜,0.38057,2.722235,4,28,48,0.005477,0.00939,0.000782
昔时,黄河,0.38057,2.722235,4,28,48,0.005477,0.00939,0.000782
富贵,风光,0.380369,2.98445,2,47,11,0.009194,0.002152,0.000391
光辉,罗衣,0.379947,2.71778,4,50,27,0.009781,0.005282,0.000782
松柏,逍遥,0.379637,2.715561,4,41,33,0.00802,0.006455,0.000782
松柏,清晨,0.379637,2.715561,4,41,33,0.00802,0.006455,0.000782
万户,须臾,0.379632,2.978664,2,26,20,0.005086,0.003912,0.000391
人心,汉宫,0.379632,2.978664,2,26,20,0.005086,0.003912,0.000391
早晚,翡翠,0.379632,2.978664,2,20,26,0.003912,0.005086,0.000391
佳期,翡翠,0.379632,2.978664,2,20,26,0.003912,0.005086,0.000391
翡翠,自怜,0.379632,2.978664,2,26,20,0.005086,0.003912,0.000391
佳期,八月,0.379632,2.978664,2,20,26,0.003912,0.005086,0.000391
八月,自怜,0.379632,2.978664,2,26,20,0.005086,0.003912,0.000391
柳色,汉宫,0.379632,2.978664,2,26,20,0.005086,0.003912,0.000391
柳色,玉树,0.379632,2.978664,2,26,20,0.005086,0.003912,0.000391
晚来,柳色,0.379632,2.978664,2,20,26,0.003912,0.005086,0.000391
汉宫,翡翠,0.379632,2.978664,2,20,26,0.003912,0.005086,0.000391
未央,汉宫,0.379632,2.978664,2,26,20,0.005086,0.003912,0.000391
玉树,翡翠,0.379632,2.978664,2,20,26,0.003912,0.005086,0.000391
晚来,翡翠,0.379632,2.978664,2,20,26,0.003912,0.005086,0.000391
未央,玉树,0.379632,2.978664,2,26,20,0.005086,0.003912,0.000391
晚来,未央,0.379632,2.978664,2,20,26,0.003912,0.005086,0.000391
百尺,自言,0.379632,2.978664,2,20,26,0.003912,0.005086,0.000391
海上,花时,0.379632,2.978664,2,52,10,0.010172,0.001956,0.000391
未央,老人,0.379632,2.978664,2,26,20,0.005086,0.003912,0.000391
古今,生涯,0.379632,2.978664,2,20,26,0.003912,0.005086,0.000391
须臾,马蹄,0.379632,2.978664,2,20,26,0.003912,0.005086,0.000391
今已,早晚,0.379632,2.978664,2,26,20,0.005086,0.003912,0.000391
万户,阳春,0.379632,2.978664,2,26,20,0.005086,0.003912,0.000391
年年,花前,0.379541,3.241029,1,50,4,0.009781,0.000782,0.000196
生死,花时,0.379541,3.241029,1,20,10,0.003912,0.001956,0.000196
玉树,花时,0.379541,3.241029,1,20,10,0.003912,0.001956,0.000196
汉宫,雨中,0.379541,3.241029,1,20,10,0.003912,0.001956,0.000196
早晚,物外,0.379541,3.241029,1,20,10,0.003912,0.001956,0.000196
闲居,阙下,0.379541,3.241029,1,20,10,0.003912,0.001956,0.000196
半夜,百尺,0.379541,3.241029,1,10,20,0.001956,0.003912,0.000196
半夜,生死,0.379541,3.241029,1,10,20,0.001956,0.003912,0.000196
交亲,公子,0.379541,3.241029,1,5,40,0.000978,0.007825,0.000196
半夜,风飘,0.379541,3.241029,1,10,20,0.001956,0.003912,0.000196
可惜,风飘,0.379541,3.241029,1,10,20,0.001956,0.003912,0.000196
光辉,花前,0.379541,3.241029,1,50,4,0.009781,0.000782,0.000196
万国,徘徊,0.379541,3.241029,1,25,8,0.00489,0.001565,0.000196
别后,水声,0.379541,3.241029,1,25,8,0.00489,0.001565,0.000196
无力,眼前,0.379541,3.241029,1,8,25,0.001565,0.00489,0.000196
千万,无力,0.379541,3.241029,1,25,8,0.00489,0.001565,0.000196
无力,英雄,0.379541,3.241029,1,8,25,0.001565,0.00489,0.000196
斜阳,朝廷,0.379541,3.241029,1,5,40,0.000978,0.007825,0.000196
九重,汉家,0.379306,2.822318,3,16,57,0.00313,0.01115,0.000587
可怜,无限,0.379306,2.822318,3,48,19,0.00939,0.003717,0.000587
天上,扬州,0.379306,2.822318,3,57,16,0.01115,0.00313,0.000587
丞相,雨露,0.379142,2.974826,2,29,18,0.005673,0.003521,0.000391
御沟,白马,0.379142,2.974826,2,9,58,0.001761,0.011346,0.000391
南国,秋来,0.379142,2.974826,2,29,18,0.005673,0.003521,0.000391
曲江,白马,0.379142,2.974826,2,9,58,0.001761,0.011346,0.000391
南国,碧云,0.379142,2.974826,2,29,18,0.005673,0.003521,0.000391
咸阳,衣冠,0.378915,2.625843,5,37,50,0.007238,0.009781,0.000978
秋天,风雨,0.378607,2.708197,4,29,47,0.005673,0.009194,0.000782
梦中,登高,0.378425,2.815761,3,17,54,0.003326,0.010563,0.000587
江山,辛苦,0.378425,2.815761,3,51,18,0.009977,0.003521,0.000587
故乡,辛苦,0.378425,2.815761,3,51,18,0.009977,0.003521,0.000587
关山,摇落,0.378425,2.815761,3,51,18,0.009977,0.003521,0.000587
从容,造化,0.378412,2.969095,2,15,35,0.002934,0.006847,0.000391
中原,鬼神,0.378412,2.969095,2,35,15,0.006847,0.002934,0.000391
中原,从容,0.378412,2.969095,2,35,15,0.006847,0.002934,0.000391
梨花,零落,0.378412,2.969095,2,25,21,0.00489,0.004108,0.000391
春来,花飞,0.378412,2.969095,2,25,21,0.00489,0.004108,0.000391
春来,青楼,0.378412,2.969095,2,25,21,0.00489,0.004108,0.000391
日晚,花飞,0.378412,2.969095,2,25,21,0.00489,0.004108,0.000391
寒食,日晚,0.378412,2.969095,2,21,25,0.004108,0.00489,0.000391
日晚,青楼,0.378412,2.969095,2,25,21,0.00489,0.004108,0.000391
寒食,梨花,0.378412,2.969095,2,21,25,0.004108,0.00489,0.000391
子孙,眼前,0.378412,2.969095,2,21,25,0.004108,0.00489,0.000391
日晚,楼上,0.378412,2.969095,2,25,21,0.00489,0.004108,0.000391
北阙,梨花,0.378412,2.969095,2,21,25,0.004108,0.00489,0.000391
人皆,殷勤,0.378412,2.969095,2,25,21,0.00489,0.004108,0.000391
溪水,黄花,0.378412,2.969095,2,25,21,0.00489,0.004108,0.000391
万国,花飞,0.378412,2.969095,2,25,21,0.00489,0.004108,0.000391
新月,梨花,0.378412,2.969095,2,21,25,0.004108,0.00489,0.000391
人皆,陌上,0.378412,2.969095,2,25,21,0.00489,0.004108,0.000391
美人,陌上,0.378402,2.706731,4,65,21,0.012715,0.004108,0.000782
才子,长沙,0.378402,2.706731,4,35,39,0.006847,0.007629,0.000782
孤城,百尺,0.378133,2.813585,3,46,20,0.008998,0.003912,0.000587
当时,生死,0.378133,2.813585,3,46,20,0.008998,0.003912,0.000587
是非,飘飖,0.378133,2.813585,3,23,40,0.004499,0.007825,0.000587
圣人,朝廷,0.378133,2.813585,3,23,40,0.004499,0.007825,0.000587
咸阳,明主,0.377999,2.492312,7,37,80,0.007238,0.015649,0.001369
世上,始知,0.377982,2.619377,5,38,49,0.007433,0.009585,0.000978
丹青,壮士,0.377982,2.619377,5,38,49,0.007433,0.009585,0.000978
断肠,霓裳,0.377797,3.22614,1,29,7,0.005673,0.001369,0.000196
名利,断肠,0.377797,3.22614,1,7,29,0.001369,0.005673,0.000196
南国,霓裳,0.377797,3.22614,1,29,7,0.005673,0.001369,0.000196
梧桐,霓裳,0.377797,3.22614,1,29,7,0.005673,0.001369,0.000196
万物,霓裳,0.377797,3.22614,1,29,7,0.005673,0.001369,0.000196
南国,名利,0.377797,3.22614,1,29,7,0.005673,0.001369,0.000196
名利,梧桐,0.377797,3.22614,1,7,29,0.001369,0.005673,0.000196
万物,名利,0.377797,3.22614,1,29,7,0.005673,0.001369,0.000196
池塘,相知,0.377797,3.22614,1,7,29,0.001369,0.005673,0.000196
相知,风月,0.377797,3.22614,1,29,7,0.005673,0.001369,0.000196
怅望,风月,0.377797,3.22614,1,29,7,0.005673,0.001369,0.000196
断肠,风月,0.377797,3.22614,1,29,7,0.005673,0.001369,0.000196
人家,池塘,0.377797,3.22614,1,29,7,0.005673,0.001369,0.000196
年少,楼台,0.377686,2.963397,2,24,22,0.004695,0.004304,0.000391
白蘋,神仙,0.377686,2.963397,2,11,48,0.002152,0.00939,0.000391
尘埃,紫微,0.377686,2.963397,2,22,24,0.004304,0.004695,0.000391
独行,相望,0.377686,2.963397,2,11,48,0.002152,0.00939,0.000391
先生,萧索,0.377686,2.963397,2,22,24,0.004304,0.004695,0.000391
他人,肠断,0.377686,2.963397,2,16,33,0.00313,0.006455,0.000391
肠断,草绿,0.377686,2.963397,2,33,16,0.006455,0.00313,0.000391
今年,回头,0.377686,2.963397,2,33,16,0.006455,0.00313,0.000391
所思,蓬莱,0.37755,2.809246,3,22,42,0.004304,0.008216,0.000587
莲花,蓬莱,0.37755,2.809246,3,22,42,0.004304,0.008216,0.000587
古来,花飞,0.37755,2.809246,3,44,21,0.008607,0.004108,0.000587
寂寞,满地,0.37755,2.809246,3,77,12,0.015063,0.002347,0.000587
是非,苦辛,0.377445,2.961505,2,23,23,0.004499,0.004499,0.000391
梨花,歌舞,0.377404,2.808165,3,25,37,0.00489,0.007238,0.000587
万国,昆仑,0.377404,2.808165,3,25,37,0.00489,0.007238,0.000587
风起,鸳鸯,0.37728,2.698704,4,43,32,0.008412,0.00626,0.000782
愁人,梦中,0.377222,3.221226,1,12,17,0.002347,0.003326,0.000196
宛转,庭前,0.377222,3.221226,1,12,17,0.002347,0.003326,0.000196
庭前,月落,0.377222,3.221226,1,17,12,0.003326,0.002347,0.000196
南宫,月光,0.377222,3.221226,1,12,17,0.002347,0.003326,0.000196
山下,近来,0.377222,3.221226,1,34,6,0.006651,0.001174,0.000196
君心,满地,0.377222,3.221226,1,17,12,0.003326,0.002347,0.000196
细雨,野花,0.377222,3.221226,1,17,12,0.003326,0.002347,0.000196
日斜,满地,0.377222,3.221226,1,17,12,0.003326,0.002347,0.000196
十里,昔年,0.377222,3.221226,1,17,12,0.003326,0.002347,0.000196
东海,南国,0.376969,2.804927,3,32,29,0.00626,0.005673,0.000587
兄弟,读书,0.376969,2.804927,3,29,32,0.005673,0.00626,0.000587
怅望,青松,0.376969,2.804927,3,29,32,0.005673,0.00626,0.000587
岐路,青天,0.376964,2.957731,2,9,59,0.001761,0.011541,0.000391
青云,鬼神,0.376874,2.695802,4,92,15,0.017997,0.002934,0.000782
咫尺,垂杨,0.376724,2.95585,2,28,19,0.005477,0.003717,0.000391
佳人,含情,0.376724,2.95585,2,28,19,0.005477,0.003717,0.000391
东西,头白,0.376724,2.95585,2,28,19,0.005477,0.003717,0.000391
东西,山色,0.376724,2.95585,2,28,19,0.005477,0.003717,0.000391
分明,花发,0.37668,2.802774,3,31,30,0.006064,0.005869,0.000587
可惜,相见,0.37668,2.802774,3,10,93,0.001956,0.018192,0.000587
交亲,他日,0.376649,3.216336,1,5,41,0.000978,0.00802,0.000196
鸳鸯,黄金,0.376535,2.388033,9,32,132,0.00626,0.025822,0.001761
扁舟,湘水,0.376517,2.609225,5,57,33,0.01115,0.006455,0.000978
蛾眉,黄金,0.376511,2.348211,10,37,132,0.007238,0.025822,0.001956
岁寒,路难,0.376484,2.953972,2,13,41,0.002543,0.00802,0.000391
清秋,瑶池,0.376484,2.953972,2,41,13,0.00802,0.002543,0.000391
天子,阳春,0.376369,2.539583,6,121,20,0.02367,0.003912,0.001174
宫中,走马,0.376268,2.691463,4,33,42,0.006455,0.008216,0.000782
宫中,蓬莱,0.376268,2.691463,4,33,42,0.006455,0.008216,0.000782
往来,车马,0.376268,2.691463,4,42,33,0.008216,0.006455,0.000782
断肠,美人,0.37621,2.607101,5,29,65,0.005673,0.012715,0.000978
当年,桃李,0.376167,2.690742,4,19,73,0.003717,0.01428,0.000782
青天,鸳鸯,0.375981,2.605511,5,59,32,0.011541,0.00626,0.000978
百年,走马,0.375828,2.604452,5,45,42,0.008803,0.008216,0.000978
男儿,相随,0.375815,2.796343,3,36,26,0.007042,0.005086,0.000587
独立,萧索,0.375815,2.796343,3,39,24,0.007629,0.004695,0.000587
叹息,青苔,0.375815,2.796343,3,39,24,0.007629,0.004695,0.000587
可怜,断肠,0.375664,2.687144,4,48,29,0.00939,0.005673,0.000782
封侯,御沟,0.375512,3.206627,1,23,9,0.004499,0.001761,0.000196
人归,曲江,0.375512,3.206627,1,23,9,0.004499,0.001761,0.000196
九天,曲江,0.375512,3.206627,1,23,9,0.004499,0.001761,0.000196
世间,人情,0.375512,3.206627,1,9,23,0.001761,0.004499,0.000196
世间,窈窕,0.375512,3.206627,1,9,23,0.001761,0.004499,0.000196
人情,依旧,0.375512,3.206627,1,23,9,0.004499,0.001761,0.000196
曲江,风烟,0.375512,3.206627,1,9,23,0.001761,0.004499,0.000196
故国,曲江,0.375512,3.206627,1,23,9,0.004499,0.001761,0.000196
依旧,故国,0.375512,3.206627,1,9,23,0.001761,0.004499,0.000196
岐路,深山,0.375512,3.206627,1,9,23,0.001761,0.004499,0.000196
松柏,空馀,0.375463,2.685708,4,41,34,0.00802,0.006651,0.000782
白马,秋草,0.375392,2.532993,6,58,42,0.011346,0.008216,0.001174
富贵,须臾,0.375242,2.792078,3,47,20,0.009194,0.003912,0.000587
浮云,西风,0.375242,2.792078,3,94,10,0.018388,0.001956,0.000587
古今,高楼,0.375242,2.792078,3,20,47,0.003912,0.009194,0.000587
桃李,自言,0.375218,2.600228,5,73,26,0.01428,0.005086,0.000978
玉楼,花落,0.375058,2.942778,2,11,49,0.002152,0.009585,0.000391
花落,风光,0.375058,2.942778,2,49,11,0.009585,0.002152,0.000391
归来,意气,0.375025,2.422626,8,93,39,0.018192,0.007629,0.001565
故园,花前,0.374948,3.201808,1,52,4,0.010172,0.000782,0.000196
送客,金谷,0.374948,3.201808,1,26,8,0.005086,0.001565,0.000196
竹林,金谷,0.374948,3.201808,1,26,8,0.005086,0.001565,0.000196
水声,翠微,0.374948,3.201808,1,8,26,0.001565,0.005086,0.000196
人心,金谷,0.374948,3.201808,1,26,8,0.005086,0.001565,0.000196
回头,猿啼,0.374948,3.201808,1,16,13,0.00313,0.002543,0.000196
岁寒,所以,0.374948,3.201808,1,13,16,0.002543,0.00313,0.000196
岁寒,草绿,0.374948,3.201808,1,13,16,0.002543,0.00313,0.000196
所以,相寻,0.374948,3.201808,1,16,13,0.00313,0.002543,0.000196
南北,所以,0.374948,3.201808,1,13,16,0.002543,0.00313,0.000196
相寻,草绿,0.374948,3.201808,1,13,16,0.002543,0.00313,0.000196
南北,草绿,0.374948,3.201808,1,13,16,0.002543,0.00313,0.000196
古木,夜月,0.374948,3.201808,1,16,13,0.00313,0.002543,0.000196
回头,瑶池,0.374948,3.201808,1,16,13,0.00313,0.002543,0.000196
回头,绮罗,0.374948,3.201808,1,16,13,0.00313,0.002543,0.000196
扬州,猿声,0.374948,3.201808,1,16,13,0.00313,0.002543,0.000196
扬州,看花,0.374948,3.201808,1,16,13,0.00313,0.002543,0.000196
多少,草绿,0.374948,3.201808,1,13,16,0.002543,0.00313,0.000196
红粉,阑干,0.374948,3.201808,1,16,13,0.00313,0.002543,0.000196
怜君,梦魂,0.374948,3.201808,1,16,13,0.00313,0.002543,0.000196
梦魂,草绿,0.374948,3.201808,1,13,16,0.002543,0.00313,0.000196
今已,时节,0.374948,3.201808,1,26,8,0.005086,0.001565,0.000196
人心,时节,0.374948,3.201808,1,26,8,0.005086,0.001565,0.000196
古木,多少,0.374948,3.201808,1,16,13,0.00313,0.002543,0.000196
八月,无力,0.374948,3.201808,1,26,8,0.005086,0.001565,0.000196
残月,生涯,0.374948,3.201808,1,8,26,0.001565,0.005086,0.000196
怜君,闻说,0.374948,3.201808,1,16,13,0.00313,0.002543,0.000196
水声,风霜,0.374948,3.201808,1,8,26,0.001565,0.005086,0.000196
相随,鹧鸪,0.374948,3.201808,1,26,8,0.005086,0.001565,0.000196
山川,高台,0.374822,2.940924,2,36,15,0.007042,0.002934,0.000391
暮雨,须臾,0.374822,2.940924,2,27,20,0.005282,0.003912,0.000391
汉宫,随风,0.374822,2.940924,2,20,27,0.003912,0.005282,0.000391
云间,无情,0.374822,2.940924,2,30,18,0.005869,0.003521,0.000391
罗衣,苍苔,0.374822,2.940924,2,27,20,0.005282,0.003912,0.000391
碧云,花发,0.374822,2.940924,2,18,30,0.003521,0.005869,0.000391
大道,生死,0.374822,2.940924,2,27,20,0.005282,0.003912,0.000391
碧云,秋色,0.374822,2.940924,2,18,30,0.003521,0.005869,0.000391
婵娟,水清,0.374822,2.940924,2,15,36,0.002934,0.007042,0.000391
男儿,笙歌,0.374822,2.940924,2,36,15,0.007042,0.002934,0.000391
大道,自怜,0.374822,2.940924,2,27,20,0.005282,0.003912,0.000391
汉宫,罗衣,0.374822,2.940924,2,20,27,0.003912,0.005282,0.000391
晚来,罗衣,0.374822,2.940924,2,20,27,0.003912,0.005282,0.000391
旧游,花发,0.374822,2.940924,2,18,30,0.003521,0.005869,0.000391
昔年,百年,0.374822,2.940924,2,12,45,0.002347,0.008803,0.000391
路傍,门前,0.374822,2.940924,2,18,30,0.003521,0.005869,0.000391
歌声,长江,0.374822,2.940924,2,18,30,0.003521,0.005869,0.000391
古今,题诗,0.374822,2.940924,2,20,27,0.003912,0.005282,0.000391
千秋,星辰,0.374822,2.940924,2,30,18,0.005869,0.003521,0.000391
烟霞,谢公,0.374822,2.940924,2,18,30,0.003521,0.005869,0.000391
松风,玉树,0.374822,2.940924,2,27,20,0.005282,0.003912,0.000391
云雨,向人,0.374822,2.940924,2,36,15,0.007042,0.002934,0.000391
山僧,月出,0.374822,2.940924,2,18,30,0.003521,0.005869,0.000391
晚来,菊花,0.374822,2.940924,2,20,27,0.003912,0.005282,0.000391
巫峡,满地,0.374822,2.940924,2,45,12,0.008803,0.002347,0.000391
圣人,松柏,0.374814,2.788892,3,23,41,0.004499,0.00802,0.000587
清秋,风烟,0.374814,2.788892,3,41,23,0.00802,0.004499,0.000587
大道,造化,0.374529,2.786773,3,27,35,0.005282,0.006847,0.000587
旌旗,汉家,0.374483,2.526854,6,43,57,0.008412,0.01115,0.001174
单于,男儿,0.374464,2.67856,4,39,36,0.007629,0.007042,0.000782
公卿,归去,0.374387,2.785716,3,22,43,0.004304,0.008412,0.000587
垂杨,芳树,0.374386,3.197012,1,19,11,0.003717,0.002152,0.000196
无限,楼前,0.374386,3.197012,1,19,11,0.003717,0.002152,0.000196
君恩,芳树,0.374386,3.197012,1,19,11,0.003717,0.002152,0.000196
万年,君恩,0.374386,3.197012,1,11,19,0.002152,0.003717,0.000196
游人,玉堂,0.374386,3.197012,1,11,19,0.002152,0.003717,0.000196
相对,风光,0.374386,3.197012,1,19,11,0.003717,0.002152,0.000196
夜雨,黄昏,0.374386,3.197012,1,11,19,0.002152,0.003717,0.000196
心事,独行,0.374386,3.197012,1,19,11,0.003717,0.002152,0.000196
汀洲,风景,0.374386,3.197012,1,11,19,0.002152,0.003717,0.000196
云深,骨肉,0.374386,3.197012,1,11,19,0.002152,0.003717,0.000196
心事,逢人,0.374386,3.197012,1,19,11,0.003717,0.002152,0.000196
楚客,楼前,0.374386,3.197012,1,19,11,0.003717,0.002152,0.000196
楼前,风景,0.374386,3.197012,1,11,19,0.002152,0.003717,0.000196
他年,无限,0.374386,3.197012,1,11,19,0.002152,0.003717,0.000196
山色,清明,0.374386,3.197012,1,19,11,0.003717,0.002152,0.000196
玉堂,玉楼,0.374386,3.197012,1,19,11,0.003717,0.002152,0.000196
青春,黄鹤,0.374265,2.677136,4,37,38,0.007238,0.007433,0.000782
千金,古来,0.374066,2.675715,4,32,44,0.00626,0.008607,0.000782
古来,鸳鸯,0.374066,2.675715,4,44,32,0.008607,0.00626,0.000782
行人,闻说,0.373962,2.782549,3,73,13,0.01428,0.002543,0.000587
桃李,绮罗,0.373962,2.782549,3,73,13,0.01428,0.002543,0.000587
君心,鸳鸯,0.373881,2.933544,2,17,32,0.003326,0.00626,0.000391
昔日,鸳鸯,0.373881,2.933544,2,17,32,0.003326,0.00626,0.000391
君家,朱门,0.373881,2.933544,2,32,17,0.00626,0.003326,0.000391
不归,城下,0.373881,2.933544,2,32,17,0.00626,0.003326,0.000391
东林,草堂,0.373881,2.933544,2,17,32,0.003326,0.00626,0.000391
同心,鸳鸯,0.373881,2.933544,2,17,32,0.003326,0.00626,0.000391
同心,青松,0.373881,2.933544,2,17,32,0.003326,0.00626,0.000391
朱门,欢娱,0.373881,2.933544,2,17,32,0.003326,0.00626,0.000391
君心,经过,0.373881,2.933544,2,17,32,0.003326,0.00626,0.000391
相忆,草绿,0.373881,2.933544,2,34,16,0.006651,0.00313,0.000391
怜君,相忆,0.373881,2.933544,2,16,34,0.00313,0.006651,0.000391
楚水,相忆,0.373881,2.933544,2,16,34,0.00313,0.006651,0.000391
扬州,相忆,0.373881,2.933544,2,16,34,0.00313,0.006651,0.000391
九衢,远山,0.373827,3.192238,1,6,35,0.001174,0.006847,0.000196
文字,谢公,0.373827,3.192238,1,7,30,0.001369,0.005869,0.000196
千秋,霓裳,0.373827,3.192238,1,30,7,0.005869,0.001369,0.000196
月出,霓裳,0.373827,3.192238,1,30,7,0.005869,0.001369,0.000196
霓裳,青门,0.373827,3.192238,1,7,30,0.001369,0.005869,0.000196
无穷,霓裳,0.373827,3.192238,1,30,7,0.005869,0.001369,0.000196
阳台,霓裳,0.373827,3.192238,1,30,7,0.005869,0.001369,0.000196
千秋,名利,0.373827,3.192238,1,30,7,0.005869,0.001369,0.000196
名利,月出,0.373827,3.192238,1,7,30,0.001369,0.005869,0.000196
名利,青门,0.373827,3.192238,1,7,30,0.001369,0.005869,0.000196
名利,无穷,0.373827,3.192238,1,7,30,0.001369,0.005869,0.000196
名利,阳台,0.373827,3.192238,1,7,30,0.001369,0.005869,0.000196
云间,夜长,0.373827,3.192238,1,30,7,0.005869,0.001369,0.000196
明日,池塘,0.373827,3.192238,1,30,7,0.005869,0.001369,0.000196
月夜,道士,0.373827,3.192238,1,14,15,0.002739,0.002934,0.000196
月夜,满眼,0.373827,3.192238,1,14,15,0.002739,0.002934,0.000196
池塘,谢公,0.373827,3.192238,1,7,30,0.001369,0.005869,0.000196
明日,风月,0.373827,3.192238,1,30,7,0.005869,0.001369,0.000196
花枝,马嘶,0.373827,3.192238,1,15,14,0.002934,0.002739,0.000196
月出,玲珑,0.373827,3.192238,1,30,7,0.005869,0.001369,0.000196
玲珑,秋色,0.373827,3.192238,1,7,30,0.001369,0.005869,0.000196
无穷,玲珑,0.373827,3.192238,1,30,7,0.005869,0.001369,0.000196
名利,风动,0.373827,3.192238,1,7,30,0.001369,0.005869,0.000196
寻常,风动,0.373827,3.192238,1,7,30,0.001369,0.005869,0.000196
春日,池塘,0.373827,3.192238,1,30,7,0.005869,0.001369,0.000196
池塘,风动,0.373827,3.192238,1,7,30,0.001369,0.005869,0.000196
人稀,前程,0.373827,3.192238,1,14,15,0.002739,0.002934,0.000196
花枝,莺啼,0.373827,3.192238,1,15,14,0.002934,0.002739,0.000196
交亲,还家,0.373827,3.192238,1,5,42,0.000978,0.008216,0.000196
半夜,花间,0.373827,3.192238,1,10,21,0.001956,0.004108,0.000196
北阙,绿杨,0.373827,3.192238,1,21,10,0.004108,0.001956,0.000196
可惜,殷勤,0.373827,3.192238,1,10,21,0.001956,0.004108,0.000196
可惜,青楼,0.373827,3.192238,1,10,21,0.001956,0.004108,0.000196
可惜,黄花,0.373827,3.192238,1,10,21,0.001956,0.004108,0.000196
交亲,山河,0.373827,3.192238,1,5,42,0.000978,0.008216,0.000196
浮生,物外,0.373827,3.192238,1,21,10,0.004108,0.001956,0.000196
可惜,花飞,0.373827,3.192238,1,10,21,0.001956,0.004108,0.000196
杏花,蓬莱,0.373827,3.192238,1,5,42,0.000978,0.008216,0.000196
西风,陌上,0.373827,3.192238,1,10,21,0.001956,0.004108,0.000196
新月,雨中,0.373827,3.192238,1,21,10,0.004108,0.001956,0.000196
世上,日晚,0.37382,2.781496,3,38,25,0.007433,0.00489,0.000587
感激,迢递,0.37382,2.781496,3,38,25,0.007433,0.00489,0.000587
丹青,英雄,0.37382,2.781496,3,38,25,0.007433,0.00489,0.000587
明主,相访,0.373555,2.588703,5,80,24,0.015649,0.004695,0.000978
夜月,还家,0.373413,2.929874,2,13,42,0.002543,0.008216,0.000391
翡翠,零落,0.373413,2.929874,2,26,21,0.005086,0.004108,0.000391
相寻,走马,0.373413,2.929874,2,13,42,0.002543,0.008216,0.000391
万户,花飞,0.373413,2.929874,2,26,21,0.005086,0.004108,0.000391
万户,寒食,0.373413,2.929874,2,26,21,0.005086,0.004108,0.000391
单于,马嘶,0.373413,2.929874,2,39,14,0.007629,0.002739,0.000391
柳色,花间,0.373413,2.929874,2,26,21,0.005086,0.004108,0.000391
翡翠,花间,0.373413,2.929874,2,26,21,0.005086,0.004108,0.000391
未央,花间,0.373413,2.929874,2,26,21,0.005086,0.004108,0.000391
柳色,青楼,0.373413,2.929874,2,26,21,0.005086,0.004108,0.000391
北阙,柳色,0.373413,2.929874,2,21,26,0.004108,0.005086,0.000391
翡翠,青楼,0.373413,2.929874,2,26,21,0.005086,0.004108,0.000391
北阙,翡翠,0.373413,2.929874,2,21,26,0.004108,0.005086,0.000391
未央,青楼,0.373413,2.929874,2,26,21,0.005086,0.004108,0.000391
北阙,未央,0.373413,2.929874,2,21,26,0.004108,0.005086,0.000391
子孙,相随,0.373413,2.929874,2,21,26,0.004108,0.005086,0.000391
月夜,长沙,0.373413,2.929874,2,14,39,0.002739,0.007629,0.000391
今已,宫殿,0.373413,2.929874,2,26,21,0.005086,0.004108,0.000391
相寻,蓬莱,0.373413,2.929874,2,13,42,0.002543,0.008216,0.000391
往来,梦魂,0.373413,2.929874,2,42,13,0.008216,0.002543,0.000391
自言,零落,0.373413,2.929874,2,26,21,0.005086,0.004108,0.000391
翠微,芳菲,0.373413,2.929874,2,26,21,0.005086,0.004108,0.000391
往来,阑干,0.373413,2.929874,2,42,13,0.008216,0.002543,0.000391
秋风,落叶,0.373357,2.461704,7,109,28,0.021322,0.005477,0.001369
文章,雨露,0.373255,2.777295,3,53,18,0.010368,0.003521,0.000587
丈夫,肠断,0.372978,2.667933,4,43,33,0.008412,0.006455,0.000782
功成,归去,0.372978,2.667933,4,33,43,0.006455,0.008412,0.000782
功成,梧桐,0.372834,2.774155,3,33,29,0.006455,0.005673,0.000587
日月,曲江,0.372715,2.924395,2,61,9,0.011933,0.001761,0.000391
世间,日月,0.372715,2.924395,2,9,61,0.001761,0.011933,0.000391
东方,自然,0.372483,2.922575,2,22,25,0.004304,0.00489,0.000391
衣冠,风光,0.372483,2.922575,2,50,11,0.009781,0.002152,0.000391
日晚,楼台,0.372483,2.922575,2,25,22,0.00489,0.004304,0.000391
梨花,楼台,0.372483,2.922575,2,25,22,0.00489,0.004304,0.000391
年年,管弦,0.372483,2.922575,2,50,11,0.009781,0.002152,0.000391
光辉,玉楼,0.372483,2.922575,2,50,11,0.009781,0.002152,0.000391
玉楼,白雪,0.372483,2.922575,2,11,50,0.002152,0.009781,0.000391
公卿,千万,0.372483,2.922575,2,22,25,0.004304,0.00489,0.000391
万国,楼台,0.372483,2.922575,2,25,22,0.00489,0.004304,0.000391
春雨,白雪,0.372483,2.922575,2,11,50,0.002152,0.009781,0.000391
东方,饮酒,0.372483,2.922575,2,22,25,0.004304,0.00489,0.000391
新诗,明时,0.372483,2.922575,2,25,22,0.00489,0.004304,0.000391
春光,春来,0.372483,2.922575,2,22,25,0.004304,0.00489,0.000391
千金,无穷,0.372413,2.771025,3,32,30,0.00626,0.005869,0.000587
寥落,飘飖,0.372413,2.771025,3,24,40,0.004695,0.007825,0.000587
万事,寥落,0.372413,2.771025,3,40,24,0.007825,0.004695,0.000587
万事,行乐,0.372413,2.771025,3,40,24,0.007825,0.004695,0.000587
风飘,黄河,0.372413,2.771025,3,20,48,0.003912,0.00939,0.000587
垂杨,日照,0.372251,2.920758,2,19,29,0.003717,0.005673,0.000391
相知,重阳,0.372251,2.920758,2,29,19,0.005673,0.003717,0.000391
含情,怅望,0.372251,2.920758,2,19,29,0.003717,0.005673,0.000391
心事,怅望,0.372251,2.920758,2,19,29,0.003717,0.005673,0.000391
自言,蛾眉,0.372133,2.768944,3,26,37,0.005086,0.007238,0.000587
歌舞,翡翠,0.372133,2.768944,3,37,26,0.007238,0.005086,0.000587
未央,歌舞,0.372133,2.768944,3,26,37,0.005086,0.007238,0.000587
咸阳,未央,0.372133,2.768944,3,37,26,0.007238,0.005086,0.000587
今日,昔年,0.372094,2.66161,4,119,12,0.023279,0.002347,0.000782
千古,潺湲,0.37202,2.918945,2,24,23,0.004695,0.004499,0.000391
人归,年少,0.37202,2.918945,2,23,24,0.004499,0.004695,0.000391
云飞,紫微,0.37202,2.918945,2,23,24,0.004499,0.004695,0.000391
向东,窈窕,0.37202,2.918945,2,24,23,0.004695,0.004499,0.000391
秋草,自知,0.371576,2.764794,3,42,23,0.008216,0.004499,0.000587
云飞,巫山,0.371576,2.764794,3,23,42,0.004499,0.008216,0.000587
人稀,闻道,0.371576,2.764794,3,14,69,0.002739,0.013498,0.000587
天寒,零落,0.371576,2.764794,3,46,21,0.008998,0.004108,0.000587
圣人,蓬莱,0.371576,2.764794,3,23,42,0.004499,0.008216,0.000587
向人,蛾眉,0.371329,2.913525,2,15,37,0.002934,0.007238,0.000391
咸阳,高台,0.371329,2.913525,2,37,15,0.007238,0.002934,0.000391
双飞,蛾眉,0.371329,2.913525,2,15,37,0.002934,0.007238,0.000391
双飞,青春,0.371329,2.913525,2,15,37,0.002934,0.007238,0.000391
青春,鬼神,0.371329,2.913525,2,37,15,0.007238,0.002934,0.000391
公卿,行路,0.371298,2.762726,3,22,44,0.004304,0.008607,0.000587
古来,尘埃,0.371298,2.762726,3,44,22,0.008607,0.004304,0.000587
关山,风景,0.371159,2.761694,3,51,19,0.009977,0.003717,0.000587
天上,月光,0.371159,2.761694,3,57,17,0.01115,0.003326,0.000587
山色,故乡,0.371159,2.761694,3,19,51,0.003717,0.009977,0.000587
庭前,扁舟,0.371159,2.761694,3,17,57,0.003326,0.01115,0.000587
君恩,黄金,0.371076,2.503865,6,19,132,0.003717,0.025822,0.001174
丈夫,心期,0.371072,3.168708,1,43,5,0.008412,0.000978,0.000196
心期,风起,0.371072,3.168708,1,5,43,0.000978,0.008412,0.000196
东风,雨后,0.371072,3.168708,1,43,5,0.008412,0.000978,0.000196
百年,经过,0.370924,2.653242,4,45,32,0.008803,0.00626,0.000782
帝城,百年,0.370924,2.653242,4,32,45,0.00626,0.008803,0.000782
千载,自古,0.370924,2.653242,4,45,32,0.008803,0.00626,0.000782
茫茫,萧索,0.370924,2.653242,4,60,24,0.011737,0.004695,0.000782
日夜,相望,0.370924,2.653242,4,30,48,0.005869,0.00939,0.000782
苍梧,随风,0.370743,2.758602,3,36,27,0.007042,0.005282,0.000587
分明,碧云,0.370642,2.908134,2,31,18,0.006064,0.003521,0.000391
单于,歌舞,0.370634,2.651161,4,39,37,0.007629,0.007238,0.000782
歌舞,逶迤,0.370634,2.651161,4,37,39,0.007238,0.007629,0.000782
蛾眉,逶迤,0.370634,2.651161,4,37,39,0.007238,0.007629,0.000782
悠悠,生死,0.37058,2.568084,5,98,20,0.019171,0.003912,0.000978
少年,骑马,0.37058,2.568084,5,98,20,0.019171,0.003912,0.000978
金谷,题诗,0.370528,3.164068,1,8,27,0.001565,0.005282,0.000196
忆昔,时节,0.370528,3.164068,1,27,8,0.005282,0.001565,0.000196
忆昔,水声,0.370528,3.164068,1,27,8,0.005282,0.001565,0.000196
松风,水声,0.370528,3.164068,1,27,8,0.005282,0.001565,0.000196
太守,时节,0.370528,3.164068,1,27,8,0.005282,0.001565,0.000196
白头,自由,0.370528,3.164068,1,54,4,0.010563,0.000782,0.000196
时节,随风,0.370528,3.164068,1,8,27,0.001565,0.005282,0.000196
山路,时节,0.370528,3.164068,1,27,8,0.005282,0.001565,0.000196
九衢,水清,0.370528,3.164068,1,6,36,0.001174,0.007042,0.000196
惆怅,枕上,0.370528,3.164068,1,72,3,0.014085,0.000587,0.000196
年少,曲江,0.370528,3.164068,1,24,9,0.004695,0.001761,0.000196
独自,路傍,0.370528,3.164068,1,12,18,0.002347,0.003521,0.000196
微风,烟雨,0.370528,3.164068,1,18,12,0.003521,0.002347,0.000196
独自,碧云,0.370528,3.164068,1,12,18,0.002347,0.003521,0.000196
旧游,永日,0.370528,3.164068,1,18,12,0.003521,0.002347,0.000196
天外,宛转,0.370528,3.164068,1,18,12,0.003521,0.002347,0.000196
天外,月落,0.370528,3.164068,1,18,12,0.003521,0.002347,0.000196
宛转,镜中,0.370528,3.164068,1,12,18,0.002347,0.003521,0.000196
宛转,星辰,0.370528,3.164068,1,12,18,0.002347,0.003521,0.000196
月落,镜中,0.370528,3.164068,1,12,18,0.002347,0.003521,0.000196
星辰,月落,0.370528,3.164068,1,18,12,0.003521,0.002347,0.000196
愁人,星辰,0.370528,3.164068,1,12,18,0.002347,0.003521,0.000196
月中,路傍,0.370528,3.164068,1,12,18,0.002347,0.003521,0.000196
世间,寥落,0.370528,3.164068,1,9,24,0.001761,0.004695,0.000196
世间,行乐,0.370528,3.164068,1,9,24,0.001761,0.004695,0.000196
愁人,无情,0.370528,3.164068,1,12,18,0.002347,0.003521,0.000196
微雨,路傍,0.370528,3.164068,1,12,18,0.002347,0.003521,0.000196
南宫,秋来,0.370528,3.164068,1,12,18,0.002347,0.003521,0.000196
临水,愁人,0.370528,3.164068,1,18,12,0.003521,0.002347,0.000196
思君,曲江,0.370528,3.164068,1,24,9,0.004695,0.001761,0.000196
满地,烟霞,0.370528,3.164068,1,12,18,0.002347,0.003521,0.000196
曲江,石上,0.370528,3.164068,1,9,24,0.001761,0.004695,0.000196
摇落,黄叶,0.370528,3.164068,1,18,12,0.003521,0.002347,0.000196
烟雨,秋来,0.370528,3.164068,1,12,18,0.002347,0.003521,0.000196
依旧,千古,0.370528,3.164068,1,9,24,0.001761,0.004695,0.000196
丈夫,从军,0.370414,2.906344,2,43,13,0.008412,0.002543,0.000391
从军,百里,0.370414,2.906344,2,13,43,0.002543,0.008412,0.000391
婵娟,美人,0.370329,2.755521,3,15,65,0.002934,0.012715,0.000587
功名,单于,0.370329,2.755521,3,25,39,0.00489,0.007629,0.000587
相看,饮酒,0.370329,2.755521,3,39,25,0.007629,0.00489,0.000587
生死,落叶,0.370186,2.904556,2,20,28,0.003912,0.005477,0.000391
今来,生死,0.370186,2.904556,2,28,20,0.005477,0.003912,0.000391
早晚,落叶,0.370186,2.904556,2,20,28,0.003912,0.005477,0.000391
佳期,落叶,0.370186,2.904556,2,20,28,0.003912,0.005477,0.000391
自怜,落叶,0.370186,2.904556,2,20,28,0.003912,0.005477,0.000391
中原,古木,0.370186,2.904556,2,35,16,0.006847,0.00313,0.000391
苍苔,落叶,0.370186,2.904556,2,20,28,0.003912,0.005477,0.000391
月色,百尺,0.370186,2.904556,2,28,20,0.005477,0.003912,0.000391
天台,月色,0.370186,2.904556,2,20,28,0.003912,0.005477,0.000391
佳人,阳春,0.370186,2.904556,2,28,20,0.005477,0.003912,0.000391
所以,造化,0.370186,2.904556,2,16,35,0.00313,0.006847,0.000391
扬州,汉水,0.370186,2.904556,2,16,35,0.00313,0.006847,0.000391
月色,远客,0.370186,2.904556,2,28,20,0.005477,0.003912,0.000391
月色,玉树,0.370186,2.904556,2,28,20,0.005477,0.003912,0.000391
尚书,阳春,0.370186,2.904556,2,28,20,0.005477,0.003912,0.000391
东西,骑马,0.370186,2.904556,2,28,20,0.005477,0.003912,0.000391
山阴,池塘,0.369987,3.159449,1,31,7,0.006064,0.001369,0.000196
清晨,龙门,0.369959,2.902772,2,33,17,0.006455,0.003326,0.000391
千门,朱门,0.369959,2.902772,2,33,17,0.006455,0.003326,0.000391
君心,宫中,0.369959,2.902772,2,17,33,0.003326,0.006455,0.000391
昔日,肠断,0.369959,2.902772,2,17,33,0.003326,0.006455,0.000391
白玉,阳春,0.369642,2.750406,3,49,20,0.009585,0.003912,0.000587
绿水,美人,0.369489,2.493157,6,39,65,0.007629,0.012715,0.001174
思量,秋风,0.369449,3.154851,1,2,109,0.000391,0.021322,0.000196
山中,永日,0.369279,2.897439,2,47,12,0.009194,0.002347,0.000391
君心,孤舟,0.368821,2.744302,3,17,58,0.003326,0.011346,0.000587
怅望,相忆,0.368821,2.744302,3,29,34,0.005673,0.006651,0.000587
少年,自言,0.368731,2.488041,6,98,26,0.019171,0.005086,0.001174
日月,紫微,0.368614,2.636713,4,61,24,0.011933,0.004695,0.000782
大道,子孙,0.368603,2.892134,2,27,21,0.005282,0.004108,0.000391
朝朝,楼上,0.368603,2.892134,2,27,21,0.005282,0.004108,0.000391
罗衣,花间,0.368603,2.892134,2,27,21,0.005282,0.004108,0.000391
菊花,陌上,0.368603,2.892134,2,27,21,0.005282,0.004108,0.000391
霄汉,题诗,0.368603,2.892134,2,21,27,0.004108,0.005282,0.000391
殷勤,罗衣,0.368603,2.892134,2,21,27,0.004108,0.005282,0.000391
宫殿,忆昔,0.368603,2.892134,2,21,27,0.004108,0.005282,0.000391
子孙,忆昔,0.368603,2.892134,2,21,27,0.004108,0.005282,0.000391
北斗,生涯,0.368549,2.742276,3,38,26,0.007433,0.005086,0.000587
乾坤,日月,0.368547,2.380779,8,62,61,0.012128,0.011933,0.001565
承恩,旌旗,0.368413,2.741264,3,23,43,0.004499,0.008412,0.000587
东方,西风,0.368379,3.145718,1,22,10,0.004304,0.001956,0.000196
所思,花时,0.368379,3.145718,1,22,10,0.004304,0.001956,0.000196
公卿,花时,0.368379,3.145718,1,22,10,0.004304,0.001956,0.000196
叶落,骑马,0.368379,3.145718,1,11,20,0.002152,0.003912,0.000196
望乡,独行,0.368379,3.145718,1,20,11,0.003912,0.002152,0.000196
阙下,青草,0.368379,3.145718,1,10,22,0.001956,0.004304,0.000196
云深,阳城,0.368379,3.145718,1,11,20,0.002152,0.003912,0.000196
汀洲,生死,0.368379,3.145718,1,11,20,0.002152,0.003912,0.000196
芳树,阳城,0.368379,3.145718,1,11,20,0.002152,0.003912,0.000196
古今,流年,0.368379,3.145718,1,20,11,0.003912,0.002152,0.000196
公卿,阙下,0.368379,3.145718,1,22,10,0.004304,0.001956,0.000196
他年,玉树,0.368379,3.145718,1,11,20,0.002152,0.003912,0.000196
阳春,风光,0.368379,3.145718,1,20,11,0.003912,0.002152,0.000196
月满,自怜,0.368379,3.145718,1,11,20,0.002152,0.003912,0.000196
公卿,半夜,0.368379,3.145718,1,22,10,0.004304,0.001956,0.000196
他年,风飘,0.368379,3.145718,1,11,20,0.002152,0.003912,0.000196
可惜,有情,0.368379,3.145718,1,10,22,0.001956,0.004304,0.000196
可惜,遥知,0.368379,3.145718,1,10,22,0.001956,0.004304,0.000196
明时,花时,0.368379,3.145718,1,22,10,0.004304,0.001956,0.000196
花时,闭门,0.368379,3.145718,1,10,22,0.001956,0.004304,0.000196
游人,秋雨,0.368379,3.145718,1,11,20,0.002152,0.003912,0.000196
佳期,春雨,0.368379,3.145718,1,20,11,0.003912,0.002152,0.000196
可惜,春光,0.368379,3.145718,1,10,22,0.001956,0.004304,0.000196
楼前,骑马,0.368379,3.145718,1,11,20,0.002152,0.003912,0.000196
望乡,流年,0.368379,3.145718,1,20,11,0.003912,0.002152,0.000196
风光,风飘,0.368379,3.145718,1,11,20,0.002152,0.003912,0.000196
沧洲,自由,0.368379,3.145718,1,55,4,0.010759,0.000782,0.000196
早晚,春雨,0.368379,3.145718,1,20,11,0.003912,0.002152,0.000196
春雨,晚来,0.368379,3.145718,1,11,20,0.002152,0.003912,0.000196
他年,自怜,0.368379,3.145718,1,11,20,0.002152,0.003912,0.000196
万年,早晚,0.368379,3.145718,1,11,20,0.002152,0.003912,0.000196
他年,阳城,0.368379,3.145718,1,11,20,0.002152,0.003912,0.000196
往事,江南,0.368379,3.145718,1,5,44,0.000978,0.008607,0.000196
云深,早晚,0.368379,3.145718,1,11,20,0.002152,0.003912,0.000196
云深,天台,0.368379,3.145718,1,11,20,0.002152,0.003912,0.000196
烟波,须臾,0.368379,3.145718,1,11,20,0.002152,0.003912,0.000196
今年,阳台,0.368277,2.740253,3,33,30,0.006455,0.005869,0.000587
无穷,肠断,0.368277,2.740253,3,30,33,0.005869,0.006455,0.000587
肠断,阳台,0.368277,2.740253,3,33,30,0.006455,0.005869,0.000587
千门,春日,0.368277,2.740253,3,33,30,0.006455,0.005869,0.000587
草木,高台,0.368277,2.740253,3,66,15,0.012911,0.002934,0.000587
白玉,花发,0.368042,2.632623,4,49,30,0.009585,0.005869,0.000782
少年,满眼,0.368042,2.632623,4,98,15,0.019171,0.002934,0.000782
春日,杨柳,0.368042,2.632623,4,30,49,0.005869,0.009585,0.000782
悠悠,高台,0.368042,2.632623,4,98,15,0.019171,0.002934,0.000782
高台,黄鹤,0.367931,2.886857,2,15,38,0.002934,0.007433,0.000391
当年,风动,0.367931,2.886857,2,19,30,0.003717,0.005869,0.000391
向人,对酒,0.367931,2.886857,2,15,38,0.002934,0.007433,0.000391
玉堂,门前,0.367931,2.886857,2,19,30,0.003717,0.005869,0.000391
玉堂,花发,0.367931,2.886857,2,19,30,0.003717,0.005869,0.000391
天上,西风,0.367931,2.886857,2,57,10,0.01115,0.001956,0.000391
楚客,阳台,0.367931,2.886857,2,19,30,0.003717,0.005869,0.000391
丹青,弟子,0.367931,2.886857,2,38,15,0.007433,0.002934,0.000391
岁月,弟子,0.367931,2.886857,2,38,15,0.007433,0.002934,0.000391
昔日,梦魂,0.367848,3.141183,1,17,13,0.003326,0.002543,0.000196
城下,相寻,0.367848,3.141183,1,17,13,0.003326,0.002543,0.000196
多少,夜深,0.367848,3.141183,1,13,17,0.002543,0.003326,0.000196
昔日,猿啼,0.367848,3.141183,1,17,13,0.003326,0.002543,0.000196
十里,夜月,0.367848,3.141183,1,17,13,0.003326,0.002543,0.000196
岁寒,庭前,0.367848,3.141183,1,13,17,0.002543,0.003326,0.000196
庭前,相寻,0.367848,3.141183,1,17,13,0.003326,0.002543,0.000196
同心,绮罗,0.367848,3.141183,1,17,13,0.003326,0.002543,0.000196
君心,多少,0.367848,3.141183,1,17,13,0.003326,0.002543,0.000196
钓鱼,龙门,0.367848,3.141183,1,13,17,0.002543,0.003326,0.000196
猿啼,连天,0.367848,3.141183,1,13,17,0.002543,0.003326,0.000196
东林,猿啼,0.367848,3.141183,1,17,13,0.003326,0.002543,0.000196
月光,猿声,0.367848,3.141183,1,17,13,0.003326,0.002543,0.000196
梦里,猿声,0.367848,3.141183,1,17,13,0.003326,0.002543,0.000196
多少,月光,0.367848,3.141183,1,13,17,0.002543,0.003326,0.000196
梦中,闻说,0.367848,3.141183,1,17,13,0.003326,0.002543,0.000196
君心,梦魂,0.367848,3.141183,1,17,13,0.003326,0.002543,0.000196
朱门,瑶池,0.367848,3.141183,1,17,13,0.003326,0.002543,0.000196
夜深,阑干,0.367848,3.141183,1,17,13,0.003326,0.002543,0.000196
多少,庭前,0.367848,3.141183,1,13,17,0.002543,0.003326,0.000196
日斜,瑶池,0.367848,3.141183,1,17,13,0.003326,0.002543,0.000196
夜月,夜深,0.367848,3.141183,1,13,17,0.002543,0.003326,0.000196
城下,阑干,0.367848,3.141183,1,17,13,0.003326,0.002543,0.000196
今夜,阑干,0.367848,3.141183,1,17,13,0.003326,0.002543,0.000196
行路,闻说,0.367484,2.883354,2,44,13,0.008607,0.002543,0.000391
万户,楼台,0.367484,2.883354,2,26,22,0.005086,0.004304,0.000391
日夕,烟波,0.367484,2.883354,2,52,11,0.010172,0.002152,0.000391
公卿,自言,0.367484,2.883354,2,22,26,0.004304,0.005086,0.000391
岁寒,诸侯,0.367484,2.883354,2,13,44,0.002543,0.008607,0.000391
岁寒,行路,0.367484,2.883354,2,13,44,0.002543,0.008607,0.000391
相寻,诸侯,0.367484,2.883354,2,13,44,0.002543,0.008607,0.000391
明年,自言,0.367484,2.883354,2,22,26,0.004304,0.005086,0.000391
猿声,诸侯,0.367484,2.883354,2,13,44,0.002543,0.008607,0.000391
年华,归路,0.36732,3.136669,1,6,37,0.001174,0.007238,0.000196
关山,断肠,0.367189,2.626519,4,51,29,0.009977,0.005673,0.000782
故乡,断肠,0.367189,2.626519,4,51,29,0.009977,0.005673,0.000782
咸阳,大道,0.367061,2.731204,3,37,27,0.007238,0.005282,0.000587
丹砂,蛾眉,0.367061,2.731204,3,27,37,0.005282,0.007238,0.000587
万事,眼前,0.366927,2.730203,3,40,25,0.007825,0.00489,0.000587
衣冠,骑马,0.366927,2.730203,3,50,20,0.009781,0.003912,0.000587
干戈,英雄,0.366927,2.730203,3,40,25,0.007825,0.00489,0.000587
知己,自言,0.366905,2.624493,4,57,26,0.01115,0.005086,0.000782
感激,纵横,0.366905,2.624493,4,38,39,0.007433,0.007629,0.000782
万古,青天,0.36684,2.418735,7,54,59,0.010563,0.011541,0.001369
封侯,英雄,0.366818,2.878123,2,23,25,0.004499,0.00489,0.000391
承恩,独坐,0.366818,2.878123,2,23,25,0.004499,0.00489,0.000391
梨花,窈窕,0.366818,2.878123,2,25,23,0.00489,0.004499,0.000391
人归,春来,0.366818,2.878123,2,23,25,0.004499,0.00489,0.000391
人归,日晚,0.366818,2.878123,2,23,25,0.004499,0.00489,0.000391
人归,梨花,0.366818,2.878123,2,23,25,0.004499,0.00489,0.000391
云飞,梨花,0.366818,2.878123,2,23,25,0.004499,0.00489,0.000391
万国,九天,0.366818,2.878123,2,25,23,0.00489,0.004499,0.000391
城中,自然,0.366818,2.878123,2,23,25,0.004499,0.00489,0.000391
自然,苦辛,0.366818,2.878123,2,25,23,0.00489,0.004499,0.000391
别后,承恩,0.366818,2.878123,2,25,23,0.00489,0.004499,0.000391
别后,桃源,0.366818,2.878123,2,25,23,0.00489,0.004499,0.000391
功名,桃源,0.366818,2.878123,2,25,23,0.00489,0.004499,0.000391
桃源,饮酒,0.366818,2.878123,2,23,25,0.004499,0.00489,0.000391
池上,眼前,0.366818,2.878123,2,23,25,0.004499,0.00489,0.000391
别后,参差,0.366818,2.878123,2,25,23,0.00489,0.004499,0.000391
风烟,鹦鹉,0.366818,2.878123,2,23,25,0.004499,0.00489,0.000391
九天,帝乡,0.366818,2.878123,2,23,25,0.004499,0.00489,0.000391
仙人,佳人,0.366717,2.623144,4,53,28,0.010368,0.005477,0.000782
罗衣,落花,0.366623,2.62247,4,27,55,0.005282,0.010759,0.000782
相识,菊花,0.366623,2.62247,4,55,27,0.010759,0.005282,0.000782
千金,无情,0.366596,2.876386,2,32,18,0.00626,0.003521,0.000391
九重,今朝,0.366596,2.876386,2,16,36,0.00313,0.007042,0.000391
乔木,山高,0.366596,2.876386,2,32,18,0.00626,0.003521,0.000391
石上,青苔,0.366596,2.876386,2,24,24,0.004695,0.004695,0.000391
山僧,草堂,0.366596,2.876386,2,18,32,0.003521,0.00626,0.000391
东南,微雨,0.366596,2.876386,2,48,12,0.00939,0.002347,0.000391
碧云,鸳鸯,0.366596,2.876386,2,18,32,0.003521,0.00626,0.000391
山僧,林下,0.366596,2.876386,2,18,32,0.003521,0.00626,0.000391
寥落,萧索,0.366596,2.876386,2,24,24,0.004695,0.004695,0.000391
日出,莓苔,0.366596,2.876386,2,36,16,0.007042,0.00313,0.000391
东流,宛转,0.366596,2.876386,2,48,12,0.00939,0.002347,0.000391
登楼,雨雪,0.366596,2.876386,2,18,32,0.003521,0.00626,0.000391
憔悴,辛苦,0.366596,2.876386,2,32,18,0.00626,0.003521,0.000391
平生,感激,0.366554,2.416853,7,84,38,0.016432,0.007433,0.001369
可怜,巫山,0.366515,2.539913,5,48,42,0.00939,0.008216,0.000978
山阴,风流,0.36634,2.620452,4,31,48,0.006064,0.00939,0.000782
佳人,金谷,0.366269,3.1277,1,28,8,0.005477,0.001565,0.000196
江水,花前,0.366269,3.1277,1,56,4,0.010955,0.000782,0.000196
水流,自由,0.366269,3.1277,1,56,4,0.010955,0.000782,0.000196
人稀,古木,0.366269,3.1277,1,14,16,0.002739,0.00313,0.000196
寒山,徘徊,0.366269,3.1277,1,28,8,0.005477,0.001565,0.000196
他人,莺啼,0.366269,3.1277,1,16,14,0.00313,0.002739,0.000196
夜长,欢娱,0.366269,3.1277,1,7,32,0.001369,0.00626,0.000196
名利,鸳鸯,0.366269,3.1277,1,7,32,0.001369,0.00626,0.000196
霓裳,高秋,0.366269,3.1277,1,7,32,0.001369,0.00626,0.000196
名利,高秋,0.366269,3.1277,1,7,32,0.001369,0.00626,0.000196
自古,霓裳,0.366269,3.1277,1,32,7,0.00626,0.001369,0.000196
千金,霓裳,0.366269,3.1277,1,32,7,0.00626,0.001369,0.000196
东海,霓裳,0.366269,3.1277,1,32,7,0.00626,0.001369,0.000196
霓裳,青松,0.366269,3.1277,1,7,32,0.001369,0.00626,0.000196
名利,自古,0.366269,3.1277,1,7,32,0.001369,0.00626,0.000196
千金,名利,0.366269,3.1277,1,32,7,0.00626,0.001369,0.000196
东海,名利,0.366269,3.1277,1,32,7,0.00626,0.001369,0.000196
名利,青松,0.366269,3.1277,1,7,32,0.001369,0.00626,0.000196
扬州,月夜,0.366269,3.1277,1,16,14,0.00313,0.002739,0.000196
花满,鹧鸪,0.366269,3.1277,1,28,8,0.005477,0.001565,0.000196
自古,风月,0.366269,3.1277,1,32,7,0.00626,0.001369,0.000196
风月,鸳鸯,0.366269,3.1277,1,7,32,0.001369,0.00626,0.000196
青松,风月,0.366269,3.1277,1,32,7,0.00626,0.001369,0.000196
千金,风月,0.366269,3.1277,1,32,7,0.00626,0.001369,0.000196
林下,玲珑,0.366269,3.1277,1,32,7,0.00626,0.001369,0.000196
昔时,水声,0.366269,3.1277,1,28,8,0.005477,0.001565,0.000196
月色,水声,0.366269,3.1277,1,28,8,0.005477,0.001565,0.000196
劝君,怜君,0.366269,3.1277,1,14,16,0.002739,0.00313,0.000196
自由,至今,0.366269,3.1277,1,4,56,0.000782,0.010955,0.000196
江水,自由,0.366269,3.1277,1,56,4,0.010955,0.000782,0.000196
孤云,无力,0.366269,3.1277,1,28,8,0.005477,0.001565,0.000196
武陵,风月,0.366269,3.1277,1,32,7,0.00626,0.001369,0.000196
寻常,自古,0.366269,3.1277,1,7,32,0.001369,0.00626,0.000196
去年,名利,0.366269,3.1277,1,32,7,0.00626,0.001369,0.000196
徘徊,氛氲,0.366269,3.1277,1,8,28,0.001565,0.005477,0.000196
孤云,徘徊,0.366269,3.1277,1,28,8,0.005477,0.001565,0.000196
徘徊,月色,0.366269,3.1277,1,8,28,0.001565,0.005477,0.000196
夜长,鸳鸯,0.366269,3.1277,1,7,32,0.001369,0.00626,0.000196
丈夫,得意,0.366157,2.537436,5,43,47,0.008412,0.009194,0.000978
城下,春水,0.366154,2.872919,2,17,34,0.003326,0.006651,0.000391
将军,旌旗,0.366031,2.32141,9,105,43,0.02054,0.008412,0.001761
仙人,白玉,0.365908,2.468993,6,53,49,0.010368,0.009585,0.001174
人生,忆昔,0.365872,2.535459,5,75,27,0.014671,0.005282,0.000978
年少,走马,0.365856,2.722235,3,24,42,0.004695,0.008216,0.000587
可怜,青楼,0.365856,2.722235,3,48,21,0.00939,0.004108,0.000587
山头,往来,0.365856,2.722235,3,24,42,0.004695,0.008216,0.000587
蓬莱,行乐,0.365856,2.722235,3,42,24,0.008216,0.004695,0.000587
依然,山川,0.365856,2.722235,3,28,36,0.005477,0.007042,0.000587
春来,曲江,0.365748,3.123246,1,25,9,0.00489,0.001761,0.000196
日晚,曲江,0.365748,3.123246,1,25,9,0.00489,0.001761,0.000196
曲江,梨花,0.365748,3.123246,1,9,25,0.001761,0.00489,0.000196
人世,弟子,0.365748,3.123246,1,15,15,0.002934,0.002934,0.000196
人世,双阙,0.365748,3.123246,1,15,15,0.002934,0.002934,0.000196
依稀,淹留,0.365748,3.123246,1,5,45,0.000978,0.008803,0.000196
千万,春深,0.365748,3.123246,1,25,9,0.00489,0.001761,0.000196
岐路,帝乡,0.365748,3.123246,1,9,25,0.001761,0.00489,0.000196
弟子,笙歌,0.365748,3.123246,1,15,15,0.002934,0.002934,0.000196
千载,往事,0.365748,3.123246,1,45,5,0.008803,0.000978,0.000196
双飞,高台,0.365748,3.123246,1,15,15,0.002934,0.002934,0.000196
万国,曲江,0.365748,3.123246,1,25,9,0.00489,0.001761,0.000196
世间,鹦鹉,0.365748,3.123246,1,9,25,0.001761,0.00489,0.000196
婵娟,秋声,0.365748,3.123246,1,15,15,0.002934,0.002934,0.000196
满眼,道士,0.365748,3.123246,1,15,15,0.002934,0.002934,0.000196
花枝,道士,0.365748,3.123246,1,15,15,0.002934,0.002934,0.000196
双飞,婵娟,0.365748,3.123246,1,15,15,0.002934,0.002934,0.000196
别离,珍重,0.365748,3.123246,1,75,3,0.014671,0.000587,0.000196
两相,临风,0.365748,3.123246,1,15,15,0.002934,0.002934,0.000196
新诗,曲江,0.365748,3.123246,1,25,9,0.00489,0.001761,0.000196
临风,人世,0.365748,3.123246,1,15,15,0.002934,0.002934,0.000196
新诗,春深,0.365748,3.123246,1,25,9,0.00489,0.001761,0.000196
人世,前程,0.365748,3.123246,1,15,15,0.002934,0.002934,0.000196
从容,满眼,0.365748,3.123246,1,15,15,0.002934,0.002934,0.000196
双阙,弟子,0.365748,3.123246,1,15,15,0.002934,0.002934,0.000196
从容,鬼神,0.365748,3.123246,1,15,15,0.002934,0.002934,0.000196
曲江,鹦鹉,0.365748,3.123246,1,9,25,0.001761,0.00489,0.000196
功名,曲江,0.365748,3.123246,1,25,9,0.00489,0.001761,0.000196
来往,阳城,0.365714,2.869465,2,29,20,0.005673,0.003912,0.000391
日照,风飘,0.365714,2.869465,2,29,20,0.005673,0.003912,0.000391
伤心,须臾,0.365714,2.869465,2,29,20,0.005673,0.003912,0.000391
古今,断肠,0.365714,2.869465,2,20,29,0.003912,0.005673,0.000391
兄弟,古今,0.365714,2.869465,2,29,20,0.005673,0.003912,0.000391
相知,秋雨,0.365714,2.869465,2,29,20,0.005673,0.003912,0.000391
梧桐,闲居,0.365714,2.869465,2,29,20,0.005673,0.003912,0.000391
怅望,远客,0.365714,2.869465,2,29,20,0.005673,0.003912,0.000391
云飞,美人,0.365684,2.615759,4,23,65,0.004499,0.012715,0.000782
意气,白首,0.365658,2.533979,5,39,52,0.007629,0.010172,0.000978
承恩,明朝,0.365323,2.718274,3,23,44,0.004499,0.008607,0.000587
天寒,明年,0.365323,2.718274,3,46,22,0.008998,0.004304,0.000587
南山,苍苔,0.365218,2.61242,4,75,20,0.014671,0.003912,0.000782
人生,阳春,0.365218,2.61242,4,75,20,0.014671,0.003912,0.000782
单于,马上,0.365058,2.7163,3,39,26,0.007629,0.005086,0.000587
人心,绿水,0.365058,2.7163,3,26,39,0.005086,0.007629,0.000587
万户,金陵,0.365058,2.7163,3,26,39,0.005086,0.007629,0.000587
千金,得意,0.364845,2.609757,4,32,47,0.00626,0.009194,0.000782
逶迤,高台,0.36462,2.860881,2,39,15,0.007629,0.002934,0.000391
向人,逶迤,0.36462,2.860881,2,15,39,0.002934,0.007629,0.000391
双阙,金陵,0.36462,2.860881,2,15,39,0.002934,0.007629,0.000391
绿水,高台,0.36462,2.860881,2,39,15,0.007629,0.002934,0.000391
双飞,绿水,0.36462,2.860881,2,15,39,0.002934,0.007629,0.000391
独立,高台,0.36462,2.860881,2,39,15,0.007629,0.002934,0.000391
向人,金陵,0.36462,2.860881,2,15,39,0.002934,0.007629,0.000391
叹息,鬼神,0.36462,2.860881,2,39,15,0.007629,0.002934,0.000391
双阙,道路,0.36462,2.860881,2,15,39,0.002934,0.007629,0.000391
姓名,百年,0.36462,2.860881,2,13,45,0.002543,0.008803,0.000391
百年,绮罗,0.36462,2.860881,2,45,13,0.008803,0.002543,0.000391
百年,相寻,0.36462,2.860881,2,45,13,0.008803,0.002543,0.000391
日暮,杏花,0.36462,2.860881,2,117,5,0.022887,0.000978,0.000391
关山,风飘,0.364265,2.7104,3,51,20,0.009977,0.003912,0.000587
关山,百尺,0.364265,2.7104,3,51,20,0.009977,0.003912,0.000587
天上,红尘,0.364197,3.11,1,57,4,0.01115,0.000782,0.000196
岁月,近来,0.364197,3.11,1,38,6,0.007433,0.001174,0.000196
山色,昔年,0.364197,3.11,1,19,12,0.003717,0.002347,0.000196
头白,微雨,0.364197,3.11,1,19,12,0.003717,0.002347,0.000196
含情,宛转,0.364197,3.11,1,19,12,0.003717,0.002347,0.000196
汉家,高树,0.364197,3.11,1,57,4,0.01115,0.000782,0.000196
宛转,当年,0.364197,3.11,1,12,19,0.002347,0.003717,0.000196
心事,满地,0.364197,3.11,1,19,12,0.003717,0.002347,0.000196
岁月,年华,0.364197,3.11,1,38,6,0.007433,0.001174,0.000196
楚客,烟雨,0.364197,3.11,1,19,12,0.003717,0.002347,0.000196
重阳,黄叶,0.364197,3.11,1,19,12,0.003717,0.002347,0.000196
满地,黄昏,0.364197,3.11,1,12,19,0.002347,0.003717,0.000196
忆昔,江水,0.364104,2.604452,4,27,56,0.005282,0.010955,0.000782
桃李,莺啼,0.364002,2.708442,3,73,14,0.01428,0.002739,0.000587
月夜,桃李,0.364002,2.708442,3,14,73,0.002739,0.01428,0.000587
佳人,宫殿,0.363968,2.855766,2,28,21,0.005477,0.004108,0.000391
依然,殷勤,0.363968,2.855766,2,28,21,0.005477,0.004108,0.000391
今来,殷勤,0.363968,2.855766,2,28,21,0.005477,0.004108,0.000391
子孙,孤云,0.363968,2.855766,2,21,28,0.004108,0.005477,0.000391
孤云,芳菲,0.363968,2.855766,2,28,21,0.005477,0.004108,0.000391
佳人,零落,0.363968,2.855766,2,28,21,0.005477,0.004108,0.000391
壮士,月中,0.363968,2.855766,2,49,12,0.009585,0.002347,0.000391
月夜,蓬莱,0.363968,2.855766,2,14,42,0.002739,0.008216,0.000391
千门,渭水,0.363871,2.707464,3,33,31,0.006455,0.006064,0.000587
垂杨,渭水,0.363752,2.854067,2,19,31,0.003717,0.006064,0.000391
渭水,黄昏,0.363752,2.854067,2,31,19,0.006064,0.003717,0.000391
鸟飞,黄昏,0.363752,2.854067,2,31,19,0.006064,0.003717,0.000391
消息,骨肉,0.363752,2.854067,2,31,19,0.006064,0.003717,0.000391
分明,黄昏,0.363752,2.854067,2,31,19,0.006064,0.003717,0.000391
东海,憔悴,0.363739,2.706486,3,32,32,0.00626,0.00626,0.000587
经过,读书,0.363739,2.706486,3,32,32,0.00626,0.00626,0.000587
帝城,经过,0.363739,2.706486,3,32,32,0.00626,0.00626,0.000587
憔悴,读书,0.363739,2.706486,3,32,32,0.00626,0.00626,0.000587
自古,鸳鸯,0.363739,2.706486,3,32,32,0.00626,0.00626,0.000587
千金,青松,0.363739,2.706486,3,32,32,0.00626,0.00626,0.000587
西风,颜色,0.363535,2.852371,2,10,59,0.001956,0.011541,0.000391
春色,绿杨,0.363535,2.852371,2,59,10,0.011541,0.001956,0.000391
玉堂,芙蓉,0.363477,2.704535,3,19,54,0.003717,0.010563,0.000587
岁月,忆昔,0.363477,2.704535,3,38,27,0.007433,0.005282,0.000587
世上,清净,0.363477,2.704535,3,38,27,0.007433,0.005282,0.000587
天上,星辰,0.363477,2.704535,3,57,18,0.01115,0.003521,0.000587
意气,道路,0.363274,2.598517,4,39,39,0.007629,0.007629,0.000782
绿水,金陵,0.363274,2.598517,4,39,39,0.007629,0.007629,0.000782
人情,半夜,0.363174,3.101267,1,23,10,0.004499,0.001956,0.000196
半夜,窈窕,0.363174,3.101267,1,10,23,0.001956,0.004499,0.000196
可惜,自知,0.363174,3.101267,1,10,23,0.001956,0.004499,0.000196
可惜,风烟,0.363174,3.101267,1,10,23,0.001956,0.004499,0.000196
城中,雨中,0.363174,3.101267,1,23,10,0.004499,0.001956,0.000196
桃源,阙下,0.363174,3.101267,1,23,10,0.004499,0.001956,0.000196
人情,关河,0.363174,3.101267,1,23,10,0.004499,0.001956,0.000196
当时,雨后,0.363174,3.101267,1,46,5,0.008998,0.000978,0.000196
潇湘,花下,0.363174,3.101267,1,46,5,0.008998,0.000978,0.000196
大道,少年,0.363137,2.450301,6,27,98,0.005282,0.019171,0.001174
归去,黄河,0.363119,2.516383,5,43,48,0.008412,0.00939,0.000978
九重,歌舞,0.363104,2.848987,2,16,37,0.00313,0.007238,0.000391
九重,蛾眉,0.363104,2.848987,2,16,37,0.00313,0.007238,0.000391
歌舞,红粉,0.363104,2.848987,2,37,16,0.007238,0.00313,0.000391
咸阳,所以,0.363104,2.848987,2,37,16,0.007238,0.00313,0.000391
咸阳,草绿,0.363104,2.848987,2,37,16,0.007238,0.00313,0.000391
所以,蛾眉,0.363104,2.848987,2,16,37,0.00313,0.007238,0.000391
草绿,蛾眉,0.363104,2.848987,2,16,37,0.00313,0.007238,0.000391
草绿,青春,0.363104,2.848987,2,16,37,0.00313,0.007238,0.000391
杨柳,陌上,0.363085,2.701616,3,49,21,0.009585,0.004108,0.000587
杨柳,殷勤,0.363085,2.701616,3,49,21,0.009585,0.004108,0.000587
帝乡,日月,0.362907,2.595891,4,25,61,0.00489,0.011933,0.000782
思君,风起,0.362693,2.698704,3,24,43,0.004695,0.008412,0.000587
芙蓉,逢人,0.362674,2.845614,2,54,11,0.010563,0.002152,0.000391
大道,有情,0.362674,2.845614,2,27,22,0.005282,0.004304,0.000391
公卿,大道,0.362674,2.845614,2,22,27,0.004304,0.005282,0.000391
东方,松风,0.362674,2.845614,2,22,27,0.004304,0.005282,0.000391
有情,罗衣,0.362674,2.845614,2,22,27,0.004304,0.005282,0.000391
白头,白蘋,0.362674,2.845614,2,54,11,0.010563,0.002152,0.000391
旧游,车马,0.362674,2.845614,2,18,33,0.003521,0.006455,0.000391
今年,辛苦,0.362674,2.845614,2,33,18,0.006455,0.003521,0.000391
功成,星辰,0.362674,2.845614,2,33,18,0.006455,0.003521,0.000391
碧云,肠断,0.362674,2.845614,2,18,33,0.003521,0.006455,0.000391
凄凉,逍遥,0.362674,2.845614,2,18,33,0.003521,0.006455,0.000391
寒食,芳树,0.362666,3.096928,1,21,11,0.004108,0.002152,0.000196
寒食,清明,0.362666,3.096928,1,21,11,0.004108,0.002152,0.000196
楼上,游人,0.362666,3.096928,1,21,11,0.004108,0.002152,0.000196
夜雨,青楼,0.362666,3.096928,1,11,21,0.002152,0.004108,0.000196
万年,霄汉,0.362666,3.096928,1,11,21,0.002152,0.004108,0.000196
叶落,寒食,0.362666,3.096928,1,11,21,0.002152,0.004108,0.000196
多情,寂寞,0.362666,3.096928,1,3,77,0.000587,0.015063,0.000196
楼前,陌上,0.362666,3.096928,1,11,21,0.002152,0.004108,0.000196
逍遥,霓裳,0.362666,3.096928,1,33,7,0.006455,0.001369,0.000196
子孙,楼前,0.362666,3.096928,1,21,11,0.004108,0.002152,0.000196
夜长,宫中,0.362666,3.096928,1,7,33,0.001369,0.006455,0.000196
管弦,青楼,0.362666,3.096928,1,11,21,0.002152,0.004108,0.000196
清晨,霓裳,0.362666,3.096928,1,33,7,0.006455,0.001369,0.000196
功成,霓裳,0.362666,3.096928,1,33,7,0.006455,0.001369,0.000196
千门,霓裳,0.362666,3.096928,1,33,7,0.006455,0.001369,0.000196
名利,清晨,0.362666,3.096928,1,7,33,0.001369,0.006455,0.000196
功成,名利,0.362666,3.096928,1,33,7,0.006455,0.001369,0.000196
千门,名利,0.362666,3.096928,1,33,7,0.006455,0.001369,0.000196
夜长,肠断,0.362666,3.096928,1,7,33,0.001369,0.006455,0.000196
云深,青楼,0.362666,3.096928,1,11,21,0.002152,0.004108,0.000196
北阙,白蘋,0.362666,3.096928,1,21,11,0.004108,0.002152,0.000196
清明,霄汉,0.362666,3.096928,1,11,21,0.002152,0.004108,0.000196
十载,夜雨,0.362666,3.096928,1,21,11,0.004108,0.002152,0.000196
浮生,逢人,0.362666,3.096928,1,21,11,0.004108,0.002152,0.000196
新月,逢人,0.362666,3.096928,1,21,11,0.004108,0.002152,0.000196
寻常,湘水,0.362666,3.096928,1,7,33,0.001369,0.006455,0.000196
寒食,白蘋,0.362666,3.096928,1,21,11,0.004108,0.002152,0.000196
新月,汀洲,0.362666,3.096928,1,21,11,0.004108,0.002152,0.000196
北阙,风光,0.362666,3.096928,1,21,11,0.004108,0.002152,0.000196
昔日,月明,0.36246,2.843932,2,17,35,0.003326,0.006847,0.000391
东林,远山,0.36246,2.843932,2,17,35,0.003326,0.006847,0.000391
月明,梦中,0.36246,2.843932,2,35,17,0.006847,0.003326,0.000391
故国,百年,0.362303,2.695802,3,23,45,0.004499,0.008803,0.000587
桃李,青楼,0.362175,2.590658,4,73,21,0.01428,0.004108,0.000782
行人,陌上,0.362175,2.590658,4,73,21,0.01428,0.004108,0.000782
昆仑,羽翼,0.362173,2.694836,3,37,28,0.007238,0.005477,0.000587
断肠,鹧鸪,0.36216,3.092609,1,29,8,0.005673,0.001565,0.000196
怅望,无力,0.36216,3.092609,1,29,8,0.005673,0.001565,0.000196
无力,秋天,0.36216,3.092609,1,8,29,0.001565,0.005673,0.000196
怅望,时节,0.36216,3.092609,1,29,8,0.005673,0.001565,0.000196
人家,时节,0.36216,3.092609,1,29,8,0.005673,0.001565,0.000196
残月,秋天,0.36216,3.092609,1,8,29,0.001565,0.005673,0.000196
桃李,芙蓉,0.362133,2.339344,8,73,54,0.01428,0.010563,0.001565
白发,青春,0.362133,2.443521,6,72,37,0.014085,0.007238,0.001174
八月,颜色,0.362084,2.590006,4,26,59,0.005086,0.011541,0.000782
千金,黄河,0.361902,2.588703,4,32,48,0.00626,0.00939,0.000782
东海,黄河,0.361902,2.588703,4,32,48,0.00626,0.00939,0.000782
承恩,未央,0.361819,2.838902,2,23,26,0.004499,0.005086,0.000391
窈窕,翡翠,0.361819,2.838902,2,23,26,0.004499,0.005086,0.000391
万户,人归,0.361819,2.838902,2,26,23,0.005086,0.004499,0.000391
云飞,柳色,0.361819,2.838902,2,23,26,0.004499,0.005086,0.000391
云飞,翡翠,0.361819,2.838902,2,23,26,0.004499,0.005086,0.000391
云飞,未央,0.361819,2.838902,2,23,26,0.004499,0.005086,0.000391
云飞,自言,0.361819,2.838902,2,23,26,0.004499,0.005086,0.000391
天寒,相寻,0.361819,2.838902,2,46,13,0.008998,0.002543,0.000391
家贫,相随,0.361819,2.838902,2,23,26,0.004499,0.005086,0.000391
自言,路长,0.361819,2.838902,2,26,23,0.005086,0.004499,0.000391
圣人,未央,0.361819,2.838902,2,23,26,0.004499,0.005086,0.000391
人心,路长,0.361819,2.838902,2,26,23,0.005086,0.004499,0.000391
南北,潇湘,0.361819,2.838902,2,13,46,0.002543,0.008998,0.000391
九天,圣主,0.361819,2.838902,2,23,26,0.004499,0.005086,0.000391
云飞,翠微,0.361819,2.838902,2,23,26,0.004499,0.005086,0.000391
美人,草绿,0.361656,2.690982,3,65,16,0.012715,0.00313,0.000587
忆昔,萧萧,0.361629,2.586752,4,27,57,0.005282,0.01115,0.000782
昔时,沧海,0.361538,2.586103,4,28,55,0.005477,0.010759,0.000782
今来,沧海,0.361538,2.586103,4,28,55,0.005477,0.010759,0.000782
孤云,沧洲,0.361538,2.586103,4,28,55,0.005477,0.010759,0.000782
池上,清风,0.361448,2.585454,4,23,67,0.004499,0.013106,0.000782
云间,汉宫,0.361393,2.835564,2,30,20,0.005869,0.003912,0.000391
无穷,汉宫,0.361393,2.835564,2,30,20,0.005869,0.003912,0.000391
年少,春来,0.361393,2.835564,2,24,25,0.004695,0.00489,0.000391
年少,日晚,0.361393,2.835564,2,24,25,0.004695,0.00489,0.000391
年少,梨花,0.361393,2.835564,2,24,25,0.004695,0.00489,0.000391
早晚,门前,0.361393,2.835564,2,20,30,0.003912,0.005869,0.000391
佳期,门前,0.361393,2.835564,2,20,30,0.003912,0.005869,0.000391
自怜,门前,0.361393,2.835564,2,20,30,0.003912,0.005869,0.000391
早晚,风波,0.361393,2.835564,2,20,30,0.003912,0.005869,0.000391
佳期,风波,0.361393,2.835564,2,20,30,0.003912,0.005869,0.000391
自怜,风波,0.361393,2.835564,2,20,30,0.003912,0.005869,0.000391
梨花,紫微,0.361393,2.835564,2,25,24,0.00489,0.004695,0.000391
梨花,行乐,0.361393,2.835564,2,25,24,0.00489,0.004695,0.000391
日夜,自怜,0.361393,2.835564,2,30,20,0.005869,0.003912,0.000391
功名,萧索,0.361393,2.835564,2,25,24,0.00489,0.004695,0.000391
双飞,飘飖,0.361393,2.835564,2,15,40,0.002934,0.007825,0.000391
日夜,风飘,0.361393,2.835564,2,30,20,0.005869,0.003912,0.000391
向东,吾道,0.361393,2.835564,2,24,25,0.004695,0.00489,0.000391
日晚,行乐,0.361393,2.835564,2,25,24,0.00489,0.004695,0.000391
青门,风飘,0.361393,2.835564,2,30,20,0.005869,0.003912,0.000391
阳台,风飘,0.361393,2.835564,2,30,20,0.005869,0.003912,0.000391
万事,高台,0.361393,2.835564,2,40,15,0.007825,0.002934,0.000391
功名,相访,0.361393,2.835564,2,25,24,0.00489,0.004695,0.000391
苍茫,黄叶,0.361393,2.835564,2,50,12,0.009781,0.002347,0.000391
他乡,骑马,0.361393,2.835564,2,30,20,0.005869,0.003912,0.000391
御沟,柳色,0.361155,3.084025,1,9,26,0.001761,0.005086,0.000196
多少,辛苦,0.361155,3.084025,1,13,18,0.002543,0.003521,0.000196
岐路,自言,0.361155,3.084025,1,9,26,0.001761,0.005086,0.000196
御沟,竹林,0.361155,3.084025,1,9,26,0.001761,0.005086,0.000196
岐路,送客,0.361155,3.084025,1,9,26,0.001761,0.005086,0.000196
天外,岁寒,0.361155,3.084025,1,18,13,0.003521,0.002543,0.000196
天外,相寻,0.361155,3.084025,1,18,13,0.003521,0.002543,0.000196
南北,天外,0.361155,3.084025,1,13,18,0.002543,0.003521,0.000196
岁寒,镜中,0.361155,3.084025,1,13,18,0.002543,0.003521,0.000196
相寻,镜中,0.361155,3.084025,1,13,18,0.002543,0.003521,0.000196
南北,镜中,0.361155,3.084025,1,13,18,0.002543,0.003521,0.000196
岁寒,星辰,0.361155,3.084025,1,13,18,0.002543,0.003521,0.000196
星辰,相寻,0.361155,3.084025,1,18,13,0.003521,0.002543,0.000196
南北,星辰,0.361155,3.084025,1,13,18,0.002543,0.003521,0.000196
山僧,猿声,0.361155,3.084025,1,18,13,0.003521,0.002543,0.000196
山僧,看花,0.361155,3.084025,1,18,13,0.003521,0.002543,0.000196
曲江,柳色,0.361155,3.084025,1,9,26,0.001761,0.005086,0.000196
圣主,曲江,0.361155,3.084025,1,26,9,0.005086,0.001761,0.000196
世间,人心,0.361155,3.084025,1,9,26,0.001761,0.005086,0.000196
多少,登楼,0.361155,3.084025,1,13,18,0.002543,0.003521,0.000196
烟霞,猿啼,0.361155,3.084025,1,18,13,0.003521,0.002543,0.000196
猿声,碧云,0.361155,3.084025,1,13,18,0.002543,0.003521,0.000196
梦魂,碧云,0.361155,3.084025,1,13,18,0.002543,0.003521,0.000196
临水,钓鱼,0.361155,3.084025,1,18,13,0.003521,0.002543,0.000196
夜月,摇落,0.361155,3.084025,1,13,18,0.002543,0.003521,0.000196
相寻,路傍,0.361155,3.084025,1,13,18,0.002543,0.003521,0.000196
圣朝,曲江,0.361155,3.084025,1,26,9,0.005086,0.001761,0.000196
芳草,近来,0.361155,3.084025,1,39,6,0.007629,0.001174,0.000196
依旧,八月,0.361155,3.084025,1,9,26,0.001761,0.005086,0.000196
南北,山僧,0.361155,3.084025,1,13,18,0.002543,0.003521,0.000196
圣朝,春深,0.361155,3.084025,1,26,9,0.005086,0.001761,0.000196
无情,闻说,0.361155,3.084025,1,18,13,0.003521,0.002543,0.000196
山高,闻说,0.361155,3.084025,1,18,13,0.003521,0.002543,0.000196
夜月,无情,0.361155,3.084025,1,13,18,0.002543,0.003521,0.000196
夜月,山高,0.361155,3.084025,1,13,18,0.002543,0.003521,0.000196
星辰,闻说,0.361155,3.084025,1,18,13,0.003521,0.002543,0.000196
凄凉,看花,0.361155,3.084025,1,18,13,0.003521,0.002543,0.000196
吟诗,马蹄,0.361155,3.084025,1,9,26,0.001761,0.005086,0.000196
八月,曲江,0.361155,3.084025,1,26,9,0.005086,0.001761,0.000196
曲江,翠微,0.361155,3.084025,1,9,26,0.001761,0.005086,0.000196
依旧,竹林,0.361155,3.084025,1,9,26,0.001761,0.005086,0.000196
岁寒,旧游,0.361155,3.084025,1,13,18,0.002543,0.003521,0.000196
摇落,看花,0.361155,3.084025,1,18,13,0.003521,0.002543,0.000196
山川,断肠,0.36114,2.687144,3,36,29,0.007042,0.005673,0.000587
云雨,断肠,0.36114,2.687144,3,36,29,0.007042,0.005673,0.000587
断肠,衣裳,0.36114,2.687144,3,29,36,0.005673,0.007042,0.000587
到处,得意,0.360655,3.07976,1,5,47,0.000978,0.009194,0.000196
山中,斜阳,0.360655,3.07976,1,47,5,0.009194,0.000978,0.000196
凤凰,鹦鹉,0.360634,2.57963,4,62,25,0.012128,0.00489,0.000782
功名,走马,0.360369,2.681413,3,25,42,0.00489,0.008216,0.000587
日晚,走马,0.360369,2.681413,3,25,42,0.00489,0.008216,0.000587
北阙,白雪,0.360369,2.681413,3,21,50,0.004108,0.009781,0.000587
南山,月夜,0.360369,2.681413,3,75,14,0.014671,0.002739,0.000587
出入,子孙,0.360369,2.681413,3,50,21,0.009781,0.004108,0.000587
夕阳,新月,0.360369,2.681413,3,50,21,0.009781,0.004108,0.000587
溪水,蛟龙,0.360369,2.681413,3,25,42,0.00489,0.008216,0.000587
人皆,还家,0.360369,2.681413,3,25,42,0.00489,0.008216,0.000587
巫山,鹦鹉,0.360369,2.681413,3,42,25,0.008216,0.00489,0.000587
日晚,长安,0.360363,2.376031,7,25,133,0.00489,0.026017,0.001369
楼前,沧海,0.360336,2.827265,2,11,55,0.002152,0.010759,0.000391
沧洲,独行,0.360336,2.827265,2,55,11,0.010759,0.002152,0.000391
蓬莱,蛾眉,0.360273,2.577053,4,42,37,0.008216,0.007238,0.000782
君王,青楼,0.360273,2.577053,4,74,21,0.014476,0.004108,0.000782
昆仑,蓬莱,0.360273,2.577053,4,37,42,0.007238,0.008216,0.000782
桃李,歌舞,0.360088,2.429728,6,73,37,0.01428,0.007238,0.001174
叹息,松风,0.359986,2.67856,3,39,27,0.007629,0.005282,0.000587
忆昔,独立,0.359986,2.67856,3,27,39,0.005282,0.007629,0.000587
东流,古来,0.359802,2.493393,5,48,44,0.00939,0.008607,0.000978
云间,海上,0.359734,2.573199,4,30,52,0.005869,0.010172,0.000782
雨雪,骨肉,0.359705,2.822318,2,32,19,0.00626,0.003717,0.000391
含情,自古,0.359705,2.822318,2,19,32,0.003717,0.00626,0.000391
高秋,黄昏,0.359705,2.822318,2,32,19,0.00626,0.003717,0.000391
君家,垂杨,0.359705,2.822318,2,32,19,0.00626,0.003717,0.000391
憔悴,骨肉,0.359705,2.822318,2,32,19,0.00626,0.003717,0.000391
千金,玉堂,0.359705,2.822318,2,32,19,0.00626,0.003717,0.000391
玉堂,青松,0.359705,2.822318,2,19,32,0.003717,0.00626,0.000391
帝城,心事,0.359705,2.822318,2,32,19,0.00626,0.003717,0.000391
宁知,当年,0.359705,2.822318,2,32,19,0.00626,0.003717,0.000391
草绿,黄鹤,0.359705,2.822318,2,16,38,0.00313,0.007433,0.000391
君家,相亲,0.359604,2.675715,3,32,33,0.00626,0.006455,0.000587
尘埃,黄河,0.359604,2.675715,3,22,48,0.004304,0.00939,0.000587
肠断,鸳鸯,0.359604,2.675715,3,33,32,0.006455,0.00626,0.000587
功成,自古,0.359604,2.675715,3,33,32,0.006455,0.00626,0.000587
相逢,管弦,0.359604,2.675715,3,96,11,0.018779,0.002152,0.000587
林下,逍遥,0.359604,2.675715,3,32,33,0.00626,0.006455,0.000587
莲花,黄河,0.359604,2.675715,3,22,48,0.004304,0.00939,0.000587
独行,风尘,0.359604,2.675715,3,11,96,0.002152,0.018779,0.000587
古来,行乐,0.359604,2.675715,3,44,24,0.008607,0.004695,0.000587
清晨,高秋,0.359604,2.675715,3,33,32,0.006455,0.00626,0.000587
千金,肠断,0.359604,2.675715,3,32,33,0.00626,0.006455,0.000587
美人,黄金,0.35951,2.121214,14,65,132,0.012715,0.025822,0.002739
断肠,陌上,0.359496,2.820675,2,29,21,0.005673,0.004108,0.000391
伤心,零落,0.359496,2.820675,2,29,21,0.005673,0.004108,0.000391
人家,新月,0.359496,2.820675,2,29,21,0.005673,0.004108,0.000391
相知,黄花,0.359496,2.820675,2,29,21,0.005673,0.004108,0.000391
怅望,殷勤,0.359496,2.820675,2,29,21,0.005673,0.004108,0.000391
伤心,宫殿,0.359496,2.820675,2,29,21,0.005673,0.004108,0.000391
当时,空馀,0.359376,2.570638,4,46,34,0.008998,0.006651,0.000782
天寒,路长,0.359349,2.673823,3,46,23,0.008998,0.004499,0.000587
圣人,当时,0.359349,2.673823,3,23,46,0.004499,0.008998,0.000587
关河,江海,0.359287,2.819034,2,10,61,0.001956,0.011933,0.000391
日斜,莺啼,0.35917,3.067075,1,17,14,0.003326,0.002739,0.000196
梦里,水边,0.35917,3.067075,1,17,14,0.003326,0.002739,0.000196
名利,相忆,0.35917,3.067075,1,7,34,0.001369,0.006651,0.000196
夜深,经年,0.35917,3.067075,1,17,14,0.003326,0.002739,0.000196
日斜,月夜,0.35917,3.067075,1,17,14,0.003326,0.002739,0.000196
仙人,玉树,0.359096,2.671934,3,53,20,0.010368,0.003912,0.000587
得意,闻说,0.359078,2.817396,2,47,13,0.009194,0.002543,0.000391
姓名,富贵,0.359078,2.817396,2,13,47,0.002543,0.009194,0.000391
富贵,绮罗,0.359078,2.817396,2,47,13,0.009194,0.002543,0.000391
多少,高楼,0.359078,2.817396,2,13,47,0.002543,0.009194,0.000391
沧浪,钓鱼,0.359078,2.817396,2,47,13,0.009194,0.002543,0.000391
猿啼,风雨,0.359078,2.817396,2,13,47,0.002543,0.009194,0.000391
千金,白玉,0.359019,2.568084,4,32,49,0.00626,0.009585,0.000782
山下,无情,0.358869,2.815761,2,34,18,0.006651,0.003521,0.000391
凄凉,空馀,0.358869,2.815761,2,18,34,0.003521,0.006651,0.000391
路傍,颜色,0.358842,2.670049,3,18,59,0.003521,0.011541,0.000587
将军,雨雪,0.358775,2.36556,7,105,32,0.02054,0.00626,0.001369
空山,黄鹤,0.358713,2.485846,5,56,38,0.010955,0.007433,0.000978
佳人,黄鹤,0.358589,2.668168,3,28,38,0.005477,0.007433,0.000587
北斗,月色,0.358589,2.668168,3,38,28,0.007433,0.005477,0.000587
北斗,尚书,0.358589,2.668168,3,38,28,0.007433,0.005477,0.000587
人生,子孙,0.358397,2.56363,4,75,21,0.014671,0.004108,0.000782
南山,宫殿,0.358397,2.56363,4,75,21,0.014671,0.004108,0.000782
人生,陌上,0.358397,2.56363,4,75,21,0.014671,0.004108,0.000782
他日,圣朝,0.358337,2.66629,3,41,26,0.00802,0.005086,0.000587
松柏,泉声,0.358246,2.810871,2,41,15,0.00802,0.002934,0.000391
松柏,高台,0.358246,2.810871,2,41,15,0.00802,0.002934,0.000391
日月,造化,0.358239,2.482562,5,61,35,0.011933,0.006847,0.000978
花发,金谷,0.35819,3.058707,1,30,8,0.005869,0.001565,0.000196
双阙,古木,0.35819,3.058707,1,15,16,0.002934,0.00313,0.000196
他乡,金谷,0.35819,3.058707,1,30,8,0.005869,0.001565,0.000196
古木,泉声,0.35819,3.058707,1,16,15,0.00313,0.002934,0.000196
残月,风动,0.35819,3.058707,1,8,30,0.001565,0.005869,0.000196
九重,双阙,0.35819,3.058707,1,16,15,0.00313,0.002934,0.000196
双飞,所以,0.35819,3.058707,1,15,16,0.002934,0.00313,0.000196
草绿,高台,0.35819,3.058707,1,16,15,0.00313,0.002934,0.000196
秋声,红粉,0.35819,3.058707,1,15,16,0.002934,0.00313,0.000196
风动,鹧鸪,0.35819,3.058707,1,30,8,0.005869,0.001565,0.000196
春日,金谷,0.35819,3.058707,1,30,8,0.005869,0.001565,0.000196
他人,双飞,0.35819,3.058707,1,16,15,0.00313,0.002934,0.000196
婵娟,怜君,0.35819,3.058707,1,15,16,0.002934,0.00313,0.000196
婵娟,楚水,0.35819,3.058707,1,15,16,0.002934,0.00313,0.000196
双飞,怜君,0.35819,3.058707,1,15,16,0.002934,0.00313,0.000196
双飞,楚水,0.35819,3.058707,1,15,16,0.002934,0.00313,0.000196
无力,风动,0.35819,3.058707,1,8,30,0.001565,0.005869,0.000196
月出,水声,0.35819,3.058707,1,30,8,0.005869,0.001565,0.000196
怜君,花枝,0.35819,3.058707,1,16,15,0.00313,0.002934,0.000196
时节,风波,0.35819,3.058707,1,8,30,0.001565,0.005869,0.000196
他乡,残月,0.35819,3.058707,1,30,8,0.005869,0.001565,0.000196
无穷,残月,0.35819,3.058707,1,30,8,0.005869,0.001565,0.000196
所以,秋声,0.35819,3.058707,1,16,15,0.00313,0.002934,0.000196
古木,满眼,0.35819,3.058707,1,16,15,0.00313,0.002934,0.000196
九重,弟子,0.35819,3.058707,1,16,15,0.00313,0.002934,0.000196
回头,弟子,0.35819,3.058707,1,16,15,0.00313,0.002934,0.000196
人世,红粉,0.35819,3.058707,1,15,16,0.002934,0.00313,0.000196
时节,春日,0.35819,3.058707,1,8,30,0.001565,0.005869,0.000196
无力,江城,0.35819,3.058707,1,8,30,0.001565,0.005869,0.000196
他乡,无力,0.35819,3.058707,1,30,8,0.005869,0.001565,0.000196
九重,从容,0.35819,3.058707,1,16,15,0.00313,0.002934,0.000196
笙歌,红粉,0.35819,3.058707,1,15,16,0.002934,0.00313,0.000196
徘徊,谢公,0.35819,3.058707,1,8,30,0.001565,0.005869,0.000196
徘徊,长江,0.35819,3.058707,1,8,30,0.001565,0.005869,0.000196
日夜,残月,0.35819,3.058707,1,30,8,0.005869,0.001565,0.000196
行乐,阙下,0.35819,3.058707,1,24,10,0.004695,0.001956,0.000196
满地,生死,0.35819,3.058707,1,12,20,0.002347,0.003912,0.000196
满地,玉树,0.35819,3.058707,1,12,20,0.002347,0.003912,0.000196
古今,昔年,0.35819,3.058707,1,20,12,0.003912,0.002347,0.000196
故山,花时,0.35819,3.058707,1,24,10,0.004695,0.001956,0.000196
永日,玉树,0.35819,3.058707,1,12,20,0.002347,0.003912,0.000196
微雨,骑马,0.35819,3.058707,1,12,20,0.002347,0.003912,0.000196
宛转,苍苔,0.35819,3.058707,1,12,20,0.002347,0.003912,0.000196
佳期,昔年,0.35819,3.058707,1,20,12,0.003912,0.002347,0.000196
关河,故山,0.35819,3.058707,1,10,24,0.001956,0.004695,0.000196
宛转,玉树,0.35819,3.058707,1,12,20,0.002347,0.003912,0.000196
神仙,花下,0.35819,3.058707,1,48,5,0.00939,0.000978,0.000196
宛转,风飘,0.35819,3.058707,1,12,20,0.002347,0.003912,0.000196
古今,宛转,0.35819,3.058707,1,20,12,0.003912,0.002347,0.000196
宛转,阳春,0.35819,3.058707,1,12,20,0.002347,0.003912,0.000196
古今,月落,0.35819,3.058707,1,20,12,0.003912,0.002347,0.000196
月落,阳春,0.35819,3.058707,1,12,20,0.002347,0.003912,0.000196
半夜,寥落,0.35819,3.058707,1,10,24,0.001956,0.004695,0.000196
早晚,黄叶,0.35819,3.058707,1,20,12,0.003912,0.002347,0.000196
永日,闲居,0.35819,3.058707,1,12,20,0.002347,0.003912,0.000196
向东,阙下,0.35819,3.058707,1,24,10,0.004695,0.001956,0.000196
朝廷,近来,0.35819,3.058707,1,40,6,0.007825,0.001174,0.000196
南宫,鱼龙,0.35819,3.058707,1,12,20,0.002347,0.003912,0.000196
微雨,须臾,0.35819,3.058707,1,12,20,0.002347,0.003912,0.000196
苍苔,野花,0.35819,3.058707,1,20,12,0.003912,0.002347,0.000196
老人,野花,0.35819,3.058707,1,20,12,0.003912,0.002347,0.000196
满地,苍苔,0.35819,3.058707,1,12,20,0.002347,0.003912,0.000196
满地,老人,0.35819,3.058707,1,12,20,0.002347,0.003912,0.000196
月落,杜陵,0.35819,3.058707,1,12,20,0.002347,0.003912,0.000196
物外,相访,0.35819,3.058707,1,10,24,0.001956,0.004695,0.000196
万事,近来,0.35819,3.058707,1,40,6,0.007825,0.001174,0.000196
西风,青苔,0.35819,3.058707,1,10,24,0.001956,0.004695,0.000196
波涛,阙下,0.35819,3.058707,1,24,10,0.004695,0.001956,0.000196
可惜,年少,0.35819,3.058707,1,10,24,0.001956,0.004695,0.000196
愁人,风飘,0.35819,3.058707,1,12,20,0.002347,0.003912,0.000196
宛转,骑马,0.35819,3.058707,1,12,20,0.002347,0.003912,0.000196
满地,鱼龙,0.35819,3.058707,1,12,20,0.002347,0.003912,0.000196
月中,玉树,0.35819,3.058707,1,12,20,0.002347,0.003912,0.000196
微雨,秋雨,0.35819,3.058707,1,12,20,0.002347,0.003912,0.000196
天上,黄河,0.35818,2.416853,6,57,48,0.01115,0.00939,0.001174
水流,汀洲,0.358039,2.809246,2,56,11,0.010955,0.002152,0.000391
叶落,至今,0.358039,2.809246,2,11,56,0.002152,0.010955,0.000391
公卿,昔时,0.358039,2.809246,2,22,28,0.004304,0.005477,0.000391
依然,公卿,0.358039,2.809246,2,28,22,0.005477,0.004304,0.000391
今来,公卿,0.358039,2.809246,2,28,22,0.005477,0.004304,0.000391
东方,月色,0.358039,2.809246,2,22,28,0.004304,0.005477,0.000391
佳人,春光,0.358039,2.809246,2,28,22,0.005477,0.004304,0.000391
春光,花满,0.358039,2.809246,2,22,28,0.004304,0.005477,0.000391
依然,春光,0.358039,2.809246,2,28,22,0.005477,0.004304,0.000391
归来,昔日,0.357865,2.559828,4,93,17,0.018192,0.003326,0.000782
梦中,秋月,0.357708,2.66161,3,17,63,0.003326,0.012324,0.000587
关山,零落,0.357708,2.66161,3,51,21,0.009977,0.004108,0.000587
断肠,歌舞,0.357457,2.659745,3,29,37,0.005673,0.007238,0.000587
昨日,苍茫,0.357229,2.475561,5,43,50,0.008412,0.009781,0.000978
明年,芳树,0.357218,3.050408,1,22,11,0.004304,0.002152,0.000196
万年,东方,0.357218,3.050408,1,11,22,0.002152,0.004304,0.000196
所思,楼前,0.357218,3.050408,1,22,11,0.004304,0.002152,0.000196
明年,游人,0.357218,3.050408,1,22,11,0.004304,0.002152,0.000196
公卿,春雨,0.357218,3.050408,1,22,11,0.004304,0.002152,0.000196
夜来,月满,0.357218,3.050408,1,22,11,0.004304,0.002152,0.000196
月满,遥知,0.357218,3.050408,1,11,22,0.002152,0.004304,0.000196
所思,烟波,0.357218,3.050408,1,22,11,0.004304,0.002152,0.000196
归心,楼前,0.357218,3.050408,1,22,11,0.004304,0.002152,0.000196
尘埃,流年,0.357218,3.050408,1,22,11,0.004304,0.002152,0.000196
所思,独行,0.357218,3.050408,1,22,11,0.004304,0.002152,0.000196
叶落,明时,0.357218,3.050408,1,11,22,0.002152,0.004304,0.000196
楼前,青草,0.357218,3.050408,1,11,22,0.002152,0.004304,0.000196
云深,归心,0.357218,3.050408,1,11,22,0.002152,0.004304,0.000196
公卿,逢人,0.357218,3.050408,1,22,11,0.004304,0.002152,0.000196
白蘋,青草,0.357218,3.050408,1,11,22,0.002152,0.004304,0.000196
他年,楼台,0.357218,3.050408,1,11,22,0.002152,0.004304,0.000196
他年,尘埃,0.357218,3.050408,1,11,22,0.002152,0.004304,0.000196
春光,白蘋,0.357218,3.050408,1,22,11,0.004304,0.002152,0.000196
归心,芳树,0.357218,3.050408,1,22,11,0.004304,0.002152,0.000196
春雨,青草,0.357218,3.050408,1,11,22,0.002152,0.004304,0.000196
春雨,闭门,0.357218,3.050408,1,11,22,0.002152,0.004304,0.000196
分明,生死,0.357214,2.802774,2,31,20,0.006064,0.003912,0.000391
汉宫,渭水,0.357214,2.802774,2,20,31,0.003912,0.006064,0.000391
消息,老人,0.357214,2.802774,2,31,20,0.006064,0.003912,0.000391
丈夫,功名,0.357207,2.657882,3,43,25,0.008412,0.00489,0.000587
昨日,饮酒,0.357207,2.657882,3,43,25,0.008412,0.00489,0.000587
承恩,暮雨,0.357009,2.801162,2,23,27,0.004499,0.005282,0.000391
池上,罗衣,0.357009,2.801162,2,23,27,0.004499,0.005282,0.000391
承恩,罗衣,0.357009,2.801162,2,23,27,0.004499,0.005282,0.000391
暮雨,潺湲,0.357009,2.801162,2,27,23,0.005282,0.004499,0.000391
深山,随风,0.357009,2.801162,2,23,27,0.004499,0.005282,0.000391
松风,池上,0.357009,2.801162,2,27,23,0.005282,0.004499,0.000391
客心,故国,0.357009,2.801162,2,27,23,0.005282,0.004499,0.000391
山路,承恩,0.357009,2.801162,2,27,23,0.005282,0.004499,0.000391
是非,罗衣,0.357009,2.801162,2,23,27,0.004499,0.005282,0.000391
云飞,太守,0.357009,2.801162,2,23,27,0.004499,0.005282,0.000391
桃源,罗衣,0.357009,2.801162,2,23,27,0.004499,0.005282,0.000391
云飞,松风,0.357009,2.801162,2,23,27,0.004499,0.005282,0.000391
松风,窈窕,0.357009,2.801162,2,27,23,0.005282,0.004499,0.000391
东风,青春,0.356984,2.553522,4,43,37,0.008412,0.007238,0.000782
公卿,白玉,0.356832,2.655096,3,22,49,0.004304,0.009585,0.000587
大道,岐路,0.356735,3.046285,1,27,9,0.005282,0.001761,0.000196
世间,罗衣,0.356735,3.046285,1,9,27,0.001761,0.005282,0.000196
吟诗,河汉,0.356735,3.046285,1,9,27,0.001761,0.005282,0.000196
曲江,随风,0.356735,3.046285,1,9,27,0.001761,0.005282,0.000196
忆昔,曲江,0.356735,3.046285,1,27,9,0.005282,0.001761,0.000196
丹砂,依旧,0.356735,3.046285,1,27,9,0.005282,0.001761,0.000196
汉宫,白头,0.356583,2.653242,3,20,54,0.003912,0.010563,0.000587
万事,大道,0.356583,2.653242,3,40,27,0.007825,0.005282,0.000587
今朝,他乡,0.356583,2.653242,3,36,30,0.007042,0.005869,0.000587
云雨,阳台,0.356583,2.653242,3,36,30,0.007042,0.005869,0.000587
干戈,菊花,0.356583,2.653242,3,40,27,0.007825,0.005282,0.000587
云雨,日夜,0.356583,2.653242,3,36,30,0.007042,0.005869,0.000587
朝廷,题诗,0.356583,2.653242,3,40,27,0.007825,0.005282,0.000587
人情,浮云,0.356425,2.469995,5,23,94,0.004499,0.018388,0.000978
万户,行乐,0.356395,2.796343,2,26,24,0.005086,0.004695,0.000391
年少,自言,0.356395,2.796343,2,24,26,0.004695,0.005086,0.000391
万户,年少,0.356395,2.796343,2,26,24,0.005086,0.004695,0.000391
思君,翡翠,0.356395,2.796343,2,24,26,0.004695,0.005086,0.000391
八月,思君,0.356395,2.796343,2,26,24,0.005086,0.004695,0.000391
未央,紫微,0.356395,2.796343,2,26,24,0.005086,0.004695,0.000391
柳色,行乐,0.356395,2.796343,2,26,24,0.005086,0.004695,0.000391
未央,行乐,0.356395,2.796343,2,26,24,0.005086,0.004695,0.000391
山头,翠微,0.356395,2.796343,2,24,26,0.004695,0.005086,0.000391
南北,黄河,0.356395,2.796343,2,13,48,0.002543,0.00939,0.000391
人心,寥落,0.356395,2.796343,2,26,24,0.005086,0.004695,0.000391
微雨,日夕,0.356395,2.796343,2,12,52,0.002347,0.010172,0.000391
八月,波涛,0.356395,2.796343,2,26,24,0.005086,0.004695,0.000391
岁寒,蹉跎,0.356395,2.796343,2,13,48,0.002543,0.00939,0.000391
圣朝,故山,0.356395,2.796343,2,26,24,0.005086,0.004695,0.000391
古木,金陵,0.356395,2.796343,2,16,39,0.00313,0.007629,0.000391
意气,草绿,0.356395,2.796343,2,39,16,0.007629,0.00313,0.000391
梦魂,相思,0.356282,2.548507,4,13,123,0.002543,0.024061,0.000782
人间,自由,0.356254,3.042178,1,61,4,0.011933,0.000782,0.000196
千金,明月,0.356201,2.301021,8,32,128,0.00626,0.025039,0.001565
东海,衣冠,0.356195,2.547881,4,32,50,0.00626,0.009781,0.000782
去年,白雪,0.356195,2.547881,4,32,50,0.00626,0.009781,0.000782
日晚,春来,0.356191,2.794742,2,25,25,0.00489,0.00489,0.000391
春来,梨花,0.356191,2.794742,2,25,25,0.00489,0.00489,0.000391
日晚,梨花,0.356191,2.794742,2,25,25,0.00489,0.00489,0.000391
千万,自然,0.356191,2.794742,2,25,25,0.00489,0.00489,0.000391
别后,饮酒,0.356191,2.794742,2,25,25,0.00489,0.00489,0.000391
别后,梨花,0.356191,2.794742,2,25,25,0.00489,0.00489,0.000391
人皆,溪水,0.356191,2.794742,2,25,25,0.00489,0.00489,0.000391
感激,知己,0.356159,2.468146,5,38,57,0.007433,0.01115,0.000978
乾坤,造化,0.355892,2.466301,5,62,35,0.012128,0.006847,0.000978
知己,风光,0.355783,2.791547,2,57,11,0.01115,0.002152,0.000391
宫中,相对,0.355783,2.791547,2,33,19,0.006455,0.003717,0.000391
万年,汉家,0.355783,2.791547,2,11,57,0.002152,0.01115,0.000391
游子,独行,0.355783,2.791547,2,57,11,0.01115,0.002152,0.000391
独行,萧萧,0.355783,2.791547,2,11,57,0.002152,0.01115,0.000391
夜雨,萧萧,0.355783,2.791547,2,11,57,0.002152,0.01115,0.000391
名利,远山,0.355775,3.038088,1,7,35,0.001369,0.006847,0.000196
始知,雨后,0.355775,3.038088,1,49,5,0.009585,0.000978,0.000196
花开,霓裳,0.355775,3.038088,1,35,7,0.006847,0.001369,0.000196
造化,霓裳,0.355775,3.038088,1,35,7,0.006847,0.001369,0.000196
名利,造化,0.355775,3.038088,1,7,35,0.001369,0.006847,0.000196
知音,风月,0.355775,3.038088,1,35,7,0.006847,0.001369,0.000196
交亲,壮士,0.355775,3.038088,1,5,49,0.000978,0.009585,0.000196
夜长,月明,0.355775,3.038088,1,7,35,0.001369,0.006847,0.000196
花落,雨后,0.355775,3.038088,1,49,5,0.009585,0.000978,0.000196
汉水,风月,0.355775,3.038088,1,35,7,0.006847,0.001369,0.000196
名利,远近,0.355775,3.038088,1,7,35,0.001369,0.006847,0.000196
江上,鹦鹉,0.35556,2.464,5,87,25,0.017019,0.00489,0.000978
少年,走马,0.355447,2.29615,8,98,42,0.019171,0.008216,0.001565
昆仑,龙门,0.355377,2.788362,2,37,17,0.007238,0.003326,0.000391
君心,蛾眉,0.355377,2.788362,2,17,37,0.003326,0.007238,0.000391
连天,青冥,0.355377,2.788362,2,17,37,0.003326,0.007238,0.000391
九衢,松柏,0.355298,3.034014,1,6,41,0.001174,0.00802,0.000196
早晚,秋风,0.355229,2.461704,5,20,109,0.003912,0.021322,0.000978
向人,蓬莱,0.355175,2.786773,2,15,42,0.002934,0.008216,0.000391
无情,汉水,0.355175,2.786773,2,18,35,0.003521,0.006847,0.000391
山河,秋日,0.355175,2.786773,2,42,15,0.008216,0.002934,0.000391
宫殿,春日,0.355175,2.786773,2,21,30,0.004108,0.005869,0.000391
双飞,还家,0.355175,2.786773,2,15,42,0.002934,0.008216,0.000391
婵娟,往来,0.355175,2.786773,2,15,42,0.002934,0.008216,0.000391
他乡,寒食,0.355175,2.786773,2,30,21,0.005869,0.004108,0.000391
婵娟,巫山,0.355175,2.786773,2,15,42,0.002934,0.008216,0.000391
十载,谢公,0.355175,2.786773,2,21,30,0.004108,0.005869,0.000391
蓬莱,高台,0.355175,2.786773,2,42,15,0.008216,0.002934,0.000391
双飞,秋草,0.355175,2.786773,2,15,42,0.002934,0.008216,0.000391
双飞,巫山,0.355175,2.786773,2,15,42,0.002934,0.008216,0.000391
蛟龙,鬼神,0.355175,2.786773,2,42,15,0.008216,0.002934,0.000391
氛氲,独立,0.355098,2.642192,3,28,39,0.005477,0.007629,0.000587
自言,走马,0.355098,2.642192,3,26,42,0.005086,0.008216,0.000587
尚书,道路,0.355098,2.642192,3,28,39,0.005477,0.007629,0.000587
登临,羽翼,0.355098,2.642192,3,39,28,0.007629,0.005477,0.000587
蛾眉,青天,0.35503,2.460329,5,37,59,0.007238,0.011541,0.000978
含情,绮罗,0.354823,3.029958,1,19,13,0.003717,0.002543,0.000196
夜月,心事,0.354823,3.029958,1,13,19,0.002543,0.003717,0.000196
从军,黄昏,0.354823,3.029958,1,13,19,0.002543,0.003717,0.000196
无限,猿声,0.354823,3.029958,1,19,13,0.003717,0.002543,0.000196
垂杨,钓鱼,0.354823,3.029958,1,19,13,0.003717,0.002543,0.000196
南北,黄昏,0.354823,3.029958,1,13,19,0.002543,0.003717,0.000196
心事,瑶池,0.354823,3.029958,1,19,13,0.003717,0.002543,0.000196
头白,岁寒,0.354823,3.029958,1,19,13,0.003717,0.002543,0.000196
南北,头白,0.354823,3.029958,1,13,19,0.002543,0.003717,0.000196
山色,猿声,0.354823,3.029958,1,19,13,0.003717,0.002543,0.000196
多少,山色,0.354823,3.029958,1,13,19,0.002543,0.003717,0.000196
君恩,阑干,0.354823,3.029958,1,19,13,0.003717,0.002543,0.000196
双飞,桃李,0.35473,2.639449,3,15,73,0.002934,0.01428,0.000587
双飞,行人,0.35473,2.639449,3,15,73,0.002934,0.01428,0.000587
行人,高台,0.35473,2.639449,3,73,15,0.01428,0.002934,0.000587
桃李,风动,0.354568,2.457127,5,73,30,0.01428,0.005869,0.000978
两相,春风,0.354568,2.457127,5,15,146,0.002934,0.02856,0.000978
明月,罗衣,0.354502,2.337389,7,128,27,0.025039,0.005282,0.001369
芙蓉,花发,0.354458,2.535459,4,54,30,0.010563,0.005869,0.000782
明日,登高,0.354458,2.535459,4,30,54,0.005869,0.010563,0.000782
云雨,巫峡,0.354458,2.535459,4,36,45,0.007042,0.008803,0.000782
鸟飞,鹧鸪,0.35435,3.025917,1,31,8,0.006064,0.001565,0.000196
徘徊,鸟飞,0.35435,3.025917,1,8,31,0.001565,0.006064,0.000196
凤凰,高树,0.35435,3.025917,1,62,4,0.012128,0.000782,0.000196
古来,独坐,0.354117,2.634893,3,44,25,0.008607,0.00489,0.000587
夕阳,莲花,0.354117,2.634893,3,50,22,0.009781,0.004304,0.000587
万物,君子,0.354114,2.532993,4,29,56,0.005673,0.010955,0.000782
功成,将军,0.354108,2.334788,7,33,105,0.006455,0.02054,0.001369
孤舟,楚客,0.353873,2.633076,3,58,19,0.011346,0.003717,0.000587
白玉,看花,0.353767,2.775724,2,49,13,0.009585,0.002543,0.000391
壮士,夜月,0.353767,2.775724,2,49,13,0.009585,0.002543,0.000391
绮罗,花落,0.353767,2.775724,2,13,49,0.002543,0.009585,0.000391
月落,青云,0.35363,2.631263,3,12,92,0.002347,0.017997,0.000587
天上,日月,0.353584,2.331331,7,57,61,0.01115,0.011933,0.001369
东方,秋天,0.353567,2.774155,2,22,29,0.004304,0.005673,0.000391
万物,东方,0.353567,2.774155,2,29,22,0.005673,0.004304,0.000391
夜来,梧桐,0.353567,2.774155,2,22,29,0.004304,0.005673,0.000391
明时,秋天,0.353567,2.774155,2,22,29,0.004304,0.005673,0.000391
断肠,明年,0.353567,2.774155,2,29,22,0.005673,0.004304,0.000391
怅望,有情,0.353567,2.774155,2,29,22,0.005673,0.004304,0.000391
王孙,青草,0.353567,2.774155,2,29,22,0.005673,0.004304,0.000391
东方,归客,0.353567,2.774155,2,22,29,0.004304,0.005673,0.000391
庭前,美人,0.353508,2.630358,3,17,65,0.003326,0.012715,0.000587
日晚,花时,0.353409,3.017885,1,25,10,0.00489,0.001956,0.000196
阙下,饮酒,0.353409,3.017885,1,10,25,0.001956,0.00489,0.000196
春来,物外,0.353409,3.017885,1,25,10,0.00489,0.001956,0.000196
独坐,雨中,0.353409,3.017885,1,25,10,0.00489,0.001956,0.000196
溪水,物外,0.353409,3.017885,1,25,10,0.00489,0.001956,0.000196
别后,西风,0.353409,3.017885,1,25,10,0.00489,0.001956,0.000196
半夜,鹦鹉,0.353409,3.017885,1,10,25,0.001956,0.00489,0.000196
千万,可惜,0.353409,3.017885,1,25,10,0.00489,0.001956,0.000196
新诗,花时,0.353409,3.017885,1,25,10,0.00489,0.001956,0.000196
可惜,独坐,0.353409,3.017885,1,10,25,0.001956,0.00489,0.000196
交亲,出入,0.353409,3.017885,1,5,50,0.000978,0.009781,0.000196
斜阳,衣冠,0.353409,3.017885,1,5,50,0.000978,0.009781,0.000196
生死,雨雪,0.353168,2.771025,2,20,32,0.003912,0.00626,0.000391
不归,汉宫,0.353168,2.771025,2,32,20,0.00626,0.003912,0.000391
东海,汉宫,0.353168,2.771025,2,32,20,0.00626,0.003912,0.000391
憔悴,汉宫,0.353168,2.771025,2,32,20,0.00626,0.003912,0.000391
东海,鱼龙,0.353168,2.771025,2,32,20,0.00626,0.003912,0.000391
百尺,高秋,0.353168,2.771025,2,20,32,0.003912,0.00626,0.000391
宁知,汉宫,0.353168,2.771025,2,32,20,0.00626,0.003912,0.000391
世事,汉宫,0.353168,2.771025,2,32,20,0.00626,0.003912,0.000391
不归,远客,0.353168,2.771025,2,32,20,0.00626,0.003912,0.000391
杜陵,读书,0.353168,2.771025,2,20,32,0.003912,0.00626,0.000391
自怜,读书,0.353168,2.771025,2,20,32,0.003912,0.00626,0.000391
早晚,鸳鸯,0.353168,2.771025,2,20,32,0.003912,0.00626,0.000391
佳期,鸳鸯,0.353168,2.771025,2,20,32,0.003912,0.00626,0.000391
晚来,鸳鸯,0.353168,2.771025,2,20,32,0.003912,0.00626,0.000391
世事,百尺,0.353168,2.771025,2,32,20,0.00626,0.003912,0.000391
东海,天台,0.353168,2.771025,2,32,20,0.00626,0.003912,0.000391
乔木,苍苔,0.353168,2.771025,2,32,20,0.00626,0.003912,0.000391
乔木,古今,0.353168,2.771025,2,32,20,0.00626,0.003912,0.000391
天台,杯酒,0.353168,2.771025,2,20,32,0.003912,0.00626,0.000391
东海,古今,0.353168,2.771025,2,32,20,0.00626,0.003912,0.000391
风飘,鸳鸯,0.353168,2.771025,2,20,32,0.003912,0.00626,0.000391
阳春,鸳鸯,0.353168,2.771025,2,20,32,0.003912,0.00626,0.000391
千金,风飘,0.353168,2.771025,2,32,20,0.00626,0.003912,0.000391
青松,风飘,0.353168,2.771025,2,32,20,0.00626,0.003912,0.000391
自古,阳春,0.353168,2.771025,2,32,20,0.00626,0.003912,0.000391
万事,所以,0.353168,2.771025,2,40,16,0.007825,0.00313,0.000391
千金,阳春,0.353168,2.771025,2,32,20,0.00626,0.003912,0.000391
阳春,青松,0.353168,2.771025,2,20,32,0.003912,0.00626,0.000391
九重,公子,0.353168,2.771025,2,16,40,0.00313,0.007825,0.000391
君家,百尺,0.353168,2.771025,2,32,20,0.00626,0.003912,0.000391
玉树,青松,0.353168,2.771025,2,20,32,0.003912,0.00626,0.000391
莓苔,飘飖,0.353168,2.771025,2,16,40,0.00313,0.007825,0.000391
所以,朝廷,0.353168,2.771025,2,16,40,0.00313,0.007825,0.000391
杯酒,骑马,0.353168,2.771025,2,32,20,0.00626,0.003912,0.000391
帝城,骑马,0.353168,2.771025,2,32,20,0.00626,0.003912,0.000391
蓬莱,逶迤,0.352914,2.524409,4,42,39,0.008216,0.007629,0.000782
独立,秋草,0.352914,2.524409,4,39,42,0.007629,0.008216,0.000782
登临,蓬莱,0.352914,2.524409,4,39,42,0.007629,0.008216,0.000782
意气,秋草,0.352914,2.524409,4,39,42,0.007629,0.008216,0.000782
青春,风动,0.352901,2.625843,3,37,30,0.007238,0.005869,0.000587
咸阳,无穷,0.352901,2.625843,3,37,30,0.007238,0.005869,0.000587
歌舞,花发,0.352901,2.625843,3,37,30,0.007238,0.005869,0.000587
两相,君王,0.352901,2.625843,3,15,74,0.002934,0.014476,0.000587
春草,花枝,0.352901,2.625843,3,74,15,0.014476,0.002934,0.000587
千里,多情,0.35277,2.767905,2,214,3,0.041862,0.000587,0.000391
千里,枕上,0.35277,2.767905,2,214,3,0.041862,0.000587,0.000391
岐路,昔时,0.352476,3.009917,1,9,28,0.001761,0.005477,0.000196
年华,还家,0.352476,3.009917,1,6,42,0.001174,0.008216,0.000196
人稀,天外,0.352476,3.009917,1,14,18,0.002739,0.003521,0.000196
行客,野花,0.352476,3.009917,1,21,12,0.004108,0.002347,0.000196
宫殿,昔年,0.352476,3.009917,1,21,12,0.004108,0.002347,0.000196
昔年,陌上,0.352476,3.009917,1,12,21,0.002347,0.004108,0.000196
昔年,青楼,0.352476,3.009917,1,12,21,0.002347,0.004108,0.000196
微雨,殷勤,0.352476,3.009917,1,12,21,0.002347,0.004108,0.000196
依然,春深,0.352476,3.009917,1,28,9,0.005477,0.001761,0.000196
春深,花满,0.352476,3.009917,1,9,28,0.001761,0.005477,0.000196
独自,零落,0.352476,3.009917,1,12,21,0.002347,0.004108,0.000196
御沟,花满,0.352476,3.009917,1,9,28,0.001761,0.005477,0.000196
岐路,羽翼,0.352476,3.009917,1,9,28,0.001761,0.005477,0.000196
江流,霓裳,0.352476,3.009917,1,36,7,0.007042,0.001369,0.000196
宛转,零落,0.352476,3.009917,1,12,21,0.002347,0.004108,0.000196
月落,零落,0.352476,3.009917,1,12,21,0.002347,0.004108,0.000196
名利,江流,0.352476,3.009917,1,7,36,0.001369,0.007042,0.000196
山僧,月夜,0.352476,3.009917,1,18,14,0.003521,0.002739,0.000196
十载,月中,0.352476,3.009917,1,21,12,0.004108,0.002347,0.000196
吟诗,尚书,0.352476,3.009917,1,9,28,0.001761,0.005477,0.000196
愁人,青楼,0.352476,3.009917,1,12,21,0.002347,0.004108,0.000196
野花,零落,0.352476,3.009917,1,12,21,0.002347,0.004108,0.000196
蛟龙,近来,0.352476,3.009917,1,42,6,0.008216,0.001174,0.000196
走马,近来,0.352476,3.009917,1,42,6,0.008216,0.001174,0.000196
经年,雨露,0.352476,3.009917,1,14,18,0.002739,0.003521,0.000196
凄凉,经年,0.352476,3.009917,1,18,14,0.003521,0.002739,0.000196
寒食,月中,0.352476,3.009917,1,21,12,0.004108,0.002347,0.000196
愁人,花飞,0.352476,3.009917,1,12,21,0.002347,0.004108,0.000196
寻常,江边,0.352476,3.009917,1,7,36,0.001369,0.007042,0.000196
南宫,浮生,0.352476,3.009917,1,12,21,0.002347,0.004108,0.000196
佳人,曲江,0.352476,3.009917,1,28,9,0.005477,0.001761,0.000196
满地,霄汉,0.352476,3.009917,1,12,21,0.002347,0.004108,0.000196
昔时,曲江,0.352476,3.009917,1,28,9,0.005477,0.001761,0.000196
摇落,月夜,0.352476,3.009917,1,18,14,0.003521,0.002739,0.000196
十载,黄叶,0.352476,3.009917,1,21,12,0.004108,0.002347,0.000196
子孙,昔年,0.352476,3.009917,1,21,12,0.004108,0.002347,0.000196
昔年,浮生,0.352476,3.009917,1,12,21,0.002347,0.004108,0.000196
宫殿,月中,0.352476,3.009917,1,21,12,0.004108,0.002347,0.000196
十载,烟雨,0.352476,3.009917,1,21,12,0.004108,0.002347,0.000196
临水,经年,0.352476,3.009917,1,18,14,0.003521,0.002739,0.000196
行人,黄河,0.35241,2.323596,7,73,48,0.01428,0.00939,0.001369
君恩,日暮,0.35241,2.442171,5,19,117,0.003717,0.022887,0.000978
寂寥,封侯,0.352374,2.764794,2,28,23,0.005477,0.004499,0.000391
九天,落叶,0.352374,2.764794,2,23,28,0.004499,0.005477,0.000391
东西,九天,0.352374,2.764794,2,28,23,0.005477,0.004499,0.000391
深山,落叶,0.352374,2.764794,2,23,28,0.004499,0.005477,0.000391
今来,深山,0.352374,2.764794,2,28,23,0.005477,0.004499,0.000391
参差,羽翼,0.352374,2.764794,2,23,28,0.004499,0.005477,0.000391
氛氲,潺湲,0.352374,2.764794,2,28,23,0.005477,0.004499,0.000391
九天,今来,0.352374,2.764794,2,23,28,0.004499,0.005477,0.000391
咫尺,潺湲,0.352374,2.764794,2,28,23,0.005477,0.004499,0.000391
尚书,苦辛,0.352374,2.764794,2,28,23,0.005477,0.004499,0.000391
归来,黄叶,0.352177,2.620452,3,93,12,0.018192,0.002347,0.000587
凉风,向人,0.352176,2.763243,2,43,15,0.008412,0.002934,0.000391
双飞,秋水,0.352176,2.763243,2,15,43,0.002934,0.008412,0.000391
双飞,归去,0.352176,2.763243,2,15,43,0.002934,0.008412,0.000391
楼前,池上,0.352012,3.005957,1,11,23,0.002152,0.004499,0.000196
故国,游人,0.352012,3.005957,1,23,11,0.004499,0.002152,0.000196
城中,管弦,0.352012,3.005957,1,23,11,0.004499,0.002152,0.000196
桃源,清明,0.352012,3.005957,1,23,11,0.004499,0.002152,0.000196
城中,春雨,0.352012,3.005957,1,23,11,0.004499,0.002152,0.000196
九天,风光,0.352012,3.005957,1,23,11,0.004499,0.002152,0.000196
九天,楼前,0.352012,3.005957,1,23,11,0.004499,0.002152,0.000196
九天,叶落,0.352012,3.005957,1,23,11,0.004499,0.002152,0.000196
参差,风光,0.352012,3.005957,1,23,11,0.004499,0.002152,0.000196
台上,独行,0.352012,3.005957,1,23,11,0.004499,0.002152,0.000196
圣人,独行,0.352012,3.005957,1,23,11,0.004499,0.002152,0.000196
参差,逢人,0.352012,3.005957,1,23,11,0.004499,0.002152,0.000196
白蘋,苦辛,0.352012,3.005957,1,11,23,0.002152,0.004499,0.000196
城中,夜雨,0.352012,3.005957,1,23,11,0.004499,0.002152,0.000196
他年,苦辛,0.352012,3.005957,1,11,23,0.002152,0.004499,0.000196
九天,玉楼,0.352012,3.005957,1,23,11,0.004499,0.002152,0.000196
君心,对酒,0.351979,2.761694,2,17,38,0.003326,0.007433,0.000391
君心,山水,0.351979,2.761694,2,17,38,0.003326,0.007433,0.000391
心事,相忆,0.351979,2.761694,2,19,34,0.003717,0.006651,0.000391
春水,相对,0.351979,2.761694,2,34,19,0.006651,0.003717,0.000391
旌旗,未央,0.351936,2.618662,3,43,26,0.008412,0.005086,0.000587
百里,自言,0.351936,2.618662,3,43,26,0.008412,0.005086,0.000587
人心,百里,0.351936,2.618662,3,26,43,0.005086,0.008412,0.000587
落花,阳台,0.351893,2.51711,4,55,30,0.010759,0.005869,0.000782
出入,千门,0.351893,2.51711,4,50,33,0.009781,0.006455,0.000782
至今,风飘,0.351696,2.616874,3,56,20,0.010955,0.003912,0.000587
桃花,红粉,0.351696,2.616874,3,70,16,0.013693,0.00313,0.000587
月明,鸳鸯,0.351696,2.616874,3,35,32,0.006847,0.00626,0.000587
空山,闲居,0.351696,2.616874,3,56,20,0.010955,0.003912,0.000587
世人,阳春,0.351696,2.616874,3,56,20,0.010955,0.003912,0.000587
秋雨,空山,0.351696,2.616874,3,20,56,0.003912,0.010955,0.000587
暮雨,行乐,0.351585,2.758602,2,27,24,0.005282,0.004695,0.000391
秋来,衣裳,0.351585,2.758602,2,18,36,0.003521,0.007042,0.000391
大道,紫微,0.351585,2.758602,2,27,24,0.005282,0.004695,0.000391
山头,山路,0.351585,2.758602,2,24,27,0.004695,0.005282,0.000391
向东,暮雨,0.351585,2.758602,2,24,27,0.004695,0.005282,0.000391
丹砂,萧索,0.351585,2.758602,2,27,24,0.005282,0.004695,0.000391
山高,苍梧,0.351585,2.758602,2,18,36,0.003521,0.007042,0.000391
松风,青苔,0.351585,2.758602,2,27,24,0.005282,0.004695,0.000391
大道,故山,0.351585,2.758602,2,27,24,0.005282,0.004695,0.000391
男儿,秋来,0.351585,2.758602,2,36,18,0.007042,0.003521,0.000391
今朝,辛苦,0.351585,2.758602,2,36,18,0.007042,0.003521,0.000391
仙人,芙蓉,0.351508,2.37183,6,53,54,0.010368,0.010563,0.001174
春水,湘水,0.351456,2.61509,3,34,33,0.006651,0.006455,0.000587
功名,风霜,0.351192,2.755521,2,25,26,0.00489,0.005086,0.000391
绮罗,衣冠,0.351192,2.755521,2,13,50,0.002543,0.009781,0.000391
相随,眼前,0.351192,2.755521,2,26,25,0.005086,0.00489,0.000391
眼前,自言,0.351192,2.755521,2,25,26,0.00489,0.005086,0.000391
万户,春来,0.351192,2.755521,2,26,25,0.005086,0.00489,0.000391
万户,日晚,0.351192,2.755521,2,26,25,0.005086,0.00489,0.000391
万户,梨花,0.351192,2.755521,2,26,25,0.005086,0.00489,0.000391
未央,梨花,0.351192,2.755521,2,26,25,0.005086,0.00489,0.000391
南北,衣冠,0.351192,2.755521,2,13,50,0.002543,0.009781,0.000391
独坐,风霜,0.351192,2.755521,2,25,26,0.00489,0.005086,0.000391
八月,鹦鹉,0.351192,2.755521,2,26,25,0.005086,0.00489,0.000391
多病,眼前,0.351192,2.755521,2,26,25,0.005086,0.00489,0.000391
当时,青云,0.351144,2.268358,8,46,92,0.008998,0.017997,0.001565
秋日,连天,0.35109,2.998082,1,15,17,0.002934,0.003326,0.000196
细雨,花枝,0.35109,2.998082,1,17,15,0.003326,0.002934,0.000196
朱门,花枝,0.35109,2.998082,1,17,15,0.003326,0.002934,0.000196
人世,城下,0.35109,2.998082,1,15,17,0.002934,0.003326,0.000196
双阙,城下,0.35109,2.998082,1,15,17,0.002934,0.003326,0.000196
夜深,高台,0.35109,2.998082,1,17,15,0.003326,0.002934,0.000196
临风,十里,0.35109,2.998082,1,15,17,0.002934,0.003326,0.000196
双飞,君心,0.35109,2.998082,1,15,17,0.002934,0.003326,0.000196
双飞,朱门,0.35109,2.998082,1,15,17,0.002934,0.003326,0.000196
双飞,庭前,0.35109,2.998082,1,15,17,0.002934,0.003326,0.000196
庭前,高台,0.35109,2.998082,1,17,15,0.003326,0.002934,0.000196
临风,梦里,0.35109,2.998082,1,15,17,0.002934,0.003326,0.000196
君心,婵娟,0.35109,2.998082,1,17,15,0.003326,0.002934,0.000196
人世,月光,0.35109,2.998082,1,15,17,0.002934,0.003326,0.000196
人世,十里,0.35109,2.998082,1,15,17,0.002934,0.003326,0.000196
君心,高台,0.35109,2.998082,1,17,15,0.003326,0.002934,0.000196
到处,江山,0.35109,2.998082,1,5,51,0.000978,0.009977,0.000196
到处,离别,0.35109,2.998082,1,5,51,0.000978,0.009977,0.000196
细雨,鬼神,0.35109,2.998082,1,17,15,0.003326,0.002934,0.000196
昔日,满眼,0.35109,2.998082,1,17,15,0.003326,0.002934,0.000196
庭前,弟子,0.35109,2.998082,1,17,15,0.003326,0.002934,0.000196
人世,同心,0.35109,2.998082,1,15,17,0.002934,0.003326,0.000196
月光,老去,0.35109,2.998082,1,17,15,0.003326,0.002934,0.000196
十里,道士,0.35109,2.998082,1,17,15,0.003326,0.002934,0.000196
日斜,高台,0.35109,2.998082,1,17,15,0.003326,0.002934,0.000196
君心,黄金,0.351054,2.432769,5,17,132,0.003326,0.025822,0.000978
归来,霓裳,0.350996,2.753984,2,93,7,0.018192,0.001369,0.000391
渭水,花飞,0.350996,2.753984,2,31,21,0.006064,0.004108,0.000391
渭水,青楼,0.350996,2.753984,2,31,21,0.006064,0.004108,0.000391
宫殿,消息,0.350996,2.753984,2,21,31,0.004108,0.006064,0.000391
北阙,消息,0.350996,2.753984,2,21,31,0.004108,0.006064,0.000391
人归,杨柳,0.350858,2.610644,3,23,49,0.004499,0.009585,0.000587
别离,风波,0.350668,2.430098,5,75,30,0.014671,0.005869,0.000978
九重,怜君,0.350632,2.994169,1,16,16,0.00313,0.00313,0.000196
所以,草绿,0.350632,2.994169,1,16,16,0.00313,0.00313,0.000196
怜君,草绿,0.350632,2.994169,1,16,16,0.00313,0.00313,0.000196
怜君,楚水,0.350632,2.994169,1,16,16,0.00313,0.00313,0.000196
楚水,草绿,0.350632,2.994169,1,16,16,0.00313,0.00313,0.000196
君家,徘徊,0.350632,2.994169,1,32,8,0.00626,0.001565,0.000196
时节,高秋,0.350632,2.994169,1,8,32,0.001565,0.00626,0.000196
憔悴,时节,0.350632,2.994169,1,32,8,0.00626,0.001565,0.000196
梅花,金谷,0.350632,2.994169,1,32,8,0.00626,0.001565,0.000196
欢娱,残月,0.350632,2.994169,1,32,8,0.00626,0.001565,0.000196
所以,楚水,0.350632,2.994169,1,16,16,0.00313,0.00313,0.000196
叹息,相知,0.350382,2.607101,3,39,29,0.007629,0.005673,0.000587
意气,梧桐,0.350382,2.607101,3,39,29,0.007629,0.005673,0.000587
王孙,芳草,0.350382,2.607101,3,29,39,0.005673,0.007629,0.000587
日月,青春,0.35022,2.426992,5,61,37,0.011933,0.007238,0.000978
巫山,暮雨,0.350026,2.604452,3,42,27,0.008216,0.005282,0.000587
登高,陌上,0.350026,2.604452,3,54,21,0.010563,0.004108,0.000587
芙蓉,青楼,0.350026,2.604452,3,54,21,0.010563,0.004108,0.000587
忆昔,还家,0.350026,2.604452,3,27,42,0.005282,0.008216,0.000587
意气,白马,0.349901,2.424779,5,39,58,0.007629,0.011346,0.000978
罗衣,黄金,0.349835,2.306617,7,27,132,0.005282,0.025822,0.001369
旌旗,逶迤,0.349624,2.500879,4,43,39,0.008412,0.007629,0.000782
万古,蛟龙,0.349518,2.42213,5,54,42,0.010563,0.008216,0.000978
是非,行人,0.349457,2.499687,4,23,73,0.004499,0.01428,0.000782
苍生,谢公,0.349374,2.499091,4,56,30,0.010955,0.005869,0.000782
干戈,蛟龙,0.349374,2.499091,4,40,42,0.007825,0.008216,0.000782
无穷,黄鹤,0.349317,2.599175,3,30,38,0.005869,0.007433,0.000587
生死,知己,0.349317,2.599175,3,20,57,0.003912,0.01115,0.000587
天上,生死,0.349317,2.599175,3,57,20,0.01115,0.003912,0.000587
阳台,黄鹤,0.349317,2.599175,3,30,38,0.005869,0.007433,0.000587
萧萧,风飘,0.349317,2.599175,3,57,20,0.01115,0.003912,0.000587
丹青,秋色,0.349317,2.599175,3,38,30,0.007433,0.005869,0.000587
湖上,风月,0.349268,2.982518,1,37,7,0.007238,0.001369,0.000196
歌舞,风月,0.349268,2.982518,1,37,7,0.007238,0.001369,0.000196
咸阳,霓裳,0.349268,2.982518,1,37,7,0.007238,0.001369,0.000196
名利,咸阳,0.349268,2.982518,1,7,37,0.001369,0.007238,0.000196
蛾眉,霓裳,0.349268,2.982518,1,37,7,0.007238,0.001369,0.000196
霓裳,青春,0.349268,2.982518,1,7,37,0.001369,0.007238,0.000196
名利,蛾眉,0.349268,2.982518,1,7,37,0.001369,0.007238,0.000196
名利,青春,0.349268,2.982518,1,7,37,0.001369,0.007238,0.000196
咸阳,寻常,0.349268,2.982518,1,37,7,0.007238,0.001369,0.000196
昆仑,池塘,0.349268,2.982518,1,37,7,0.007238,0.001369,0.000196
归路,池塘,0.349268,2.982518,1,37,7,0.007238,0.001369,0.000196
茫茫,逢人,0.349246,2.740253,2,60,11,0.011737,0.002152,0.000391
向人,白露,0.349246,2.740253,2,15,44,0.002934,0.008607,0.000391
独自,相识,0.349246,2.740253,2,12,55,0.002347,0.010759,0.000391
先生,门前,0.349246,2.740253,2,22,30,0.004304,0.005869,0.000391
千秋,莲花,0.349246,2.740253,2,30,22,0.005869,0.004304,0.000391
明时,风动,0.349246,2.740253,2,22,30,0.004304,0.005869,0.000391
双飞,古来,0.349246,2.740253,2,15,44,0.002934,0.008607,0.000391
谢公,闭门,0.349246,2.740253,2,30,22,0.005869,0.004304,0.000391
古来,高台,0.349246,2.740253,2,44,15,0.008607,0.002934,0.000391
千秋,尘埃,0.349246,2.740253,2,30,22,0.005869,0.004304,0.000391
明年,青门,0.349246,2.740253,2,22,30,0.004304,0.005869,0.000391
明年,阳台,0.349246,2.740253,2,22,30,0.004304,0.005869,0.000391
莲花,阳台,0.349246,2.740253,2,22,30,0.004304,0.005869,0.000391
东方,明日,0.349246,2.740253,2,22,30,0.004304,0.005869,0.000391
东山,满地,0.349246,2.740253,2,55,12,0.010759,0.002347,0.000391
有情,阳台,0.349246,2.740253,2,22,30,0.004304,0.005869,0.000391
临风,白露,0.349246,2.740253,2,15,44,0.002934,0.008607,0.000391
弟子,行路,0.349246,2.740253,2,15,44,0.002934,0.008607,0.000391
千秋,楼台,0.349246,2.740253,2,30,22,0.005869,0.004304,0.000391
生死,肠断,0.349246,2.740253,2,20,33,0.003912,0.006455,0.000391
相亲,鱼龙,0.349246,2.740253,2,33,20,0.006455,0.003912,0.000391
汉宫,肠断,0.349246,2.740253,2,20,33,0.003912,0.006455,0.000391
宫中,苍苔,0.349246,2.740253,2,33,20,0.006455,0.003912,0.000391
功成,杜陵,0.349246,2.740253,2,33,20,0.006455,0.003912,0.000391
宫中,杜陵,0.349246,2.740253,2,33,20,0.006455,0.003912,0.000391
汉宫,相亲,0.349246,2.740253,2,20,33,0.003912,0.006455,0.000391
玉树,相亲,0.349246,2.740253,2,20,33,0.003912,0.006455,0.000391
晚来,相亲,0.349246,2.740253,2,20,33,0.003912,0.006455,0.000391
宫中,晚来,0.349246,2.740253,2,33,20,0.006455,0.003912,0.000391
早晚,草色,0.349246,2.740253,2,20,33,0.003912,0.006455,0.000391
千门,汉宫,0.349246,2.740253,2,33,20,0.006455,0.003912,0.000391
千门,古今,0.349246,2.740253,2,33,20,0.006455,0.003912,0.000391
逍遥,鱼龙,0.349246,2.740253,2,33,20,0.006455,0.003912,0.000391
半夜,草木,0.349246,2.740253,2,10,66,0.001956,0.012911,0.000391
千门,阳春,0.349246,2.740253,2,33,20,0.006455,0.003912,0.000391
相亲,阳城,0.349246,2.740253,2,33,20,0.006455,0.003912,0.000391
车马,鱼龙,0.349246,2.740253,2,33,20,0.006455,0.003912,0.000391
人心,古来,0.348846,2.595672,3,26,44,0.005086,0.008607,0.000587
白露,自言,0.348846,2.595672,3,44,26,0.008607,0.005086,0.000587
所思,海上,0.348846,2.595672,3,22,52,0.004304,0.010172,0.000587
飞鸟,马蹄,0.348846,2.595672,3,44,26,0.008607,0.005086,0.000587
尘埃,白首,0.348846,2.595672,3,22,52,0.004304,0.010172,0.000587
八月,白露,0.348846,2.595672,3,26,44,0.005086,0.008607,0.000587
早晚,猿啼,0.348816,2.978664,1,20,13,0.003912,0.002543,0.000196
夜月,苍苔,0.348816,2.978664,1,13,20,0.002543,0.003912,0.000196
花时,送客,0.348816,2.978664,1,10,26,0.001956,0.005086,0.000196
竹林,花时,0.348816,2.978664,1,26,10,0.005086,0.001956,0.000196
老人,钓鱼,0.348816,2.978664,1,20,13,0.003912,0.002543,0.000196
多少,闲居,0.348816,2.978664,1,13,20,0.002543,0.003912,0.000196
绮罗,风飘,0.348816,2.978664,1,13,20,0.002543,0.003912,0.000196
猿啼,鱼龙,0.348816,2.978664,1,13,20,0.002543,0.003912,0.000196
岁寒,风飘,0.348816,2.978664,1,13,20,0.002543,0.003912,0.000196
相寻,风飘,0.348816,2.978664,1,13,20,0.002543,0.003912,0.000196
南北,风飘,0.348816,2.978664,1,13,20,0.002543,0.003912,0.000196
古今,岁寒,0.348816,2.978664,1,20,13,0.003912,0.002543,0.000196
岁寒,阳春,0.348816,2.978664,1,13,20,0.002543,0.003912,0.000196
古今,相寻,0.348816,2.978664,1,20,13,0.003912,0.002543,0.000196
南北,古今,0.348816,2.978664,1,13,20,0.002543,0.003912,0.000196
相寻,阳春,0.348816,2.978664,1,13,20,0.002543,0.003912,0.000196
南北,阳春,0.348816,2.978664,1,13,20,0.002543,0.003912,0.000196
早晚,猿声,0.348816,2.978664,1,20,13,0.003912,0.002543,0.000196
佳期,猿声,0.348816,2.978664,1,20,13,0.003912,0.002543,0.000196
猿声,自怜,0.348816,2.978664,1,13,20,0.002543,0.003912,0.000196
万户,阙下,0.348816,2.978664,1,26,10,0.005086,0.001956,0.000196
绮罗,自怜,0.348816,2.978664,1,13,20,0.002543,0.003912,0.000196
人心,半夜,0.348816,2.978664,1,26,10,0.005086,0.001956,0.000196
心期,故园,0.348816,2.978664,1,5,52,0.000978,0.010172,0.000196
多少,百尺,0.348816,2.978664,1,13,20,0.002543,0.003912,0.000196
天台,猿啼,0.348816,2.978664,1,20,13,0.003912,0.002543,0.000196
猿声,玉树,0.348816,2.978664,1,13,20,0.002543,0.003912,0.000196
天台,猿声,0.348816,2.978664,1,20,13,0.003912,0.002543,0.000196
半夜,送客,0.348816,2.978664,1,10,26,0.001956,0.005086,0.000196
梦魂,风飘,0.348816,2.978664,1,13,20,0.002543,0.003912,0.000196
美人,花前,0.348816,2.978664,1,65,4,0.012715,0.000782,0.000196
今已,可惜,0.348816,2.978664,1,26,10,0.005086,0.001956,0.000196
八月,可惜,0.348816,2.978664,1,26,10,0.005086,0.001956,0.000196
可惜,马蹄,0.348816,2.978664,1,10,26,0.001956,0.005086,0.000196
杜陵,瑶池,0.348816,2.978664,1,20,13,0.003912,0.002543,0.000196
八月,阙下,0.348816,2.978664,1,26,10,0.005086,0.001956,0.000196
依稀,日夕,0.348816,2.978664,1,5,52,0.000978,0.010172,0.000196
多病,物外,0.348816,2.978664,1,26,10,0.005086,0.001956,0.000196
晚来,相寻,0.348816,2.978664,1,20,13,0.003912,0.002543,0.000196
闻说,鱼龙,0.348816,2.978664,1,13,20,0.002543,0.003912,0.000196
夜月,鱼龙,0.348816,2.978664,1,13,20,0.002543,0.003912,0.000196
瑶池,鱼龙,0.348816,2.978664,1,13,20,0.002543,0.003912,0.000196
多少,望乡,0.348816,2.978664,1,13,20,0.002543,0.003912,0.000196
阑干,骑马,0.348816,2.978664,1,13,20,0.002543,0.003912,0.000196
生涯,花时,0.348816,2.978664,1,26,10,0.005086,0.001956,0.000196
杏花,白首,0.348816,2.978664,1,5,52,0.000978,0.010172,0.000196
柳色,西风,0.348816,2.978664,1,26,10,0.005086,0.001956,0.000196
君心,逶迤,0.348668,2.735718,2,17,39,0.003326,0.007629,0.000391
关山,梦魂,0.348668,2.735718,2,51,13,0.009977,0.002543,0.000391
故乡,猿啼,0.348668,2.735718,2,51,13,0.009977,0.002543,0.000391
多少,故乡,0.348668,2.735718,2,13,51,0.002543,0.009977,0.000391
太平,相看,0.348668,2.735718,2,17,39,0.003326,0.007629,0.000391
叹息,庭前,0.348668,2.735718,2,39,17,0.007629,0.003326,0.000391
南北,故乡,0.348668,2.735718,2,13,51,0.002543,0.009977,0.000391
叹息,同心,0.348668,2.735718,2,39,17,0.007629,0.003326,0.000391
御沟,来往,0.348367,2.974826,1,9,29,0.001761,0.005673,0.000196
依旧,来往,0.348367,2.974826,1,9,29,0.001761,0.005673,0.000196
万物,曲江,0.348367,2.974826,1,29,9,0.005673,0.001761,0.000196
江上,珍重,0.348367,2.974826,1,87,3,0.017019,0.000587,0.000196
人家,春深,0.348367,2.974826,1,29,9,0.005673,0.001761,0.000196
伤心,春深,0.348367,2.974826,1,29,9,0.005673,0.001761,0.000196
世间,秋天,0.348367,2.974826,1,9,29,0.001761,0.005673,0.000196
千年,玉堂,0.348284,2.732706,2,35,19,0.006847,0.003717,0.000391
心事,才子,0.348284,2.732706,2,19,35,0.003717,0.006847,0.000391
含情,汉水,0.348284,2.732706,2,19,35,0.003717,0.006847,0.000391
中原,含情,0.348284,2.732706,2,35,19,0.006847,0.003717,0.000391
山色,远近,0.348284,2.732706,2,19,35,0.003717,0.006847,0.000391
云飞,白雪,0.348143,2.590441,3,23,50,0.004499,0.009781,0.000587
云飞,光辉,0.348143,2.590441,3,23,50,0.004499,0.009781,0.000587
日月,黄河,0.348129,2.349031,6,61,48,0.011933,0.00939,0.001174
歌声,湖上,0.348093,2.731204,2,18,37,0.003521,0.007238,0.000391
咸阳,星辰,0.348093,2.731204,2,37,18,0.007238,0.003521,0.000391
男儿,雨雪,0.34791,2.588703,3,36,32,0.007042,0.00626,0.000587
千金,男儿,0.34791,2.588703,3,32,36,0.00626,0.007042,0.000587
世间,明月,0.34791,2.588703,3,9,128,0.001761,0.025039,0.000587
可怜,年少,0.34791,2.588703,3,48,24,0.00939,0.004695,0.000587
可怜,山头,0.34791,2.588703,3,48,24,0.00939,0.004695,0.000587
可怜,月下,0.34791,2.588703,3,48,24,0.00939,0.004695,0.000587
愁人,相逢,0.34791,2.588703,3,12,96,0.002347,0.018779,0.000587
寥落,蹉跎,0.34791,2.588703,3,24,48,0.004695,0.00939,0.000587
他人,夫子,0.34791,2.588703,3,16,72,0.00313,0.014085,0.000587
封侯,日照,0.347901,2.729703,2,23,29,0.004499,0.005673,0.000391
城中,来往,0.347901,2.729703,2,23,29,0.004499,0.005673,0.000391
兄弟,家贫,0.347901,2.729703,2,29,23,0.005673,0.004499,0.000391
来往,风烟,0.347901,2.729703,2,29,23,0.005673,0.004499,0.000391
南国,路长,0.347901,2.729703,2,29,23,0.005673,0.004499,0.000391
桃源,相知,0.347901,2.729703,2,23,29,0.004499,0.005673,0.000391
九天,日照,0.347901,2.729703,2,23,29,0.004499,0.005673,0.000391
怅望,桃源,0.347901,2.729703,2,29,23,0.005673,0.004499,0.000391
凤凰,咸阳,0.347874,2.410732,5,62,37,0.012128,0.007238,0.000978
月明,肠断,0.34756,2.586103,3,35,33,0.006847,0.006455,0.000587
子孙,相识,0.34756,2.586103,3,21,55,0.004108,0.010759,0.000587
逍遥,造化,0.34756,2.586103,3,33,35,0.006455,0.006847,0.000587
寂寞,高台,0.34756,2.586103,3,77,15,0.015063,0.002934,0.000587
东山,北阙,0.34756,2.586103,3,55,21,0.010759,0.004108,0.000587
月明,湘水,0.34756,2.586103,3,35,33,0.006847,0.006455,0.000587
日月,玉堂,0.347096,2.582645,3,61,19,0.011933,0.003717,0.000587
年少,风光,0.347029,2.963397,1,24,11,0.004695,0.002152,0.000196
湘水,金谷,0.347029,2.963397,1,33,8,0.006455,0.001565,0.000196
明时,月中,0.347029,2.963397,1,22,12,0.004304,0.002347,0.000196
明时,野花,0.347029,2.963397,1,22,12,0.004304,0.002347,0.000196
明时,独自,0.347029,2.963397,1,22,12,0.004304,0.002347,0.000196
公卿,满地,0.347029,2.963397,1,22,12,0.004304,0.002347,0.000196
微雨,明时,0.347029,2.963397,1,12,22,0.002347,0.004304,0.000196
清明,行乐,0.347029,2.963397,1,11,24,0.002152,0.004695,0.000196
明年,永日,0.347029,2.963397,1,22,12,0.004304,0.002347,0.000196
夜来,宛转,0.347029,2.963397,1,22,12,0.004304,0.002347,0.000196
残月,肠断,0.347029,2.963397,1,8,33,0.001565,0.006455,0.000196
东方,永日,0.347029,2.963397,1,22,12,0.004304,0.002347,0.000196
宛转,明年,0.347029,2.963397,1,12,22,0.002347,0.004304,0.000196
明年,月落,0.347029,2.963397,1,22,12,0.004304,0.002347,0.000196
宛转,莲花,0.347029,2.963397,1,12,22,0.002347,0.004304,0.000196
月落,莲花,0.347029,2.963397,1,12,22,0.002347,0.004304,0.000196
尘埃,月落,0.347029,2.963397,1,22,12,0.004304,0.002347,0.000196
他年,相访,0.347029,2.963397,1,11,24,0.002152,0.004695,0.000196
有情,永日,0.347029,2.963397,1,22,12,0.004304,0.002347,0.000196
尘埃,微雨,0.347029,2.963397,1,22,12,0.004304,0.002347,0.000196
满地,莲花,0.347029,2.963397,1,12,22,0.002347,0.004304,0.000196
思君,烟波,0.347029,2.963397,1,24,11,0.004695,0.002152,0.000196
流年,青苔,0.347029,2.963397,1,11,24,0.002152,0.004695,0.000196
时节,清晨,0.347029,2.963397,1,8,33,0.001565,0.006455,0.000196
独行,相访,0.347029,2.963397,1,11,24,0.002152,0.004695,0.000196
愁人,所思,0.347029,2.963397,1,12,22,0.002347,0.004304,0.000196
石上,逢人,0.347029,2.963397,1,24,11,0.004695,0.002152,0.000196
楼前,波涛,0.347029,2.963397,1,11,24,0.002152,0.004695,0.000196
行乐,风光,0.347029,2.963397,1,24,11,0.004695,0.002152,0.000196
故山,楼前,0.347029,2.963397,1,24,11,0.004695,0.002152,0.000196
所思,满地,0.347029,2.963397,1,22,12,0.004304,0.002347,0.000196
草色,金谷,0.347029,2.963397,1,33,8,0.006455,0.001565,0.000196
向东,流年,0.347029,2.963397,1,24,11,0.004695,0.002152,0.000196
昔年,青草,0.347029,2.963397,1,12,22,0.002347,0.004304,0.000196
万年,月下,0.347029,2.963397,1,11,24,0.002152,0.004695,0.000196
万年,紫微,0.347029,2.963397,1,11,24,0.002152,0.004695,0.000196
归心,烟雨,0.347029,2.963397,1,22,12,0.004304,0.002347,0.000196
徘徊,逍遥,0.347029,2.963397,1,8,33,0.001565,0.006455,0.000196
古今,裴回,0.34698,2.581783,3,20,58,0.003912,0.011346,0.000587
浮生,自古,0.34695,2.722235,2,21,32,0.004108,0.00626,0.000391
君家,花飞,0.34695,2.722235,2,32,21,0.00626,0.004108,0.000391
帝城,花飞,0.34695,2.722235,2,32,21,0.00626,0.004108,0.000391
寒食,帝城,0.34695,2.722235,2,21,32,0.004108,0.00626,0.000391
帝城,青楼,0.34695,2.722235,2,32,21,0.00626,0.004108,0.000391
至今,黄叶,0.34695,2.722235,2,56,12,0.010955,0.002347,0.000391
花满,青苔,0.34695,2.722235,2,28,24,0.005477,0.004695,0.000391
花间,鸳鸯,0.34695,2.722235,2,21,32,0.004108,0.00626,0.000391
北阙,鸳鸯,0.34695,2.722235,2,21,32,0.004108,0.00626,0.000391
千金,青楼,0.34695,2.722235,2,32,21,0.00626,0.004108,0.000391
焚香,霄汉,0.34695,2.722235,2,32,21,0.00626,0.004108,0.000391
可怜,月夜,0.34695,2.722235,2,48,14,0.00939,0.002739,0.000391
十载,去年,0.34695,2.722235,2,21,32,0.004108,0.00626,0.000391
佳人,紫微,0.34695,2.722235,2,28,24,0.005477,0.004695,0.000391
人稀,风流,0.34695,2.722235,2,14,48,0.002739,0.00939,0.000391
独自,空山,0.34695,2.722235,2,12,56,0.002347,0.010955,0.000391
世人,独自,0.34695,2.722235,2,56,12,0.010955,0.002347,0.000391
乔木,子孙,0.34695,2.722235,2,32,21,0.00626,0.004108,0.000391
往来,莓苔,0.34695,2.722235,2,42,16,0.008216,0.00313,0.000391
乔木,霄汉,0.34695,2.722235,2,32,21,0.00626,0.004108,0.000391
怜君,秋草,0.34695,2.722235,2,16,42,0.00313,0.008216,0.000391
君子,宛转,0.34695,2.722235,2,56,12,0.010955,0.002347,0.000391
东海,零落,0.34695,2.722235,2,32,21,0.00626,0.004108,0.000391
所以,秋草,0.34695,2.722235,2,16,42,0.00313,0.008216,0.000391
巫山,草绿,0.34695,2.722235,2,42,16,0.008216,0.00313,0.000391
今来,山头,0.34695,2.722235,2,28,24,0.005477,0.004695,0.000391
君家,楼上,0.34695,2.722235,2,32,21,0.00626,0.004108,0.000391
昔时,石上,0.34695,2.722235,2,28,24,0.005477,0.004695,0.000391
陌上,青松,0.34695,2.722235,2,21,32,0.004108,0.00626,0.000391
微雨,昨夜,0.34695,2.722235,2,12,56,0.002347,0.010955,0.000391
咫尺,波涛,0.34695,2.722235,2,28,24,0.005477,0.004695,0.000391
东流,人稀,0.34695,2.722235,2,48,14,0.00939,0.002739,0.000391
帝城,浮生,0.34695,2.722235,2,32,21,0.00626,0.004108,0.000391
千载,黄鹤,0.3469,2.481392,4,45,38,0.008803,0.007433,0.000782
千秋,寂寞,0.346871,2.403781,5,30,77,0.005869,0.015063,0.000978
凉风,罗衣,0.346864,2.580921,3,43,27,0.008412,0.005282,0.000587
凉风,河汉,0.346864,2.580921,3,43,27,0.008412,0.005282,0.000587
天下,朝廷,0.346635,2.285517,7,91,40,0.017801,0.007825,0.001369
始知,造化,0.346492,2.478472,4,49,35,0.009585,0.006847,0.000782
相看,行路,0.34641,2.477889,4,39,44,0.007629,0.008607,0.000782
绮罗,黄金,0.34641,2.477889,4,13,132,0.002543,0.025822,0.000782
白露,绿水,0.34641,2.477889,4,44,39,0.008607,0.007629,0.000782
巫峡,泉声,0.346382,2.71778,2,45,15,0.008803,0.002934,0.000391
独坐,随风,0.346382,2.71778,2,25,27,0.00489,0.005282,0.000391
向人,百年,0.346382,2.71778,2,15,45,0.002934,0.008803,0.000391
大道,帝乡,0.346382,2.71778,2,27,25,0.005282,0.00489,0.000391
两相,百年,0.346382,2.71778,2,15,45,0.002934,0.008803,0.000391
大道,眼前,0.346382,2.71778,2,27,25,0.005282,0.00489,0.000391
梨花,罗衣,0.346382,2.71778,2,25,27,0.00489,0.005282,0.000391
别离,御沟,0.346382,2.71778,2,75,9,0.014671,0.001761,0.000391
暮雨,迢递,0.346382,2.71778,2,27,25,0.005282,0.00489,0.000391
松风,溪水,0.346382,2.71778,2,27,25,0.005282,0.00489,0.000391
罗衣,鹦鹉,0.346382,2.71778,2,27,25,0.005282,0.00489,0.000391
别后,罗衣,0.346382,2.71778,2,25,27,0.00489,0.005282,0.000391
人皆,大道,0.346382,2.71778,2,25,27,0.00489,0.005282,0.000391
忆昔,迢递,0.346382,2.71778,2,27,25,0.005282,0.00489,0.000391
北斗,日月,0.346372,2.400324,5,38,61,0.007433,0.011933,0.000978
仙人,莲花,0.346286,2.576624,3,53,22,0.010368,0.004304,0.000587
从军,海上,0.346193,2.7163,2,13,52,0.002543,0.010172,0.000391
古人,瑶池,0.346193,2.7163,2,52,13,0.010172,0.002543,0.000391
柳色,送客,0.346193,2.7163,2,26,26,0.005086,0.005086,0.000391
八月,翡翠,0.346193,2.7163,2,26,26,0.005086,0.005086,0.000391
柳色,翡翠,0.346193,2.7163,2,26,26,0.005086,0.005086,0.000391
未央,柳色,0.346193,2.7163,2,26,26,0.005086,0.005086,0.000391
未央,翡翠,0.346193,2.7163,2,26,26,0.005086,0.005086,0.000391
圣主,风霜,0.346193,2.7163,2,26,26,0.005086,0.005086,0.000391
竹林,送客,0.346193,2.7163,2,26,26,0.005086,0.005086,0.000391
今已,自言,0.346193,2.7163,2,26,26,0.005086,0.005086,0.000391
生涯,送客,0.346193,2.7163,2,26,26,0.005086,0.005086,0.000391
人心,今已,0.346193,2.7163,2,26,26,0.005086,0.005086,0.000391
南北,白首,0.346193,2.7163,2,13,52,0.002543,0.010172,0.000391
万户,柳色,0.346193,2.7163,2,26,26,0.005086,0.005086,0.000391
圣朝,多病,0.346193,2.7163,2,26,26,0.005086,0.005086,0.000391
北斗,池塘,0.346145,2.95585,1,38,7,0.007433,0.001369,0.000196
含情,莺啼,0.346145,2.95585,1,19,14,0.003717,0.002739,0.000196
劝君,含情,0.346145,2.95585,1,14,19,0.002739,0.003717,0.000196
相对,马嘶,0.346145,2.95585,1,19,14,0.003717,0.002739,0.000196
山水,文字,0.346145,2.95585,1,38,7,0.007433,0.001369,0.000196
山水,风月,0.346145,2.95585,1,38,7,0.007433,0.001369,0.000196
霓裳,黄鹤,0.346145,2.95585,1,7,38,0.001369,0.007433,0.000196
名利,黄鹤,0.346145,2.95585,1,7,38,0.001369,0.007433,0.000196
风月,黄鹤,0.346145,2.95585,1,7,38,0.001369,0.007433,0.000196
世上,风月,0.346145,2.95585,1,38,7,0.007433,0.001369,0.000196
北斗,风月,0.346145,2.95585,1,38,7,0.007433,0.001369,0.000196
垂杨,水边,0.346145,2.95585,1,19,14,0.003717,0.002739,0.000196
世上,寻常,0.346145,2.95585,1,38,7,0.007433,0.001369,0.000196
丹青,寻常,0.346145,2.95585,1,38,7,0.007433,0.001369,0.000196
人稀,玉堂,0.346145,2.95585,1,14,19,0.002739,0.003717,0.000196
心事,月夜,0.346145,2.95585,1,19,14,0.003717,0.002739,0.000196
月夜,黄昏,0.346145,2.95585,1,14,19,0.002739,0.003717,0.000196
岁月,池塘,0.346145,2.95585,1,38,7,0.007433,0.001369,0.000196
丹青,池塘,0.346145,2.95585,1,38,7,0.007433,0.001369,0.000196
楚客,水边,0.346145,2.95585,1,19,14,0.003717,0.002739,0.000196
人稀,无限,0.346145,2.95585,1,14,19,0.002739,0.003717,0.000196
经年,风景,0.346145,2.95585,1,14,19,0.002739,0.003717,0.000196
相对,经年,0.346145,2.95585,1,19,14,0.003717,0.002739,0.000196
叹息,月出,0.345826,2.573199,3,39,30,0.007629,0.005869,0.000587
婵娟,流水,0.345826,2.573199,3,15,78,0.002934,0.015258,0.000587
百年,自言,0.345826,2.573199,3,45,26,0.008803,0.005086,0.000587
千秋,意气,0.345826,2.573199,3,30,39,0.005869,0.007629,0.000587
单于,风动,0.345826,2.573199,3,39,30,0.007629,0.005869,0.000587
人心,日落,0.345826,2.573199,3,26,45,0.005086,0.008803,0.000587
流水,高台,0.345826,2.573199,3,78,15,0.015258,0.002934,0.000587
梦里,风吹,0.345689,2.39559,5,17,137,0.003326,0.0268,0.000978
故国,江山,0.345482,2.570638,3,23,51,0.004499,0.009977,0.000587
相忆,苍苔,0.345441,2.7104,2,34,20,0.006651,0.003912,0.000391
万事,连天,0.345441,2.7104,2,40,17,0.007825,0.003326,0.000391
十里,干戈,0.345441,2.7104,2,17,40,0.003326,0.007825,0.000391
十里,飘飖,0.345441,2.7104,2,17,40,0.003326,0.007825,0.000391
万事,月光,0.345441,2.7104,2,40,17,0.007825,0.003326,0.000391
万古,千金,0.345436,2.47092,4,54,32,0.010563,0.00626,0.000782
千金,芙蓉,0.345436,2.47092,4,32,54,0.00626,0.010563,0.000782
云雨,可怜,0.345436,2.47092,4,36,48,0.007042,0.00939,0.000782
可怜,衣裳,0.345436,2.47092,4,48,36,0.00939,0.007042,0.000782
芙蓉,青松,0.345436,2.47092,4,54,32,0.010563,0.00626,0.000782
桃李,鸳鸯,0.345255,2.392589,5,73,32,0.01428,0.00626,0.000978
昨夜,花飞,0.345139,2.568084,3,56,21,0.010955,0.004108,0.000587
十载,君子,0.345139,2.568084,3,21,56,0.004108,0.010955,0.000587
新月,空山,0.345139,2.568084,3,21,56,0.004108,0.010955,0.000587
巫山,氛氲,0.345139,2.568084,3,42,28,0.008216,0.005477,0.000587
佳人,蓬莱,0.345139,2.568084,3,28,42,0.005477,0.008216,0.000587
佳人,巫山,0.345139,2.568084,3,28,42,0.005477,0.008216,0.000587
楼台,渭水,0.345067,2.707464,2,22,31,0.004304,0.006064,0.000391
凤凰,叶落,0.345067,2.707464,2,62,11,0.012128,0.002152,0.000391
有情,消息,0.345067,2.707464,2,22,31,0.004304,0.006064,0.000391
消息,青草,0.345067,2.707464,2,31,22,0.006064,0.004304,0.000391
男儿,骨肉,0.344694,2.704535,2,36,19,0.007042,0.003717,0.000391
今朝,相对,0.344694,2.704535,2,36,19,0.007042,0.003717,0.000391
扁舟,昔年,0.344694,2.704535,2,57,12,0.01115,0.002347,0.000391
楚客,江边,0.344694,2.704535,2,19,36,0.003717,0.007042,0.000391
永日,知己,0.344694,2.704535,2,12,57,0.002347,0.01115,0.000391
镜中,黄鹤,0.344694,2.704535,2,18,38,0.003521,0.007433,0.000391
扁舟,月落,0.344694,2.704535,2,57,12,0.01115,0.002347,0.000391
对酒,歌声,0.344694,2.704535,2,38,18,0.007433,0.003521,0.000391
碧云,黄鹤,0.344694,2.704535,2,18,38,0.003521,0.007433,0.000391
云雨,山色,0.344694,2.704535,2,36,19,0.007042,0.003717,0.000391
感激,星辰,0.344694,2.704535,2,38,18,0.007433,0.003521,0.000391
北斗,星辰,0.344694,2.704535,2,38,18,0.007433,0.003521,0.000391
须臾,颜色,0.344682,2.564689,3,20,59,0.003912,0.011541,0.000587
玉树,青天,0.344682,2.564689,3,20,59,0.003912,0.011541,0.000587
洞庭,青草,0.344629,2.46515,4,79,22,0.015454,0.004304,0.000782
富贵,青春,0.344549,2.464575,4,47,37,0.009194,0.007238,0.000782
断肠,茫茫,0.344468,2.464,4,29,60,0.005673,0.011737,0.000782
清净,雨中,0.344397,2.940924,1,27,10,0.005282,0.001956,0.000196
客心,物外,0.344397,2.940924,1,27,10,0.005282,0.001956,0.000196
物外,题诗,0.344397,2.940924,1,10,27,0.001956,0.005282,0.000196
辛苦,高台,0.344397,2.940924,1,18,15,0.003521,0.002934,0.000196
关河,大道,0.344397,2.940924,1,10,27,0.001956,0.005282,0.000196
凄凉,秋声,0.344397,2.940924,1,18,15,0.003521,0.002934,0.000196
两相,山僧,0.344397,2.940924,1,15,18,0.002934,0.003521,0.000196
双飞,天外,0.344397,2.940924,1,15,18,0.002934,0.003521,0.000196
天外,高台,0.344397,2.940924,1,18,15,0.003521,0.002934,0.000196
双飞,镜中,0.344397,2.940924,1,15,18,0.002934,0.003521,0.000196
镜中,高台,0.344397,2.940924,1,18,15,0.003521,0.002934,0.000196
双飞,星辰,0.344397,2.940924,1,15,18,0.002934,0.003521,0.000196
星辰,高台,0.344397,2.940924,1,18,15,0.003521,0.002934,0.000196
世间,云间,0.344397,2.940924,1,9,30,0.001761,0.005869,0.000196
世间,千秋,0.344397,2.940924,1,9,30,0.001761,0.005869,0.000196
半夜,罗衣,0.344397,2.940924,1,10,27,0.001956,0.005282,0.000196
万古,交亲,0.344397,2.940924,1,54,5,0.010563,0.000978,0.000196
世间,谢公,0.344397,2.940924,1,9,30,0.001761,0.005869,0.000196
人世,碧云,0.344397,2.940924,1,15,18,0.002934,0.003521,0.000196
无情,高台,0.344397,2.940924,1,18,15,0.003521,0.002934,0.000196
婵娟,无情,0.344397,2.940924,1,15,18,0.002934,0.003521,0.000196
婵娟,碧云,0.344397,2.940924,1,15,18,0.002934,0.003521,0.000196
双飞,无情,0.344397,2.940924,1,15,18,0.002934,0.003521,0.000196
可惜,暮雨,0.344397,2.940924,1,10,27,0.001956,0.005282,0.000196
可惜,罗衣,0.344397,2.940924,1,10,27,0.001956,0.005282,0.000196
双飞,碧云,0.344397,2.940924,1,15,18,0.002934,0.003521,0.000196
向人,烟霞,0.344397,2.940924,1,15,18,0.002934,0.003521,0.000196
半夜,随风,0.344397,2.940924,1,10,27,0.001956,0.005282,0.000196
临水,秋日,0.344397,2.940924,1,18,15,0.003521,0.002934,0.000196
凄凉,高台,0.344397,2.940924,1,18,15,0.003521,0.002934,0.000196
摇落,高台,0.344397,2.940924,1,18,15,0.003521,0.002934,0.000196
临风,秋来,0.344397,2.940924,1,15,18,0.002934,0.003521,0.000196
两相,秋来,0.344397,2.940924,1,15,18,0.002934,0.003521,0.000196
山僧,鬼神,0.344397,2.940924,1,18,15,0.003521,0.002934,0.000196
春日,曲江,0.344397,2.940924,1,30,9,0.005869,0.001761,0.000196
日落,近来,0.344397,2.940924,1,45,6,0.008803,0.001174,0.000196
丹砂,阙下,0.344397,2.940924,1,27,10,0.005282,0.001956,0.000196
从容,旧游,0.344397,2.940924,1,15,18,0.002934,0.003521,0.000196
春深,秋色,0.344397,2.940924,1,9,30,0.001761,0.005869,0.000196
交亲,白头,0.344397,2.940924,1,5,54,0.000978,0.010563,0.000196
山高,老去,0.344397,2.940924,1,18,15,0.003521,0.002934,0.000196
凄凉,前程,0.344397,2.940924,1,18,15,0.003521,0.002934,0.000196
秋来,老去,0.344397,2.940924,1,18,15,0.003521,0.002934,0.000196
凄凉,老去,0.344397,2.940924,1,18,15,0.003521,0.002934,0.000196
双阙,雨露,0.344397,2.940924,1,15,18,0.002934,0.003521,0.000196
弟子,雨露,0.344397,2.940924,1,15,18,0.002934,0.003521,0.000196
从容,星辰,0.344397,2.940924,1,15,18,0.002934,0.003521,0.000196
临水,老去,0.344397,2.940924,1,18,15,0.003521,0.002934,0.000196
摇落,鬼神,0.344397,2.940924,1,18,15,0.003521,0.002934,0.000196
弟子,歌声,0.344397,2.940924,1,15,18,0.002934,0.003521,0.000196
半夜,河汉,0.344397,2.940924,1,10,27,0.001956,0.005282,0.000196
他乡,吟诗,0.344397,2.940924,1,30,9,0.005869,0.001761,0.000196
满眼,百花,0.344397,2.940924,1,15,18,0.002934,0.003521,0.000196
岐路,长江,0.344397,2.940924,1,9,30,0.001761,0.005869,0.000196
临水,前程,0.344397,2.940924,1,18,15,0.003521,0.002934,0.000196
山僧,道士,0.344397,2.940924,1,18,15,0.003521,0.002934,0.000196
名利,少年,0.344322,2.701616,2,7,98,0.001369,0.019171,0.000391
东海,蛾眉,0.344227,2.561304,3,32,37,0.00626,0.007238,0.000587
东海,青冥,0.344227,2.561304,3,32,37,0.00626,0.007238,0.000587
东海,咸阳,0.344227,2.561304,3,32,37,0.00626,0.007238,0.000587
怜君,春草,0.344227,2.561304,3,16,74,0.00313,0.014476,0.000587
所以,昨日,0.343951,2.698704,2,16,43,0.00313,0.008412,0.000391
丈夫,回头,0.343951,2.698704,2,43,16,0.008412,0.00313,0.000391
东风,草绿,0.343951,2.698704,2,43,16,0.008412,0.00313,0.000391
归去,怜君,0.343951,2.698704,2,43,16,0.008412,0.00313,0.000391
男儿,肠断,0.343774,2.557932,3,36,33,0.007042,0.006455,0.000587
古来,随风,0.343774,2.557932,3,44,27,0.008607,0.005282,0.000587
白头,青草,0.343774,2.557932,3,54,22,0.010563,0.004304,0.000587
衣裳,逍遥,0.343774,2.557932,3,36,33,0.007042,0.006455,0.000587
公卿,芙蓉,0.343774,2.557932,3,22,54,0.004304,0.010563,0.000587
万古,尘埃,0.343774,2.557932,3,54,22,0.010563,0.004304,0.000587
春光,白头,0.343774,2.557932,3,22,54,0.004304,0.010563,0.000587
仙人,多少,0.343765,2.697252,2,53,13,0.010368,0.002543,0.000391
中原,衣冠,0.343667,2.458269,4,35,50,0.006847,0.009781,0.000782
参差,无穷,0.343581,2.695802,2,23,30,0.004499,0.005869,0.000391
封侯,风动,0.343581,2.695802,2,23,30,0.004499,0.005869,0.000391
云间,深山,0.343581,2.695802,2,30,23,0.005869,0.004499,0.000391
深山,风波,0.343581,2.695802,2,23,30,0.004499,0.005869,0.000391
明日,自知,0.343581,2.695802,2,30,23,0.005869,0.004499,0.000391
苦辛,风波,0.343581,2.695802,2,23,30,0.004499,0.005869,0.000391
千秋,圣人,0.343581,2.695802,2,30,23,0.005869,0.004499,0.000391
明日,桃源,0.343581,2.695802,2,30,23,0.005869,0.004499,0.000391
池上,长江,0.343581,2.695802,2,23,30,0.004499,0.005869,0.000391
潺湲,阳台,0.343581,2.695802,2,23,30,0.004499,0.005869,0.000391
台上,风动,0.343581,2.695802,2,23,30,0.004499,0.005869,0.000391
临风,天寒,0.343581,2.695802,2,15,46,0.002934,0.008998,0.000391
春日,桃源,0.343581,2.695802,2,30,23,0.005869,0.004499,0.000391
故国,江城,0.343581,2.695802,2,23,30,0.004499,0.005869,0.000391
十里,莓苔,0.343533,2.933544,1,17,16,0.003326,0.00313,0.000196
太平,怜君,0.343533,2.933544,1,17,16,0.003326,0.00313,0.000196
城下,怜君,0.343533,2.933544,1,17,16,0.003326,0.00313,0.000196
九重,太平,0.343533,2.933544,1,16,17,0.00313,0.003326,0.000196
九重,城下,0.343533,2.933544,1,16,17,0.00313,0.003326,0.000196
回头,昔日,0.343533,2.933544,1,16,17,0.00313,0.003326,0.000196
庭前,草绿,0.343533,2.933544,1,17,16,0.003326,0.00313,0.000196
同心,回头,0.343533,2.933544,1,17,16,0.003326,0.00313,0.000196
扬州,朱门,0.343533,2.933544,1,16,17,0.00313,0.003326,0.000196
君心,草绿,0.343533,2.933544,1,17,16,0.003326,0.00313,0.000196
所以,梦里,0.343533,2.933544,1,16,17,0.00313,0.003326,0.000196
同心,怜君,0.343533,2.933544,1,17,16,0.003326,0.00313,0.000196
无力,相忆,0.343533,2.933544,1,8,34,0.001565,0.006651,0.000196
九重,庭前,0.343533,2.933544,1,16,17,0.00313,0.003326,0.000196
古木,日斜,0.343533,2.933544,1,16,17,0.00313,0.003326,0.000196
回头,庭前,0.343533,2.933544,1,16,17,0.00313,0.003326,0.000196
十里,楚水,0.343533,2.933544,1,17,16,0.003326,0.00313,0.000196
万古,世人,0.343348,2.31677,6,54,56,0.010563,0.010955,0.001174
君王,宁知,0.343292,2.378983,5,74,32,0.014476,0.00626,0.000978
日暮,高台,0.343268,2.455416,4,117,15,0.022887,0.002934,0.000782
世上,悠悠,0.343175,2.262703,7,38,98,0.007433,0.019171,0.001369
楼上,阑干,0.343103,2.929874,1,21,13,0.004108,0.002543,0.000196
多少,新月,0.343103,2.929874,1,13,21,0.002543,0.004108,0.000196
绮罗,花间,0.343103,2.929874,1,13,21,0.002543,0.004108,0.000196
绿水,风月,0.343103,2.929874,1,39,7,0.007629,0.001369,0.000196
绿水,霓裳,0.343103,2.929874,1,39,7,0.007629,0.001369,0.000196
叹息,霓裳,0.343103,2.929874,1,39,7,0.007629,0.001369,0.000196
独立,霓裳,0.343103,2.929874,1,39,7,0.007629,0.001369,0.000196
意气,霓裳,0.343103,2.929874,1,39,7,0.007629,0.001369,0.000196
名利,绿水,0.343103,2.929874,1,7,39,0.001369,0.007629,0.000196
叹息,名利,0.343103,2.929874,1,39,7,0.007629,0.001369,0.000196
名利,独立,0.343103,2.929874,1,7,39,0.001369,0.007629,0.000196
名利,意气,0.343103,2.929874,1,7,39,0.001369,0.007629,0.000196
岁寒,零落,0.343103,2.929874,1,13,21,0.002543,0.004108,0.000196
相寻,零落,0.343103,2.929874,1,13,21,0.002543,0.004108,0.000196
看花,陌上,0.343103,2.929874,1,13,21,0.002543,0.004108,0.000196
绮罗,零落,0.343103,2.929874,1,13,21,0.002543,0.004108,0.000196
梦魂,陌上,0.343103,2.929874,1,13,21,0.002543,0.004108,0.000196
多少,楼上,0.343103,2.929874,1,13,21,0.002543,0.004108,0.000196
北阙,多少,0.343103,2.929874,1,21,13,0.004108,0.002543,0.000196
猿声,花飞,0.343103,2.929874,1,13,21,0.002543,0.004108,0.000196
叹息,风月,0.343103,2.929874,1,39,7,0.007629,0.001369,0.000196
梦魂,殷勤,0.343103,2.929874,1,13,21,0.002543,0.004108,0.000196
梦魂,青楼,0.343103,2.929874,1,13,21,0.002543,0.004108,0.000196
岁寒,殷勤,0.343103,2.929874,1,13,21,0.002543,0.004108,0.000196
殷勤,看花,0.343103,2.929874,1,21,13,0.004108,0.002543,0.000196
玲珑,登临,0.343103,2.929874,1,7,39,0.001369,0.007629,0.000196
单于,文字,0.343103,2.929874,1,39,7,0.007629,0.001369,0.000196
从军,子孙,0.343103,2.929874,1,13,21,0.002543,0.004108,0.000196
殷勤,相寻,0.343103,2.929874,1,21,13,0.004108,0.002543,0.000196
宫殿,瑶池,0.343103,2.929874,1,21,13,0.004108,0.002543,0.000196
南北,宫殿,0.343103,2.929874,1,13,21,0.002543,0.004108,0.000196
北阙,闻说,0.343103,2.929874,1,21,13,0.004108,0.002543,0.000196
瑶池,霄汉,0.343103,2.929874,1,13,21,0.002543,0.004108,0.000196
多少,宫殿,0.343103,2.929874,1,13,21,0.002543,0.004108,0.000196
池塘,登临,0.343103,2.929874,1,7,39,0.001369,0.007629,0.000196
南北,行客,0.343103,2.929874,1,13,21,0.002543,0.004108,0.000196
白蘋,秋月,0.343028,2.691463,2,11,63,0.002152,0.012324,0.000391
功成,陌上,0.343028,2.691463,2,33,21,0.006455,0.004108,0.000391
宫中,寒食,0.343028,2.691463,2,33,21,0.006455,0.004108,0.000391
宫中,花间,0.343028,2.691463,2,33,21,0.006455,0.004108,0.000391
相亲,青楼,0.343028,2.691463,2,33,21,0.006455,0.004108,0.000391
北阙,相亲,0.343028,2.691463,2,21,33,0.004108,0.006455,0.000391
北阙,宫中,0.343028,2.691463,2,21,33,0.004108,0.006455,0.000391
今年,寒食,0.343028,2.691463,2,33,21,0.006455,0.004108,0.000391
千门,宫殿,0.343028,2.691463,2,33,21,0.006455,0.004108,0.000391
宫中,宫殿,0.343028,2.691463,2,33,21,0.006455,0.004108,0.000391
千门,青楼,0.343028,2.691463,2,33,21,0.006455,0.004108,0.000391
浮生,清晨,0.343028,2.691463,2,21,33,0.004108,0.006455,0.000391
圣人,海上,0.342872,2.55122,3,23,52,0.004499,0.010172,0.000587
古人,封侯,0.342872,2.55122,3,52,23,0.010172,0.004499,0.000587
当时,自言,0.342872,2.55122,3,46,26,0.008998,0.005086,0.000587
落花,鸳鸯,0.342871,2.452571,4,55,32,0.010759,0.00626,0.000782
君家,相识,0.342871,2.452571,4,32,55,0.00626,0.010759,0.000782
万事,古来,0.342871,2.452571,4,40,44,0.007825,0.008607,0.000782
九天,黄金,0.342761,2.312809,6,23,132,0.004499,0.025822,0.001174
秋月,黄昏,0.34276,2.550385,3,63,19,0.012324,0.003717,0.000587
子孙,汉家,0.34276,2.550385,3,21,57,0.004108,0.01115,0.000587
曲江,长安,0.34276,2.550385,3,9,133,0.001761,0.026017,0.000587
今日,汉宫,0.342563,2.373928,5,119,20,0.023279,0.003912,0.000978
山下,桃花,0.342563,2.373928,5,34,70,0.006651,0.013693,0.000978
春水,桃花,0.342563,2.373928,5,34,70,0.006651,0.013693,0.000978
山高,悠悠,0.342553,2.450301,4,18,98,0.003521,0.019171,0.000782
往来,秋草,0.342553,2.450301,4,42,42,0.008216,0.008216,0.000782
夜雨,秋风,0.342535,2.548715,3,11,109,0.002152,0.021322,0.000587
南宫,裴回,0.342477,2.687144,2,12,58,0.002347,0.011346,0.000391
年少,来往,0.342477,2.687144,2,24,29,0.004695,0.005673,0.000391
断肠,萧索,0.342477,2.687144,2,29,24,0.005673,0.004695,0.000391
梧桐,萧索,0.342477,2.687144,2,29,24,0.005673,0.004695,0.000391
思君,梧桐,0.342477,2.687144,2,24,29,0.004695,0.005673,0.000391
光辉,紫微,0.342423,2.547881,3,50,24,0.009781,0.004695,0.000587
白雪,紫微,0.342423,2.547881,3,50,24,0.009781,0.004695,0.000587
白雪,行乐,0.342423,2.547881,3,50,24,0.009781,0.004695,0.000587
干戈,秋色,0.342423,2.547881,3,40,30,0.007825,0.005869,0.000587
十年,骨肉,0.342316,2.448602,4,93,19,0.018192,0.003717,0.000782
使君,朱门,0.342294,2.685708,2,41,17,0.00802,0.003326,0.000391
日晚,楼前,0.342248,2.922575,1,25,11,0.00489,0.002152,0.000196
烟波,鹦鹉,0.342248,2.922575,1,11,25,0.002152,0.00489,0.000196
帝乡,汀洲,0.342248,2.922575,1,25,11,0.00489,0.002152,0.000196
汀洲,饮酒,0.342248,2.922575,1,11,25,0.002152,0.00489,0.000196
万国,春雨,0.342248,2.922575,1,25,11,0.00489,0.002152,0.000196
春雨,自然,0.342248,2.922575,1,11,25,0.002152,0.00489,0.000196
千万,春雨,0.342248,2.922575,1,25,11,0.00489,0.002152,0.000196
他年,功名,0.342248,2.922575,1,11,25,0.002152,0.00489,0.000196
万国,风光,0.342248,2.922575,1,25,11,0.00489,0.002152,0.000196
月满,独坐,0.342248,2.922575,1,11,25,0.002152,0.00489,0.000196
云深,日晚,0.342248,2.922575,1,11,25,0.002152,0.00489,0.000196
别后,风光,0.342248,2.922575,1,25,11,0.00489,0.002152,0.000196
春来,风光,0.342248,2.922575,1,25,11,0.00489,0.002152,0.000196
夜雨,帝乡,0.342248,2.922575,1,11,25,0.002152,0.00489,0.000196
功名,独行,0.342248,2.922575,1,25,11,0.00489,0.002152,0.000196
东山,到处,0.342248,2.922575,1,55,5,0.010759,0.000978,0.000196
自然,芳树,0.342248,2.922575,1,25,11,0.00489,0.002152,0.000196
春来,楼前,0.342248,2.922575,1,25,11,0.00489,0.002152,0.000196
万国,他年,0.342248,2.922575,1,25,11,0.00489,0.002152,0.000196
春来,白蘋,0.342248,2.922575,1,25,11,0.00489,0.002152,0.000196
别后,逢人,0.342248,2.922575,1,25,11,0.00489,0.002152,0.000196
流年,独坐,0.342248,2.922575,1,11,25,0.002152,0.00489,0.000196
别后,管弦,0.342248,2.922575,1,25,11,0.00489,0.002152,0.000196
帝乡,玉楼,0.342248,2.922575,1,25,11,0.00489,0.002152,0.000196
旌旗,昔时,0.341976,2.544554,3,43,28,0.008412,0.005477,0.000587
落叶,风起,0.341976,2.544554,3,28,43,0.005477,0.008412,0.000587
佳人,百里,0.341976,2.544554,3,28,43,0.005477,0.008412,0.000587
月色,秋水,0.341976,2.544554,3,28,43,0.005477,0.008412,0.000587
承恩,月落,0.341823,2.918945,1,23,12,0.004499,0.002347,0.000196
圣人,昔年,0.341823,2.918945,1,23,12,0.004499,0.002347,0.000196
人归,南宫,0.341823,2.918945,1,23,12,0.004499,0.002347,0.000196
南宫,封侯,0.341823,2.918945,1,12,23,0.002347,0.004499,0.000196
是非,永日,0.341823,2.918945,1,23,12,0.004499,0.002347,0.000196
微雨,路长,0.341823,2.918945,1,12,23,0.002347,0.004499,0.000196
永日,路长,0.341823,2.918945,1,12,23,0.002347,0.004499,0.000196
宛转,路长,0.341823,2.918945,1,12,23,0.002347,0.004499,0.000196
月落,路长,0.341823,2.918945,1,12,23,0.002347,0.004499,0.000196
圣人,宛转,0.341823,2.918945,1,23,12,0.004499,0.002347,0.000196
圣人,月落,0.341823,2.918945,1,23,12,0.004499,0.002347,0.000196
九天,月中,0.341823,2.918945,1,23,12,0.004499,0.002347,0.000196
九天,黄叶,0.341823,2.918945,1,23,12,0.004499,0.002347,0.000196
池上,满地,0.341823,2.918945,1,23,12,0.004499,0.002347,0.000196
宛转,是非,0.341823,2.918945,1,12,23,0.002347,0.004499,0.000196
南宫,圣人,0.341823,2.918945,1,12,23,0.002347,0.004499,0.000196
台上,愁人,0.341823,2.918945,1,23,12,0.004499,0.002347,0.000196
南宫,是非,0.341823,2.918945,1,12,23,0.002347,0.004499,0.000196
宛转,故国,0.341823,2.918945,1,12,23,0.002347,0.004499,0.000196
满地,风烟,0.341823,2.918945,1,12,23,0.002347,0.004499,0.000196
故国,满地,0.341823,2.918945,1,23,12,0.004499,0.002347,0.000196
宛转,窈窕,0.341823,2.918945,1,12,23,0.002347,0.004499,0.000196
凄凉,清风,0.341753,2.542894,3,18,67,0.003521,0.013106,0.000587
中原,生死,0.341747,2.681413,2,35,20,0.006847,0.003912,0.000391
寂寥,英雄,0.341747,2.681413,2,28,25,0.005477,0.00489,0.000391
佳期,汉水,0.341747,2.681413,2,20,35,0.003912,0.006847,0.000391
咫尺,眼前,0.341747,2.681413,2,28,25,0.005477,0.00489,0.000391
光辉,月夜,0.341747,2.681413,2,50,14,0.009781,0.002739,0.000391
月夜,白雪,0.341747,2.681413,2,14,50,0.002739,0.009781,0.000391
人皆,今来,0.341747,2.681413,2,25,28,0.00489,0.005477,0.000391
咫尺,自然,0.341747,2.681413,2,28,25,0.005477,0.00489,0.000391
远近,闲居,0.341747,2.681413,2,35,20,0.006847,0.003912,0.000391
功名,昔时,0.341747,2.681413,2,25,28,0.00489,0.005477,0.000391
千年,老人,0.341747,2.681413,2,35,20,0.006847,0.003912,0.000391
汉水,阳春,0.341747,2.681413,2,35,20,0.006847,0.003912,0.000391
别后,落叶,0.341747,2.681413,2,25,28,0.00489,0.005477,0.000391
月明,鱼龙,0.341747,2.681413,2,35,20,0.006847,0.003912,0.000391
人皆,相送,0.341747,2.681413,2,25,28,0.00489,0.005477,0.000391
佳人,鹦鹉,0.341747,2.681413,2,28,25,0.005477,0.00489,0.000391
路傍,长安,0.341716,2.368063,5,18,133,0.003521,0.026017,0.000978
君王,山头,0.341605,2.443521,4,74,24,0.014476,0.004695,0.000782
昆仑,神仙,0.341605,2.443521,4,37,48,0.007238,0.00939,0.000782
可怜,歌舞,0.341605,2.443521,4,48,37,0.00939,0.007238,0.000782
从军,十年,0.341419,2.540409,3,13,93,0.002543,0.018192,0.000587
暮雨,未央,0.341383,2.67856,2,27,26,0.005282,0.005086,0.000391
人心,随风,0.341383,2.67856,2,26,27,0.005086,0.005282,0.000391
无情,芳草,0.341383,2.67856,2,18,39,0.003521,0.007629,0.000391
意气,无情,0.341383,2.67856,2,39,18,0.007629,0.003521,0.000391
单于,歌声,0.341383,2.67856,2,39,18,0.007629,0.003521,0.000391
旧游,西山,0.341383,2.67856,2,18,39,0.003521,0.007629,0.000391
柳色,罗衣,0.341383,2.67856,2,26,27,0.005086,0.005282,0.000391
罗衣,翡翠,0.341383,2.67856,2,27,26,0.005282,0.005086,0.000391
未央,罗衣,0.341383,2.67856,2,26,27,0.005086,0.005282,0.000391
猿声,白头,0.341383,2.67856,2,13,54,0.002543,0.010563,0.000391
纵横,辛苦,0.341383,2.67856,2,39,18,0.007629,0.003521,0.000391
相随,罗衣,0.341383,2.67856,2,26,27,0.005086,0.005282,0.000391
梦魂,芙蓉,0.341383,2.67856,2,13,54,0.002543,0.010563,0.000391
天外,独立,0.341383,2.67856,2,18,39,0.003521,0.007629,0.000391
叹息,镜中,0.341383,2.67856,2,39,18,0.007629,0.003521,0.000391
万古,猿声,0.341383,2.67856,2,54,13,0.010563,0.002543,0.000391
忆昔,相随,0.341383,2.67856,2,27,26,0.005282,0.005086,0.000391
松风,相随,0.341383,2.67856,2,27,26,0.005282,0.005086,0.000391
星辰,逶迤,0.341383,2.67856,2,18,39,0.003521,0.007629,0.000391
万事,茫茫,0.341355,2.36556,5,40,60,0.007825,0.011737,0.000978
北风,尘埃,0.341308,2.539583,3,55,22,0.010759,0.004304,0.000587
咸阳,黄昏,0.341202,2.677136,2,37,19,0.007238,0.003717,0.000391
玉堂,蛾眉,0.341202,2.677136,2,19,37,0.003717,0.007238,0.000391
昆仑,玉堂,0.341202,2.677136,2,37,19,0.007238,0.003717,0.000391
含情,蛾眉,0.341202,2.677136,2,19,37,0.003717,0.007238,0.000391
美人,蛾眉,0.341055,2.363479,5,65,37,0.012715,0.007238,0.000978
尘埃,雨雪,0.341021,2.675715,2,22,32,0.004304,0.00626,0.000391
帝城,楼台,0.341021,2.675715,2,32,22,0.00626,0.004304,0.000391
公卿,杯酒,0.341021,2.675715,2,22,32,0.004304,0.00626,0.000391
公卿,自古,0.341021,2.675715,2,22,32,0.004304,0.00626,0.000391
读书,闭门,0.341021,2.675715,2,32,22,0.00626,0.004304,0.000391
明时,读书,0.341021,2.675715,2,22,32,0.004304,0.00626,0.000391
尘埃,鸳鸯,0.341021,2.675715,2,22,32,0.004304,0.00626,0.000391
尘埃,青松,0.341021,2.675715,2,22,32,0.004304,0.00626,0.000391
有情,青松,0.341021,2.675715,2,22,32,0.004304,0.00626,0.000391
九重,古来,0.341021,2.675715,2,16,44,0.00313,0.008607,0.000391
两相,富贵,0.34084,2.674295,2,15,47,0.002934,0.009194,0.000391
风雨,鬼神,0.34084,2.674295,2,47,15,0.009194,0.002934,0.000391
富贵,弟子,0.34084,2.674295,2,47,15,0.009194,0.002934,0.000391
凤凰,日月,0.340831,2.247248,7,62,61,0.012128,0.011933,0.001369
世上,富贵,0.34082,2.437907,4,38,47,0.007433,0.009194,0.000782
万古,天上,0.340725,2.29907,6,54,57,0.010563,0.01115,0.001174
丹青,自古,0.340643,2.534636,3,38,32,0.007433,0.00626,0.000587
山水,武陵,0.340643,2.534636,3,38,32,0.007433,0.00626,0.000587
鸳鸯,黄鹤,0.340643,2.534636,3,32,38,0.00626,0.007433,0.000587
青松,黄鹤,0.340643,2.534636,3,32,38,0.00626,0.007433,0.000587
天地,星辰,0.340635,2.360572,5,134,18,0.026213,0.003521,0.000978
岐路,渭水,0.340557,2.908134,1,9,31,0.001761,0.006064,0.000196
曲江,消息,0.340557,2.908134,1,9,31,0.001761,0.006064,0.000196
依旧,分明,0.340557,2.908134,1,9,31,0.001761,0.006064,0.000196
白马,青楼,0.340422,2.532993,3,58,21,0.011346,0.004108,0.000587
日照,秋草,0.340422,2.532993,3,29,42,0.005673,0.008216,0.000587
南宫,颜色,0.340298,2.670049,2,12,59,0.002347,0.011541,0.000391
青天,黄叶,0.340298,2.670049,2,59,12,0.011541,0.002347,0.000391
日月,生死,0.340202,2.531352,3,61,20,0.011933,0.003912,0.000587
人间,天台,0.340202,2.531352,3,61,20,0.011933,0.003912,0.000587
日月,阳春,0.340202,2.531352,3,61,20,0.011933,0.003912,0.000587
日月,老人,0.340202,2.531352,3,61,20,0.011933,0.003912,0.000587
孤城,逶迤,0.340196,2.433437,4,46,39,0.008998,0.007629,0.000782
天寒,道路,0.340196,2.433437,4,46,39,0.008998,0.007629,0.000782
相识,行路,0.340158,2.357261,5,55,44,0.010759,0.008607,0.000978
佳人,半夜,0.340138,2.904556,1,28,10,0.005477,0.001956,0.000196
今来,物外,0.340138,2.904556,1,28,10,0.005477,0.001956,0.000196
人稀,骑马,0.340138,2.904556,1,14,20,0.002739,0.003912,0.000196
自怜,莺啼,0.340138,2.904556,1,20,14,0.003912,0.002739,0.000196
知音,金谷,0.340138,2.904556,1,35,8,0.006847,0.001565,0.000196
月夜,生死,0.340138,2.904556,1,14,20,0.002739,0.003912,0.000196
寒山,物外,0.340138,2.904556,1,28,10,0.005477,0.001956,0.000196
千年,金谷,0.340138,2.904556,1,35,8,0.006847,0.001565,0.000196
依稀,君子,0.340138,2.904556,1,5,56,0.000978,0.010955,0.000196
劝君,须臾,0.340138,2.904556,1,14,20,0.002739,0.003912,0.000196
无力,月照,0.340138,2.904556,1,8,35,0.001565,0.006847,0.000196
万事,霓裳,0.340138,2.904556,1,40,7,0.007825,0.001369,0.000196
霓裳,鸡鸣,0.340138,2.904556,1,7,40,0.001369,0.007825,0.000196
万事,名利,0.340138,2.904556,1,40,7,0.007825,0.001369,0.000196
名利,鸡鸣,0.340138,2.904556,1,7,40,0.001369,0.007825,0.000196
公子,池塘,0.340138,2.904556,1,40,7,0.007825,0.001369,0.000196
交亲,江水,0.340138,2.904556,1,5,56,0.000978,0.010955,0.000196
莺啼,风飘,0.340138,2.904556,1,14,20,0.002739,0.003912,0.000196
风月,飘飖,0.340138,2.904556,1,7,40,0.001369,0.007825,0.000196
关河,思归,0.340138,2.904556,1,10,28,0.001956,0.005477,0.000196
千年,徘徊,0.340138,2.904556,1,35,8,0.006847,0.001565,0.000196
昨夜,雨后,0.340138,2.904556,1,56,5,0.010955,0.000978,0.000196
可惜,尚书,0.340138,2.904556,1,10,28,0.001956,0.005477,0.000196
时节,远山,0.340138,2.904556,1,8,35,0.001565,0.006847,0.000196
相送,西风,0.340138,2.904556,1,28,10,0.005477,0.001956,0.000196
寒山,阙下,0.340138,2.904556,1,28,10,0.005477,0.001956,0.000196
佳人,可惜,0.340138,2.904556,1,28,10,0.005477,0.001956,0.000196
可惜,花满,0.340138,2.904556,1,10,28,0.001956,0.005477,0.000196
人稀,早晚,0.340138,2.904556,1,14,20,0.002739,0.003912,0.000196
中原,时节,0.340138,2.904556,1,35,8,0.006847,0.001565,0.000196
月夜,鱼龙,0.340138,2.904556,1,14,20,0.002739,0.003912,0.000196
残月,造化,0.340138,2.904556,1,8,35,0.001565,0.006847,0.000196
佳人,关河,0.340138,2.904556,1,28,10,0.005477,0.001956,0.000196
今来,关河,0.340138,2.904556,1,28,10,0.005477,0.001956,0.000196
晚来,水边,0.340138,2.904556,1,20,14,0.003912,0.002739,0.000196
依然,物外,0.340138,2.904556,1,28,10,0.005477,0.001956,0.000196
水声,远近,0.340138,2.904556,1,8,35,0.001565,0.006847,0.000196
望乡,经年,0.340138,2.904556,1,20,14,0.003912,0.002739,0.000196
中原,徘徊,0.340138,2.904556,1,35,8,0.006847,0.001565,0.000196
昆仑,清晨,0.340092,2.530533,3,37,33,0.007238,0.006455,0.000587
功成,蛾眉,0.340092,2.530533,3,33,37,0.006455,0.007238,0.000587
昆仑,逍遥,0.340092,2.530533,3,37,33,0.007238,0.006455,0.000587
天子,诸侯,0.340042,2.15659,9,121,44,0.02367,0.008607,0.001761
富贵,风霜,0.339982,2.529714,3,47,26,0.009194,0.005086,0.000587
人心,得意,0.339982,2.529714,3,26,47,0.005086,0.009194,0.000587
丞相,乾坤,0.339884,2.43121,4,29,62,0.005673,0.012128,0.000782
山川,苍茫,0.339729,2.430098,4,36,50,0.007042,0.009781,0.000782
万事,百年,0.339729,2.430098,4,40,45,0.007825,0.008803,0.000782
淹留,飘飖,0.339729,2.430098,4,45,40,0.008803,0.007825,0.000782
壮士,英雄,0.339652,2.527262,3,49,25,0.009585,0.00489,0.000587
人归,渭水,0.339402,2.663012,2,23,31,0.004499,0.006064,0.000391
分明,家贫,0.339402,2.663012,2,31,23,0.006064,0.004499,0.000391
承恩,渭水,0.339402,2.663012,2,23,31,0.004499,0.006064,0.000391
消息,风烟,0.339402,2.663012,2,31,23,0.006064,0.004499,0.000391
是非,消息,0.339402,2.663012,2,23,31,0.004499,0.006064,0.000391
故国,消息,0.339402,2.663012,2,23,31,0.004499,0.006064,0.000391
富贵,近来,0.339305,2.897439,1,47,6,0.009194,0.001174,0.000196
山中,年华,0.339305,2.897439,1,47,6,0.009194,0.001174,0.000196
十里,走马,0.339223,2.66161,2,17,42,0.003326,0.008216,0.000391
君心,走马,0.339223,2.66161,2,17,42,0.003326,0.008216,0.000391
君心,蓬莱,0.339223,2.66161,2,17,42,0.003326,0.008216,0.000391
太平,蛟龙,0.339223,2.66161,2,17,42,0.003326,0.008216,0.000391
月夜,江山,0.339223,2.66161,2,14,51,0.002739,0.009977,0.000391
人稀,离别,0.339223,2.66161,2,14,51,0.002739,0.009977,0.000391
同心,秋草,0.339223,2.66161,2,17,42,0.003326,0.008216,0.000391
楼上,相忆,0.339223,2.66161,2,21,34,0.004108,0.006651,0.000391
北阙,相忆,0.339223,2.66161,2,21,34,0.004108,0.006651,0.000391
殷勤,相忆,0.339223,2.66161,2,21,34,0.004108,0.006651,0.000391
白马,走马,0.339207,2.350671,5,58,42,0.011346,0.008216,0.000978
相思,绿杨,0.339105,2.523189,3,123,10,0.024061,0.001956,0.000587
从军,相识,0.339045,2.660211,2,13,55,0.002543,0.010759,0.000391
相识,闻说,0.339045,2.660211,2,55,13,0.010759,0.002543,0.000391
北风,阑干,0.339045,2.660211,2,55,13,0.010759,0.002543,0.000391
沧海,闻说,0.339045,2.660211,2,55,13,0.010759,0.002543,0.000391
叶落,美人,0.339045,2.660211,2,11,65,0.002152,0.012715,0.000391
管弦,美人,0.339045,2.660211,2,11,65,0.002152,0.012715,0.000391
古来,昔时,0.338886,2.521564,3,44,28,0.008607,0.005477,0.000587
咫尺,行路,0.338886,2.521564,3,28,44,0.005477,0.008607,0.000587
孤云,飞鸟,0.338886,2.521564,3,28,44,0.005477,0.008607,0.000587
佳人,风吹,0.338681,2.233071,7,28,137,0.005477,0.0268,0.001369
少年,英雄,0.33838,2.344941,5,98,25,0.019171,0.00489,0.000978
丈夫,知己,0.338321,2.344533,5,43,57,0.008412,0.01115,0.000978
佳人,美人,0.338184,2.419049,4,28,65,0.005477,0.012715,0.000782
美人,花满,0.338184,2.419049,4,65,28,0.012715,0.005477,0.000782
生死,男儿,0.338156,2.653242,2,20,36,0.003912,0.007042,0.000391
世间,明主,0.338156,2.653242,2,9,80,0.001761,0.015649,0.000391
杜陵,男儿,0.338156,2.653242,2,20,36,0.003912,0.007042,0.000391
阳台,青苔,0.338156,2.653242,2,30,24,0.005869,0.004695,0.000391
思君,门前,0.338156,2.653242,2,24,30,0.004695,0.005869,0.000391
思君,风波,0.338156,2.653242,2,24,30,0.004695,0.005869,0.000391
今朝,汉宫,0.338156,2.653242,2,36,20,0.007042,0.003912,0.000391
今朝,玉树,0.338156,2.653242,2,36,20,0.007042,0.003912,0.000391
望乡,江边,0.338156,2.653242,2,20,36,0.003912,0.007042,0.000391
年少,门前,0.338156,2.653242,2,24,30,0.004695,0.005869,0.000391
水清,阳城,0.338156,2.653242,2,36,20,0.007042,0.003912,0.000391
高台,黄河,0.338156,2.653242,2,15,48,0.002934,0.00939,0.000391
衣裳,闲居,0.338156,2.653242,2,36,20,0.007042,0.003912,0.000391
江流,鱼龙,0.338156,2.653242,2,36,20,0.007042,0.003912,0.000391
行乐,青门,0.338156,2.653242,2,24,30,0.004695,0.005869,0.000391
月出,萧索,0.338156,2.653242,2,30,24,0.005869,0.004695,0.000391
东流,双飞,0.338156,2.653242,2,48,15,0.00939,0.002934,0.000391
双飞,黄河,0.338156,2.653242,2,15,48,0.002934,0.00939,0.000391
东流,高台,0.338156,2.653242,2,48,15,0.00939,0.002934,0.000391
万事,烟霞,0.338156,2.653242,2,40,18,0.007825,0.003521,0.000391
可惜,白发,0.338156,2.653242,2,10,72,0.001956,0.014085,0.000391
弟子,风流,0.338156,2.653242,2,15,48,0.002934,0.00939,0.000391
千秋,波涛,0.338156,2.653242,2,30,24,0.005869,0.004695,0.000391
晚来,水清,0.338156,2.653242,2,20,36,0.003912,0.007042,0.000391
垂杨,老去,0.338065,2.886857,1,19,15,0.003717,0.002934,0.000196
从容,玉堂,0.338065,2.886857,1,15,19,0.002934,0.003717,0.000196
双阙,玉堂,0.338065,2.886857,1,15,19,0.002934,0.003717,0.000196
花枝,风景,0.338065,2.886857,1,15,19,0.002934,0.003717,0.000196
向人,当年,0.338065,2.886857,1,15,19,0.002934,0.003717,0.000196
含情,婵娟,0.338065,2.886857,1,19,15,0.003717,0.002934,0.000196
泉声,黄昏,0.338065,2.886857,1,15,19,0.002934,0.003717,0.000196
人世,无限,0.338065,2.886857,1,15,19,0.002934,0.003717,0.000196
双飞,含情,0.338065,2.886857,1,15,19,0.002934,0.003717,0.000196
楚客,鬼神,0.338065,2.886857,1,19,15,0.003717,0.002934,0.000196
到处,天上,0.338065,2.886857,1,5,57,0.000978,0.01115,0.000196
泉声,相对,0.338065,2.886857,1,15,19,0.002934,0.003717,0.000196
双飞,黄昏,0.338065,2.886857,1,15,19,0.002934,0.003717,0.000196
满眼,骨肉,0.338065,2.886857,1,15,19,0.002934,0.003717,0.000196
老去,骨肉,0.338065,2.886857,1,15,19,0.002934,0.003717,0.000196
从容,骨肉,0.338065,2.886857,1,15,19,0.002934,0.003717,0.000196
人世,心事,0.338065,2.886857,1,15,19,0.002934,0.003717,0.000196
前程,含情,0.338065,2.886857,1,15,19,0.002934,0.003717,0.000196
头白,老去,0.338065,2.886857,1,19,15,0.003717,0.002934,0.000196
楚客,老去,0.338065,2.886857,1,19,15,0.003717,0.002934,0.000196
老去,风景,0.338065,2.886857,1,15,19,0.002934,0.003717,0.000196
从容,黄昏,0.338065,2.886857,1,15,19,0.002934,0.003717,0.000196
两相,重阳,0.338065,2.886857,1,15,19,0.002934,0.003717,0.000196
道士,重阳,0.338065,2.886857,1,15,19,0.002934,0.003717,0.000196
前程,无限,0.338065,2.886857,1,15,19,0.002934,0.003717,0.000196
富贵,悠悠,0.338035,2.183672,8,47,98,0.009194,0.019171,0.001565
朝廷,消息,0.338017,2.515092,3,40,31,0.007825,0.006064,0.000587
少年,杯酒,0.337958,2.280402,6,98,32,0.019171,0.00626,0.001174
千金,天上,0.337877,2.416853,4,32,57,0.00626,0.01115,0.000782
桃李,百里,0.337816,2.279446,6,73,43,0.01428,0.008412,0.001174
含情,对酒,0.337803,2.650468,2,19,38,0.003717,0.007433,0.000391
北斗,玉堂,0.337803,2.650468,2,38,19,0.007433,0.003717,0.000391
潇湘,随风,0.3378,2.51348,3,46,27,0.008998,0.005282,0.000587
故国,白头,0.3378,2.51348,3,23,54,0.004499,0.010563,0.000587
芳树,马上,0.337655,2.883354,1,11,26,0.002152,0.005086,0.000196
清明,马上,0.337655,2.883354,1,11,26,0.002152,0.005086,0.000196
万年,风霜,0.337655,2.883354,1,11,26,0.002152,0.005086,0.000196
明时,相寻,0.337655,2.883354,1,22,13,0.004304,0.002543,0.000196
圣主,游人,0.337655,2.883354,1,26,11,0.005086,0.002152,0.000196
未央,游人,0.337655,2.883354,1,26,11,0.005086,0.002152,0.000196
先生,钓鱼,0.337655,2.883354,1,22,13,0.004304,0.002543,0.000196
猿声,青草,0.337655,2.883354,1,13,22,0.002543,0.004304,0.000196
万户,叶落,0.337655,2.883354,1,26,11,0.005086,0.002152,0.000196
万户,管弦,0.337655,2.883354,1,26,11,0.005086,0.002152,0.000196
独行,自言,0.337655,2.883354,1,11,26,0.002152,0.005086,0.000196
公卿,多少,0.337655,2.883354,1,22,13,0.004304,0.002543,0.000196
多少,莲花,0.337655,2.883354,1,13,22,0.002543,0.004304,0.000196
归心,相寻,0.337655,2.883354,1,22,13,0.004304,0.002543,0.000196
云深,送客,0.337655,2.883354,1,11,26,0.002152,0.005086,0.000196
春雨,自言,0.337655,2.883354,1,11,26,0.002152,0.005086,0.000196
夜月,归心,0.337655,2.883354,1,13,22,0.002543,0.004304,0.000196
梦魂,闭门,0.337655,2.883354,1,13,22,0.002543,0.004304,0.000196
人心,清明,0.337655,2.883354,1,26,11,0.005086,0.002152,0.000196
柳色,清明,0.337655,2.883354,1,26,11,0.005086,0.002152,0.000196
多少,夜来,0.337655,2.883354,1,13,22,0.002543,0.004304,0.000196
岁寒,明年,0.337655,2.883354,1,13,22,0.002543,0.004304,0.000196
明年,相寻,0.337655,2.883354,1,22,13,0.004304,0.002543,0.000196
岁寒,莲花,0.337655,2.883354,1,13,22,0.002543,0.004304,0.000196
相寻,莲花,0.337655,2.883354,1,13,22,0.002543,0.004304,0.000196
南北,莲花,0.337655,2.883354,1,13,22,0.002543,0.004304,0.000196
尘埃,岁寒,0.337655,2.883354,1,22,13,0.004304,0.002543,0.000196
尘埃,相寻,0.337655,2.883354,1,22,13,0.004304,0.002543,0.000196
南北,尘埃,0.337655,2.883354,1,13,22,0.002543,0.004304,0.000196
尘埃,绮罗,0.337655,2.883354,1,22,13,0.004304,0.002543,0.000196
柳色,风光,0.337655,2.883354,1,26,11,0.005086,0.002152,0.000196
圣主,风光,0.337655,2.883354,1,26,11,0.005086,0.002152,0.000196
万户,风光,0.337655,2.883354,1,26,11,0.005086,0.002152,0.000196
圣主,楼前,0.337655,2.883354,1,26,11,0.005086,0.002152,0.000196
楼前,相随,0.337655,2.883354,1,11,26,0.002152,0.005086,0.000196
相随,逢人,0.337655,2.883354,1,26,11,0.005086,0.002152,0.000196
多少,归心,0.337655,2.883354,1,13,22,0.002543,0.004304,0.000196
东方,猿声,0.337655,2.883354,1,22,13,0.004304,0.002543,0.000196
叶落,圣朝,0.337655,2.883354,1,11,26,0.002152,0.005086,0.000196
云深,翠微,0.337655,2.883354,1,11,26,0.002152,0.005086,0.000196
有情,梦魂,0.337655,2.883354,1,22,13,0.004304,0.002543,0.000196
梦魂,遥知,0.337655,2.883354,1,13,22,0.002543,0.004304,0.000196
云深,人心,0.337655,2.883354,1,11,26,0.002152,0.005086,0.000196
归心,钓鱼,0.337655,2.883354,1,22,13,0.004304,0.002543,0.000196
今已,独行,0.337655,2.883354,1,26,11,0.005086,0.002152,0.000196
所思,钓鱼,0.337655,2.883354,1,22,13,0.004304,0.002543,0.000196
人心,独行,0.337655,2.883354,1,26,11,0.005086,0.002152,0.000196
先生,姓名,0.337655,2.883354,1,22,13,0.004304,0.002543,0.000196
从军,所思,0.337655,2.883354,1,13,22,0.002543,0.004304,0.000196
尘埃,瑶池,0.337655,2.883354,1,22,13,0.004304,0.002543,0.000196
南北,有情,0.337655,2.883354,1,13,22,0.002543,0.004304,0.000196
春光,看花,0.337655,2.883354,1,22,13,0.004304,0.002543,0.000196
柳色,逢人,0.337655,2.883354,1,26,11,0.005086,0.002152,0.000196
南北,春光,0.337655,2.883354,1,13,22,0.002543,0.004304,0.000196
翡翠,风光,0.337655,2.883354,1,26,11,0.005086,0.002152,0.000196
万户,夜雨,0.337655,2.883354,1,26,11,0.005086,0.002152,0.000196
春光,闻说,0.337655,2.883354,1,22,13,0.004304,0.002543,0.000196
白蘋,马蹄,0.337655,2.883354,1,11,26,0.002152,0.005086,0.000196
楼前,翠微,0.337655,2.883354,1,11,26,0.002152,0.005086,0.000196
所思,瑶池,0.337655,2.883354,1,22,13,0.004304,0.002543,0.000196
他年,圣主,0.337655,2.883354,1,11,26,0.002152,0.005086,0.000196
他年,八月,0.337655,2.883354,1,11,26,0.002152,0.005086,0.000196
阑干,青草,0.337655,2.883354,1,13,22,0.002543,0.004304,0.000196
流年,相随,0.337655,2.883354,1,11,26,0.002152,0.005086,0.000196
公卿,姓名,0.337655,2.883354,1,22,13,0.004304,0.002543,0.000196
消息,颜色,0.337495,2.414116,4,31,59,0.006064,0.011541,0.000782
春色,消息,0.337495,2.414116,4,59,31,0.011541,0.006064,0.000782
天子,未央,0.337486,2.277218,6,121,26,0.02367,0.005086,0.001174
千秋,日月,0.337418,2.413569,4,30,61,0.005869,0.011933,0.000782
日照,英雄,0.337274,2.646322,2,29,25,0.005673,0.00489,0.000391
秋天,自然,0.337274,2.646322,2,29,25,0.005673,0.00489,0.000391
万物,自然,0.337274,2.646322,2,29,25,0.005673,0.00489,0.000391
丞相,新诗,0.337274,2.646322,2,29,25,0.005673,0.00489,0.000391
别后,怅望,0.337274,2.646322,2,25,29,0.00489,0.005673,0.000391
相知,饮酒,0.337274,2.646322,2,29,25,0.005673,0.00489,0.000391
眼前,秋天,0.337274,2.646322,2,25,29,0.00489,0.005673,0.000391
丈夫,南国,0.33726,2.509462,3,43,29,0.008412,0.005673,0.000587
南国,旌旗,0.33726,2.509462,3,29,43,0.005673,0.008412,0.000587
凉风,梧桐,0.33726,2.509462,3,43,29,0.008412,0.005673,0.000587
相知,秋水,0.33726,2.509462,3,29,43,0.005673,0.008412,0.000587
路难,霓裳,0.337246,2.879864,1,41,7,0.00802,0.001369,0.000196
名利,松柏,0.337246,2.879864,1,7,41,0.001369,0.00802,0.000196
名利,路难,0.337246,2.879864,1,7,41,0.001369,0.00802,0.000196
他日,寻常,0.337246,2.879864,1,41,7,0.00802,0.001369,0.000196
池塘,路难,0.337246,2.879864,1,7,41,0.001369,0.00802,0.000196
得意,纵横,0.337189,2.411931,4,47,39,0.009194,0.007629,0.000782
单于,雨雪,0.337152,2.508661,3,39,32,0.007629,0.00626,0.000587
东流,人心,0.337152,2.508661,3,48,26,0.00939,0.005086,0.000587
独立,鸳鸯,0.337152,2.508661,3,39,32,0.007629,0.00626,0.000587
独立,雨雪,0.337152,2.508661,3,39,32,0.007629,0.00626,0.000587
故山,日夕,0.337152,2.508661,3,24,52,0.004695,0.010172,0.000587
意气,经过,0.337152,2.508661,3,39,32,0.007629,0.00626,0.000587
绿水,青松,0.337152,2.508661,3,39,32,0.007629,0.00626,0.000587
岁寒,相逢,0.337152,2.508661,3,13,96,0.002543,0.018779,0.000587
人心,黄河,0.337152,2.508661,3,26,48,0.005086,0.00939,0.000587
宫中,楼台,0.337099,2.644943,2,33,22,0.006455,0.004304,0.000391
公卿,功成,0.337099,2.644943,2,22,33,0.004304,0.006455,0.000391
公卿,湘水,0.337099,2.644943,2,22,33,0.004304,0.006455,0.000391
明时,车马,0.337099,2.644943,2,22,33,0.004304,0.006455,0.000391
今年,明年,0.337099,2.644943,2,33,22,0.006455,0.004304,0.000391
清晨,莲花,0.337099,2.644943,2,33,22,0.006455,0.004304,0.000391
明年,清晨,0.337099,2.644943,2,22,33,0.004304,0.006455,0.000391
夜来,宫中,0.337099,2.644943,2,22,33,0.004304,0.006455,0.000391
千门,尘埃,0.337099,2.644943,2,33,22,0.006455,0.004304,0.000391
有情,草色,0.337099,2.644943,2,22,33,0.004304,0.006455,0.000391
有情,肠断,0.337099,2.644943,2,22,33,0.004304,0.006455,0.000391
今年,春光,0.337099,2.644943,2,33,22,0.006455,0.004304,0.000391
天子,将军,0.336972,1.922808,17,121,105,0.02367,0.02054,0.003326
万国,白雪,0.336937,2.507059,3,25,50,0.00489,0.009781,0.000587
苍茫,迢递,0.336937,2.507059,3,50,25,0.009781,0.00489,0.000587
岐路,杯酒,0.336839,2.876386,1,9,32,0.001761,0.00626,0.000196
岐路,自古,0.336839,2.876386,1,9,32,0.001761,0.00626,0.000196
御沟,雨雪,0.336839,2.876386,1,9,32,0.001761,0.00626,0.000196
古木,天外,0.336839,2.876386,1,16,18,0.00313,0.003521,0.000196
御沟,杯酒,0.336839,2.876386,1,9,32,0.001761,0.00626,0.000196
古木,路傍,0.336839,2.876386,1,16,18,0.00313,0.003521,0.000196
东海,春深,0.336839,2.876386,1,32,9,0.00626,0.001761,0.000196
千古,野花,0.336839,2.876386,1,24,12,0.004695,0.002347,0.000196
千古,独自,0.336839,2.876386,1,24,12,0.004695,0.002347,0.000196
山头,微雨,0.336839,2.876386,1,24,12,0.004695,0.002347,0.000196
帝城,春深,0.336839,2.876386,1,32,9,0.00626,0.001761,0.000196
月下,月落,0.336839,2.876386,1,24,12,0.004695,0.002347,0.000196
九重,碧云,0.336839,2.876386,1,16,18,0.00313,0.003521,0.000196
无力,苍梧,0.336839,2.876386,1,8,36,0.001565,0.007042,0.000196
古木,碧云,0.336839,2.876386,1,16,18,0.00313,0.003521,0.000196
乔木,岐路,0.336839,2.876386,1,32,9,0.00626,0.001761,0.000196
天外,所以,0.336839,2.876386,1,18,16,0.003521,0.00313,0.000196
宛转,行乐,0.336839,2.876386,1,12,24,0.002347,0.004695,0.000196
月落,行乐,0.336839,2.876386,1,12,24,0.002347,0.004695,0.000196
宛转,萧索,0.336839,2.876386,1,12,24,0.002347,0.004695,0.000196
宛转,紫微,0.336839,2.876386,1,12,24,0.002347,0.004695,0.000196
月落,萧索,0.336839,2.876386,1,12,24,0.002347,0.004695,0.000196
所以,镜中,0.336839,2.876386,1,16,18,0.00313,0.003521,0.000196
草绿,镜中,0.336839,2.876386,1,16,18,0.00313,0.003521,0.000196
所以,星辰,0.336839,2.876386,1,16,18,0.00313,0.003521,0.000196
月落,紫微,0.336839,2.876386,1,12,24,0.002347,0.004695,0.000196
星辰,草绿,0.336839,2.876386,1,18,16,0.003521,0.00313,0.000196
古木,歌声,0.336839,2.876386,1,16,18,0.00313,0.003521,0.000196
古木,山高,0.336839,2.876386,1,16,18,0.00313,0.003521,0.000196
愁人,波涛,0.336839,2.876386,1,12,24,0.002347,0.004695,0.000196
山僧,扬州,0.336839,2.876386,1,18,16,0.003521,0.00313,0.000196
苍梧,鹧鸪,0.336839,2.876386,1,36,8,0.007042,0.001565,0.000196
世间,欢娱,0.336839,2.876386,1,9,32,0.001761,0.00626,0.000196
扬州,星辰,0.336839,2.876386,1,16,18,0.00313,0.003521,0.000196
九重,登楼,0.336839,2.876386,1,16,18,0.00313,0.003521,0.000196
所以,无情,0.336839,2.876386,1,16,18,0.00313,0.003521,0.000196
向东,月落,0.336839,2.876386,1,24,12,0.004695,0.002347,0.000196
千古,愁人,0.336839,2.876386,1,24,12,0.004695,0.002347,0.000196
思君,愁人,0.336839,2.876386,1,24,12,0.004695,0.002347,0.000196
怜君,无情,0.336839,2.876386,1,16,18,0.00313,0.003521,0.000196
怜君,碧云,0.336839,2.876386,1,16,18,0.00313,0.003521,0.000196
无情,草绿,0.336839,2.876386,1,18,16,0.003521,0.00313,0.000196
碧云,草绿,0.336839,2.876386,1,18,16,0.003521,0.00313,0.000196
无情,楚水,0.336839,2.876386,1,18,16,0.003521,0.00313,0.000196
楚水,碧云,0.336839,2.876386,1,16,18,0.00313,0.003521,0.000196
徘徊,水清,0.336839,2.876386,1,8,36,0.001565,0.007042,0.000196
南宫,向东,0.336839,2.876386,1,12,24,0.002347,0.004695,0.000196
山头,满地,0.336839,2.876386,1,24,12,0.004695,0.002347,0.000196
寥落,愁人,0.336839,2.876386,1,24,12,0.004695,0.002347,0.000196
愁人,相访,0.336839,2.876386,1,12,24,0.002347,0.004695,0.000196
古木,雨露,0.336839,2.876386,1,16,18,0.00313,0.003521,0.000196
依旧,去年,0.336839,2.876386,1,9,32,0.001761,0.00626,0.000196
回头,辛苦,0.336839,2.876386,1,16,18,0.00313,0.003521,0.000196
山僧,莓苔,0.336839,2.876386,1,18,16,0.003521,0.00313,0.000196
千古,南宫,0.336839,2.876386,1,24,12,0.004695,0.002347,0.000196
依旧,高秋,0.336839,2.876386,1,9,32,0.001761,0.00626,0.000196
春深,林下,0.336839,2.876386,1,9,32,0.001761,0.00626,0.000196
时节,苍梧,0.336839,2.876386,1,8,36,0.001565,0.007042,0.000196
愁人,行乐,0.336839,2.876386,1,12,24,0.002347,0.004695,0.000196
春深,读书,0.336839,2.876386,1,9,32,0.001761,0.00626,0.000196
昔年,月下,0.336839,2.876386,1,12,24,0.002347,0.004695,0.000196
无力,江边,0.336839,2.876386,1,8,36,0.001565,0.007042,0.000196
今朝,无力,0.336839,2.876386,1,36,8,0.007042,0.001565,0.000196
宛转,青苔,0.336839,2.876386,1,12,24,0.002347,0.004695,0.000196
曲江,自古,0.336839,2.876386,1,9,32,0.001761,0.00626,0.000196
满地,石上,0.336839,2.876386,1,12,24,0.002347,0.004695,0.000196
怜君,登楼,0.336839,2.876386,1,16,18,0.00313,0.003521,0.000196
残月,苍梧,0.336839,2.876386,1,8,36,0.001565,0.007042,0.000196
烟雨,紫微,0.336839,2.876386,1,12,24,0.002347,0.004695,0.000196
世事,吟诗,0.336839,2.876386,1,32,9,0.00626,0.001761,0.000196
次第,风尘,0.336839,2.876386,1,3,96,0.000587,0.018779,0.000196
临水,草绿,0.336839,2.876386,1,18,16,0.003521,0.00313,0.000196
白发,高树,0.336839,2.876386,1,72,4,0.014085,0.000782,0.000196
君子,闻说,0.336748,2.642192,2,56,13,0.010955,0.002543,0.000391
夜月,空山,0.336748,2.642192,2,13,56,0.002543,0.010955,0.000391
今已,氛氲,0.336748,2.642192,2,26,28,0.005086,0.005477,0.000391
咫尺,相随,0.336748,2.642192,2,28,26,0.005477,0.005086,0.000391
咫尺,自言,0.336748,2.642192,2,28,26,0.005477,0.005086,0.000391
梦魂,至今,0.336748,2.642192,2,13,56,0.002543,0.010955,0.000391
翡翠,落叶,0.336748,2.642192,2,26,28,0.005086,0.005477,0.000391
八月,落叶,0.336748,2.642192,2,26,28,0.005086,0.005477,0.000391
劝君,古人,0.336748,2.642192,2,14,52,0.002739,0.010172,0.000391
多少,水流,0.336748,2.642192,2,13,56,0.002543,0.010955,0.000391
昔时,翠微,0.336748,2.642192,2,28,26,0.005477,0.005086,0.000391
世人,岁寒,0.336748,2.642192,2,56,13,0.010955,0.002543,0.000391
昨夜,猿声,0.336748,2.642192,2,56,13,0.010955,0.002543,0.000391
江水,看花,0.336748,2.642192,2,56,13,0.010955,0.002543,0.000391
思归,相随,0.336748,2.642192,2,28,26,0.005477,0.005086,0.000391
世人,姓名,0.336748,2.642192,2,56,13,0.010955,0.002543,0.000391
东西,马蹄,0.336748,2.642192,2,28,26,0.005477,0.005086,0.000391
圣朝,寂寥,0.336748,2.642192,2,26,28,0.005086,0.005477,0.000391
人稀,故园,0.336748,2.642192,2,14,52,0.002739,0.010172,0.000391
佳人,生涯,0.336748,2.642192,2,28,26,0.005477,0.005086,0.000391
巫山,青天,0.33674,2.333577,5,42,59,0.008216,0.011541,0.000978
生死,青云,0.336656,2.40812,4,20,92,0.003912,0.017997,0.000782
客心,题诗,0.336573,2.640819,2,27,27,0.005282,0.005282,0.000391
河汉,菊花,0.336573,2.640819,2,27,27,0.005282,0.005282,0.000391
太守,松风,0.336573,2.640819,2,27,27,0.005282,0.005282,0.000391
忆昔,松风,0.336573,2.640819,2,27,27,0.005282,0.005282,0.000391
对酒,车马,0.336508,2.503865,3,38,33,0.007433,0.006455,0.000587
丹青,功成,0.336508,2.503865,3,38,33,0.007433,0.006455,0.000587
世上,今年,0.336508,2.503865,3,38,33,0.007433,0.006455,0.000587
草木,黄河,0.336454,2.27025,6,66,48,0.012911,0.00939,0.001174
朱门,龙门,0.336433,2.872919,1,17,17,0.003326,0.003326,0.000196
朱门,细雨,0.336433,2.872919,1,17,17,0.003326,0.003326,0.000196
城下,太平,0.336433,2.872919,1,17,17,0.003326,0.003326,0.000196
君心,朱门,0.336433,2.872919,1,17,17,0.003326,0.003326,0.000196
日斜,梦里,0.336433,2.872919,1,17,17,0.003326,0.003326,0.000196
日斜,朱门,0.336433,2.872919,1,17,17,0.003326,0.003326,0.000196
行人,西风,0.336398,2.639449,2,73,10,0.01428,0.001956,0.000391
万古,当时,0.336391,2.331158,5,54,46,0.010563,0.008998,0.000978
凉风,君心,0.336224,2.63808,2,43,17,0.008412,0.003326,0.000391
丈夫,十里,0.336224,2.63808,2,43,17,0.008412,0.003326,0.000391
白露,走马,0.33605,2.403781,4,44,42,0.008607,0.008216,0.000782
白露,蓬莱,0.33605,2.403781,4,44,42,0.008607,0.008216,0.000782
寂寞,萧索,0.33605,2.403781,4,77,24,0.015063,0.004695,0.000782
微雨,终日,0.33605,2.636713,2,12,61,0.002347,0.011933,0.000391
半夜,日照,0.336029,2.869465,1,10,29,0.001956,0.005673,0.000196
人家,雨中,0.336029,2.869465,1,29,10,0.005673,0.001956,0.000196
物外,王孙,0.336029,2.869465,1,10,29,0.001956,0.005673,0.000196
伤心,半夜,0.336029,2.869465,1,29,10,0.005673,0.001956,0.000196
孤舟,心期,0.336029,2.869465,1,58,5,0.011346,0.000978,0.000196
关河,日照,0.336029,2.869465,1,10,29,0.001956,0.005673,0.000196
万物,关河,0.336029,2.869465,1,29,10,0.005673,0.001956,0.000196
可惜,怅望,0.336029,2.869465,1,10,29,0.001956,0.005673,0.000196
可惜,归客,0.336029,2.869465,1,10,29,0.001956,0.005673,0.000196
兄弟,可惜,0.336029,2.869465,1,29,10,0.005673,0.001956,0.000196
可惜,断肠,0.336029,2.869465,1,10,29,0.001956,0.005673,0.000196
归客,西风,0.336029,2.869465,1,29,10,0.005673,0.001956,0.000196
到处,白马,0.336029,2.869465,1,5,58,0.000978,0.011346,0.000196
丞相,关河,0.336029,2.869465,1,29,10,0.005673,0.001956,0.000196
南国,花时,0.336029,2.869465,1,29,10,0.005673,0.001956,0.000196
落日,路岐,0.336029,2.869465,1,145,2,0.028365,0.000391,0.000196
王孙,雨中,0.336029,2.869465,1,29,10,0.005673,0.001956,0.000196
半夜,断肠,0.336029,2.869465,1,10,29,0.001956,0.005673,0.000196
十年,风尘,0.335992,2.007348,13,93,96,0.018192,0.018779,0.002543
凉风,秋水,0.335974,2.40324,4,43,43,0.008412,0.008412,0.000782
君王,日晚,0.335899,2.402699,4,74,25,0.014476,0.00489,0.000782
中原,男儿,0.335866,2.499091,3,35,36,0.006847,0.007042,0.000587
无情,桃花,0.335866,2.499091,3,18,70,0.003521,0.013693,0.000587
千载,昔时,0.335866,2.499091,3,45,28,0.008803,0.005477,0.000587
还家,阳台,0.335866,2.499091,3,42,30,0.008216,0.005869,0.000587
春风,鸳鸯,0.335832,2.169445,8,146,32,0.02856,0.00626,0.001565
笙歌,花落,0.335528,2.632623,2,15,49,0.002934,0.009585,0.000391
子孙,远近,0.335528,2.632623,2,21,35,0.004108,0.006847,0.000391
北阙,花开,0.335528,2.632623,2,21,35,0.004108,0.006847,0.000391
今日,陌上,0.335522,2.325138,5,119,21,0.023279,0.004108,0.000978
今日,北阙,0.335522,2.325138,5,119,21,0.023279,0.004108,0.000978
日月,松柏,0.335407,2.324338,5,61,41,0.011933,0.00802,0.000978
壮士,明主,0.335396,2.211409,7,49,80,0.009585,0.015649,0.001369
去年,圣人,0.335355,2.631263,2,32,23,0.00626,0.004499,0.000391
苦辛,雨雪,0.335355,2.631263,2,23,32,0.004499,0.00626,0.000391
千金,封侯,0.335355,2.631263,2,32,23,0.00626,0.004499,0.000391
千金,参差,0.335355,2.631263,2,32,23,0.00626,0.004499,0.000391
人归,雨雪,0.335355,2.631263,2,23,32,0.004499,0.00626,0.000391
人归,帝城,0.335355,2.631263,2,23,32,0.004499,0.00626,0.000391
当时,所以,0.335355,2.631263,2,46,16,0.008998,0.00313,0.000391
云飞,鸳鸯,0.335355,2.631263,2,23,32,0.004499,0.00626,0.000391
世事,云飞,0.335355,2.631263,2,32,23,0.00626,0.004499,0.000391
故国,梅花,0.335355,2.631263,2,23,32,0.004499,0.00626,0.000391
家贫,读书,0.335355,2.631263,2,23,32,0.004499,0.00626,0.000391
桃源,青松,0.335355,2.631263,2,23,32,0.004499,0.00626,0.000391
桃源,武陵,0.335355,2.631263,2,23,32,0.004499,0.00626,0.000391
君家,城中,0.335355,2.631263,2,32,23,0.00626,0.004499,0.000391
东海,圣人,0.335355,2.631263,2,32,23,0.00626,0.004499,0.000391
潇湘,草绿,0.335355,2.631263,2,46,16,0.008998,0.00313,0.000391
不归,云飞,0.335355,2.631263,2,32,23,0.00626,0.004499,0.000391
故国,自古,0.335355,2.631263,2,23,32,0.004499,0.00626,0.000391
世事,风烟,0.335355,2.631263,2,32,23,0.00626,0.004499,0.000391
松柏,辛苦,0.335009,2.628549,2,41,18,0.00802,0.003521,0.000391
星辰,松柏,0.335009,2.628549,2,18,41,0.003521,0.00802,0.000391
登楼,路难,0.335009,2.628549,2,18,41,0.003521,0.00802,0.000391
垂杨,少年,0.334995,2.396234,4,19,98,0.003717,0.019171,0.000782
丹青,始知,0.334995,2.396234,4,38,49,0.007433,0.009585,0.000782
月夜,长安,0.334995,2.396234,4,14,133,0.002739,0.026017,0.000782
白玉,黄鹤,0.334995,2.396234,4,49,38,0.009585,0.007433,0.000782
得意,随风,0.33491,2.491974,3,47,27,0.009194,0.005282,0.000587
路难,风尘,0.334778,2.207336,7,41,96,0.00802,0.018779,0.001369
相思,鸳鸯,0.334778,2.207336,7,123,32,0.024061,0.00626,0.001369
歌舞,风飘,0.334664,2.625843,2,37,20,0.007238,0.003912,0.000391
苍苔,蛾眉,0.334664,2.625843,2,20,37,0.003912,0.007238,0.000391
杜陵,蛾眉,0.334664,2.625843,2,20,37,0.003912,0.007238,0.000391
歌舞,汉宫,0.334664,2.625843,2,37,20,0.007238,0.003912,0.000391
晚来,歌舞,0.334664,2.625843,2,20,37,0.003912,0.007238,0.000391
半夜,君王,0.334664,2.625843,2,10,74,0.001956,0.014476,0.000391
蛾眉,风飘,0.334664,2.625843,2,37,20,0.007238,0.003912,0.000391
咸阳,风飘,0.334664,2.625843,2,37,20,0.007238,0.003912,0.000391
青春,风飘,0.334664,2.625843,2,37,20,0.007238,0.003912,0.000391
蛾眉,阳春,0.334664,2.625843,2,37,20,0.007238,0.003912,0.000391
天台,青冥,0.334664,2.625843,2,20,37,0.003912,0.007238,0.000391
古今,昆仑,0.334664,2.625843,2,20,37,0.003912,0.007238,0.000391
单于,骨肉,0.334492,2.624493,2,39,19,0.007629,0.003717,0.000391
垂杨,绿水,0.334492,2.624493,2,19,39,0.003717,0.007629,0.000391
垂杨,相看,0.334492,2.624493,2,19,39,0.003717,0.007629,0.000391
君恩,相看,0.334492,2.624493,2,19,39,0.003717,0.007629,0.000391
单于,黄昏,0.334492,2.624493,2,39,19,0.007629,0.003717,0.000391
当年,意气,0.334492,2.624493,2,19,39,0.003717,0.007629,0.000391
知己,绮罗,0.334492,2.624493,2,57,13,0.01115,0.002543,0.000391
多少,汉家,0.334492,2.624493,2,13,57,0.002543,0.01115,0.000391
相对,纵横,0.334492,2.624493,2,19,39,0.003717,0.007629,0.000391
头白,金陵,0.334492,2.624493,2,19,39,0.003717,0.007629,0.000391
岁寒,知己,0.334492,2.624493,2,13,57,0.002543,0.01115,0.000391
天上,猿声,0.334492,2.624493,2,57,13,0.01115,0.002543,0.000391
含情,西山,0.334492,2.624493,2,19,39,0.003717,0.007629,0.000391
心事,逶迤,0.334492,2.624493,2,19,39,0.003717,0.007629,0.000391
头白,相看,0.334492,2.624493,2,19,39,0.003717,0.007629,0.000391
还家,风月,0.334424,2.855766,1,42,7,0.008216,0.001369,0.000196
浮生,莺啼,0.334424,2.855766,1,21,14,0.004108,0.002739,0.000196
劝君,浮生,0.334424,2.855766,1,14,21,0.002739,0.004108,0.000196
悠悠,枕上,0.334424,2.855766,1,98,3,0.019171,0.000587,0.000196
莺啼,行客,0.334424,2.855766,1,14,21,0.002739,0.004108,0.000196
蛟龙,霓裳,0.334424,2.855766,1,42,7,0.008216,0.001369,0.000196
名利,蛟龙,0.334424,2.855766,1,7,42,0.001369,0.008216,0.000196
蓬莱,霓裳,0.334424,2.855766,1,42,7,0.008216,0.001369,0.000196
名利,蓬莱,0.334424,2.855766,1,7,42,0.001369,0.008216,0.000196
秋草,霓裳,0.334424,2.855766,1,42,7,0.008216,0.001369,0.000196
巫山,霓裳,0.334424,2.855766,1,42,7,0.008216,0.001369,0.000196
还家,霓裳,0.334424,2.855766,1,42,7,0.008216,0.001369,0.000196
名利,秋草,0.334424,2.855766,1,7,42,0.001369,0.008216,0.000196
名利,巫山,0.334424,2.855766,1,7,42,0.001369,0.008216,0.000196
名利,还家,0.334424,2.855766,1,7,42,0.001369,0.008216,0.000196
蛟龙,风月,0.334424,2.855766,1,42,7,0.008216,0.001369,0.000196
人稀,北阙,0.334424,2.855766,1,14,21,0.002739,0.004108,0.000196
名利,往来,0.334424,2.855766,1,7,42,0.001369,0.008216,0.000196
行客,马嘶,0.334424,2.855766,1,21,14,0.004108,0.002739,0.000196
月夜,霄汉,0.334424,2.855766,1,14,21,0.002739,0.004108,0.000196
池塘,蓬莱,0.334424,2.855766,1,7,42,0.001369,0.008216,0.000196
寻常,往来,0.334424,2.855766,1,7,42,0.001369,0.008216,0.000196
楼上,莺啼,0.334424,2.855766,1,21,14,0.004108,0.002739,0.000196
殷勤,经年,0.334424,2.855766,1,21,14,0.004108,0.002739,0.000196
万户,杨柳,0.334381,2.488041,3,26,49,0.005086,0.009585,0.000587
回首,瑶池,0.334381,2.488041,3,98,13,0.019171,0.002543,0.000587
单于,天子,0.334283,2.159435,8,39,121,0.007629,0.02367,0.001565
人生,君心,0.334276,2.487257,3,75,17,0.014671,0.003326,0.000587
南山,太平,0.334276,2.487257,3,75,17,0.014671,0.003326,0.000587
意气,蹉跎,0.334246,2.390878,4,39,48,0.007629,0.00939,0.000782
可怜,逶迤,0.334246,2.390878,4,48,39,0.00939,0.007629,0.000782
东流,金陵,0.334246,2.390878,4,48,39,0.00939,0.007629,0.000782
万物,诸侯,0.33417,2.486473,3,29,44,0.005673,0.008607,0.000587
楼台,裴回,0.33417,2.486473,3,22,58,0.004304,0.011346,0.000587
凤凰,黄叶,0.333977,2.620452,2,62,12,0.012128,0.002347,0.000391
凤凰,独自,0.333977,2.620452,2,62,12,0.012128,0.002347,0.000391
山头,鸟飞,0.333977,2.620452,2,24,31,0.004695,0.006064,0.000391
山阴,月下,0.333977,2.620452,2,31,24,0.006064,0.004695,0.000391
世间,白日,0.33396,2.484907,3,9,142,0.001761,0.027778,0.000587
万事,读书,0.33375,2.483343,3,40,32,0.007825,0.00626,0.000587
万事,憔悴,0.33375,2.483343,3,40,32,0.007825,0.00626,0.000587
明主,草绿,0.33375,2.483343,3,80,16,0.015649,0.00313,0.000587
干戈,自古,0.33375,2.483343,3,40,32,0.007825,0.00626,0.000587
浮云,阳春,0.33365,2.386613,4,94,20,0.018388,0.003912,0.000782
浮云,老人,0.33365,2.386613,4,94,20,0.018388,0.003912,0.000782
无力,歌舞,0.333631,2.848987,1,8,37,0.001565,0.007238,0.000196
无力,蛾眉,0.333631,2.848987,1,8,37,0.001565,0.007238,0.000196
徘徊,湖上,0.333631,2.848987,1,8,37,0.001565,0.007238,0.000196
徘徊,青春,0.333631,2.848987,1,8,37,0.001565,0.007238,0.000196
水声,湖上,0.333631,2.848987,1,8,37,0.001565,0.007238,0.000196
宫中,汉家,0.333575,2.386082,4,33,57,0.006455,0.01115,0.000782
美人,逶迤,0.333458,2.310835,5,65,39,0.012715,0.007629,0.000978
桃李,美人,0.333432,2.153941,8,73,65,0.01428,0.012715,0.001565
始知,草木,0.333398,2.24963,6,49,66,0.009585,0.012911,0.001174
有情,空馀,0.333294,2.61509,2,22,34,0.004304,0.006651,0.000391
昔日,白露,0.333294,2.61509,2,17,44,0.003326,0.008607,0.000391
先生,山下,0.333294,2.61509,2,22,34,0.004304,0.006651,0.000391
古来,朱门,0.333294,2.61509,2,44,17,0.008607,0.003326,0.000391
古来,君心,0.333294,2.61509,2,44,17,0.008607,0.003326,0.000391
古来,庭前,0.333294,2.61509,2,44,17,0.008607,0.003326,0.000391
庭前,行路,0.333294,2.61509,2,17,44,0.003326,0.008607,0.000391
庭前,白露,0.333294,2.61509,2,17,44,0.003326,0.008607,0.000391
明年,相忆,0.333294,2.61509,2,22,34,0.004304,0.006651,0.000391
今夜,明朝,0.333294,2.61509,2,17,44,0.003326,0.008607,0.000391
暮雨,风光,0.333236,2.845614,1,27,11,0.005282,0.002152,0.000196
楼前,罗衣,0.333236,2.845614,1,11,27,0.002152,0.005282,0.000196
客心,游人,0.333236,2.845614,1,27,11,0.005282,0.002152,0.000196
朝朝,芳树,0.333236,2.845614,1,27,11,0.005282,0.002152,0.000196
大道,楼前,0.333236,2.845614,1,27,11,0.005282,0.002152,0.000196
他年,松风,0.333236,2.845614,1,11,27,0.002152,0.005282,0.000196
云深,山路,0.333236,2.845614,1,11,27,0.002152,0.005282,0.000196
流年,题诗,0.333236,2.845614,1,11,27,0.002152,0.005282,0.000196
忆昔,独行,0.333236,2.845614,1,27,11,0.005282,0.002152,0.000196
春雨,题诗,0.333236,2.845614,1,11,27,0.002152,0.005282,0.000196
忆昔,白蘋,0.333236,2.845614,1,27,11,0.005282,0.002152,0.000196
丹砂,逢人,0.333236,2.845614,1,27,11,0.005282,0.002152,0.000196
山路,清明,0.333236,2.845614,1,27,11,0.005282,0.002152,0.000196
万年,菊花,0.333236,2.845614,1,11,27,0.002152,0.005282,0.000196
功成,岐路,0.333236,2.845614,1,33,9,0.006455,0.001761,0.000196
岐路,湘水,0.333236,2.845614,1,9,33,0.001761,0.006455,0.000196
宫中,曲江,0.333236,2.845614,1,33,9,0.006455,0.001761,0.000196
春深,肠断,0.333236,2.845614,1,9,33,0.001761,0.006455,0.000196
依旧,清晨,0.333236,2.845614,1,9,33,0.001761,0.006455,0.000196
春深,车马,0.333236,2.845614,1,9,33,0.001761,0.006455,0.000196
曲江,车马,0.333236,2.845614,1,9,33,0.001761,0.006455,0.000196
自古,青天,0.333056,2.382367,4,32,59,0.00626,0.011541,0.000782
西山,车马,0.333017,2.477889,3,39,33,0.007629,0.006455,0.000587
日暮,独行,0.333017,2.477889,3,117,11,0.022887,0.002152,0.000587
清晨,独立,0.333017,2.477889,3,33,39,0.006455,0.007629,0.000587
湘水,长沙,0.333017,2.477889,3,33,39,0.006455,0.007629,0.000587
功名,风动,0.332954,2.61242,2,25,30,0.00489,0.005869,0.000391
笙歌,衣冠,0.332954,2.61242,2,15,50,0.002934,0.009781,0.000391
年年,满眼,0.332954,2.61242,2,50,15,0.009781,0.002934,0.000391
日晚,花发,0.332954,2.61242,2,25,30,0.00489,0.005869,0.000391
他乡,春来,0.332954,2.61242,2,30,25,0.005869,0.00489,0.000391
出入,弟子,0.332954,2.61242,2,50,15,0.009781,0.002934,0.000391
功名,长江,0.332954,2.61242,2,25,30,0.00489,0.005869,0.000391
人皆,月出,0.332954,2.61242,2,25,30,0.00489,0.005869,0.000391
衣冠,鬼神,0.332954,2.61242,2,50,15,0.009781,0.002934,0.000391
新诗,秋色,0.332954,2.61242,2,25,30,0.00489,0.005869,0.000391
千万,日夜,0.332954,2.61242,2,25,30,0.00489,0.005869,0.000391
千万,阳台,0.332954,2.61242,2,25,30,0.00489,0.005869,0.000391
新诗,青门,0.332954,2.61242,2,25,30,0.00489,0.005869,0.000391
关河,别离,0.332954,2.61242,2,10,75,0.001956,0.014671,0.000391
双阙,苍茫,0.332954,2.61242,2,15,50,0.002934,0.009781,0.000391
千万,风波,0.332954,2.61242,2,25,30,0.00489,0.005869,0.000391
仙人,黄河,0.332947,2.307291,5,53,48,0.010368,0.00939,0.000978
潺湲,空山,0.332912,2.477112,3,23,56,0.004499,0.010955,0.000587
月色,潇湘,0.332912,2.477112,3,28,46,0.005477,0.008998,0.000587
世人,深山,0.332912,2.477112,3,56,23,0.010955,0.004499,0.000587
今来,当时,0.332912,2.477112,3,28,46,0.005477,0.008998,0.000587
天地,玉堂,0.332833,2.306505,5,134,19,0.026213,0.003717,0.000978
天下,尚书,0.33272,2.30572,5,91,28,0.017801,0.005477,0.000978
昨日,秋色,0.332704,2.475561,3,43,30,0.008412,0.005869,0.000587
凉风,月出,0.332704,2.475561,3,43,30,0.008412,0.005869,0.000587
东风,阳台,0.332704,2.475561,3,43,30,0.008412,0.005869,0.000587
月出,百里,0.332704,2.475561,3,30,43,0.005869,0.008412,0.000587
归去,阳台,0.332704,2.475561,3,43,30,0.008412,0.005869,0.000587
扬州,风雨,0.332614,2.609757,2,16,47,0.00313,0.009194,0.000391
回头,富贵,0.332614,2.609757,2,16,47,0.00313,0.009194,0.000391
富贵,草绿,0.332614,2.609757,2,47,16,0.009194,0.00313,0.000391
九重,富贵,0.332614,2.609757,2,16,47,0.00313,0.009194,0.000391
参差,绮罗,0.33245,2.838902,1,23,13,0.004499,0.002543,0.000196
桃源,闻说,0.33245,2.838902,1,23,13,0.004499,0.002543,0.000196
苦辛,钓鱼,0.33245,2.838902,1,23,13,0.004499,0.002543,0.000196
多少,窈窕,0.33245,2.838902,1,13,23,0.002543,0.004499,0.000196
南北,苦辛,0.33245,2.838902,1,13,23,0.002543,0.004499,0.000196
九天,闻说,0.33245,2.838902,1,23,13,0.004499,0.002543,0.000196
猿啼,窈窕,0.33245,2.838902,1,13,23,0.002543,0.004499,0.000196
岁寒,路长,0.33245,2.838902,1,13,23,0.002543,0.004499,0.000196
相寻,路长,0.33245,2.838902,1,13,23,0.002543,0.004499,0.000196
南北,路长,0.33245,2.838902,1,13,23,0.002543,0.004499,0.000196
圣人,岁寒,0.33245,2.838902,1,23,13,0.004499,0.002543,0.000196
圣人,相寻,0.33245,2.838902,1,23,13,0.004499,0.002543,0.000196
南北,圣人,0.33245,2.838902,1,13,23,0.002543,0.004499,0.000196
云飞,多少,0.33245,2.838902,1,23,13,0.004499,0.002543,0.000196
猿声,窈窕,0.33245,2.838902,1,13,23,0.002543,0.004499,0.000196
梦魂,自知,0.33245,2.838902,1,13,23,0.002543,0.004499,0.000196
梦魂,风烟,0.33245,2.838902,1,13,23,0.002543,0.004499,0.000196
台上,钓鱼,0.33245,2.838902,1,23,13,0.004499,0.002543,0.000196
是非,相寻,0.33245,2.838902,1,23,13,0.004499,0.002543,0.000196
圣人,瑶池,0.33245,2.838902,1,23,13,0.004499,0.002543,0.000196
参差,阑干,0.33245,2.838902,1,23,13,0.004499,0.002543,0.000196
多少,路长,0.33245,2.838902,1,13,23,0.002543,0.004499,0.000196
南北,窈窕,0.33245,2.838902,1,13,23,0.002543,0.004499,0.000196
故国,绮罗,0.33245,2.838902,1,23,13,0.004499,0.002543,0.000196
瑶池,风烟,0.33245,2.838902,1,13,23,0.002543,0.004499,0.000196
故国,瑶池,0.33245,2.838902,1,23,13,0.004499,0.002543,0.000196
南北,故国,0.33245,2.838902,1,13,23,0.002543,0.004499,0.000196
台上,梦魂,0.33245,2.838902,1,23,13,0.004499,0.002543,0.000196
潺湲,相寻,0.33245,2.838902,1,23,13,0.004499,0.002543,0.000196
猿声,路长,0.33245,2.838902,1,13,23,0.002543,0.004499,0.000196
人归,姓名,0.33245,2.838902,1,23,13,0.004499,0.002543,0.000196
春风,梦魂,0.332318,2.377084,4,146,13,0.02856,0.002543,0.000782
春风,阑干,0.332318,2.377084,4,146,13,0.02856,0.002543,0.000782
人心,相知,0.332276,2.607101,2,26,29,0.005086,0.005673,0.000391
南国,圣朝,0.332276,2.607101,2,29,26,0.005673,0.005086,0.000391
兄弟,相随,0.332276,2.607101,2,29,26,0.005673,0.005086,0.000391
万户,王孙,0.332276,2.607101,2,26,29,0.005086,0.005673,0.000391
猿声,裴回,0.332276,2.607101,2,13,58,0.002543,0.011346,0.000391
今已,断肠,0.332276,2.607101,2,26,29,0.005086,0.005673,0.000391
断肠,自言,0.332276,2.607101,2,29,26,0.005673,0.005086,0.000391
日照,自言,0.332276,2.607101,2,29,26,0.005673,0.005086,0.000391
岁寒,白马,0.332276,2.607101,2,13,58,0.002543,0.011346,0.000391
南北,白马,0.332276,2.607101,2,13,58,0.002543,0.011346,0.000391
八月,归客,0.332276,2.607101,2,26,29,0.005086,0.005673,0.000391
中原,昆仑,0.332184,2.471692,3,35,37,0.006847,0.007238,0.000587
相访,芙蓉,0.33208,2.47092,3,24,54,0.004695,0.010563,0.000587
惆怅,碧云,0.33208,2.47092,3,72,18,0.014085,0.003521,0.000587
罗衣,蹉跎,0.33208,2.47092,3,27,48,0.005282,0.00939,0.000587
春来,月落,0.332059,2.835564,1,25,12,0.00489,0.002347,0.000196
昔年,英雄,0.332059,2.835564,1,12,25,0.002347,0.00489,0.000196
南宫,鹦鹉,0.332059,2.835564,1,12,25,0.002347,0.00489,0.000196
他乡,雨中,0.332059,2.835564,1,30,10,0.005869,0.001956,0.000196
满眼,玉树,0.332059,2.835564,1,15,20,0.002934,0.003912,0.000196
弟子,闲居,0.332059,2.835564,1,15,20,0.002934,0.003912,0.000196
门前,雨中,0.332059,2.835564,1,30,10,0.005869,0.001956,0.000196
古今,笙歌,0.332059,2.835564,1,20,15,0.003912,0.002934,0.000196
新诗,永日,0.332059,2.835564,1,25,12,0.00489,0.002347,0.000196
从容,早晚,0.332059,2.835564,1,15,20,0.002934,0.003912,0.000196
前程,望乡,0.332059,2.835564,1,15,20,0.002934,0.003912,0.000196
帝乡,微雨,0.332059,2.835564,1,25,12,0.00489,0.002347,0.000196
双飞,须臾,0.332059,2.835564,1,15,20,0.002934,0.003912,0.000196
半夜,青门,0.332059,2.835564,1,10,30,0.001956,0.005869,0.000196
关河,日夜,0.332059,2.835564,1,10,30,0.001956,0.005869,0.000196
佳期,前程,0.332059,2.835564,1,20,15,0.003912,0.002934,0.000196
婵娟,自怜,0.332059,2.835564,1,15,20,0.002934,0.003912,0.000196
风飘,高台,0.332059,2.835564,1,20,15,0.003912,0.002934,0.000196
人皆,宛转,0.332059,2.835564,1,25,12,0.00489,0.002347,0.000196
人皆,月落,0.332059,2.835564,1,25,12,0.00489,0.002347,0.000196
双飞,古今,0.332059,2.835564,1,15,20,0.002934,0.003912,0.000196
古今,高台,0.332059,2.835564,1,20,15,0.003912,0.002934,0.000196
双飞,阳春,0.332059,2.835564,1,15,20,0.002934,0.003912,0.000196
阳春,高台,0.332059,2.835564,1,20,15,0.003912,0.002934,0.000196
云间,半夜,0.332059,2.835564,1,30,10,0.005869,0.001956,0.000196
千秋,半夜,0.332059,2.835564,1,30,10,0.005869,0.001956,0.000196
向人,早晚,0.332059,2.835564,1,15,20,0.002934,0.003912,0.000196
千万,黄叶,0.332059,2.835564,1,25,12,0.00489,0.002347,0.000196
婵娟,百尺,0.332059,2.835564,1,15,20,0.002934,0.003912,0.000196
绿杨,谢公,0.332059,2.835564,1,10,30,0.001956,0.005869,0.000196
人世,玉树,0.332059,2.835564,1,15,20,0.002934,0.003912,0.000196
人世,天台,0.332059,2.835564,1,15,20,0.002934,0.003912,0.000196
向人,阳春,0.332059,2.835564,1,15,20,0.002934,0.003912,0.000196
满地,眼前,0.332059,2.835564,1,12,25,0.002347,0.00489,0.000196
阳城,高台,0.332059,2.835564,1,20,15,0.003912,0.002934,0.000196
绿杨,青门,0.332059,2.835564,1,10,30,0.001956,0.005869,0.000196
百尺,秋声,0.332059,2.835564,1,20,15,0.003912,0.002934,0.000196
可惜,日夜,0.332059,2.835564,1,10,30,0.001956,0.005869,0.000196
可惜,阳台,0.332059,2.835564,1,10,30,0.001956,0.005869,0.000196
功名,愁人,0.332059,2.835564,1,25,12,0.00489,0.002347,0.000196
须臾,高台,0.332059,2.835564,1,20,15,0.003912,0.002934,0.000196
杜陵,鬼神,0.332059,2.835564,1,20,15,0.003912,0.002934,0.000196
苍苔,鬼神,0.332059,2.835564,1,20,15,0.003912,0.002934,0.000196
临风,骑马,0.332059,2.835564,1,15,20,0.002934,0.003912,0.000196
临风,玉树,0.332059,2.835564,1,15,20,0.002934,0.003912,0.000196
晚来,泉声,0.332059,2.835564,1,20,15,0.003912,0.002934,0.000196
老去,远客,0.332059,2.835564,1,15,20,0.002934,0.003912,0.000196
天台,老去,0.332059,2.835564,1,20,15,0.003912,0.002934,0.000196
满眼,生死,0.332059,2.835564,1,15,20,0.002934,0.003912,0.000196
关河,江城,0.332059,2.835564,1,10,30,0.001956,0.005869,0.000196
满地,英雄,0.332059,2.835564,1,12,25,0.002347,0.00489,0.000196
满地,鹦鹉,0.332059,2.835564,1,12,25,0.002347,0.00489,0.000196
功名,满地,0.332059,2.835564,1,25,12,0.00489,0.002347,0.000196
弟子,早晚,0.332059,2.835564,1,15,20,0.002934,0.003912,0.000196
日夜,阙下,0.332059,2.835564,1,30,10,0.005869,0.001956,0.000196
物外,花发,0.332059,2.835564,1,10,30,0.001956,0.005869,0.000196
前程,风飘,0.332059,2.835564,1,15,20,0.002934,0.003912,0.000196
道士,闲居,0.332059,2.835564,1,15,20,0.002934,0.003912,0.000196
眼前,黄叶,0.332059,2.835564,1,25,12,0.00489,0.002347,0.000196
梨花,满地,0.332059,2.835564,1,25,12,0.00489,0.002347,0.000196
歌声,还家,0.331938,2.604452,2,18,42,0.003521,0.008216,0.000391
咫尺,大道,0.331938,2.604452,2,28,27,0.005477,0.005282,0.000391
落叶,随风,0.331938,2.604452,2,28,27,0.005477,0.005282,0.000391
东西,随风,0.331938,2.604452,2,28,27,0.005477,0.005282,0.000391
男儿,陌上,0.331938,2.604452,2,36,21,0.007042,0.004108,0.000391
歌声,走马,0.331938,2.604452,2,18,42,0.003521,0.008216,0.000391
往来,旧游,0.331938,2.604452,2,42,18,0.008216,0.003521,0.000391
今朝,花飞,0.331938,2.604452,2,36,21,0.007042,0.004108,0.000391
今朝,花间,0.331938,2.604452,2,36,21,0.007042,0.004108,0.000391
今朝,北阙,0.331938,2.604452,2,36,21,0.007042,0.004108,0.000391
东西,菊花,0.331938,2.604452,2,28,27,0.005477,0.005282,0.000391
子孙,衣裳,0.331938,2.604452,2,21,36,0.004108,0.007042,0.000391
巫山,碧云,0.331938,2.604452,2,42,18,0.008216,0.003521,0.000391
星辰,蓬莱,0.331938,2.604452,2,18,42,0.003521,0.008216,0.000391
宛转,秋月,0.331938,2.604452,2,12,63,0.002347,0.012324,0.000391
还家,镜中,0.331938,2.604452,2,42,18,0.008216,0.003521,0.000391
万古,月夜,0.331938,2.604452,2,54,14,0.010563,0.002739,0.000391
月夜,白头,0.331938,2.604452,2,14,54,0.002739,0.010563,0.000391
松风,羽翼,0.331938,2.604452,2,27,28,0.005282,0.005477,0.000391
往来,无情,0.331938,2.604452,2,42,18,0.008216,0.003521,0.000391
巫山,无情,0.331938,2.604452,2,42,18,0.008216,0.003521,0.000391
尚书,忆昔,0.331938,2.604452,2,28,27,0.005477,0.005282,0.000391
子孙,苍梧,0.331938,2.604452,2,21,36,0.004108,0.007042,0.000391
东方,青天,0.331873,2.469378,3,22,59,0.004304,0.011541,0.000587
天涯,汉家,0.331761,2.29907,5,45,57,0.008803,0.01115,0.000978
东风,霓裳,0.331669,2.832236,1,43,7,0.008412,0.001369,0.000196
东风,名利,0.331669,2.832236,1,43,7,0.008412,0.001369,0.000196
归去,霓裳,0.331669,2.832236,1,43,7,0.008412,0.001369,0.000196
百里,霓裳,0.331669,2.832236,1,43,7,0.008412,0.001369,0.000196
霓裳,风起,0.331669,2.832236,1,7,43,0.001369,0.008412,0.000196
名利,归去,0.331669,2.832236,1,7,43,0.001369,0.008412,0.000196
名利,百里,0.331669,2.832236,1,7,43,0.001369,0.008412,0.000196
名利,风起,0.331669,2.832236,1,7,43,0.001369,0.008412,0.000196
秋水,风月,0.331669,2.832236,1,43,7,0.008412,0.001369,0.000196
寻常,旌旗,0.331669,2.832236,1,7,43,0.001369,0.008412,0.000196
池塘,百里,0.331669,2.832236,1,7,43,0.001369,0.008412,0.000196
人皆,白首,0.331666,2.467839,3,25,52,0.00489,0.010172,0.000587
白雪,马上,0.331666,2.467839,3,50,26,0.009781,0.005086,0.000587
光辉,柳色,0.331666,2.467839,3,50,26,0.009781,0.005086,0.000587
百尺,美人,0.331666,2.467839,3,20,65,0.003912,0.012715,0.000587
今已,年年,0.331666,2.467839,3,26,50,0.005086,0.009781,0.000587
出入,自言,0.331666,2.467839,3,50,26,0.009781,0.005086,0.000587
美人,阳春,0.331666,2.467839,3,65,20,0.012715,0.003912,0.000587
多病,苍茫,0.331666,2.467839,3,26,50,0.005086,0.009781,0.000587
白玉,黄金,0.331472,2.067309,10,49,132,0.009585,0.025822,0.001956
烟波,闻道,0.331433,2.600491,2,11,69,0.002152,0.013498,0.000391
今年,圣人,0.331433,2.600491,2,33,23,0.006455,0.004499,0.000391
肠断,苦辛,0.331433,2.600491,2,33,23,0.006455,0.004499,0.000391
宫中,承恩,0.331433,2.600491,2,33,23,0.006455,0.004499,0.000391
人归,宫中,0.331433,2.600491,2,23,33,0.004499,0.006455,0.000391
台上,宫中,0.331433,2.600491,2,23,33,0.004499,0.006455,0.000391
深山,湘水,0.331433,2.600491,2,23,33,0.004499,0.006455,0.000391
云飞,相亲,0.331433,2.600491,2,23,33,0.004499,0.006455,0.000391
云飞,宫中,0.331433,2.600491,2,23,33,0.004499,0.006455,0.000391
千门,圣人,0.331433,2.600491,2,33,23,0.006455,0.004499,0.000391
功成,潺湲,0.331433,2.600491,2,33,23,0.006455,0.004499,0.000391
九天,功成,0.331433,2.600491,2,23,33,0.004499,0.006455,0.000391
云飞,今年,0.331433,2.600491,2,23,33,0.004499,0.006455,0.000391
意气,杨柳,0.331363,2.370258,4,39,49,0.007629,0.009585,0.000782
日月,草木,0.331349,2.184728,7,61,66,0.011933,0.012911,0.001369
公子,垂杨,0.331265,2.599175,2,40,19,0.007825,0.003717,0.000391
对酒,苍苔,0.331265,2.599175,2,38,20,0.007433,0.003912,0.000391
北斗,生死,0.331265,2.599175,2,38,20,0.007433,0.003912,0.000391
玉堂,飘飖,0.331265,2.599175,2,19,40,0.003717,0.007825,0.000391
风飘,黄鹤,0.331265,2.599175,2,20,38,0.003912,0.007433,0.000391
阳春,黄鹤,0.331265,2.599175,2,20,38,0.003912,0.007433,0.000391
北斗,玉树,0.331265,2.599175,2,38,20,0.007433,0.003912,0.000391
北斗,阳春,0.331265,2.599175,2,38,20,0.007433,0.003912,0.000391
含情,飘飖,0.331265,2.599175,2,19,40,0.003717,0.007825,0.000391
岁月,早晚,0.331265,2.599175,2,38,20,0.007433,0.003912,0.000391
心事,飘飖,0.331265,2.599175,2,19,40,0.003717,0.007825,0.000391
万事,骨肉,0.331265,2.599175,2,40,19,0.007825,0.003717,0.000391
丹青,早晚,0.331265,2.599175,2,38,20,0.007433,0.003912,0.000391
千载,南国,0.33115,2.464,3,45,29,0.008803,0.005673,0.000587
巫峡,秋天,0.33115,2.464,3,45,29,0.008803,0.005673,0.000587
世人,当时,0.331143,2.294791,5,56,46,0.010955,0.008998,0.000978
主人,等闲,0.330893,2.825613,1,101,3,0.019757,0.000587,0.000196
生死,风尘,0.330706,2.36556,4,20,96,0.003912,0.018779,0.000782
双飞,明月,0.330706,2.36556,4,15,128,0.002934,0.025039,0.000782
承恩,汉家,0.330534,2.459413,3,23,57,0.004499,0.01115,0.000587
封侯,萧萧,0.330534,2.459413,3,23,57,0.004499,0.01115,0.000587
圣人,扁舟,0.330534,2.459413,3,23,57,0.004499,0.01115,0.000587
扁舟,苦辛,0.330534,2.459413,3,57,23,0.01115,0.004499,0.000587
古木,垂杨,0.330508,2.822318,1,16,19,0.00313,0.003717,0.000196
头白,扬州,0.330508,2.822318,1,19,16,0.003717,0.00313,0.000196
无限,莓苔,0.330508,2.822318,1,19,16,0.003717,0.00313,0.000196
君恩,回头,0.330508,2.822318,1,19,16,0.003717,0.00313,0.000196
九重,风景,0.330508,2.822318,1,16,19,0.00313,0.003717,0.000196
他人,含情,0.330508,2.822318,1,16,19,0.00313,0.003717,0.000196
徘徊,黄鹤,0.330508,2.822318,1,8,38,0.001565,0.007433,0.000196
楚客,草绿,0.330508,2.822318,1,19,16,0.003717,0.00313,0.000196
岁月,时节,0.330508,2.822318,1,38,8,0.007433,0.001565,0.000196
心事,红粉,0.330508,2.822318,1,19,16,0.003717,0.00313,0.000196
含情,扬州,0.330508,2.822318,1,19,16,0.003717,0.00313,0.000196
徘徊,感激,0.330508,2.822318,1,8,38,0.001565,0.007433,0.000196
对酒,残月,0.330508,2.822318,1,38,8,0.007433,0.001565,0.000196
万古,人生,0.330447,2.178784,7,54,75,0.010563,0.014671,0.001369
杯酒,路难,0.330431,2.45865,3,32,41,0.00626,0.00802,0.000587
自古,路难,0.330431,2.45865,3,32,41,0.00626,0.00802,0.000587
路难,青松,0.330431,2.45865,3,41,32,0.00802,0.00626,0.000587
君心,百年,0.33043,2.592617,2,17,45,0.003326,0.008803,0.000391
君心,日落,0.33043,2.592617,2,17,45,0.003326,0.008803,0.000391
故乡,高台,0.33043,2.592617,2,51,15,0.009977,0.002934,0.000391
天涯,月光,0.33043,2.592617,2,45,17,0.008803,0.003326,0.000391
天涯,日斜,0.33043,2.592617,2,45,17,0.008803,0.003326,0.000391
君王,柳色,0.330415,2.363479,4,74,26,0.014476,0.005086,0.000782
春草,生涯,0.330415,2.363479,4,74,26,0.014476,0.005086,0.000782
独坐,黄金,0.330404,2.229428,6,25,132,0.00489,0.025822,0.001174
天子,朝廷,0.330364,2.134118,8,121,40,0.02367,0.007825,0.001565
桃李,镜中,0.330226,2.457127,3,73,18,0.01428,0.003521,0.000587
空山,青天,0.330224,2.228216,6,56,59,0.010955,0.011541,0.001174
终日,雨后,0.330123,2.819034,1,61,5,0.011933,0.000978,0.000196
交亲,日月,0.330123,2.819034,1,5,61,0.000978,0.011933,0.000196
闻说,颜色,0.330097,2.590006,2,13,59,0.002543,0.011541,0.000391
夜月,青天,0.330097,2.590006,2,13,59,0.002543,0.011541,0.000391
多少,春色,0.330097,2.590006,2,13,59,0.002543,0.011541,0.000391
猿声,青天,0.330097,2.590006,2,13,59,0.002543,0.011541,0.000391
看花,青天,0.330097,2.590006,2,13,59,0.002543,0.011541,0.000391
思归,高楼,0.330022,2.455606,3,28,47,0.005477,0.009194,0.000587
咫尺,得意,0.330022,2.455606,3,28,47,0.005477,0.009194,0.000587
尚书,沧浪,0.330022,2.455606,3,28,47,0.005477,0.009194,0.000587
君家,行乐,0.329931,2.588703,2,32,24,0.00626,0.004695,0.000391
年少,经过,0.329931,2.588703,2,24,32,0.004695,0.00626,0.000391
青苔,鸳鸯,0.329931,2.588703,2,24,32,0.004695,0.00626,0.000391
去年,青苔,0.329931,2.588703,2,32,24,0.00626,0.004695,0.000391
思君,鸳鸯,0.329931,2.588703,2,24,32,0.004695,0.00626,0.000391
东海,行乐,0.329931,2.588703,2,32,24,0.00626,0.004695,0.000391
读书,青苔,0.329931,2.588703,2,32,24,0.00626,0.004695,0.000391
扬州,风流,0.329931,2.588703,2,16,48,0.00313,0.00939,0.000391
不归,紫微,0.329931,2.588703,2,32,24,0.00626,0.004695,0.000391
紫微,读书,0.329931,2.588703,2,24,32,0.004695,0.00626,0.000391
九重,神仙,0.329931,2.588703,2,16,48,0.00313,0.00939,0.000391
自古,萧索,0.329931,2.588703,2,32,24,0.00626,0.004695,0.000391
东流,扬州,0.329931,2.588703,2,48,16,0.00939,0.00313,0.000391
东南,扬州,0.329931,2.588703,2,48,16,0.00939,0.00313,0.000391
万事,白日,0.329837,2.091864,9,40,142,0.007825,0.027778,0.001761
孤城,走马,0.329835,2.359329,4,46,42,0.008998,0.008216,0.000782
旧游,梦里,0.32974,2.815761,1,18,17,0.003521,0.003326,0.000196
离别,近来,0.32974,2.815761,1,51,6,0.009977,0.001174,0.000196
微风,梦里,0.32974,2.815761,1,18,17,0.003521,0.003326,0.000196
九衢,江山,0.32974,2.815761,1,6,51,0.001174,0.009977,0.000196
夜深,辛苦,0.32974,2.815761,1,17,18,0.003326,0.003521,0.000196
东林,山僧,0.32974,2.815761,1,17,18,0.003326,0.003521,0.000196
天外,庭前,0.32974,2.815761,1,18,17,0.003521,0.003326,0.000196
庭前,镜中,0.32974,2.815761,1,17,18,0.003326,0.003521,0.000196
庭前,星辰,0.32974,2.815761,1,17,18,0.003326,0.003521,0.000196
山下,曲江,0.32974,2.815761,1,34,9,0.006651,0.001761,0.000196
梦里,烟霞,0.32974,2.815761,1,17,18,0.003326,0.003521,0.000196
君心,天外,0.32974,2.815761,1,17,18,0.003326,0.003521,0.000196
朱门,镜中,0.32974,2.815761,1,17,18,0.003326,0.003521,0.000196
烟霞,连天,0.32974,2.815761,1,18,17,0.003521,0.003326,0.000196
月光,碧云,0.32974,2.815761,1,17,18,0.003326,0.003521,0.000196
山高,梦中,0.32974,2.815761,1,18,17,0.003521,0.003326,0.000196
君心,烟霞,0.32974,2.815761,1,17,18,0.003326,0.003521,0.000196
天外,梦中,0.32974,2.815761,1,18,17,0.003521,0.003326,0.000196
月光,秋来,0.32974,2.815761,1,17,18,0.003326,0.003521,0.000196
故乡,近来,0.32974,2.815761,1,51,6,0.009977,0.001174,0.000196
夜深,雨露,0.32974,2.815761,1,17,18,0.003326,0.003521,0.000196
凄凉,夜深,0.32974,2.815761,1,18,17,0.003521,0.003326,0.000196
山僧,庭前,0.32974,2.815761,1,18,17,0.003521,0.003326,0.000196
雨露,龙门,0.32974,2.815761,1,18,17,0.003521,0.003326,0.000196
微风,细雨,0.32974,2.815761,1,18,17,0.003521,0.003326,0.000196
旧游,连天,0.32974,2.815761,1,18,17,0.003521,0.003326,0.000196
旧游,龙门,0.32974,2.815761,1,18,17,0.003521,0.003326,0.000196
夜深,烟霞,0.32974,2.815761,1,17,18,0.003326,0.003521,0.000196
山高,月光,0.32974,2.815761,1,18,17,0.003521,0.003326,0.000196
星辰,月光,0.32974,2.815761,1,18,17,0.003521,0.003326,0.000196
关山,美人,0.329732,2.224893,6,51,65,0.009977,0.012715,0.001174
日夜,诸侯,0.329614,2.452571,3,30,44,0.005869,0.008607,0.000587
落花,青苔,0.329614,2.452571,3,55,24,0.010759,0.004695,0.000587
沧洲,萧索,0.329614,2.452571,3,55,24,0.010759,0.004695,0.000587
尘埃,月照,0.329599,2.586103,2,22,35,0.004304,0.006847,0.000391
才子,莲花,0.329599,2.586103,2,35,22,0.006847,0.004304,0.000391
公卿,造化,0.329599,2.586103,2,22,35,0.004304,0.006847,0.000391
莲花,造化,0.329599,2.586103,2,22,35,0.004304,0.006847,0.000391
莲花,远近,0.329599,2.586103,2,22,35,0.004304,0.006847,0.000391
归心,远山,0.329599,2.586103,2,22,35,0.004304,0.006847,0.000391
扁舟,春水,0.329402,2.356229,4,57,34,0.01115,0.006651,0.000782
感激,离别,0.329402,2.356229,4,38,51,0.007433,0.009977,0.000782
感激,江山,0.329402,2.356229,4,38,51,0.007433,0.009977,0.000782
山下,芳草,0.329005,2.448036,3,34,39,0.006651,0.007629,0.000587
空馀,纵横,0.329005,2.448036,3,34,39,0.006651,0.007629,0.000587
佳人,芳树,0.328977,2.809246,1,28,11,0.005477,0.002152,0.000196
氛氲,芳树,0.328977,2.809246,1,28,11,0.005477,0.002152,0.000196
佳人,清明,0.328977,2.809246,1,28,11,0.005477,0.002152,0.000196
氛氲,清明,0.328977,2.809246,1,28,11,0.005477,0.002152,0.000196
昔时,管弦,0.328977,2.809246,1,28,11,0.005477,0.002152,0.000196
夜雨,氛氲,0.328977,2.809246,1,11,28,0.002152,0.005477,0.000196
今来,芳树,0.328977,2.809246,1,28,11,0.005477,0.002152,0.000196
公卿,月夜,0.328977,2.809246,1,22,14,0.004304,0.002739,0.000196
先生,莺啼,0.328977,2.809246,1,22,14,0.004304,0.002739,0.000196
独行,花满,0.328977,2.809246,1,11,28,0.002152,0.005477,0.000196
孤云,游人,0.328977,2.809246,1,28,11,0.005477,0.002152,0.000196
春雨,相送,0.328977,2.809246,1,11,28,0.002152,0.005477,0.000196
春雨,羽翼,0.328977,2.809246,1,11,28,0.002152,0.005477,0.000196
诸侯,霓裳,0.328977,2.809246,1,44,7,0.008607,0.001369,0.000196
名利,诸侯,0.328977,2.809246,1,7,44,0.001369,0.008607,0.000196
古来,霓裳,0.328977,2.809246,1,44,7,0.008607,0.001369,0.000196
古来,名利,0.328977,2.809246,1,44,7,0.008607,0.001369,0.000196
行路,霓裳,0.328977,2.809246,1,44,7,0.008607,0.001369,0.000196
白露,霓裳,0.328977,2.809246,1,44,7,0.008607,0.001369,0.000196
名利,行路,0.328977,2.809246,1,7,44,0.001369,0.008607,0.000196
名利,白露,0.328977,2.809246,1,7,44,0.001369,0.008607,0.000196
他年,昔时,0.328977,2.809246,1,11,28,0.002152,0.005477,0.000196
相送,逢人,0.328977,2.809246,1,28,11,0.005477,0.002152,0.000196
明朝,风月,0.328977,2.809246,1,44,7,0.008607,0.001369,0.000196
今来,他年,0.328977,2.809246,1,28,11,0.005477,0.002152,0.000196
昔时,白蘋,0.328977,2.809246,1,28,11,0.005477,0.002152,0.000196
尚书,春雨,0.328977,2.809246,1,28,11,0.005477,0.002152,0.000196
夜雨,尚书,0.328977,2.809246,1,11,28,0.002152,0.005477,0.000196
人稀,遥知,0.328977,2.809246,1,14,22,0.002739,0.004304,0.000196
月满,羽翼,0.328977,2.809246,1,11,28,0.002152,0.005477,0.000196
夜来,马嘶,0.328977,2.809246,1,22,14,0.004304,0.002739,0.000196
寻常,行路,0.328977,2.809246,1,7,44,0.001369,0.008607,0.000196
尚书,逢人,0.328977,2.809246,1,28,11,0.005477,0.002152,0.000196
尚书,白蘋,0.328977,2.809246,1,28,11,0.005477,0.002152,0.000196
云深,寂寥,0.328977,2.809246,1,11,28,0.002152,0.005477,0.000196
今来,白蘋,0.328977,2.809246,1,28,11,0.005477,0.002152,0.000196
咫尺,白蘋,0.328977,2.809246,1,28,11,0.005477,0.002152,0.000196
思归,白蘋,0.328977,2.809246,1,28,11,0.005477,0.002152,0.000196
东西,白蘋,0.328977,2.809246,1,28,11,0.005477,0.002152,0.000196
所思,月夜,0.328977,2.809246,1,22,14,0.004304,0.002739,0.000196
月夜,楼台,0.328977,2.809246,1,14,22,0.002739,0.004304,0.000196
池塘,诸侯,0.328977,2.809246,1,7,44,0.001369,0.008607,0.000196
池塘,行路,0.328977,2.809246,1,7,44,0.001369,0.008607,0.000196
寻常,江南,0.328977,2.809246,1,7,44,0.001369,0.008607,0.000196
寂寥,流年,0.328977,2.809246,1,28,11,0.005477,0.002152,0.000196
依然,白蘋,0.328977,2.809246,1,28,11,0.005477,0.002152,0.000196
池塘,白露,0.328977,2.809246,1,7,44,0.001369,0.008607,0.000196
江南,池塘,0.328977,2.809246,1,44,7,0.008607,0.001369,0.000196
思归,芳树,0.328977,2.809246,1,28,11,0.005477,0.002152,0.000196
东西,清明,0.328977,2.809246,1,28,11,0.005477,0.002152,0.000196
人稀,青草,0.328977,2.809246,1,14,22,0.002739,0.004304,0.000196
烟波,相送,0.328977,2.809246,1,11,28,0.002152,0.005477,0.000196
白发,罗衣,0.32897,2.353137,4,72,27,0.014085,0.005282,0.000782
携手,松风,0.32897,2.353137,4,72,27,0.014085,0.005282,0.000782
江边,白头,0.32897,2.353137,4,36,54,0.007042,0.010563,0.000782
丈夫,无情,0.328939,2.580921,2,43,18,0.008412,0.003521,0.000391
东风,天外,0.328939,2.580921,2,43,18,0.008412,0.003521,0.000391
东风,星辰,0.328939,2.580921,2,43,18,0.008412,0.003521,0.000391
星辰,百里,0.328939,2.580921,2,18,43,0.003521,0.008412,0.000391
无情,秋水,0.328939,2.580921,2,18,43,0.003521,0.008412,0.000391
丈夫,辛苦,0.328939,2.580921,2,43,18,0.008412,0.003521,0.000391
凉风,秋来,0.328939,2.580921,2,43,18,0.008412,0.003521,0.000391
旧游,秋水,0.328939,2.580921,2,18,43,0.003521,0.008412,0.000391
春来,渭水,0.328775,2.57963,2,25,31,0.00489,0.006064,0.000391
日晚,渭水,0.328775,2.57963,2,25,31,0.00489,0.006064,0.000391
梨花,渭水,0.328775,2.57963,2,25,31,0.00489,0.006064,0.000391
分明,眼前,0.328775,2.57963,2,31,25,0.006064,0.00489,0.000391
将军,意气,0.328772,2.167734,7,105,39,0.02054,0.007629,0.001369
肠断,青天,0.328754,2.351595,4,33,59,0.006455,0.011541,0.000782
功成,青天,0.328754,2.351595,4,33,59,0.006455,0.011541,0.000782
北斗,造化,0.3286,2.445024,3,38,35,0.007433,0.006847,0.000587
山水,月明,0.3286,2.445024,3,38,35,0.007433,0.006847,0.000587
丹青,造化,0.3286,2.445024,3,38,35,0.007433,0.006847,0.000587
中原,感激,0.3286,2.445024,3,35,38,0.006847,0.007433,0.000587
绿杨,长安,0.3286,2.445024,3,10,133,0.001956,0.026017,0.000587
独立,白雪,0.328539,2.350056,4,39,50,0.007629,0.009781,0.000782
白雪,西山,0.328539,2.350056,4,50,39,0.009781,0.007629,0.000782
蛾眉,陌上,0.328446,2.577053,2,37,21,0.007238,0.004108,0.000391
楼上,歌舞,0.328446,2.577053,2,21,37,0.004108,0.007238,0.000391
歌舞,花间,0.328446,2.577053,2,37,21,0.007238,0.004108,0.000391
北阙,歌舞,0.328446,2.577053,2,21,37,0.004108,0.007238,0.000391
咸阳,宫殿,0.328446,2.577053,2,37,21,0.007238,0.004108,0.000391
歌舞,男儿,0.328398,2.443521,3,37,36,0.007238,0.007042,0.000587
今朝,歌舞,0.328398,2.443521,3,36,37,0.007042,0.007238,0.000587
咸阳,日出,0.328398,2.443521,3,37,36,0.007238,0.007042,0.000587
渭水,雨中,0.328219,2.802774,1,31,10,0.006064,0.001956,0.000196
山阴,物外,0.328219,2.802774,1,31,10,0.006064,0.001956,0.000196
可惜,消息,0.328219,2.802774,1,10,31,0.001956,0.006064,0.000196
消息,雨中,0.328219,2.802774,1,31,10,0.006064,0.001956,0.000196
乾坤,交亲,0.328219,2.802774,1,62,5,0.012128,0.000978,0.000196
白马,自知,0.328196,2.442021,3,58,23,0.011346,0.004499,0.000587
他日,楚客,0.328118,2.574482,2,41,19,0.00802,0.003717,0.000391
少年,往来,0.327996,2.162619,7,98,42,0.019171,0.008216,0.001369
单于,生死,0.327955,2.573199,2,39,20,0.007629,0.003912,0.000391
风动,风霜,0.327955,2.573199,2,30,26,0.005869,0.005086,0.000391
逶迤,风飘,0.327955,2.573199,2,39,20,0.007629,0.003912,0.000391
相看,风飘,0.327955,2.573199,2,39,20,0.007629,0.003912,0.000391
苍苔,逶迤,0.327955,2.573199,2,20,39,0.003912,0.007629,0.000391
古人,婵娟,0.327955,2.573199,2,52,15,0.010172,0.002934,0.000391
两相,白首,0.327955,2.573199,2,15,52,0.002934,0.010172,0.000391
美人,黄叶,0.327955,2.573199,2,65,12,0.012715,0.002347,0.000391
翡翠,门前,0.327955,2.573199,2,26,30,0.005086,0.005869,0.000391
八月,门前,0.327955,2.573199,2,26,30,0.005086,0.005869,0.000391
翡翠,风波,0.327955,2.573199,2,26,30,0.005086,0.005869,0.000391
千秋,生涯,0.327955,2.573199,2,30,26,0.005869,0.005086,0.000391
春日,自言,0.327955,2.573199,2,30,26,0.005869,0.005086,0.000391
叹息,远客,0.327955,2.573199,2,39,20,0.007629,0.003912,0.000391
绿水,风飘,0.327955,2.573199,2,39,20,0.007629,0.003912,0.000391
临风,海上,0.327955,2.573199,2,15,52,0.002934,0.010172,0.000391
意气,百尺,0.327955,2.573199,2,39,20,0.007629,0.003912,0.000391
千秋,圣主,0.327955,2.573199,2,30,26,0.005869,0.005086,0.000391
春日,柳色,0.327955,2.573199,2,30,26,0.005869,0.005086,0.000391
人心,千秋,0.327955,2.573199,2,26,30,0.005086,0.005869,0.000391
人心,月出,0.327955,2.573199,2,26,30,0.005086,0.005869,0.000391
古今,叹息,0.327955,2.573199,2,20,39,0.003912,0.007629,0.000391
叹息,阳春,0.327955,2.573199,2,39,20,0.007629,0.003912,0.000391
今已,无穷,0.327955,2.573199,2,26,30,0.005086,0.005869,0.000391
独立,阳春,0.327955,2.573199,2,39,20,0.007629,0.003912,0.000391
玉树,金陵,0.327955,2.573199,2,20,39,0.003912,0.007629,0.000391
日夕,秋声,0.327955,2.573199,2,52,15,0.010172,0.002934,0.000391
多病,长江,0.327955,2.573199,2,26,30,0.005086,0.005869,0.000391
早晚,道路,0.327955,2.573199,2,20,39,0.003912,0.007629,0.000391
他乡,多病,0.327955,2.573199,2,30,26,0.005869,0.005086,0.000391
回首,望乡,0.327824,2.344941,4,98,20,0.019171,0.003912,0.000782
中原,苍生,0.327824,2.344941,4,35,56,0.006847,0.010955,0.000782
渭水,长安,0.327738,2.16092,7,31,133,0.006064,0.026017,0.001369
中原,风尘,0.327733,2.211409,6,35,96,0.006847,0.018779,0.001174
承恩,相忆,0.327629,2.570638,2,23,34,0.004499,0.006651,0.000391
桃源,空馀,0.327629,2.570638,2,23,34,0.004499,0.006651,0.000391
功成,明主,0.327602,2.27025,5,33,80,0.006455,0.015649,0.000978
月落,未央,0.327466,2.796343,1,12,26,0.002347,0.005086,0.000196
从军,波涛,0.327466,2.796343,1,13,24,0.002543,0.004695,0.000196
年少,绮罗,0.327466,2.796343,1,24,13,0.004695,0.002543,0.000196
年少,相寻,0.327466,2.796343,1,24,13,0.004695,0.002543,0.000196
梦魂,青苔,0.327466,2.796343,1,13,24,0.002543,0.004695,0.000196
石上,钓鱼,0.327466,2.796343,1,24,13,0.004695,0.002543,0.000196
今已,永日,0.327466,2.796343,1,26,12,0.005086,0.002347,0.000196
满地,送客,0.327466,2.796343,1,12,26,0.002347,0.005086,0.000196
满地,竹林,0.327466,2.796343,1,12,26,0.002347,0.005086,0.000196
今已,昔年,0.327466,2.796343,1,26,12,0.005086,0.002347,0.000196
昔年,自言,0.327466,2.796343,1,12,26,0.002347,0.005086,0.000196
万户,昔年,0.327466,2.796343,1,26,12,0.005086,0.002347,0.000196
八月,微雨,0.327466,2.796343,1,26,12,0.005086,0.002347,0.000196
昔年,送客,0.327466,2.796343,1,12,26,0.002347,0.005086,0.000196
昔年,生涯,0.327466,2.796343,1,12,26,0.002347,0.005086,0.000196
向东,多少,0.327466,2.796343,1,24,13,0.004695,0.002543,0.000196
圣主,微雨,0.327466,2.796343,1,26,12,0.005086,0.002347,0.000196
宛转,马上,0.327466,2.796343,1,12,26,0.002347,0.005086,0.000196
月下,绮罗,0.327466,2.796343,1,24,13,0.004695,0.002543,0.000196
微雨,竹林,0.327466,2.796343,1,12,26,0.002347,0.005086,0.000196
未央,永日,0.327466,2.796343,1,26,12,0.005086,0.002347,0.000196
猿声,石上,0.327466,2.796343,1,13,24,0.002543,0.004695,0.000196
相寻,行乐,0.327466,2.796343,1,13,24,0.002543,0.004695,0.000196
南北,行乐,0.327466,2.796343,1,13,24,0.002543,0.004695,0.000196
宛转,自言,0.327466,2.796343,1,12,26,0.002347,0.005086,0.000196
月落,自言,0.327466,2.796343,1,12,26,0.002347,0.005086,0.000196
今已,宛转,0.327466,2.796343,1,26,12,0.005086,0.002347,0.000196
人心,宛转,0.327466,2.796343,1,26,12,0.005086,0.002347,0.000196
岁寒,萧索,0.327466,2.796343,1,13,24,0.002543,0.004695,0.000196
相寻,萧索,0.327466,2.796343,1,13,24,0.002543,0.004695,0.000196
南北,萧索,0.327466,2.796343,1,13,24,0.002543,0.004695,0.000196
岁寒,紫微,0.327466,2.796343,1,13,24,0.002543,0.004695,0.000196
今已,月落,0.327466,2.796343,1,26,12,0.005086,0.002347,0.000196
相寻,紫微,0.327466,2.796343,1,13,24,0.002543,0.004695,0.000196
南北,紫微,0.327466,2.796343,1,13,24,0.002543,0.004695,0.000196
人心,月落,0.327466,2.796343,1,26,12,0.005086,0.002347,0.000196
思君,猿声,0.327466,2.796343,1,24,13,0.004695,0.002543,0.000196
独自,相随,0.327466,2.796343,1,12,26,0.002347,0.005086,0.000196
思君,梦魂,0.327466,2.796343,1,24,13,0.004695,0.002543,0.000196
多少,行乐,0.327466,2.796343,1,13,24,0.002543,0.004695,0.000196
猿啼,行乐,0.327466,2.796343,1,13,24,0.002543,0.004695,0.000196
圣朝,黄叶,0.327466,2.796343,1,26,12,0.005086,0.002347,0.000196
人心,永日,0.327466,2.796343,1,26,12,0.005086,0.002347,0.000196
月下,猿声,0.327466,2.796343,1,24,13,0.004695,0.002543,0.000196
寥落,瑶池,0.327466,2.796343,1,24,13,0.004695,0.002543,0.000196
山头,岁寒,0.327466,2.796343,1,24,13,0.004695,0.002543,0.000196
山头,看花,0.327466,2.796343,1,24,13,0.004695,0.002543,0.000196
微雨,马蹄,0.327466,2.796343,1,12,26,0.002347,0.005086,0.000196
圣朝,野花,0.327466,2.796343,1,26,12,0.005086,0.002347,0.000196
圣朝,满地,0.327466,2.796343,1,26,12,0.005086,0.002347,0.000196
今已,愁人,0.327466,2.796343,1,26,12,0.005086,0.002347,0.000196
寥落,钓鱼,0.327466,2.796343,1,24,13,0.004695,0.002543,0.000196
相访,钓鱼,0.327466,2.796343,1,24,13,0.004695,0.002543,0.000196
满地,相随,0.327466,2.796343,1,12,26,0.002347,0.005086,0.000196
古人,近来,0.327466,2.796343,1,52,6,0.010172,0.001174,0.000196
千古,岁寒,0.327466,2.796343,1,24,13,0.004695,0.002543,0.000196
愁人,翡翠,0.327466,2.796343,1,12,26,0.002347,0.005086,0.000196
山头,闻说,0.327466,2.796343,1,24,13,0.004695,0.002543,0.000196
年少,闻说,0.327466,2.796343,1,24,13,0.004695,0.002543,0.000196
萧索,闻说,0.327466,2.796343,1,24,13,0.004695,0.002543,0.000196
向东,闻说,0.327466,2.796343,1,24,13,0.004695,0.002543,0.000196
夜月,山头,0.327466,2.796343,1,13,24,0.002543,0.004695,0.000196
夜月,年少,0.327466,2.796343,1,13,24,0.002543,0.004695,0.000196
夜月,萧索,0.327466,2.796343,1,13,24,0.002543,0.004695,0.000196
向东,夜月,0.327466,2.796343,1,24,13,0.004695,0.002543,0.000196
多病,野花,0.327466,2.796343,1,26,12,0.005086,0.002347,0.000196
瑶池,石上,0.327466,2.796343,1,13,24,0.002543,0.004695,0.000196
八月,满地,0.327466,2.796343,1,26,12,0.005086,0.002347,0.000196
满地,翠微,0.327466,2.796343,1,12,26,0.002347,0.005086,0.000196
多病,微雨,0.327466,2.796343,1,26,12,0.005086,0.002347,0.000196
烟雨,翡翠,0.327466,2.796343,1,12,26,0.002347,0.005086,0.000196
思君,绮罗,0.327466,2.796343,1,24,13,0.004695,0.002543,0.000196
寥落,岁寒,0.327466,2.796343,1,24,13,0.004695,0.002543,0.000196
金谷,长沙,0.327466,2.796343,1,8,39,0.001565,0.007629,0.000196
长沙,鹧鸪,0.327466,2.796343,1,39,8,0.007629,0.001565,0.000196
绿水,金谷,0.327466,2.796343,1,39,8,0.007629,0.001565,0.000196
徘徊,金陵,0.327466,2.796343,1,8,39,0.001565,0.007629,0.000196
时节,独立,0.327466,2.796343,1,8,39,0.001565,0.007629,0.000196
叹息,无力,0.327466,2.796343,1,39,8,0.007629,0.001565,0.000196
红尘,萧条,0.327466,2.796343,1,4,78,0.000782,0.015258,0.000196
水声,登临,0.327466,2.796343,1,8,39,0.001565,0.007629,0.000196
逶迤,鹧鸪,0.327466,2.796343,1,39,8,0.007629,0.001565,0.000196
水声,西山,0.327466,2.796343,1,8,39,0.001565,0.007629,0.000196
南国,客心,0.327466,2.56936,2,29,27,0.005673,0.005282,0.000391
南国,暮雨,0.327466,2.56936,2,29,27,0.005673,0.005282,0.000391
客心,断肠,0.327466,2.56936,2,27,29,0.005282,0.005673,0.000391
梧桐,河汉,0.327466,2.56936,2,29,27,0.005673,0.005282,0.000391
日照,河汉,0.327466,2.56936,2,29,27,0.005673,0.005282,0.000391
日照,暮雨,0.327466,2.56936,2,29,27,0.005673,0.005282,0.000391
丹砂,南国,0.327466,2.56936,2,27,29,0.005282,0.005673,0.000391
伤心,忆昔,0.327466,2.56936,2,29,27,0.005673,0.005282,0.000391
断肠,题诗,0.327466,2.56936,2,29,27,0.005673,0.005282,0.000391
怅望,罗衣,0.327466,2.56936,2,29,27,0.005673,0.005282,0.000391
今来,落叶,0.327303,2.568084,2,28,28,0.005477,0.005477,0.000391
今来,依然,0.327303,2.568084,2,28,28,0.005477,0.005477,0.000391
东西,相送,0.327303,2.568084,2,28,28,0.005477,0.005477,0.000391
孤云,氛氲,0.327303,2.568084,2,28,28,0.005477,0.005477,0.000391
佳人,花满,0.327303,2.568084,2,28,28,0.005477,0.005477,0.000391
东西,咫尺,0.327303,2.568084,2,28,28,0.005477,0.005477,0.000391
他日,可怜,0.327254,2.340867,4,41,48,0.00802,0.00939,0.000782
千金,走马,0.327193,2.434553,3,32,42,0.00626,0.008216,0.000587
帝城,走马,0.327193,2.434553,3,32,42,0.00626,0.008216,0.000587
憔悴,秋草,0.327193,2.434553,3,32,42,0.00626,0.008216,0.000587
神仙,羽翼,0.327193,2.434553,3,48,28,0.00939,0.005477,0.000587
千金,蛟龙,0.327193,2.434553,3,32,42,0.00626,0.008216,0.000587
秋草,鸳鸯,0.327193,2.434553,3,42,32,0.008216,0.00626,0.000587
自古,蓬莱,0.327193,2.434553,3,32,42,0.00626,0.008216,0.000587
千金,巫山,0.327193,2.434553,3,32,42,0.00626,0.008216,0.000587
秋草,青松,0.327193,2.434553,3,42,32,0.008216,0.00626,0.000587
巫山,帝城,0.327193,2.434553,3,42,32,0.008216,0.00626,0.000587
北斗,白首,0.326687,2.33681,4,38,52,0.007433,0.010172,0.000782
夫子,得意,0.326679,2.204292,6,72,47,0.014085,0.009194,0.001174
人生,路傍,0.326594,2.430098,3,75,18,0.014671,0.003521,0.000587
白雪,罗衣,0.326594,2.430098,3,50,27,0.009781,0.005282,0.000587
南山,辛苦,0.326594,2.430098,3,75,18,0.014671,0.003521,0.000587
日落,青门,0.326594,2.430098,3,45,30,0.008803,0.005869,0.000587
人皆,登高,0.326594,2.430098,3,25,54,0.00489,0.010563,0.000587
人生,山高,0.326594,2.430098,3,75,18,0.014671,0.003521,0.000587
芙蓉,鹦鹉,0.326594,2.430098,3,54,25,0.010563,0.00489,0.000587
白头,英雄,0.326594,2.430098,3,54,25,0.010563,0.00489,0.000587
万古,英雄,0.326594,2.430098,3,54,25,0.010563,0.00489,0.000587
别离,星辰,0.326594,2.430098,3,75,18,0.014671,0.003521,0.000587
春来,白头,0.326594,2.430098,3,25,54,0.00489,0.010563,0.000587
孤城,落日,0.326541,2.036556,10,46,145,0.008998,0.028365,0.001956
杜陵,长安,0.326513,2.262703,5,20,133,0.003912,0.026017,0.000978
婵娟,黄金,0.326404,2.334788,4,15,132,0.002934,0.025822,0.000782
满眼,行客,0.326345,2.786773,1,15,21,0.002934,0.004108,0.000196
满眼,黄花,0.326345,2.786773,1,15,21,0.002934,0.004108,0.000196
宫殿,笙歌,0.326345,2.786773,1,21,15,0.004108,0.002934,0.000196
笙歌,陌上,0.326345,2.786773,1,15,21,0.002934,0.004108,0.000196
笙歌,青楼,0.326345,2.786773,1,15,21,0.002934,0.004108,0.000196
秋声,行客,0.326345,2.786773,1,15,21,0.002934,0.004108,0.000196
人世,子孙,0.326345,2.786773,1,15,21,0.002934,0.004108,0.000196
婵娟,子孙,0.326345,2.786773,1,15,21,0.002934,0.004108,0.000196
新月,高台,0.326345,2.786773,1,21,15,0.004108,0.002934,0.000196
才子,春深,0.326345,2.786773,1,35,9,0.006847,0.001761,0.000196
寒食,笙歌,0.326345,2.786773,1,21,15,0.004108,0.002934,0.000196
日落,霓裳,0.326345,2.786773,1,45,7,0.008803,0.001369,0.000196
名利,日落,0.326345,2.786773,1,7,45,0.001369,0.008803,0.000196
千载,霓裳,0.326345,2.786773,1,45,7,0.008803,0.001369,0.000196
千载,名利,0.326345,2.786773,1,45,7,0.008803,0.001369,0.000196
双飞,零落,0.326345,2.786773,1,15,21,0.002934,0.004108,0.000196
零落,高台,0.326345,2.786773,1,21,15,0.004108,0.002934,0.000196
曲江,月照,0.326345,2.786773,1,9,35,0.001761,0.006847,0.000196
曲江,汉水,0.326345,2.786773,1,9,35,0.001761,0.006847,0.000196
婵娟,楼上,0.326345,2.786773,1,15,21,0.002934,0.004108,0.000196
北阙,婵娟,0.326345,2.786773,1,21,15,0.004108,0.002934,0.000196
世间,月照,0.326345,2.786773,1,9,35,0.001761,0.006847,0.000196
临风,楼上,0.326345,2.786773,1,15,21,0.002934,0.004108,0.000196
花间,高台,0.326345,2.786773,1,21,15,0.004108,0.002934,0.000196
日落,风月,0.326345,2.786773,1,45,7,0.008803,0.001369,0.000196
婵娟,零落,0.326345,2.786773,1,15,21,0.002934,0.004108,0.000196
婵娟,殷勤,0.326345,2.786773,1,15,21,0.002934,0.004108,0.000196
双飞,殷勤,0.326345,2.786773,1,15,21,0.002934,0.004108,0.000196
婵娟,青楼,0.326345,2.786773,1,15,21,0.002934,0.004108,0.000196
人世,花飞,0.326345,2.786773,1,15,21,0.002934,0.004108,0.000196
双飞,宫殿,0.326345,2.786773,1,15,21,0.002934,0.004108,0.000196
满眼,霄汉,0.326345,2.786773,1,15,21,0.002934,0.004108,0.000196
人世,青楼,0.326345,2.786773,1,15,21,0.002934,0.004108,0.000196
老去,花飞,0.326345,2.786773,1,15,21,0.002934,0.004108,0.000196
池塘,淹留,0.326345,2.786773,1,7,45,0.001369,0.008803,0.000196
两相,北阙,0.326345,2.786773,1,15,21,0.002934,0.004108,0.000196
中原,依旧,0.326345,2.786773,1,35,9,0.006847,0.001761,0.000196
依旧,知音,0.326345,2.786773,1,9,35,0.001761,0.006847,0.000196
世间,千年,0.326345,2.786773,1,9,35,0.001761,0.006847,0.000196
临风,黄花,0.326345,2.786773,1,15,21,0.002934,0.004108,0.000196
天涯,池塘,0.326345,2.786773,1,45,7,0.008803,0.001369,0.000196
前程,行客,0.326345,2.786773,1,15,21,0.002934,0.004108,0.000196
楼上,花枝,0.326345,2.786773,1,21,15,0.004108,0.002934,0.000196
使君,千门,0.326296,2.427879,3,41,33,0.00802,0.006455,0.000587
功成,路难,0.326296,2.427879,3,33,41,0.006455,0.00802,0.000587
凤凰,旌旗,0.326188,2.260449,5,62,43,0.012128,0.008412,0.000978
古来,无情,0.326009,2.557932,2,44,18,0.008607,0.003521,0.000391
行乐,车马,0.326009,2.557932,2,24,33,0.004695,0.006455,0.000391
宫中,年少,0.326009,2.557932,2,33,24,0.006455,0.004695,0.000391
今年,青苔,0.326009,2.557932,2,33,24,0.006455,0.004695,0.000391
相亲,紫微,0.326009,2.557932,2,33,24,0.006455,0.004695,0.000391
宫中,紫微,0.326009,2.557932,2,33,24,0.006455,0.004695,0.000391
千门,行乐,0.326009,2.557932,2,33,24,0.006455,0.004695,0.000391
明年,江流,0.326009,2.557932,2,22,36,0.004304,0.007042,0.000391
微风,江南,0.326009,2.557932,2,18,44,0.003521,0.008607,0.000391
楼台,江流,0.326009,2.557932,2,22,36,0.004304,0.007042,0.000391
星辰,诸侯,0.326009,2.557932,2,18,44,0.003521,0.008607,0.000391
古来,天外,0.326009,2.557932,2,44,18,0.008607,0.003521,0.000391
清晨,萧索,0.326009,2.557932,2,33,24,0.006455,0.004695,0.000391
千门,紫微,0.326009,2.557932,2,33,24,0.006455,0.004695,0.000391
尘埃,江流,0.326009,2.557932,2,22,36,0.004304,0.007042,0.000391
清晨,相访,0.326009,2.557932,2,33,24,0.006455,0.004695,0.000391
诸侯,辛苦,0.326009,2.557932,2,44,18,0.008607,0.003521,0.000391
登楼,行路,0.326009,2.557932,2,18,44,0.003521,0.008607,0.000391
临水,江南,0.326009,2.557932,2,18,44,0.003521,0.008607,0.000391
白云,路岐,0.325974,2.783604,1,158,2,0.030908,0.000391,0.000196
春色,池上,0.325899,2.424927,3,59,23,0.011541,0.004499,0.000587
江海,瑶池,0.325848,2.55667,2,61,13,0.011933,0.002543,0.000391
叹息,故乡,0.32577,2.330253,4,39,51,0.007629,0.009977,0.000782
叹息,明月,0.325577,2.103196,8,39,128,0.007629,0.025039,0.001565
仙人,高台,0.325527,2.554151,2,53,15,0.010368,0.002934,0.000391
仙人,双飞,0.325527,2.554151,2,53,15,0.010368,0.002934,0.000391
仙人,满眼,0.325527,2.554151,2,53,15,0.010368,0.002934,0.000391
从容,文章,0.325527,2.554151,2,15,53,0.002934,0.010368,0.000391
弟子,文章,0.325527,2.554151,2,15,53,0.002934,0.010368,0.000391
天地,阳春,0.325432,2.255212,5,134,20,0.026213,0.003912,0.000978
天上,月照,0.325349,2.327241,4,57,35,0.01115,0.006847,0.000782
满眼,长安,0.325349,2.327241,4,15,133,0.002934,0.026017,0.000782
中原,扁舟,0.325349,2.327241,4,35,57,0.006847,0.01115,0.000782
文章,近来,0.325235,2.777295,1,53,6,0.010368,0.001174,0.000196
凤凰,有情,0.325207,2.419781,3,62,22,0.012128,0.004304,0.000587
乾坤,春光,0.325207,2.419781,3,62,22,0.012128,0.004304,0.000587
歌舞,芙蓉,0.325139,2.325738,4,37,54,0.007238,0.010563,0.000782
君王,罗衣,0.325139,2.325738,4,74,27,0.014476,0.005282,0.000782
中原,单于,0.325109,2.419049,3,35,39,0.006847,0.007629,0.000587
多少,将军,0.325109,2.419049,3,13,105,0.002543,0.02054,0.000587
远近,逶迤,0.325109,2.419049,3,35,39,0.006847,0.007629,0.000587
登临,远近,0.325109,2.419049,3,39,35,0.007629,0.006847,0.000587
芳草,远山,0.325109,2.419049,3,39,35,0.007629,0.006847,0.000587
走马,骨肉,0.325047,2.550385,2,42,19,0.008216,0.003717,0.000391
对酒,浮生,0.325047,2.550385,2,38,21,0.007433,0.004108,0.000391
走马,黄昏,0.325047,2.550385,2,42,19,0.008216,0.003717,0.000391
零落,黄鹤,0.325047,2.550385,2,21,38,0.004108,0.007433,0.000391
岁月,楼上,0.325047,2.550385,2,38,21,0.007433,0.004108,0.000391
世上,子孙,0.325047,2.550385,2,38,21,0.007433,0.004108,0.000391
巫山,楚客,0.325047,2.550385,2,42,19,0.008216,0.003717,0.000391
万事,年年,0.324999,2.324738,4,40,50,0.007825,0.009781,0.000782
功名,明主,0.324999,2.324738,4,25,80,0.00489,0.015649,0.000782
太平,高楼,0.324888,2.549132,2,17,47,0.003326,0.009194,0.000391
富贵,庭前,0.324888,2.549132,2,47,17,0.009194,0.003326,0.000391
南国,游人,0.324867,2.774155,1,29,11,0.005673,0.002152,0.000196
南国,夜雨,0.324867,2.774155,1,29,11,0.005673,0.002152,0.000196
人家,清明,0.324867,2.774155,1,29,11,0.005673,0.002152,0.000196
伤心,叶落,0.324867,2.774155,1,29,11,0.005673,0.002152,0.000196
伤心,管弦,0.324867,2.774155,1,29,11,0.005673,0.002152,0.000196
汀洲,相知,0.324867,2.774155,1,11,29,0.002152,0.005673,0.000196
日照,春雨,0.324867,2.774155,1,29,11,0.005673,0.002152,0.000196
他年,伤心,0.324867,2.774155,1,11,29,0.002152,0.005673,0.000196
来往,逢人,0.324867,2.774155,1,29,11,0.005673,0.002152,0.000196
春雨,相知,0.324867,2.774155,1,11,29,0.002152,0.005673,0.000196
夜雨,归客,0.324867,2.774155,1,11,29,0.002152,0.005673,0.000196
兄弟,流年,0.324867,2.774155,1,29,11,0.005673,0.002152,0.000196
怅望,逢人,0.324867,2.774155,1,29,11,0.005673,0.002152,0.000196
秋天,管弦,0.324867,2.774155,1,29,11,0.005673,0.002152,0.000196
汀洲,王孙,0.324867,2.774155,1,11,29,0.002152,0.005673,0.000196
春雨,王孙,0.324867,2.774155,1,11,29,0.002152,0.005673,0.000196
功名,雨雪,0.324728,2.547881,2,25,32,0.00489,0.00626,0.000391
千金,英雄,0.324728,2.547881,2,32,25,0.00626,0.00489,0.000391
独坐,鸳鸯,0.324728,2.547881,2,25,32,0.00489,0.00626,0.000391
帝城,眼前,0.324728,2.547881,2,32,25,0.00626,0.00489,0.000391
帝城,春来,0.324728,2.547881,2,32,25,0.00626,0.00489,0.000391
帝城,日晚,0.324728,2.547881,2,32,25,0.00626,0.00489,0.000391
帝城,梨花,0.324728,2.547881,2,32,25,0.00626,0.00489,0.000391
憔悴,眼前,0.324728,2.547881,2,32,25,0.00626,0.00489,0.000391
万事,自怜,0.324728,2.547881,2,40,20,0.007825,0.003912,0.000391
人皆,憔悴,0.324728,2.547881,2,25,32,0.00489,0.00626,0.000391
梨花,鸳鸯,0.324728,2.547881,2,25,32,0.00489,0.00626,0.000391
古木,苍茫,0.324728,2.547881,2,16,50,0.00313,0.009781,0.000391
万事,古今,0.324728,2.547881,2,40,20,0.007825,0.003912,0.000391
焚香,鹦鹉,0.324728,2.547881,2,32,25,0.00626,0.00489,0.000391
自古,英雄,0.324728,2.547881,2,32,25,0.00626,0.00489,0.000391
古木,白雪,0.324728,2.547881,2,16,50,0.00313,0.009781,0.000391
万国,君家,0.324728,2.547881,2,25,32,0.00489,0.00626,0.000391
宁知,自然,0.324728,2.547881,2,32,25,0.00626,0.00489,0.000391
鸳鸯,鹦鹉,0.324728,2.547881,2,32,25,0.00626,0.00489,0.000391
人皆,鸳鸯,0.324728,2.547881,2,25,32,0.00489,0.00626,0.000391
人皆,自古,0.324728,2.547881,2,25,32,0.00489,0.00626,0.000391
人皆,千金,0.324728,2.547881,2,25,32,0.00489,0.00626,0.000391
阳春,鸡鸣,0.324728,2.547881,2,20,40,0.003912,0.007825,0.000391
白雪,草绿,0.324728,2.547881,2,50,16,0.009781,0.00313,0.000391
武陵,眼前,0.324728,2.547881,2,32,25,0.00626,0.00489,0.000391
千金,鹦鹉,0.324728,2.547881,2,32,25,0.00626,0.00489,0.000391
远客,飘飖,0.324728,2.547881,2,20,40,0.003912,0.007825,0.000391
玉树,飘飖,0.324728,2.547881,2,20,40,0.003912,0.007825,0.000391
读书,饮酒,0.324728,2.547881,2,32,25,0.00626,0.00489,0.000391
焚香,独坐,0.324728,2.547881,2,32,25,0.00626,0.00489,0.000391
日晚,欢娱,0.324728,2.547881,2,25,32,0.00489,0.00626,0.000391
昆仑,青冥,0.324716,2.416122,3,37,37,0.007238,0.007238,0.000587
相随,黄金,0.324591,2.190207,6,26,132,0.005086,0.025822,0.001174
未央,黄金,0.324591,2.190207,6,26,132,0.005086,0.025822,0.001174
相忆,颜色,0.324581,2.321742,4,34,59,0.006651,0.011541,0.000782
东海,阙下,0.324501,2.771025,1,32,10,0.00626,0.001956,0.000196
林下,花时,0.324501,2.771025,1,32,10,0.00626,0.001956,0.000196
半夜,宁知,0.324501,2.771025,1,10,32,0.001956,0.00626,0.000196
物外,经过,0.324501,2.771025,1,10,32,0.001956,0.00626,0.000196
武陵,物外,0.324501,2.771025,1,32,10,0.00626,0.001956,0.000196
帝城,雨中,0.324501,2.771025,1,32,10,0.00626,0.001956,0.000196
九重,自怜,0.324501,2.771025,1,16,20,0.00313,0.003912,0.000196
所以,苍苔,0.324501,2.771025,1,16,20,0.00313,0.003912,0.000196
回头,阳城,0.324501,2.771025,1,16,20,0.00313,0.003912,0.000196
楚水,鱼龙,0.324501,2.771025,1,16,20,0.00313,0.003912,0.000196
楚水,秋雨,0.324501,2.771025,1,16,20,0.00313,0.003912,0.000196
回头,鱼龙,0.324501,2.771025,1,16,20,0.00313,0.003912,0.000196
所以,风飘,0.324501,2.771025,1,16,20,0.00313,0.003912,0.000196
古今,所以,0.324501,2.771025,1,20,16,0.003912,0.00313,0.000196
古今,草绿,0.324501,2.771025,1,20,16,0.003912,0.00313,0.000196
所以,阳春,0.324501,2.771025,1,16,20,0.00313,0.003912,0.000196
草绿,阳春,0.324501,2.771025,1,16,20,0.00313,0.003912,0.000196
欢娱,阙下,0.324501,2.771025,1,32,10,0.00626,0.001956,0.000196
回头,自怜,0.324501,2.771025,1,16,20,0.00313,0.003912,0.000196
所以,老人,0.324501,2.771025,1,16,20,0.00313,0.003912,0.000196
扬州,阳春,0.324501,2.771025,1,16,20,0.00313,0.003912,0.000196
扬州,生死,0.324501,2.771025,1,16,20,0.00313,0.003912,0.000196
半夜,欢娱,0.324501,2.771025,1,10,32,0.001956,0.00626,0.000196
杯酒,绿杨,0.324501,2.771025,1,32,10,0.00626,0.001956,0.000196
百尺,草绿,0.324501,2.771025,1,20,16,0.003912,0.00313,0.000196
千金,绿杨,0.324501,2.771025,1,32,10,0.00626,0.001956,0.000196
所以,阳城,0.324501,2.771025,1,16,20,0.00313,0.003912,0.000196
怜君,风飘,0.324501,2.771025,1,16,20,0.00313,0.003912,0.000196
可惜,鸳鸯,0.324501,2.771025,1,10,32,0.001956,0.00626,0.000196
楚水,风飘,0.324501,2.771025,1,16,20,0.00313,0.003912,0.000196
可惜,青松,0.324501,2.771025,1,10,32,0.001956,0.00626,0.000196
千金,可惜,0.324501,2.771025,1,32,10,0.00626,0.001956,0.000196
万事,水声,0.324501,2.771025,1,40,8,0.007825,0.001565,0.000196
可惜,高秋,0.324501,2.771025,1,10,32,0.001956,0.00626,0.000196
去年,可惜,0.324501,2.771025,1,32,10,0.00626,0.001956,0.000196
可惜,君家,0.324501,2.771025,1,10,32,0.001956,0.00626,0.000196
万事,时节,0.324501,2.771025,1,40,8,0.007825,0.001565,0.000196
可惜,憔悴,0.324501,2.771025,1,10,32,0.001956,0.00626,0.000196
他人,天台,0.324501,2.771025,1,16,20,0.00313,0.003912,0.000196
他人,骑马,0.324501,2.771025,1,16,20,0.00313,0.003912,0.000196
怜君,老人,0.324501,2.771025,1,16,20,0.00313,0.003912,0.000196
扬州,远客,0.324501,2.771025,1,16,20,0.00313,0.003912,0.000196
世事,花时,0.324501,2.771025,1,32,10,0.00626,0.001956,0.000196
白日,骨肉,0.324466,2.248518,5,142,19,0.027778,0.003717,0.000978
壮士,寂寥,0.324421,2.413933,3,49,28,0.009585,0.005477,0.000587
佳人,白玉,0.324421,2.413933,3,28,49,0.005477,0.009585,0.000587
桃李,青春,0.324305,2.247407,5,73,37,0.01428,0.007238,0.000978
桃李,玉楼,0.324251,2.544138,2,73,11,0.01428,0.002152,0.000391
他年,桃李,0.324251,2.544138,2,11,73,0.002152,0.01428,0.000391
夜雨,行人,0.324251,2.544138,2,11,73,0.002152,0.01428,0.000391
功名,相识,0.324128,2.411749,3,25,55,0.00489,0.010759,0.000587
新诗,沧洲,0.324128,2.411749,3,25,55,0.00489,0.010759,0.000587
九衢,天地,0.324092,2.542894,2,6,134,0.001174,0.026213,0.000391
行路,风尘,0.324068,2.136718,7,44,96,0.008607,0.018779,0.001369
东海,昨日,0.32403,2.411022,3,32,43,0.00626,0.008412,0.000587
归去,杯酒,0.32403,2.411022,3,43,32,0.008412,0.00626,0.000587
归去,自古,0.32403,2.411022,3,43,32,0.008412,0.00626,0.000587
千金,归去,0.32403,2.411022,3,32,43,0.00626,0.008412,0.000587
秋水,青松,0.32403,2.411022,3,43,32,0.008412,0.00626,0.000587
天子,苍生,0.324013,2.020789,10,121,56,0.02367,0.010955,0.001956
承恩,月照,0.323934,2.541651,2,23,35,0.004499,0.006847,0.000391
中原,苦辛,0.323934,2.541651,2,35,23,0.006847,0.004499,0.000391
中原,圣人,0.323934,2.541651,2,35,23,0.006847,0.004499,0.000391
人归,才子,0.323934,2.541651,2,23,35,0.004499,0.006847,0.000391
月明,窈窕,0.323934,2.541651,2,35,23,0.006847,0.004499,0.000391
苦辛,远近,0.323934,2.541651,2,23,35,0.004499,0.006847,0.000391
月照,深山,0.323934,2.541651,2,35,23,0.006847,0.004499,0.000391
九天,造化,0.323934,2.541651,2,23,35,0.004499,0.006847,0.000391
九天,千年,0.323934,2.541651,2,23,35,0.004499,0.006847,0.000391
关山,河汉,0.323933,2.410296,3,51,27,0.009977,0.005282,0.000587
子孙,相逢,0.323886,2.31677,4,21,96,0.004108,0.018779,0.000782
云雨,至今,0.323886,2.31677,4,36,56,0.007042,0.010955,0.000782
文章,生涯,0.323835,2.40957,3,53,26,0.010368,0.005086,0.000587
圣主,鸟飞,0.323776,2.540409,2,26,31,0.005086,0.006064,0.000391
渭水,自言,0.323776,2.540409,2,31,26,0.006064,0.005086,0.000391
翠微,鸟飞,0.323776,2.540409,2,26,31,0.005086,0.006064,0.000391
多病,消息,0.323776,2.540409,2,26,31,0.005086,0.006064,0.000391
人情,劝君,0.323771,2.764794,1,23,14,0.004499,0.002739,0.000196
封侯,莺啼,0.323771,2.764794,1,23,14,0.004499,0.002739,0.000196
天寒,霓裳,0.323771,2.764794,1,46,7,0.008998,0.001369,0.000196
名利,天寒,0.323771,2.764794,1,7,46,0.001369,0.008998,0.000196
名利,潇湘,0.323771,2.764794,1,7,46,0.001369,0.008998,0.000196
夜长,天寒,0.323771,2.764794,1,7,46,0.001369,0.008998,0.000196
当时,池塘,0.323771,2.764794,1,46,7,0.008998,0.001369,0.000196
承恩,月夜,0.323771,2.764794,1,23,14,0.004499,0.002739,0.000196
桃源,经年,0.323771,2.764794,1,23,14,0.004499,0.002739,0.000196
人稀,城中,0.323771,2.764794,1,14,23,0.002739,0.004499,0.000196
月夜,风烟,0.323771,2.764794,1,14,23,0.002739,0.004499,0.000196
故国,月夜,0.323771,2.764794,1,23,14,0.004499,0.002739,0.000196
孤城,池塘,0.323771,2.764794,1,46,7,0.008998,0.001369,0.000196
潺湲,马嘶,0.323771,2.764794,1,23,14,0.004499,0.002739,0.000196
夜长,潇湘,0.323771,2.764794,1,7,46,0.001369,0.008998,0.000196
闻道,鱼龙,0.32364,2.40812,3,69,20,0.013498,0.003912,0.000587
主人,远客,0.323608,2.314788,4,101,20,0.019757,0.003912,0.000782
东风,富贵,0.323539,2.314293,4,43,47,0.008412,0.009194,0.000782
太平,无限,0.323408,2.761694,1,17,19,0.003326,0.003717,0.000196
含情,月光,0.323408,2.761694,1,19,17,0.003717,0.003326,0.000196
君心,君恩,0.323408,2.761694,1,17,19,0.003326,0.003717,0.000196
心事,龙门,0.323408,2.761694,1,19,17,0.003717,0.003326,0.000196
同心,君恩,0.323408,2.761694,1,17,19,0.003326,0.003717,0.000196
朱门,重阳,0.323408,2.761694,1,17,19,0.003326,0.003717,0.000196
无限,月光,0.323408,2.761694,1,19,17,0.003717,0.003326,0.000196
同心,含情,0.323408,2.761694,1,17,19,0.003326,0.003717,0.000196
同心,玉堂,0.323408,2.761694,1,17,19,0.003326,0.003717,0.000196
夜深,楚客,0.323408,2.761694,1,17,19,0.003326,0.003717,0.000196
昔日,骨肉,0.323408,2.761694,1,17,19,0.003326,0.003717,0.000196
十里,相对,0.323408,2.761694,1,17,19,0.003326,0.003717,0.000196
头白,朱门,0.323408,2.761694,1,19,17,0.003717,0.003326,0.000196
心事,朱门,0.323408,2.761694,1,19,17,0.003717,0.003326,0.000196
含情,夜深,0.323408,2.761694,1,19,17,0.003717,0.003326,0.000196
心事,日斜,0.323408,2.761694,1,19,17,0.003717,0.003326,0.000196
城下,相对,0.323408,2.761694,1,17,19,0.003326,0.003717,0.000196
客心,花发,0.323145,2.535459,2,27,30,0.005282,0.005869,0.000391
太守,春日,0.323145,2.535459,2,27,30,0.005282,0.005869,0.000391
芙蓉,高台,0.323145,2.535459,2,54,15,0.010563,0.002934,0.000391
临风,白头,0.323145,2.535459,2,15,54,0.002934,0.010563,0.000391
朝朝,阳台,0.323145,2.535459,2,27,30,0.005282,0.005869,0.000391
丹砂,无穷,0.323145,2.535459,2,27,30,0.005282,0.005869,0.000391
丹砂,阳台,0.323145,2.535459,2,27,30,0.005282,0.005869,0.000391
太守,长江,0.323145,2.535459,2,27,30,0.005282,0.005869,0.000391
松风,秋色,0.323145,2.535459,2,27,30,0.005282,0.005869,0.000391
歌声,百年,0.323145,2.535459,2,18,45,0.003521,0.008803,0.000391
日落,星辰,0.323145,2.535459,2,45,18,0.008803,0.003521,0.000391
千载,秋来,0.323145,2.535459,2,45,18,0.008803,0.003521,0.000391
东方,秋月,0.323057,2.403781,3,22,63,0.004304,0.012324,0.000587
今年,蛟龙,0.323057,2.403781,3,33,42,0.006455,0.008216,0.000587
今年,还家,0.323057,2.403781,3,33,42,0.006455,0.008216,0.000587
秋草,车马,0.323057,2.403781,3,42,33,0.008216,0.006455,0.000587
清晨,蛟龙,0.323057,2.403781,3,33,42,0.006455,0.008216,0.000587
千门,蓬莱,0.323057,2.403781,3,33,42,0.006455,0.008216,0.000587
草木,零落,0.323057,2.403781,3,66,21,0.012911,0.004108,0.000587
单于,海上,0.323056,2.310835,4,39,52,0.007629,0.010172,0.000782
暮雨,月落,0.323046,2.758602,1,27,12,0.005282,0.002347,0.000196
松风,野花,0.323046,2.758602,1,27,12,0.005282,0.002347,0.000196
天外,路傍,0.323046,2.758602,1,18,18,0.003521,0.003521,0.000196
昔年,清净,0.323046,2.758602,1,12,27,0.002347,0.005282,0.000196
九衢,登高,0.323046,2.758602,1,6,54,0.001174,0.010563,0.000196
微风,碧云,0.323046,2.758602,1,18,18,0.003521,0.003521,0.000196
百花,碧云,0.323046,2.758602,1,18,18,0.003521,0.003521,0.000196
永日,河汉,0.323046,2.758602,1,12,27,0.002347,0.005282,0.000196
宛转,罗衣,0.323046,2.758602,1,12,27,0.002347,0.005282,0.000196
山高,雨露,0.323046,2.758602,1,18,18,0.003521,0.003521,0.000196
山路,微雨,0.323046,2.758602,1,27,12,0.005282,0.002347,0.000196
山川,御沟,0.323046,2.758602,1,36,9,0.007042,0.001761,0.000196
天外,镜中,0.323046,2.758602,1,18,18,0.003521,0.003521,0.000196
天外,星辰,0.323046,2.758602,1,18,18,0.003521,0.003521,0.000196
丹砂,宛转,0.323046,2.758602,1,27,12,0.005282,0.002347,0.000196
星辰,镜中,0.323046,2.758602,1,18,18,0.003521,0.003521,0.000196
丹砂,月落,0.323046,2.758602,1,27,12,0.005282,0.002347,0.000196
山高,歌声,0.323046,2.758602,1,18,18,0.003521,0.003521,0.000196
愁人,松风,0.323046,2.758602,1,12,27,0.002347,0.005282,0.000196
忆昔,独自,0.323046,2.758602,1,27,12,0.005282,0.002347,0.000196
天外,歌声,0.323046,2.758602,1,18,18,0.003521,0.003521,0.000196
月中,河汉,0.323046,2.758602,1,12,27,0.002347,0.005282,0.000196
宛转,松风,0.323046,2.758602,1,12,27,0.002347,0.005282,0.000196
无情,碧云,0.323046,2.758602,1,18,18,0.003521,0.003521,0.000196
南宫,暮雨,0.323046,2.758602,1,12,27,0.002347,0.005282,0.000196
满地,随风,0.323046,2.758602,1,12,27,0.002347,0.005282,0.000196
忆昔,愁人,0.323046,2.758602,1,27,12,0.005282,0.002347,0.000196
凄凉,摇落,0.323046,2.758602,1,18,18,0.003521,0.003521,0.000196
凄凉,雨露,0.323046,2.758602,1,18,18,0.003521,0.003521,0.000196
凄凉,辛苦,0.323046,2.758602,1,18,18,0.003521,0.003521,0.000196
山高,无情,0.323046,2.758602,1,18,18,0.003521,0.003521,0.000196
凄凉,秋来,0.323046,2.758602,1,18,18,0.003521,0.003521,0.000196
凄凉,百花,0.323046,2.758602,1,18,18,0.003521,0.003521,0.000196
无情,雨露,0.323046,2.758602,1,18,18,0.003521,0.003521,0.000196
忆昔,满地,0.323046,2.758602,1,27,12,0.005282,0.002347,0.000196
朝朝,满地,0.323046,2.758602,1,27,12,0.005282,0.002347,0.000196
山高,烟霞,0.323046,2.758602,1,18,18,0.003521,0.003521,0.000196
山僧,旧游,0.323046,2.758602,1,18,18,0.003521,0.003521,0.000196
临水,镜中,0.323046,2.758602,1,18,18,0.003521,0.003521,0.000196
山高,星辰,0.323046,2.758602,1,18,18,0.003521,0.003521,0.000196
裴回,造化,0.322918,2.309849,4,58,35,0.011346,0.006847,0.000782
月明,裴回,0.322918,2.309849,4,35,58,0.006847,0.011346,0.000782
寂寥,日照,0.322831,2.532993,2,28,29,0.005477,0.005673,0.000391
来往,花满,0.322831,2.532993,2,29,28,0.005673,0.005477,0.000391
东西,秋天,0.322831,2.532993,2,28,29,0.005477,0.005673,0.000391
相知,落叶,0.322831,2.532993,2,29,28,0.005673,0.005477,0.000391
兄弟,尚书,0.322831,2.532993,2,29,28,0.005673,0.005477,0.000391
意气,桃花,0.322764,2.236727,5,39,70,0.007629,0.013693,0.000978
将军,马蹄,0.322764,2.236727,5,105,26,0.02054,0.005086,0.000978
日晚,阑干,0.322685,2.755521,1,25,13,0.00489,0.002543,0.000196
帝乡,绮罗,0.322685,2.755521,1,25,13,0.00489,0.002543,0.000196
姓名,春来,0.322685,2.755521,1,13,25,0.002543,0.00489,0.000196
别后,猿声,0.322685,2.755521,1,25,13,0.00489,0.002543,0.000196
瑶池,自然,0.322685,2.755521,1,13,25,0.002543,0.00489,0.000196
多少,迢递,0.322685,2.755521,1,13,25,0.002543,0.00489,0.000196
人皆,岁寒,0.322685,2.755521,1,25,13,0.00489,0.002543,0.000196
人皆,相寻,0.322685,2.755521,1,25,13,0.00489,0.002543,0.000196
人皆,南北,0.322685,2.755521,1,25,13,0.00489,0.002543,0.000196
日晚,瑶池,0.322685,2.755521,1,25,13,0.00489,0.002543,0.000196
多少,鹦鹉,0.322685,2.755521,1,13,25,0.002543,0.00489,0.000196
溪水,猿声,0.322685,2.755521,1,25,13,0.00489,0.002543,0.000196
梦魂,鹦鹉,0.322685,2.755521,1,13,25,0.002543,0.00489,0.000196
千万,梦魂,0.322685,2.755521,1,25,13,0.00489,0.002543,0.000196
梨花,相寻,0.322685,2.755521,1,25,13,0.00489,0.002543,0.000196
梨花,阑干,0.322685,2.755521,1,25,13,0.00489,0.002543,0.000196
功名,钓鱼,0.322685,2.755521,1,25,13,0.00489,0.002543,0.000196
从军,千万,0.322685,2.755521,1,13,25,0.002543,0.00489,0.000196
从军,自然,0.322685,2.755521,1,13,25,0.002543,0.00489,0.000196
姓名,梨花,0.322685,2.755521,1,13,25,0.002543,0.00489,0.000196
多少,溪水,0.322685,2.755521,1,13,25,0.002543,0.00489,0.000196
吾道,闻说,0.322685,2.755521,1,25,13,0.00489,0.002543,0.000196
吾道,夜月,0.322685,2.755521,1,25,13,0.00489,0.002543,0.000196
瑶池,鹦鹉,0.322685,2.755521,1,13,25,0.002543,0.00489,0.000196
功名,瑶池,0.322685,2.755521,1,25,13,0.00489,0.002543,0.000196
春来,钓鱼,0.322685,2.755521,1,25,13,0.00489,0.002543,0.000196
别后,岁寒,0.322685,2.755521,1,25,13,0.00489,0.002543,0.000196
莲花,青春,0.322517,2.530533,2,22,37,0.004304,0.007238,0.000391
公卿,咸阳,0.322517,2.530533,2,22,37,0.004304,0.007238,0.000391
楼台,湖上,0.322517,2.530533,2,22,37,0.004304,0.007238,0.000391
咸阳,尘埃,0.322517,2.530533,2,37,22,0.007238,0.004304,0.000391
尘埃,青春,0.322517,2.530533,2,22,37,0.004304,0.007238,0.000391
王孙,风流,0.322476,2.399461,3,29,48,0.005673,0.00939,0.000587
萧索,裴回,0.322476,2.399461,3,24,58,0.004695,0.011346,0.000587
裴回,青苔,0.322476,2.399461,3,58,24,0.011346,0.004695,0.000587
梧桐,蹉跎,0.322476,2.399461,3,29,48,0.005673,0.00939,0.000587
夫子,感激,0.322448,2.234532,5,72,38,0.014085,0.007433,0.000978
黄河,龙门,0.322204,2.528079,2,48,17,0.00939,0.003326,0.000391
昔日,蹉跎,0.322204,2.528079,2,17,48,0.003326,0.00939,0.000391
蹉跎,龙门,0.322204,2.528079,2,48,17,0.00939,0.003326,0.000391
山下,山头,0.322204,2.528079,2,34,24,0.006651,0.004695,0.000391
月光,黄河,0.322204,2.528079,2,17,48,0.003326,0.00939,0.000391
东流,城下,0.322204,2.528079,2,48,17,0.00939,0.003326,0.000391
所以,故乡,0.322204,2.528079,2,16,51,0.00313,0.009977,0.000391
关山,草绿,0.322204,2.528079,2,51,16,0.009977,0.00313,0.000391
朱门,相望,0.322204,2.528079,2,17,48,0.003326,0.00939,0.000391
东南,连天,0.322204,2.528079,2,48,17,0.00939,0.003326,0.000391
巫峡,消息,0.322187,2.397309,3,45,31,0.008803,0.006064,0.000587
分明,巫峡,0.322187,2.397309,3,31,45,0.006064,0.008803,0.000587
丈夫,骨肉,0.322048,2.526854,2,43,19,0.008412,0.003717,0.000391
百里,骨肉,0.322048,2.526854,2,43,19,0.008412,0.003717,0.000391
东风,垂杨,0.322048,2.526854,2,43,19,0.008412,0.003717,0.000391
东风,当年,0.322048,2.526854,2,43,19,0.008412,0.003717,0.000391
玉堂,秋水,0.322048,2.526854,2,19,43,0.003717,0.008412,0.000391
依然,悠悠,0.322026,2.231612,5,28,98,0.005477,0.019171,0.000978
落叶,行人,0.321957,2.302976,4,28,73,0.005477,0.01428,0.000782
青天,黄金,0.321895,1.976902,11,59,132,0.011541,0.025822,0.002152
今日,昨日,0.321748,2.078464,8,119,43,0.023279,0.008412,0.001565
子孙,意气,0.321737,2.524409,2,21,39,0.004108,0.007629,0.000391
天下,春深,0.321737,2.524409,2,91,9,0.017801,0.001761,0.000391
绿水,零落,0.321737,2.524409,2,39,21,0.007629,0.004108,0.000391
逶迤,霄汉,0.321737,2.524409,2,39,21,0.007629,0.004108,0.000391
寒食,芳草,0.321737,2.524409,2,21,39,0.004108,0.007629,0.000391
佳人,白雪,0.321706,2.393731,3,28,50,0.005477,0.009781,0.000587
咫尺,衣冠,0.321706,2.393731,3,28,50,0.005477,0.009781,0.000587
万事,月照,0.321706,2.393731,3,40,35,0.007825,0.006847,0.000587
出入,孤云,0.321706,2.393731,3,50,28,0.009781,0.005477,0.000587
千万,至今,0.321706,2.393731,3,25,56,0.00489,0.010955,0.000587
万事,造化,0.321706,2.393731,3,40,35,0.007825,0.006847,0.000587
出入,咫尺,0.321706,2.393731,3,50,28,0.009781,0.005477,0.000587
明月,草绿,0.321684,2.301021,4,128,16,0.025039,0.00313,0.000782
使君,水声,0.321609,2.746332,1,41,8,0.00802,0.001565,0.000196
他日,早晚,0.321581,2.523189,2,41,20,0.00802,0.003912,0.000391
古今,路难,0.321581,2.523189,2,20,41,0.003912,0.00802,0.000391
路难,阳春,0.321581,2.523189,2,41,20,0.00802,0.003912,0.000391
杜陵,清秋,0.321581,2.523189,2,20,41,0.003912,0.00802,0.000391
人间,城中,0.321419,2.39159,3,61,23,0.011933,0.004499,0.000587
圣人,日月,0.321419,2.39159,3,23,61,0.004499,0.011933,0.000587
九天,日月,0.321419,2.39159,3,23,61,0.004499,0.011933,0.000587
北斗,白头,0.321411,2.29907,4,38,54,0.007433,0.010563,0.000782
千里,咫尺,0.321405,2.03839,9,214,28,0.041862,0.005477,0.001761
山川,纵横,0.321323,2.390878,3,36,39,0.007042,0.007629,0.000587
日出,道路,0.321323,2.390878,3,36,39,0.007042,0.007629,0.000587
江流,金陵,0.321323,2.390878,3,36,39,0.007042,0.007629,0.000587
江流,绿水,0.321323,2.390878,3,36,39,0.007042,0.007629,0.000587
生涯,白头,0.321323,2.390878,3,26,54,0.005086,0.010563,0.000587
名利,得意,0.321253,2.743288,1,7,47,0.001369,0.009194,0.000196
富贵,霓裳,0.321253,2.743288,1,47,7,0.009194,0.001369,0.000196
名利,富贵,0.321253,2.743288,1,7,47,0.001369,0.009194,0.000196
得意,池塘,0.321253,2.743288,1,47,7,0.009194,0.001369,0.000196
风月,高楼,0.321253,2.743288,1,7,47,0.001369,0.009194,0.000196
富贵,寻常,0.321253,2.743288,1,47,7,0.009194,0.001369,0.000196
寻常,沧浪,0.321253,2.743288,1,7,47,0.001369,0.009194,0.000196
富贵,池塘,0.321253,2.743288,1,47,7,0.009194,0.001369,0.000196
山中,霓裳,0.321253,2.743288,1,47,7,0.009194,0.001369,0.000196
山中,玲珑,0.321253,2.743288,1,47,7,0.009194,0.001369,0.000196
咸阳,对酒,0.321132,2.389454,3,37,38,0.007238,0.007433,0.000587
北斗,咸阳,0.321132,2.389454,3,38,37,0.007433,0.007238,0.000587
丹青,蛾眉,0.321132,2.389454,3,38,37,0.007433,0.007238,0.000587
君王,无限,0.321132,2.389454,3,74,19,0.014476,0.003717,0.000587
丹青,昆仑,0.321132,2.389454,3,38,37,0.007433,0.007238,0.000587
蛾眉,黄鹤,0.321132,2.389454,3,37,38,0.007238,0.007433,0.000587
白露,鸳鸯,0.32094,2.388033,3,44,32,0.008607,0.00626,0.000587
自古,行路,0.32094,2.388033,3,32,44,0.00626,0.008607,0.000587
世事,白露,0.32094,2.388033,3,32,44,0.00626,0.008607,0.000587
行路,青松,0.32094,2.388033,3,44,32,0.008607,0.00626,0.000587
古来,青松,0.32094,2.388033,3,44,32,0.008607,0.00626,0.000587
古来,憔悴,0.32094,2.388033,3,44,32,0.008607,0.00626,0.000587
阳台,风光,0.320897,2.740253,1,30,11,0.005869,0.002152,0.000196
叶落,月出,0.320897,2.740253,1,11,30,0.002152,0.005869,0.000196
相识,近来,0.320897,2.740253,1,55,6,0.010759,0.001174,0.000196
笙歌,遥知,0.320897,2.740253,1,15,22,0.002934,0.004304,0.000196
东方,双阙,0.320897,2.740253,1,22,15,0.004304,0.002934,0.000196
白蘋,阳台,0.320897,2.740253,1,11,30,0.002152,0.005869,0.000196
人世,闭门,0.320897,2.740253,1,15,22,0.002934,0.004304,0.000196
年华,落花,0.320897,2.740253,1,6,55,0.001174,0.010759,0.000196
千秋,楼前,0.320897,2.740253,1,30,11,0.005869,0.002152,0.000196
玉楼,花发,0.320897,2.740253,1,11,30,0.002152,0.005869,0.000196
先生,笙歌,0.320897,2.740253,1,22,15,0.004304,0.002934,0.000196
公卿,高台,0.320897,2.740253,1,22,15,0.004304,0.002934,0.000196
归心,花枝,0.320897,2.740253,1,22,15,0.004304,0.002934,0.000196
明年,秋日,0.320897,2.740253,1,22,15,0.004304,0.002934,0.000196
笙歌,莲花,0.320897,2.740253,1,15,22,0.002934,0.004304,0.000196
弟子,莲花,0.320897,2.740253,1,15,22,0.002934,0.004304,0.000196
汀洲,长江,0.320897,2.740253,1,11,30,0.002152,0.005869,0.000196
夜来,泉声,0.320897,2.740253,1,22,15,0.004304,0.002934,0.000196
东方,前程,0.320897,2.740253,1,22,15,0.004304,0.002934,0.000196
临风,明时,0.320897,2.740253,1,15,22,0.002934,0.004304,0.000196
临风,归心,0.320897,2.740253,1,15,22,0.002934,0.004304,0.000196
前程,归心,0.320897,2.740253,1,15,22,0.002934,0.004304,0.000196
管弦,门前,0.320897,2.740253,1,11,30,0.002152,0.005869,0.000196
双飞,明年,0.320897,2.740253,1,15,22,0.002934,0.004304,0.000196
明年,高台,0.320897,2.740253,1,22,15,0.004304,0.002934,0.000196
双飞,莲花,0.320897,2.740253,1,15,22,0.002934,0.004304,0.000196
双飞,尘埃,0.320897,2.740253,1,15,22,0.002934,0.004304,0.000196
尘埃,高台,0.320897,2.740253,1,22,15,0.004304,0.002934,0.000196
公卿,双阙,0.320897,2.740253,1,22,15,0.004304,0.002934,0.000196
他年,长江,0.320897,2.740253,1,11,30,0.002152,0.005869,0.000196
婵娟,归心,0.320897,2.740253,1,15,22,0.002934,0.004304,0.000196
东方,人世,0.320897,2.740253,1,22,15,0.004304,0.002934,0.000196
叶落,明日,0.320897,2.740253,1,11,30,0.002152,0.005869,0.000196
婵娟,有情,0.320897,2.740253,1,15,22,0.002934,0.004304,0.000196
婵娟,遥知,0.320897,2.740253,1,15,22,0.002934,0.004304,0.000196
双飞,遥知,0.320897,2.740253,1,15,22,0.002934,0.004304,0.000196
夜雨,阳台,0.320897,2.740253,1,11,30,0.002152,0.005869,0.000196
所思,鬼神,0.320897,2.740253,1,22,15,0.004304,0.002934,0.000196
所思,秋日,0.320897,2.740253,1,22,15,0.004304,0.002934,0.000196
独行,风波,0.320897,2.740253,1,11,30,0.002152,0.005869,0.000196
叶落,风动,0.320897,2.740253,1,11,30,0.002152,0.005869,0.000196
叶落,风波,0.320897,2.740253,1,11,30,0.002152,0.005869,0.000196
先生,鬼神,0.320897,2.740253,1,22,15,0.004304,0.002934,0.000196
夜雨,明日,0.320897,2.740253,1,11,30,0.002152,0.005869,0.000196
春雨,风动,0.320897,2.740253,1,11,30,0.002152,0.005869,0.000196
千秋,月满,0.320897,2.740253,1,30,11,0.005869,0.002152,0.000196
月满,风波,0.320897,2.740253,1,11,30,0.002152,0.005869,0.000196
归心,老去,0.320897,2.740253,1,22,15,0.004304,0.002934,0.000196
明年,老去,0.320897,2.740253,1,22,15,0.004304,0.002934,0.000196
老去,遥知,0.320897,2.740253,1,15,22,0.002934,0.004304,0.000196
江城,独行,0.320897,2.740253,1,30,11,0.005869,0.002152,0.000196
月满,江城,0.320897,2.740253,1,11,30,0.002152,0.005869,0.000196
双阙,春光,0.320897,2.740253,1,15,22,0.002934,0.004304,0.000196
弟子,明年,0.320897,2.740253,1,15,22,0.002934,0.004304,0.000196
秋日,闭门,0.320897,2.740253,1,15,22,0.002934,0.004304,0.000196
楼台,满眼,0.320897,2.740253,1,22,15,0.004304,0.002934,0.000196
尘埃,满眼,0.320897,2.740253,1,22,15,0.004304,0.002934,0.000196
明日,汀洲,0.320897,2.740253,1,30,11,0.005869,0.002152,0.000196
秋声,遥知,0.320897,2.740253,1,15,22,0.002934,0.004304,0.000196
前程,青草,0.320897,2.740253,1,15,22,0.002934,0.004304,0.000196
江城,烟波,0.320897,2.740253,1,30,11,0.005869,0.002152,0.000196
公卿,弟子,0.320897,2.740253,1,22,15,0.004304,0.002934,0.000196
双阙,明时,0.320897,2.740253,1,15,22,0.002934,0.004304,0.000196
双阙,尘埃,0.320897,2.740253,1,15,22,0.002934,0.004304,0.000196
千门,雨中,0.320897,2.740253,1,33,10,0.006455,0.001956,0.000196
关河,相亲,0.320897,2.740253,1,10,33,0.001956,0.006455,0.000196
草色,阙下,0.320897,2.740253,1,33,10,0.006455,0.001956,0.000196
可惜,肠断,0.320897,2.740253,1,10,33,0.001956,0.006455,0.000196
今年,可惜,0.320897,2.740253,1,33,10,0.006455,0.001956,0.000196
笙歌,落花,0.320806,2.51711,2,15,55,0.002934,0.010759,0.000391
东山,人世,0.320806,2.51711,2,55,15,0.010759,0.002934,0.000391
相识,秋日,0.320806,2.51711,2,55,15,0.010759,0.002934,0.000391
功名,肠断,0.320806,2.51711,2,25,33,0.00489,0.006455,0.000391
宫中,日晚,0.320806,2.51711,2,33,25,0.006455,0.00489,0.000391
梨花,相亲,0.320806,2.51711,2,25,33,0.00489,0.006455,0.000391
迢递,逍遥,0.320806,2.51711,2,25,33,0.00489,0.006455,0.000391
万国,逍遥,0.320806,2.51711,2,25,33,0.00489,0.006455,0.000391
自然,逍遥,0.320806,2.51711,2,25,33,0.00489,0.006455,0.000391
相亲,自然,0.320806,2.51711,2,33,25,0.006455,0.00489,0.000391
云间,得意,0.32075,2.386613,3,30,47,0.005869,0.009194,0.000587
双飞,浮云,0.32075,2.386613,3,15,94,0.002934,0.018388,0.000587
浮云,高台,0.32075,2.386613,3,94,15,0.018388,0.002934,0.000587
人生,富贵,0.320629,2.16347,6,75,47,0.014671,0.009194,0.001174
白露,秋月,0.320561,2.22146,5,44,63,0.008607,0.012324,0.000978
青楼,黄金,0.320561,2.22146,5,21,132,0.004108,0.025822,0.000978
富贵,颜色,0.320509,2.221099,5,47,59,0.009194,0.011541,0.000978
少年,男儿,0.320503,2.162619,6,98,36,0.019171,0.007042,0.001174
当年,春风,0.320457,2.220738,5,19,146,0.003717,0.02856,0.000978
君王,春风,0.320447,1.890732,14,74,146,0.014476,0.02856,0.002739
仙人,叹息,0.320393,2.291787,4,53,39,0.010368,0.007629,0.000782
男儿,苦辛,0.320344,2.51348,2,36,23,0.007042,0.004499,0.000391
封侯,男儿,0.320344,2.51348,2,23,36,0.004499,0.007042,0.000391
池上,衣裳,0.320344,2.51348,2,23,36,0.004499,0.007042,0.000391
今朝,台上,0.320344,2.51348,2,36,23,0.007042,0.004499,0.000391
深山,苍梧,0.320344,2.51348,2,23,36,0.004499,0.007042,0.000391
云飞,今朝,0.320344,2.51348,2,23,36,0.004499,0.007042,0.000391
家贫,男儿,0.320344,2.51348,2,23,36,0.004499,0.007042,0.000391
江流,路长,0.320344,2.51348,2,36,23,0.007042,0.004499,0.000391
城中,日出,0.320344,2.51348,2,23,36,0.004499,0.007042,0.000391
世间,青云,0.320344,2.51348,2,9,92,0.001761,0.017997,0.000391
水清,苦辛,0.320344,2.51348,2,36,23,0.007042,0.004499,0.000391
是非,苍梧,0.320344,2.51348,2,23,36,0.004499,0.007042,0.000391
明朝,高楼,0.320325,2.291303,4,44,47,0.008607,0.009194,0.000782
富贵,行路,0.320325,2.291303,4,47,44,0.009194,0.008607,0.000782
天寒,日落,0.32019,2.290336,4,46,45,0.008998,0.008803,0.000782
青天,青苔,0.320179,2.382367,3,59,24,0.011541,0.004695,0.000587
思君,颜色,0.320179,2.382367,3,24,59,0.004695,0.011541,0.000587
天子,承恩,0.31999,2.217499,5,121,23,0.02367,0.004499,0.000978
白马,黄河,0.319938,2.21714,5,58,48,0.011346,0.00939,0.000978
东南,孤舟,0.319938,2.21714,5,48,58,0.00939,0.011346,0.000978
丈夫,相亲,0.319895,2.380251,3,43,33,0.008412,0.006455,0.000587
归去,湘水,0.319895,2.380251,3,43,33,0.008412,0.006455,0.000587
曲江,蛾眉,0.319838,2.731204,1,9,37,0.001761,0.007238,0.000196
世间,咸阳,0.319838,2.731204,1,9,37,0.001761,0.007238,0.000196
昆仑,曲江,0.319838,2.731204,1,37,9,0.007238,0.001761,0.000196
曲江,青春,0.319838,2.731204,1,9,37,0.001761,0.007238,0.000196
曲江,歌舞,0.319838,2.731204,1,9,37,0.001761,0.007238,0.000196
今已,雨雪,0.319729,2.508661,2,26,32,0.005086,0.00626,0.000391
经过,自言,0.319729,2.508661,2,32,26,0.00626,0.005086,0.000391
帝城,相随,0.319729,2.508661,2,32,26,0.00626,0.005086,0.000391
帝城,自言,0.319729,2.508661,2,32,26,0.00626,0.005086,0.000391
千金,送客,0.319729,2.508661,2,32,26,0.00626,0.005086,0.000391
千金,柳色,0.319729,2.508661,2,32,26,0.00626,0.005086,0.000391
万户,帝城,0.319729,2.508661,2,26,32,0.005086,0.00626,0.000391
八月,鸳鸯,0.319729,2.508661,2,26,32,0.005086,0.00626,0.000391
柳色,鸳鸯,0.319729,2.508661,2,26,32,0.005086,0.00626,0.000391
未央,鸳鸯,0.319729,2.508661,2,26,32,0.005086,0.00626,0.000391
世事,自言,0.319729,2.508661,2,32,26,0.00626,0.005086,0.000391
相随,读书,0.319729,2.508661,2,26,32,0.005086,0.00626,0.000391
林下,翠微,0.319729,2.508661,2,32,26,0.00626,0.005086,0.000391
千金,自言,0.319729,2.508661,2,32,26,0.00626,0.005086,0.000391
青松,风霜,0.319729,2.508661,2,32,26,0.00626,0.005086,0.000391
人心,高秋,0.319729,2.508661,2,26,32,0.005086,0.00626,0.000391
东海,人心,0.319729,2.508661,2,32,26,0.00626,0.005086,0.000391
白首,草绿,0.319729,2.508661,2,52,16,0.010172,0.00313,0.000391
扬州,海上,0.319729,2.508661,2,16,52,0.00313,0.010172,0.000391
故园,楚水,0.319729,2.508661,2,52,16,0.010172,0.00313,0.000391
海上,草绿,0.319729,2.508661,2,52,16,0.010172,0.00313,0.000391
武陵,马蹄,0.319729,2.508661,2,32,26,0.00626,0.005086,0.000391
八月,高秋,0.319729,2.508661,2,26,32,0.005086,0.00626,0.000391
世事,生涯,0.319729,2.508661,2,32,26,0.00626,0.005086,0.000391
断肠,杨柳,0.319705,2.378842,3,29,49,0.005673,0.009585,0.000587
天下,纵横,0.319623,2.156684,6,91,39,0.017801,0.007629,0.001174
功成,黄金,0.3194,2.105947,7,33,132,0.006455,0.025822,0.001369
乾坤,回首,0.31921,2.024469,9,62,98,0.012128,0.019171,0.001761
天子,旌旗,0.319168,2.061797,8,121,43,0.02367,0.008412,0.001565
交亲,清风,0.319136,2.725215,1,5,67,0.000978,0.013106,0.000196
垂杨,行路,0.319118,2.503865,2,19,44,0.003717,0.008607,0.000391
君恩,行路,0.319118,2.503865,2,19,44,0.003717,0.008607,0.000391
诸侯,黄昏,0.319118,2.503865,2,44,19,0.008607,0.003717,0.000391
对酒,闭门,0.319118,2.503865,2,38,22,0.007433,0.004304,0.000391
岁月,青草,0.319118,2.503865,2,38,22,0.007433,0.004304,0.000391
公卿,岁月,0.319118,2.503865,2,22,38,0.004304,0.007433,0.000391
相忆,蓬莱,0.319045,2.373928,3,34,42,0.006651,0.008216,0.000587
世间,十年,0.318966,2.502669,2,9,93,0.001761,0.018192,0.000391
山路,渭水,0.318966,2.502669,2,27,31,0.005282,0.006064,0.000391
山路,鸟飞,0.318966,2.502669,2,27,31,0.005282,0.006064,0.000391
随风,鸟飞,0.318966,2.502669,2,27,31,0.005282,0.006064,0.000391
消息,罗衣,0.318966,2.502669,2,31,27,0.006064,0.005282,0.000391
江上,路难,0.318873,2.151625,6,87,41,0.017019,0.00802,0.001174
人心,落花,0.318857,2.372529,3,26,55,0.005086,0.010759,0.000587
八月,北风,0.318857,2.372529,3,26,55,0.005086,0.010759,0.000587
北风,对酒,0.318846,2.280721,4,55,38,0.010759,0.007433,0.000782
感激,沧海,0.318846,2.280721,4,38,55,0.007433,0.010759,0.000782
南宫,相送,0.318787,2.722235,1,12,28,0.002347,0.005477,0.000196
东西,独自,0.318787,2.722235,1,28,12,0.005477,0.002347,0.000196
依然,野花,0.318787,2.722235,1,28,12,0.005477,0.002347,0.000196
咫尺,永日,0.318787,2.722235,1,28,12,0.005477,0.002347,0.000196
名利,风流,0.318787,2.722235,1,7,48,0.001369,0.00939,0.000196
巫山,无力,0.318787,2.722235,1,42,8,0.008216,0.001565,0.000196
文字,黄河,0.318787,2.722235,1,7,48,0.001369,0.00939,0.000196
东南,文字,0.318787,2.722235,1,48,7,0.00939,0.001369,0.000196
永日,相送,0.318787,2.722235,1,12,28,0.002347,0.005477,0.000196
东流,霓裳,0.318787,2.722235,1,48,7,0.00939,0.001369,0.000196
霓裳,黄河,0.318787,2.722235,1,7,48,0.001369,0.00939,0.000196
佳人,宛转,0.318787,2.722235,1,28,12,0.005477,0.002347,0.000196
所以,零落,0.318787,2.722235,1,16,21,0.00313,0.004108,0.000196
草绿,零落,0.318787,2.722235,1,16,21,0.00313,0.004108,0.000196
东流,名利,0.318787,2.722235,1,48,7,0.00939,0.001369,0.000196
名利,黄河,0.318787,2.722235,1,7,48,0.001369,0.00939,0.000196
楼上,红粉,0.318787,2.722235,1,21,16,0.004108,0.00313,0.000196
回头,零落,0.318787,2.722235,1,16,21,0.00313,0.004108,0.000196
愁人,氛氲,0.318787,2.722235,1,12,28,0.002347,0.005477,0.000196
独自,相送,0.318787,2.722235,1,12,28,0.002347,0.005477,0.000196
今来,月中,0.318787,2.722235,1,28,12,0.005477,0.002347,0.000196
蹉跎,风月,0.318787,2.722235,1,48,7,0.00939,0.001369,0.000196
相访,莺啼,0.318787,2.722235,1,24,14,0.004695,0.002739,0.000196
楚水,陌上,0.318787,2.722235,1,16,21,0.00313,0.004108,0.000196
楼上,草绿,0.318787,2.722235,1,21,16,0.004108,0.00313,0.000196
北阙,草绿,0.318787,2.722235,1,21,16,0.004108,0.00313,0.000196
宫殿,红粉,0.318787,2.722235,1,21,16,0.004108,0.00313,0.000196
怜君,殷勤,0.318787,2.722235,1,16,21,0.00313,0.004108,0.000196
殷勤,草绿,0.318787,2.722235,1,21,16,0.004108,0.00313,0.000196
楚水,殷勤,0.318787,2.722235,1,16,21,0.00313,0.004108,0.000196
怜君,青楼,0.318787,2.722235,1,16,21,0.00313,0.004108,0.000196
草绿,青楼,0.318787,2.722235,1,16,21,0.00313,0.004108,0.000196
南宫,咫尺,0.318787,2.722235,1,12,28,0.002347,0.005477,0.000196
相送,野花,0.318787,2.722235,1,28,12,0.005477,0.002347,0.000196
怜君,花飞,0.318787,2.722235,1,16,21,0.00313,0.004108,0.000196
怜君,陌上,0.318787,2.722235,1,16,21,0.00313,0.004108,0.000196
北阙,莓苔,0.318787,2.722235,1,21,16,0.004108,0.00313,0.000196
山河,时节,0.318787,2.722235,1,42,8,0.008216,0.001565,0.000196
寒山,满地,0.318787,2.722235,1,28,12,0.005477,0.002347,0.000196
萧索,马嘶,0.318787,2.722235,1,24,14,0.004695,0.002739,0.000196
波涛,经年,0.318787,2.722235,1,24,14,0.004695,0.002739,0.000196
九重,子孙,0.318787,2.722235,1,16,21,0.00313,0.004108,0.000196
寻常,相望,0.318787,2.722235,1,7,48,0.001369,0.00939,0.000196
时节,蛟龙,0.318787,2.722235,1,8,42,0.001565,0.008216,0.000196
九重,宫殿,0.318787,2.722235,1,16,21,0.00313,0.004108,0.000196
往来,无力,0.318787,2.722235,1,42,8,0.008216,0.001565,0.000196
孤云,宛转,0.318787,2.722235,1,28,12,0.005477,0.002347,0.000196
佳人,满地,0.318787,2.722235,1,28,12,0.005477,0.002347,0.000196
月夜,石上,0.318787,2.722235,1,14,24,0.002739,0.004695,0.000196
昔时,满地,0.318787,2.722235,1,28,12,0.005477,0.002347,0.000196
池塘,神仙,0.318787,2.722235,1,7,48,0.001369,0.00939,0.000196
池塘,风流,0.318787,2.722235,1,7,48,0.001369,0.00939,0.000196
可怜,池塘,0.318787,2.722235,1,48,7,0.00939,0.001369,0.000196
寒山,月落,0.318787,2.722235,1,28,12,0.005477,0.002347,0.000196
年华,水流,0.318787,2.722235,1,6,56,0.001174,0.010955,0.000196
故山,马嘶,0.318787,2.722235,1,24,14,0.004695,0.002739,0.000196
扬州,殷勤,0.318787,2.722235,1,16,21,0.00313,0.004108,0.000196
孤云,永日,0.318787,2.722235,1,28,12,0.005477,0.002347,0.000196
巫山,徘徊,0.318787,2.722235,1,42,8,0.008216,0.001565,0.000196
微雨,相送,0.318787,2.722235,1,12,28,0.002347,0.005477,0.000196
相送,黄叶,0.318787,2.722235,1,28,12,0.005477,0.002347,0.000196
同心,相思,0.318779,2.280243,4,17,123,0.003326,0.024061,0.000782
思归,月出,0.31851,2.499091,2,28,30,0.005477,0.005869,0.000391
月色,门前,0.31851,2.499091,2,28,30,0.005477,0.005869,0.000391
月色,花发,0.31851,2.499091,2,28,30,0.005477,0.005869,0.000391
春日,氛氲,0.31851,2.499091,2,30,28,0.005869,0.005477,0.000391
落叶,风波,0.31851,2.499091,2,28,30,0.005477,0.005869,0.000391
双飞,昨夜,0.31851,2.499091,2,15,56,0.002934,0.010955,0.000391
孤云,日夜,0.31851,2.499091,2,28,30,0.005477,0.005869,0.000391
从容,苍生,0.31851,2.499091,2,15,56,0.002934,0.010955,0.000391
从容,君子,0.31851,2.499091,2,15,56,0.002934,0.010955,0.000391
笙歌,苍生,0.31851,2.499091,2,15,56,0.002934,0.010955,0.000391
向东,月明,0.31851,2.499091,2,24,35,0.004695,0.006847,0.000391
才子,月下,0.31851,2.499091,2,35,24,0.006847,0.004695,0.000391
氛氲,阳台,0.31851,2.499091,2,28,30,0.005477,0.005869,0.000391
行乐,造化,0.31851,2.499091,2,24,35,0.004695,0.006847,0.000391
佳人,阳台,0.31851,2.499091,2,28,30,0.005477,0.005869,0.000391
双飞,君子,0.31851,2.499091,2,15,56,0.002934,0.010955,0.000391
中原,相访,0.31851,2.499091,2,35,24,0.006847,0.004695,0.000391
波涛,花开,0.31851,2.499091,2,24,35,0.004695,0.006847,0.000391
月色,江城,0.31851,2.499091,2,28,30,0.005477,0.005869,0.000391
空山,鬼神,0.31851,2.499091,2,56,15,0.010955,0.002934,0.000391
相送,青门,0.31851,2.499091,2,28,30,0.005477,0.005869,0.000391
相访,远山,0.31851,2.499091,2,24,35,0.004695,0.006847,0.000391
今来,门前,0.31851,2.499091,2,28,30,0.005477,0.005869,0.000391
寥落,远近,0.31851,2.499091,2,24,35,0.004695,0.006847,0.000391
生死,走马,0.31851,2.499091,2,20,42,0.003912,0.008216,0.000391
苍苔,走马,0.31851,2.499091,2,20,42,0.003912,0.008216,0.000391
万事,子孙,0.31851,2.499091,2,40,21,0.007825,0.004108,0.000391
百尺,走马,0.31851,2.499091,2,20,42,0.003912,0.008216,0.000391
秋草,闲居,0.31851,2.499091,2,42,20,0.008216,0.003912,0.000391
蓬莱,鱼龙,0.31851,2.499091,2,42,20,0.008216,0.003912,0.000391
往来,风飘,0.31851,2.499091,2,42,20,0.008216,0.003912,0.000391
蛟龙,阳春,0.31851,2.499091,2,42,20,0.008216,0.003912,0.000391
古今,蓬莱,0.31851,2.499091,2,20,42,0.003912,0.008216,0.000391
巫山,风飘,0.31851,2.499091,2,42,20,0.008216,0.003912,0.000391
万事,零落,0.31851,2.499091,2,40,21,0.007825,0.004108,0.000391
古今,巫山,0.31851,2.499091,2,20,42,0.003912,0.008216,0.000391
万事,花飞,0.31851,2.499091,2,40,21,0.007825,0.004108,0.000391
万事,芳菲,0.31851,2.499091,2,40,21,0.007825,0.004108,0.000391
霄汉,飘飖,0.31851,2.499091,2,21,40,0.004108,0.007825,0.000391
宫殿,朝廷,0.31851,2.499091,2,21,40,0.004108,0.007825,0.000391
巫山,鱼龙,0.31851,2.499091,2,42,20,0.008216,0.003912,0.000391
万物,秋天,0.318358,2.497902,2,29,29,0.005673,0.005673,0.000391
断肠,日照,0.318358,2.497902,2,29,29,0.005673,0.005673,0.000391
伤心,兄弟,0.318358,2.497902,2,29,29,0.005673,0.005673,0.000391
桃花,阳台,0.318179,2.275948,4,70,30,0.013693,0.005869,0.000782
桃花,门前,0.318179,2.275948,4,70,30,0.013693,0.005869,0.000782
中原,茫茫,0.318179,2.275948,4,35,60,0.006847,0.011737,0.000782
佳人,南山,0.318179,2.275948,4,28,75,0.005477,0.014671,0.000782
柳色,猿声,0.318092,2.7163,1,26,13,0.005086,0.002543,0.000196
岁寒,自言,0.318092,2.7163,1,13,26,0.002543,0.005086,0.000196
相寻,自言,0.318092,2.7163,1,13,26,0.002543,0.005086,0.000196
南北,自言,0.318092,2.7163,1,13,26,0.002543,0.005086,0.000196
今已,岁寒,0.318092,2.7163,1,26,13,0.005086,0.002543,0.000196
人心,岁寒,0.318092,2.7163,1,26,13,0.005086,0.002543,0.000196
今已,相寻,0.318092,2.7163,1,26,13,0.005086,0.002543,0.000196
今已,南北,0.318092,2.7163,1,26,13,0.005086,0.002543,0.000196
人心,相寻,0.318092,2.7163,1,26,13,0.005086,0.002543,0.000196
人心,南北,0.318092,2.7163,1,26,13,0.005086,0.002543,0.000196
猿声,翡翠,0.318092,2.7163,1,13,26,0.002543,0.005086,0.000196
八月,猿声,0.318092,2.7163,1,26,13,0.005086,0.002543,0.000196
多少,相随,0.318092,2.7163,1,13,26,0.002543,0.005086,0.000196
猿啼,送客,0.318092,2.7163,1,13,26,0.002543,0.005086,0.000196
竹林,阑干,0.318092,2.7163,1,26,13,0.005086,0.002543,0.000196
看花,竹林,0.318092,2.7163,1,13,26,0.002543,0.005086,0.000196
万户,绮罗,0.318092,2.7163,1,26,13,0.005086,0.002543,0.000196
相寻,竹林,0.318092,2.7163,1,13,26,0.002543,0.005086,0.000196
看花,马蹄,0.318092,2.7163,1,13,26,0.002543,0.005086,0.000196
万户,钓鱼,0.318092,2.7163,1,26,13,0.005086,0.002543,0.000196
圣朝,梦魂,0.318092,2.7163,1,26,13,0.005086,0.002543,0.000196
八月,阑干,0.318092,2.7163,1,26,13,0.005086,0.002543,0.000196
阑干,马蹄,0.318092,2.7163,1,13,26,0.002543,0.005086,0.000196
今已,钓鱼,0.318092,2.7163,1,26,13,0.005086,0.002543,0.000196
人心,钓鱼,0.318092,2.7163,1,26,13,0.005086,0.002543,0.000196
梦魂,相随,0.318092,2.7163,1,13,26,0.002543,0.005086,0.000196
多少,生涯,0.318092,2.7163,1,13,26,0.002543,0.005086,0.000196
八月,多少,0.318092,2.7163,1,26,13,0.005086,0.002543,0.000196
八月,瑶池,0.318092,2.7163,1,26,13,0.005086,0.002543,0.000196
瑶池,翠微,0.318092,2.7163,1,13,26,0.002543,0.005086,0.000196
多少,翡翠,0.318092,2.7163,1,13,26,0.002543,0.005086,0.000196
生涯,看花,0.318092,2.7163,1,26,13,0.005086,0.002543,0.000196
浮云,门前,0.318084,2.204292,5,94,30,0.018388,0.005869,0.000978
相访,茫茫,0.31792,2.36556,3,24,60,0.004695,0.011737,0.000587
天涯,憔悴,0.31792,2.36556,3,45,32,0.008803,0.00626,0.000587
东流,云间,0.31792,2.36556,3,48,30,0.00939,0.005869,0.000587
临水,明主,0.31792,2.36556,3,18,80,0.003521,0.015649,0.000587
杯酒,淹留,0.31792,2.36556,3,32,45,0.00626,0.008803,0.000587
东南,日夜,0.31792,2.36556,3,48,30,0.00939,0.005869,0.000587
东南,江城,0.31792,2.36556,3,48,30,0.00939,0.005869,0.000587
寥落,茫茫,0.31792,2.36556,3,24,60,0.004695,0.011737,0.000587
明日,相望,0.31792,2.36556,3,30,48,0.005869,0.00939,0.000587
东南,谢公,0.31792,2.36556,3,48,30,0.00939,0.005869,0.000587
向人,相逢,0.31792,2.36556,3,15,96,0.002934,0.018779,0.000587
风尘,鬼神,0.31792,2.36556,3,96,15,0.018779,0.002934,0.000587
忆昔,萧条,0.31778,2.273095,4,27,78,0.005282,0.015258,0.000782
绿水,芙蓉,0.31778,2.273095,4,39,54,0.007629,0.010563,0.000782
瑶池,美人,0.317753,2.493157,2,13,65,0.002543,0.012715,0.000391
咸阳,白日,0.317658,2.052043,8,37,142,0.007238,0.027778,0.001565
凤凰,空馀,0.317647,2.272145,4,62,34,0.012128,0.006651,0.000782
咸阳,意气,0.317641,2.363479,3,37,39,0.007238,0.007629,0.000587
独立,青春,0.317641,2.363479,3,39,37,0.007629,0.007238,0.000587
得意,无情,0.317603,2.491974,2,47,18,0.009194,0.003521,0.000391
山中,山僧,0.317603,2.491974,2,47,18,0.009194,0.003521,0.000391
山中,烟霞,0.317603,2.491974,2,47,18,0.009194,0.003521,0.000391
咸阳,汉家,0.317581,2.271671,4,37,57,0.007238,0.01115,0.000782
丹青,感激,0.317547,2.362786,3,38,38,0.007433,0.007433,0.000587
少年,百年,0.317532,2.093626,7,98,45,0.019171,0.008803,0.001369
悠悠,淹留,0.317532,2.093626,7,98,45,0.019171,0.008803,0.001369
佳期,连天,0.317401,2.7104,1,20,17,0.003912,0.003326,0.000196
生死,龙门,0.317401,2.7104,1,20,17,0.003912,0.003326,0.000196
月光,闲居,0.317401,2.7104,1,17,20,0.003326,0.003912,0.000196
夜深,闲居,0.317401,2.7104,1,17,20,0.003326,0.003912,0.000196
梦中,阳城,0.317401,2.7104,1,17,20,0.003326,0.003912,0.000196
连天,阳城,0.317401,2.7104,1,17,20,0.003326,0.003912,0.000196
庭前,闲居,0.317401,2.7104,1,17,20,0.003326,0.003912,0.000196
昔日,鱼龙,0.317401,2.7104,1,17,20,0.003326,0.003912,0.000196
今夜,须臾,0.317401,2.7104,1,17,20,0.003326,0.003912,0.000196
庭前,风飘,0.317401,2.7104,1,17,20,0.003326,0.003912,0.000196
古今,庭前,0.317401,2.7104,1,20,17,0.003912,0.003326,0.000196
庭前,阳春,0.317401,2.7104,1,17,20,0.003326,0.003912,0.000196
同心,自怜,0.317401,2.7104,1,17,20,0.003326,0.003912,0.000196
庭前,玉树,0.317401,2.7104,1,17,20,0.003326,0.003912,0.000196
梦里,阳春,0.317401,2.7104,1,17,20,0.003326,0.003912,0.000196
梦里,骑马,0.317401,2.7104,1,17,20,0.003326,0.003912,0.000196
君心,百尺,0.317401,2.7104,1,17,20,0.003326,0.003912,0.000196
月光,玉树,0.317401,2.7104,1,17,20,0.003326,0.003912,0.000196
天台,月光,0.317401,2.7104,1,20,17,0.003912,0.003326,0.000196
相忆,绿杨,0.317401,2.7104,1,34,10,0.006651,0.001956,0.000196
同心,阳春,0.317401,2.7104,1,17,20,0.003326,0.003912,0.000196
同心,玉树,0.317401,2.7104,1,17,20,0.003326,0.003912,0.000196
可惜,相忆,0.317401,2.7104,1,10,34,0.001956,0.006651,0.000196
杜陵,连天,0.317401,2.7104,1,20,17,0.003912,0.003326,0.000196
望乡,梦里,0.317401,2.7104,1,20,17,0.003912,0.003326,0.000196
城下,骑马,0.317401,2.7104,1,17,20,0.003326,0.003912,0.000196
十里,自怜,0.317401,2.7104,1,17,20,0.003326,0.003912,0.000196
杜陵,细雨,0.317401,2.7104,1,20,17,0.003912,0.003326,0.000196
细雨,苍苔,0.317401,2.7104,1,17,20,0.003326,0.003912,0.000196
朱门,杜陵,0.317401,2.7104,1,17,20,0.003326,0.003912,0.000196
佳期,夜深,0.317401,2.7104,1,20,17,0.003912,0.003326,0.000196
十里,骑马,0.317401,2.7104,1,17,20,0.003326,0.003912,0.000196
春水,花时,0.317401,2.7104,1,34,10,0.006651,0.001956,0.000196
早晚,龙门,0.317401,2.7104,1,20,17,0.003912,0.003326,0.000196
夜深,晚来,0.317401,2.7104,1,17,20,0.003326,0.003912,0.000196
日斜,鱼龙,0.317401,2.7104,1,17,20,0.003326,0.003912,0.000196
日斜,秋雨,0.317401,2.7104,1,17,20,0.003326,0.003912,0.000196
朱门,秋雨,0.317401,2.7104,1,17,20,0.003326,0.003912,0.000196
苍苔,连天,0.317401,2.7104,1,20,17,0.003912,0.003326,0.000196
十里,阳城,0.317401,2.7104,1,17,20,0.003326,0.003912,0.000196
山下,物外,0.317401,2.7104,1,34,10,0.006651,0.001956,0.000196
他人,黄金,0.317382,2.27025,4,16,132,0.00313,0.025822,0.000782
诸侯,风流,0.317382,2.27025,4,44,48,0.008607,0.00939,0.000782
行路,风流,0.317382,2.27025,4,44,48,0.008607,0.00939,0.000782
渭水,芳树,0.317057,2.707464,1,31,11,0.006064,0.002152,0.000196
清明,渭水,0.317057,2.707464,1,11,31,0.002152,0.006064,0.000196
万年,鸟飞,0.317057,2.707464,1,11,31,0.002152,0.006064,0.000196
渭水,风光,0.317057,2.707464,1,31,11,0.006064,0.002152,0.000196
叶落,山阴,0.317057,2.707464,1,11,31,0.002152,0.006064,0.000196
春雨,鸟飞,0.317057,2.707464,1,11,31,0.002152,0.006064,0.000196
夜雨,鸟飞,0.317057,2.707464,1,11,31,0.002152,0.006064,0.000196
夜雨,山阴,0.317057,2.707464,1,11,31,0.002152,0.006064,0.000196
山阴,独行,0.317057,2.707464,1,31,11,0.006064,0.002152,0.000196
月满,消息,0.317057,2.707464,1,11,31,0.002152,0.006064,0.000196
山阴,春雨,0.317057,2.707464,1,31,11,0.006064,0.002152,0.000196
楼前,消息,0.317057,2.707464,1,11,31,0.002152,0.006064,0.000196
云深,消息,0.317057,2.707464,1,11,31,0.002152,0.006064,0.000196
山阴,汀洲,0.317057,2.707464,1,31,11,0.006064,0.002152,0.000196
人生,颜色,0.317017,2.090231,7,75,59,0.014671,0.011541,0.001369
人生,青天,0.317017,2.090231,7,75,59,0.014671,0.011541,0.001369
年年,朱门,0.317002,2.487257,2,50,17,0.009781,0.003326,0.000391
君心,白雪,0.317002,2.487257,2,17,50,0.003326,0.009781,0.000391
光辉,太平,0.317002,2.487257,2,50,17,0.009781,0.003326,0.000391
日斜,衣冠,0.317002,2.487257,2,17,50,0.003326,0.009781,0.000391
空馀,鹦鹉,0.317002,2.487257,2,34,25,0.006651,0.00489,0.000391
月光,苍茫,0.317002,2.487257,2,17,50,0.003326,0.009781,0.000391
别后,相忆,0.317002,2.487257,2,25,34,0.00489,0.006651,0.000391
自然,裴回,0.31699,2.358639,3,25,58,0.00489,0.011346,0.000587
日晚,白马,0.31699,2.358639,3,25,58,0.00489,0.011346,0.000587
杨柳,白马,0.316962,2.196521,5,49,58,0.009585,0.011346,0.000978
壮士,白马,0.316962,2.196521,5,49,58,0.009585,0.011346,0.000978
洞庭,苍梧,0.316861,2.195817,5,79,36,0.015454,0.007042,0.000978
仙人,飘飖,0.316853,2.266469,4,53,40,0.010368,0.007825,0.000782
承恩,蛾眉,0.316852,2.486081,2,23,37,0.004499,0.007238,0.000391
九天,归路,0.316852,2.486081,2,23,37,0.004499,0.007238,0.000391
自知,蛾眉,0.316852,2.486081,2,23,37,0.004499,0.007238,0.000391
歌舞,窈窕,0.316852,2.486081,2,37,23,0.007238,0.004499,0.000391
云飞,蛾眉,0.316852,2.486081,2,23,37,0.004499,0.007238,0.000391
咸阳,圣人,0.316852,2.486081,2,37,23,0.007238,0.004499,0.000391
今年,古来,0.316805,2.357261,3,33,44,0.006455,0.008607,0.000587
千门,诸侯,0.316805,2.357261,3,33,44,0.006455,0.008607,0.000587
宫中,白露,0.316805,2.357261,3,33,44,0.006455,0.008607,0.000587
功成,行路,0.316805,2.357261,3,33,44,0.006455,0.008607,0.000587
垂杨,路傍,0.316715,2.704535,1,19,18,0.003717,0.003521,0.000196
临水,含情,0.316715,2.704535,1,18,19,0.003521,0.003717,0.000196
微风,心事,0.316715,2.704535,1,18,19,0.003521,0.003717,0.000196
垂杨,微风,0.316715,2.704535,1,19,18,0.003717,0.003521,0.000196
世间,黄鹤,0.316715,2.704535,1,9,38,0.001761,0.007433,0.000196
登楼,风景,0.316715,2.704535,1,18,19,0.003521,0.003717,0.000196
重阳,镜中,0.316715,2.704535,1,19,18,0.003717,0.003521,0.000196
含情,星辰,0.316715,2.704535,1,19,18,0.003717,0.003521,0.000196
无限,碧云,0.316715,2.704535,1,19,18,0.003717,0.003521,0.000196
北斗,吟诗,0.316715,2.704535,1,38,9,0.007433,0.001761,0.000196
旧游,风景,0.316715,2.704535,1,18,19,0.003521,0.003717,0.000196
对酒,曲江,0.316715,2.704535,1,38,9,0.007433,0.001761,0.000196
旧游,骨肉,0.316715,2.704535,1,18,19,0.003521,0.003717,0.000196
丹青,春深,0.316715,2.704535,1,38,9,0.007433,0.001761,0.000196
心事,星辰,0.316715,2.704535,1,19,18,0.003717,0.003521,0.000196
凄凉,含情,0.316715,2.704535,1,18,19,0.003521,0.003717,0.000196
无限,登楼,0.316715,2.704535,1,19,18,0.003717,0.003521,0.000196
含情,登楼,0.316715,2.704535,1,19,18,0.003717,0.003521,0.000196
临水,楚客,0.316715,2.704535,1,18,19,0.003521,0.003717,0.000196
曲江,黄鹤,0.316715,2.704535,1,9,38,0.001761,0.007433,0.000196
摇落,黄昏,0.316715,2.704535,1,18,19,0.003521,0.003717,0.000196
依旧,感激,0.316715,2.704535,1,9,38,0.001761,0.007433,0.000196
依旧,北斗,0.316715,2.704535,1,9,38,0.001761,0.007433,0.000196
辛苦,重阳,0.316715,2.704535,1,18,19,0.003521,0.003717,0.000196
山高,玉堂,0.316715,2.704535,1,18,19,0.003521,0.003717,0.000196
星辰,玉堂,0.316715,2.704535,1,18,19,0.003521,0.003717,0.000196
路傍,骨肉,0.316715,2.704535,1,18,19,0.003521,0.003717,0.000196
君恩,烟霞,0.316715,2.704535,1,19,18,0.003717,0.003521,0.000196
山川,颜色,0.31659,2.264584,4,36,59,0.007042,0.011541,0.000782
北斗,南山,0.316557,2.19371,5,38,75,0.007433,0.014671,0.000978
别离,黄鹤,0.316557,2.19371,5,75,38,0.014671,0.007433,0.000978
功名,落日,0.316483,2.135496,6,25,145,0.00489,0.028365,0.001174
仙人,天地,0.316478,1.973799,10,53,134,0.010368,0.026213,0.001956
昨夜,未央,0.316435,2.35451,3,56,26,0.010955,0.005086,0.000587
寒山,日夕,0.316435,2.35451,3,28,52,0.005477,0.010172,0.000587
水流,竹林,0.316435,2.35451,3,56,26,0.010955,0.005086,0.000587
圣朝,至今,0.316435,2.35451,3,26,56,0.005086,0.010955,0.000587
人稀,日月,0.316403,2.482562,2,14,61,0.002739,0.011933,0.000391
白玉,霓裳,0.316373,2.701616,1,49,7,0.009585,0.001369,0.000196
名利,白玉,0.316373,2.701616,1,7,49,0.001369,0.009585,0.000196
池塘,白玉,0.316373,2.701616,1,7,49,0.001369,0.009585,0.000196
寻常,白玉,0.316373,2.701616,1,7,49,0.001369,0.009585,0.000196
白玉,风月,0.316373,2.701616,1,49,7,0.009585,0.001369,0.000196
杨柳,风月,0.316373,2.701616,1,49,7,0.009585,0.001369,0.000196
池塘,花落,0.316373,2.701616,1,7,49,0.001369,0.009585,0.000196
汉家,秋日,0.316254,2.481392,2,57,15,0.01115,0.002934,0.000391
天上,老去,0.316254,2.481392,2,57,15,0.01115,0.002934,0.000391
知己,笙歌,0.316254,2.481392,2,57,15,0.01115,0.002934,0.000391
双飞,天上,0.316254,2.481392,2,15,57,0.002934,0.01115,0.000391
扁舟,高台,0.316254,2.481392,2,57,15,0.01115,0.002934,0.000391
白头,随风,0.316251,2.353137,3,54,27,0.010563,0.005282,0.000587
芙蓉,随风,0.316251,2.353137,3,54,27,0.010563,0.005282,0.000587
万古,河汉,0.316251,2.353137,3,54,27,0.010563,0.005282,0.000587
忆昔,登高,0.316251,2.353137,3,27,54,0.005282,0.010563,0.000587
行人,远客,0.316066,2.351767,3,73,20,0.01428,0.003912,0.000587
早晚,行人,0.316066,2.351767,3,20,73,0.003912,0.01428,0.000587
桃李,玉树,0.316066,2.351767,3,73,20,0.01428,0.003912,0.000587
桃李,风飘,0.316066,2.351767,3,73,20,0.01428,0.003912,0.000587
古今,桃李,0.316066,2.351767,3,20,73,0.003912,0.01428,0.000587
故园,路难,0.316064,2.260825,4,52,41,0.010172,0.00802,0.000782
无力,昨日,0.316032,2.698704,1,8,43,0.001565,0.008412,0.000196
丈夫,时节,0.316032,2.698704,1,43,8,0.008412,0.001565,0.000196
徘徊,昨日,0.316032,2.698704,1,8,43,0.001565,0.008412,0.000196
仙人,登高,0.315951,2.189508,5,53,54,0.010368,0.010563,0.000978
有情,相看,0.315808,2.477889,2,22,39,0.004304,0.007629,0.000391
今已,肠断,0.315808,2.477889,2,26,33,0.005086,0.006455,0.000391
柳色,相亲,0.315808,2.477889,2,26,33,0.005086,0.006455,0.000391
宫中,柳色,0.315808,2.477889,2,33,26,0.006455,0.005086,0.000391
相亲,翡翠,0.315808,2.477889,2,33,26,0.006455,0.005086,0.000391
未央,相亲,0.315808,2.477889,2,26,33,0.005086,0.006455,0.000391
东方,道路,0.315808,2.477889,2,22,39,0.004304,0.007629,0.000391
明时,芳草,0.315808,2.477889,2,22,39,0.004304,0.007629,0.000391
叹息,莲花,0.315808,2.477889,2,39,22,0.007629,0.004304,0.000391
公卿,逶迤,0.315808,2.477889,2,22,39,0.004304,0.007629,0.000391
绿水,莲花,0.315808,2.477889,2,39,22,0.007629,0.004304,0.000391
尘埃,绿水,0.315808,2.477889,2,22,39,0.004304,0.007629,0.000391
叹息,明年,0.315808,2.477889,2,39,22,0.007629,0.004304,0.000391
今已,清晨,0.315808,2.477889,2,26,33,0.005086,0.006455,0.000391
公卿,金陵,0.315808,2.477889,2,22,39,0.004304,0.007629,0.000391
楼台,金陵,0.315808,2.477889,2,22,39,0.004304,0.007629,0.000391
单于,青草,0.315808,2.477889,2,39,22,0.007629,0.004304,0.000391
流年,萧条,0.315808,2.477889,2,11,78,0.002152,0.015258,0.000391
所思,独立,0.315808,2.477889,2,22,39,0.004304,0.007629,0.000391
意气,春光,0.315808,2.477889,2,39,22,0.007629,0.004304,0.000391
寥落,终日,0.315699,2.349031,3,24,61,0.004695,0.011933,0.000587
富贵,日月,0.315699,2.187762,5,47,61,0.009194,0.011933,0.000978
参差,高台,0.315692,2.695802,1,23,15,0.004499,0.002934,0.000196
从容,承恩,0.315692,2.695802,1,15,23,0.002934,0.004499,0.000196
双阙,窈窕,0.315692,2.695802,1,15,23,0.002934,0.004499,0.000196
双阙,圣人,0.315692,2.695802,1,15,23,0.002934,0.004499,0.000196
临风,潺湲,0.315692,2.695802,1,15,23,0.002934,0.004499,0.000196
泉声,深山,0.315692,2.695802,1,15,23,0.002934,0.004499,0.000196
人情,花枝,0.315692,2.695802,1,23,15,0.004499,0.002934,0.000196
云飞,从容,0.315692,2.695802,1,23,15,0.004499,0.002934,0.000196
承恩,道士,0.315692,2.695802,1,23,15,0.004499,0.002934,0.000196
参差,弟子,0.315692,2.695802,1,23,15,0.004499,0.002934,0.000196
弟子,自知,0.315692,2.695802,1,15,23,0.002934,0.004499,0.000196
窈窕,高台,0.315692,2.695802,1,23,15,0.004499,0.002934,0.000196
参差,鬼神,0.315692,2.695802,1,23,15,0.004499,0.002934,0.000196
前程,路长,0.315692,2.695802,1,15,23,0.002934,0.004499,0.000196
人情,双飞,0.315692,2.695802,1,23,15,0.004499,0.002934,0.000196
台上,婵娟,0.315692,2.695802,1,23,15,0.004499,0.002934,0.000196
双飞,路长,0.315692,2.695802,1,15,23,0.002934,0.004499,0.000196
双飞,圣人,0.315692,2.695802,1,15,23,0.002934,0.004499,0.000196
圣人,高台,0.315692,2.695802,1,23,15,0.004499,0.002934,0.000196
人世,窈窕,0.315692,2.695802,1,15,23,0.002934,0.004499,0.000196
九天,向人,0.315692,2.695802,1,23,15,0.004499,0.002934,0.000196
云飞,笙歌,0.315692,2.695802,1,23,15,0.004499,0.002934,0.000196
窈窕,笙歌,0.315692,2.695802,1,23,15,0.004499,0.002934,0.000196
双飞,是非,0.315692,2.695802,1,15,23,0.002934,0.004499,0.000196
婵娟,自知,0.315692,2.695802,1,15,23,0.002934,0.004499,0.000196
双飞,自知,0.315692,2.695802,1,15,23,0.002934,0.004499,0.000196
婵娟,风烟,0.315692,2.695802,1,15,23,0.002934,0.004499,0.000196
双飞,风烟,0.315692,2.695802,1,15,23,0.002934,0.004499,0.000196
潺湲,高台,0.315692,2.695802,1,23,15,0.004499,0.002934,0.000196
潺湲,鬼神,0.315692,2.695802,1,23,15,0.004499,0.002934,0.000196
台上,秋日,0.315692,2.695802,1,23,15,0.004499,0.002934,0.000196
临风,城中,0.315692,2.695802,1,15,23,0.002934,0.004499,0.000196
两相,城中,0.315692,2.695802,1,15,23,0.002934,0.004499,0.000196
人情,秋声,0.315692,2.695802,1,23,15,0.004499,0.002934,0.000196
满眼,路长,0.315692,2.695802,1,15,23,0.002934,0.004499,0.000196
临风,池上,0.315692,2.695802,1,15,23,0.002934,0.004499,0.000196
弟子,承恩,0.315692,2.695802,1,15,23,0.002934,0.004499,0.000196
潺湲,老去,0.315692,2.695802,1,23,15,0.004499,0.002934,0.000196
双阙,潺湲,0.315692,2.695802,1,15,23,0.002934,0.004499,0.000196
桃源,秋日,0.315692,2.695802,1,23,15,0.004499,0.002934,0.000196
承恩,花枝,0.315692,2.695802,1,23,15,0.004499,0.002934,0.000196
家贫,道士,0.315692,2.695802,1,23,15,0.004499,0.002934,0.000196
人归,弟子,0.315692,2.695802,1,23,15,0.004499,0.002934,0.000196
丈夫,生死,0.315511,2.475561,2,43,20,0.008412,0.003912,0.000391
昨日,鱼龙,0.315511,2.475561,2,43,20,0.008412,0.003912,0.000391
丈夫,汉宫,0.315511,2.475561,2,43,20,0.008412,0.003912,0.000391
凉风,苍苔,0.315511,2.475561,2,43,20,0.008412,0.003912,0.000391
昨日,生死,0.315511,2.475561,2,43,20,0.008412,0.003912,0.000391
早晚,风起,0.315511,2.475561,2,20,43,0.003912,0.008412,0.000391
佳期,风起,0.315511,2.475561,2,20,43,0.003912,0.008412,0.000391
自怜,风起,0.315511,2.475561,2,20,43,0.003912,0.008412,0.000391
归去,风飘,0.315511,2.475561,2,43,20,0.008412,0.003912,0.000391
凉风,阳春,0.315511,2.475561,2,43,20,0.008412,0.003912,0.000391
昨日,杜陵,0.315511,2.475561,2,43,20,0.008412,0.003912,0.000391
晚来,秋水,0.315511,2.475561,2,20,43,0.003912,0.008412,0.000391
路难,零落,0.315363,2.474399,2,41,21,0.00802,0.004108,0.000391
他日,浮生,0.315363,2.474399,2,41,21,0.00802,0.004108,0.000391
相看,相识,0.315214,2.254746,4,39,55,0.007629,0.010759,0.000782
意气,落花,0.315214,2.254746,4,39,55,0.007629,0.010759,0.000782
君王,断肠,0.315149,2.254279,4,74,29,0.014476,0.005673,0.000782
中原,走马,0.315149,2.344941,3,35,42,0.006847,0.008216,0.000587
少年,笙歌,0.315149,2.344941,3,98,15,0.019171,0.002934,0.000587
千秋,白玉,0.315149,2.344941,3,30,49,0.005869,0.009585,0.000587
明主,男儿,0.315046,2.183238,5,80,36,0.015649,0.007042,0.000978
相望,茫茫,0.315046,2.183238,5,48,60,0.00939,0.011737,0.000978
孤城,高秋,0.314966,2.343581,3,46,32,0.008998,0.00626,0.000587
草绿,青云,0.314966,2.343581,3,16,92,0.00313,0.017997,0.000587
武陵,潇湘,0.314966,2.343581,3,32,46,0.00626,0.008998,0.000587
他人,青云,0.314966,2.343581,3,16,92,0.00313,0.017997,0.000587
随风,鸳鸯,0.314919,2.47092,2,27,32,0.005282,0.00626,0.000391
他人,芙蓉,0.314919,2.47092,2,16,54,0.00313,0.010563,0.000391
年少,男儿,0.314919,2.47092,2,24,36,0.004695,0.007042,0.000391
大道,杯酒,0.314919,2.47092,2,27,32,0.005282,0.00626,0.000391
大道,读书,0.314919,2.47092,2,27,32,0.005282,0.00626,0.000391
大道,憔悴,0.314919,2.47092,2,27,32,0.005282,0.00626,0.000391
今朝,紫微,0.314919,2.47092,2,36,24,0.007042,0.004695,0.000391
今朝,行乐,0.314919,2.47092,2,36,24,0.007042,0.004695,0.000391
客心,梅花,0.314919,2.47092,2,27,32,0.005282,0.00626,0.000391
天外,黄河,0.314919,2.47092,2,18,48,0.003521,0.00939,0.000391
清净,焚香,0.314919,2.47092,2,27,32,0.005282,0.00626,0.000391
千金,大道,0.314919,2.47092,2,32,27,0.00626,0.005282,0.000391
乔木,题诗,0.314919,2.47092,2,32,27,0.00626,0.005282,0.000391
芙蓉,草绿,0.314919,2.47092,2,54,16,0.010563,0.00313,0.000391
东流,镜中,0.314919,2.47092,2,48,18,0.00939,0.003521,0.000391
星辰,黄河,0.314919,2.47092,2,18,48,0.003521,0.00939,0.000391
忆昔,憔悴,0.314919,2.47092,2,27,32,0.005282,0.00626,0.000391
星辰,相望,0.314919,2.47092,2,18,48,0.003521,0.00939,0.000391
忆昔,经过,0.314919,2.47092,2,27,32,0.005282,0.00626,0.000391
东南,烟霞,0.314919,2.47092,2,48,18,0.00939,0.003521,0.000391
东流,凄凉,0.314919,2.47092,2,48,18,0.00939,0.003521,0.000391
碧云,黄河,0.314919,2.47092,2,18,48,0.003521,0.00939,0.000391
满地,白发,0.314919,2.47092,2,12,72,0.002347,0.014085,0.000391
罗衣,青松,0.314919,2.47092,2,27,32,0.005282,0.00626,0.000391
千金,罗衣,0.314919,2.47092,2,32,27,0.00626,0.005282,0.000391
惆怅,愁人,0.314919,2.47092,2,72,12,0.014085,0.002347,0.000391
不归,罗衣,0.314919,2.47092,2,32,27,0.00626,0.005282,0.000391
忆昔,高秋,0.314919,2.47092,2,27,32,0.005282,0.00626,0.000391
云雨,故山,0.314919,2.47092,2,36,24,0.007042,0.004695,0.000391
烟雨,白发,0.314919,2.47092,2,12,72,0.002347,0.014085,0.000391
日晚,颜色,0.314693,2.341545,3,25,59,0.00489,0.011541,0.000587
新诗,颜色,0.314693,2.341545,3,25,59,0.00489,0.011541,0.000587
江上,花前,0.314678,2.687144,1,87,4,0.017019,0.000782,0.000196
月中,秋天,0.314678,2.687144,1,12,29,0.002347,0.005673,0.000196
断肠,昔年,0.314678,2.687144,1,29,12,0.005673,0.002347,0.000196
兄弟,昔年,0.314678,2.687144,1,29,12,0.005673,0.002347,0.000196
昔年,王孙,0.314678,2.687144,1,12,29,0.002347,0.005673,0.000196
丞相,永日,0.314678,2.687144,1,29,12,0.005673,0.002347,0.000196
宛转,来往,0.314678,2.687144,1,12,29,0.002347,0.005673,0.000196
伤心,独自,0.314678,2.687144,1,29,12,0.005673,0.002347,0.000196
宛转,断肠,0.314678,2.687144,1,12,29,0.002347,0.005673,0.000196
断肠,月落,0.314678,2.687144,1,29,12,0.005673,0.002347,0.000196
南国,宛转,0.314678,2.687144,1,29,12,0.005673,0.002347,0.000196
宛转,梧桐,0.314678,2.687144,1,12,29,0.002347,0.005673,0.000196
万物,宛转,0.314678,2.687144,1,29,12,0.005673,0.002347,0.000196
南国,月落,0.314678,2.687144,1,29,12,0.005673,0.002347,0.000196
月落,梧桐,0.314678,2.687144,1,12,29,0.002347,0.005673,0.000196
万物,月落,0.314678,2.687144,1,29,12,0.005673,0.002347,0.000196
来往,独自,0.314678,2.687144,1,29,12,0.005673,0.002347,0.000196
归客,月落,0.314678,2.687144,1,29,12,0.005673,0.002347,0.000196
南宫,来往,0.314678,2.687144,1,12,29,0.002347,0.005673,0.000196
愁人,断肠,0.314678,2.687144,1,12,29,0.002347,0.005673,0.000196
微雨,相知,0.314678,2.687144,1,12,29,0.002347,0.005673,0.000196
相知,黄叶,0.314678,2.687144,1,29,12,0.005673,0.002347,0.000196
相思,黄叶,0.314602,2.340867,3,123,12,0.024061,0.002347,0.000587
寂寞,昔时,0.314499,2.24963,4,77,28,0.015063,0.005477,0.000782
白玉,青天,0.314496,2.179426,5,49,59,0.009585,0.011541,0.000978
关山,十里,0.314478,2.467454,2,51,17,0.009977,0.003326,0.000391
关山,庭前,0.314478,2.467454,2,51,17,0.009977,0.003326,0.000391
今夜,故乡,0.314478,2.467454,2,17,51,0.003326,0.009977,0.000391
南山,始知,0.314453,2.121797,6,75,49,0.014671,0.009585,0.001174
寒山,渭水,0.314331,2.466301,2,28,31,0.005477,0.006064,0.000391
尚书,山阴,0.314331,2.466301,2,28,31,0.005477,0.006064,0.000391
东西,消息,0.314331,2.466301,2,28,31,0.005477,0.006064,0.000391
南国,故乡,0.314329,2.338837,3,29,51,0.005673,0.009977,0.000587
当时,明主,0.314251,2.120437,6,46,80,0.008998,0.015649,0.001174
千载,黄河,0.31424,2.247777,4,45,48,0.008803,0.00939,0.000782
东南,百年,0.31424,2.247777,4,48,45,0.00939,0.008803,0.000782
万古,飘飖,0.31424,2.247777,4,54,40,0.010563,0.007825,0.000782
蛾眉,鸡鸣,0.314238,2.338161,3,37,40,0.007238,0.007825,0.000587
洞庭,白蘋,0.314184,2.46515,2,79,11,0.015454,0.002152,0.000391
沧浪,潇湘,0.314111,2.246851,4,47,46,0.009194,0.008998,0.000782
未央,汉家,0.314056,2.33681,3,26,57,0.005086,0.01115,0.000587
逶迤,黄鹤,0.314056,2.33681,3,39,38,0.007629,0.007433,0.000587
山水,登临,0.314056,2.33681,3,38,39,0.007433,0.007629,0.000587
丹青,纵横,0.314056,2.33681,3,38,39,0.007433,0.007629,0.000587
向人,孤舟,0.314037,2.464,2,15,58,0.002934,0.011346,0.000391
万物,千秋,0.314037,2.464,2,29,30,0.005673,0.005869,0.000391
月出,梧桐,0.314037,2.464,2,30,29,0.005869,0.005673,0.000391
梧桐,青门,0.314037,2.464,2,29,30,0.005673,0.005869,0.000391
无穷,梧桐,0.314037,2.464,2,30,29,0.005869,0.005673,0.000391
南国,阳台,0.314037,2.464,2,29,30,0.005673,0.005869,0.000391
双飞,白马,0.314037,2.464,2,15,58,0.002934,0.011346,0.000391
伤心,长江,0.314037,2.464,2,29,30,0.005673,0.005869,0.000391
梧桐,门前,0.314037,2.464,2,29,30,0.005673,0.005869,0.000391
丞相,青门,0.314037,2.464,2,29,30,0.005673,0.005869,0.000391
千秋,怅望,0.314037,2.464,2,30,29,0.005869,0.005673,0.000391
月明,物外,0.314007,2.681413,1,35,10,0.006847,0.001956,0.000196
物外,花开,0.314007,2.681413,1,10,35,0.001956,0.006847,0.000196
知音,花时,0.314007,2.681413,1,35,10,0.006847,0.001956,0.000196
才子,物外,0.314007,2.681413,1,35,10,0.006847,0.001956,0.000196
关河,知音,0.314007,2.681413,1,10,35,0.001956,0.006847,0.000196
劝君,眼前,0.314007,2.681413,1,14,25,0.002739,0.00489,0.000196
夜长,年年,0.314007,2.681413,1,7,50,0.001369,0.009781,0.000196
衣冠,霓裳,0.314007,2.681413,1,50,7,0.009781,0.001369,0.000196
白雪,霓裳,0.314007,2.681413,1,50,7,0.009781,0.001369,0.000196
年年,霓裳,0.314007,2.681413,1,50,7,0.009781,0.001369,0.000196
名利,衣冠,0.314007,2.681413,1,7,50,0.001369,0.009781,0.000196
名利,白雪,0.314007,2.681413,1,7,50,0.001369,0.009781,0.000196
名利,年年,0.314007,2.681413,1,7,50,0.001369,0.009781,0.000196
光辉,夜长,0.314007,2.681413,1,50,7,0.009781,0.001369,0.000196
心期,桃花,0.314007,2.681413,1,5,70,0.000978,0.013693,0.000196
月明,绿杨,0.314007,2.681413,1,35,10,0.006847,0.001956,0.000196
关河,月明,0.314007,2.681413,1,10,35,0.001956,0.006847,0.000196
可惜,汉水,0.314007,2.681413,1,10,35,0.001956,0.006847,0.000196
英雄,马嘶,0.314007,2.681413,1,25,14,0.00489,0.002739,0.000196
劝君,春来,0.314007,2.681413,1,14,25,0.002739,0.00489,0.000196
劝君,新诗,0.314007,2.681413,1,14,25,0.002739,0.00489,0.000196
可惜,花开,0.314007,2.681413,1,10,35,0.001956,0.006847,0.000196
月照,阙下,0.314007,2.681413,1,35,10,0.006847,0.001956,0.000196
溪水,马嘶,0.314007,2.681413,1,25,14,0.00489,0.002739,0.000196
月夜,鹦鹉,0.314007,2.681413,1,14,25,0.002739,0.00489,0.000196
功名,月夜,0.314007,2.681413,1,25,14,0.00489,0.002739,0.000196
寻常,苍茫,0.314007,2.681413,1,7,50,0.001369,0.009781,0.000196
出入,名利,0.314007,2.681413,1,50,7,0.009781,0.001369,0.000196
物外,远近,0.314007,2.681413,1,10,35,0.001956,0.006847,0.000196
别后,经年,0.314007,2.681413,1,25,14,0.00489,0.002739,0.000196
半夜,月明,0.314007,2.681413,1,10,35,0.001956,0.006847,0.000196
世上,知己,0.313852,2.245003,4,38,57,0.007433,0.01115,0.000782
北斗,天上,0.313852,2.245003,4,38,57,0.007433,0.01115,0.000782
岁月,游子,0.313852,2.245003,4,38,57,0.007433,0.01115,0.000782
宫中,百年,0.313785,2.334788,3,33,45,0.006455,0.008803,0.000587
大道,沧海,0.313785,2.334788,3,27,55,0.005282,0.010759,0.000587
功成,千载,0.313785,2.334788,3,33,45,0.006455,0.008803,0.000587
千载,湘水,0.313785,2.334788,3,45,33,0.008803,0.006455,0.000587
朝朝,阑干,0.313673,2.67856,1,27,13,0.005282,0.002543,0.000196
太守,绮罗,0.313673,2.67856,1,27,13,0.005282,0.002543,0.000196
暮雨,猿声,0.313673,2.67856,1,27,13,0.005282,0.002543,0.000196
日暮,次第,0.313673,2.67856,1,117,3,0.022887,0.000587,0.000196
朝朝,猿声,0.313673,2.67856,1,27,13,0.005282,0.002543,0.000196
多少,清净,0.313673,2.67856,1,13,27,0.002543,0.005282,0.000196
多少,暮雨,0.313673,2.67856,1,13,27,0.002543,0.005282,0.000196
多少,随风,0.313673,2.67856,1,13,27,0.002543,0.005282,0.000196
清净,相寻,0.313673,2.67856,1,27,13,0.005282,0.002543,0.000196
丹砂,岁寒,0.313673,2.67856,1,27,13,0.005282,0.002543,0.000196
丹砂,相寻,0.313673,2.67856,1,27,13,0.005282,0.002543,0.000196
丹砂,南北,0.313673,2.67856,1,27,13,0.005282,0.002543,0.000196
忆昔,绮罗,0.313673,2.67856,1,27,13,0.005282,0.002543,0.000196
客心,看花,0.313673,2.67856,1,27,13,0.005282,0.002543,0.000196
猿声,题诗,0.313673,2.67856,1,13,27,0.002543,0.005282,0.000196
看花,题诗,0.313673,2.67856,1,13,27,0.002543,0.005282,0.000196
松风,闻说,0.313673,2.67856,1,27,13,0.005282,0.002543,0.000196
梦魂,随风,0.313673,2.67856,1,13,27,0.002543,0.005282,0.000196
松风,梦魂,0.313673,2.67856,1,27,13,0.005282,0.002543,0.000196
多少,松风,0.313673,2.67856,1,13,27,0.002543,0.005282,0.000196
多少,忆昔,0.313673,2.67856,1,13,27,0.002543,0.005282,0.000196
多少,罗衣,0.313673,2.67856,1,13,27,0.002543,0.005282,0.000196
多少,太守,0.313673,2.67856,1,13,27,0.002543,0.005282,0.000196
松风,猿声,0.313673,2.67856,1,27,13,0.005282,0.002543,0.000196
暮雨,梦魂,0.313673,2.67856,1,27,13,0.005282,0.002543,0.000196
梦魂,罗衣,0.313673,2.67856,1,13,27,0.002543,0.005282,0.000196
山路,阑干,0.313673,2.67856,1,27,13,0.005282,0.002543,0.000196
忆昔,钓鱼,0.313673,2.67856,1,27,13,0.005282,0.002543,0.000196
南北,题诗,0.313673,2.67856,1,13,27,0.002543,0.005282,0.000196
河汉,瑶池,0.313673,2.67856,1,27,13,0.005282,0.002543,0.000196
曲江,独立,0.313673,2.67856,1,9,39,0.001761,0.007629,0.000196
南北,忆昔,0.313673,2.67856,1,13,27,0.002543,0.005282,0.000196
忆昔,阑干,0.313673,2.67856,1,27,13,0.005282,0.002543,0.000196
依旧,纵横,0.313673,2.67856,1,9,39,0.001761,0.007629,0.000196
客心,相寻,0.313673,2.67856,1,27,13,0.005282,0.002543,0.000196
吟诗,登临,0.313673,2.67856,1,9,39,0.001761,0.007629,0.000196
多少,朝朝,0.313673,2.67856,1,13,27,0.002543,0.005282,0.000196
猿啼,菊花,0.313673,2.67856,1,13,27,0.002543,0.005282,0.000196
岁寒,菊花,0.313673,2.67856,1,13,27,0.002543,0.005282,0.000196
咫尺,黄金,0.313608,2.116099,6,28,132,0.005477,0.025822,0.001174
凤凰,造化,0.313595,2.243158,4,62,35,0.012128,0.006847,0.000782
可怜,渭水,0.313513,2.33277,3,48,31,0.00939,0.006064,0.000587
归来,所以,0.313513,2.33277,3,93,16,0.018192,0.00313,0.000587
东流,消息,0.313513,2.33277,3,48,31,0.00939,0.006064,0.000587
对酒,承恩,0.313453,2.459413,2,38,23,0.007433,0.004499,0.000391
世上,自知,0.313453,2.459413,2,38,23,0.007433,0.004499,0.000391
丹青,窈窕,0.313453,2.459413,2,38,23,0.007433,0.004499,0.000391
圣人,感激,0.313453,2.459413,2,23,38,0.004499,0.007433,0.000391
岁月,桃源,0.313453,2.459413,2,38,23,0.007433,0.004499,0.000391
丹青,潺湲,0.313453,2.459413,2,38,23,0.007433,0.004499,0.000391
山水,苦辛,0.313453,2.459413,2,38,23,0.007433,0.004499,0.000391
头白,当时,0.313453,2.459413,2,19,46,0.003717,0.008998,0.000391
风烟,黄鹤,0.313453,2.459413,2,23,38,0.004499,0.007433,0.000391
人归,岁月,0.313453,2.459413,2,23,38,0.004499,0.007433,0.000391
去年,清明,0.31334,2.675715,1,32,11,0.00626,0.002152,0.000196
经过,芳树,0.31334,2.675715,1,32,11,0.00626,0.002152,0.000196
清明,经过,0.31334,2.675715,1,11,32,0.002152,0.00626,0.000196
万年,梅花,0.31334,2.675715,1,11,32,0.002152,0.00626,0.000196
宁知,游人,0.31334,2.675715,1,32,11,0.00626,0.002152,0.000196
梅花,游人,0.31334,2.675715,1,32,11,0.00626,0.002152,0.000196
千金,夜雨,0.31334,2.675715,1,32,11,0.00626,0.002152,0.000196
万年,焚香,0.31334,2.675715,1,11,32,0.002152,0.00626,0.000196
林下,楼前,0.31334,2.675715,1,32,11,0.00626,0.002152,0.000196
楼前,欢娱,0.31334,2.675715,1,11,32,0.002152,0.00626,0.000196
月满,雨雪,0.31334,2.675715,1,11,32,0.002152,0.00626,0.000196
春雨,焚香,0.31334,2.675715,1,11,32,0.002152,0.00626,0.000196
先生,古木,0.31334,2.675715,1,22,16,0.004304,0.00313,0.000196
行路,金谷,0.31334,2.675715,1,44,8,0.008607,0.001565,0.000196
楚水,闭门,0.31334,2.675715,1,16,22,0.00313,0.004304,0.000196
烟波,雨雪,0.31334,2.675715,1,11,32,0.002152,0.00626,0.000196
公卿,怜君,0.31334,2.675715,1,22,16,0.004304,0.00313,0.000196
宁知,春雨,0.31334,2.675715,1,32,11,0.00626,0.002152,0.000196
君家,春雨,0.31334,2.675715,1,32,11,0.00626,0.002152,0.000196
九重,公卿,0.31334,2.675715,1,16,22,0.00313,0.004304,0.000196
杯酒,汀洲,0.31334,2.675715,1,32,11,0.00626,0.002152,0.000196
管弦,自古,0.31334,2.675715,1,11,32,0.002152,0.00626,0.000196
武陵,游人,0.31334,2.675715,1,32,11,0.00626,0.002152,0.000196
千金,游人,0.31334,2.675715,1,32,11,0.00626,0.002152,0.000196
所以,明年,0.31334,2.675715,1,16,22,0.00313,0.004304,0.000196
明年,草绿,0.31334,2.675715,1,22,16,0.004304,0.00313,0.000196
所以,莲花,0.31334,2.675715,1,16,22,0.00313,0.004304,0.000196
草绿,莲花,0.31334,2.675715,1,16,22,0.00313,0.004304,0.000196
尘埃,所以,0.31334,2.675715,1,22,16,0.004304,0.00313,0.000196
尘埃,草绿,0.31334,2.675715,1,22,16,0.004304,0.00313,0.000196
明年,红粉,0.31334,2.675715,1,22,16,0.004304,0.00313,0.000196
回头,尘埃,0.31334,2.675715,1,16,22,0.00313,0.004304,0.000196
东方,九重,0.31334,2.675715,1,22,16,0.004304,0.00313,0.000196
九重,莲花,0.31334,2.675715,1,16,22,0.00313,0.004304,0.000196
去年,逢人,0.31334,2.675715,1,32,11,0.00626,0.002152,0.000196
公卿,扬州,0.31334,2.675715,1,22,16,0.004304,0.00313,0.000196
他人,所思,0.31334,2.675715,1,16,22,0.00313,0.004304,0.000196
归心,草绿,0.31334,2.675715,1,22,16,0.004304,0.00313,0.000196
叶落,憔悴,0.31334,2.675715,1,11,32,0.002152,0.00626,0.000196
叶落,杯酒,0.31334,2.675715,1,11,32,0.002152,0.00626,0.000196
云深,宁知,0.31334,2.675715,1,11,32,0.002152,0.00626,0.000196
林下,芳树,0.31334,2.675715,1,32,11,0.00626,0.002152,0.000196
怜君,有情,0.31334,2.675715,1,16,22,0.00313,0.004304,0.000196
有情,草绿,0.31334,2.675715,1,22,16,0.004304,0.00313,0.000196
有情,楚水,0.31334,2.675715,1,22,16,0.004304,0.00313,0.000196
怜君,遥知,0.31334,2.675715,1,16,22,0.00313,0.004304,0.000196
草绿,遥知,0.31334,2.675715,1,16,22,0.00313,0.004304,0.000196
楚水,遥知,0.31334,2.675715,1,16,22,0.00313,0.004304,0.000196
东方,红粉,0.31334,2.675715,1,22,16,0.004304,0.00313,0.000196
宁知,流年,0.31334,2.675715,1,32,11,0.00626,0.002152,0.000196
独行,高秋,0.31334,2.675715,1,11,32,0.002152,0.00626,0.000196
憔悴,独行,0.31334,2.675715,1,32,11,0.00626,0.002152,0.000196
世事,夜雨,0.31334,2.675715,1,32,11,0.00626,0.002152,0.000196
世事,春雨,0.31334,2.675715,1,32,11,0.00626,0.002152,0.000196
憔悴,月满,0.31334,2.675715,1,32,11,0.00626,0.002152,0.000196
杯酒,楼前,0.31334,2.675715,1,32,11,0.00626,0.002152,0.000196
尘埃,莓苔,0.31334,2.675715,1,22,16,0.004304,0.00313,0.000196
白蘋,高秋,0.31334,2.675715,1,11,32,0.002152,0.00626,0.000196
九重,先生,0.31334,2.675715,1,16,22,0.00313,0.004304,0.000196
春雨,草堂,0.31334,2.675715,1,11,32,0.002152,0.00626,0.000196
逢人,高秋,0.31334,2.675715,1,11,32,0.002152,0.00626,0.000196
帝城,清明,0.31334,2.675715,1,32,11,0.00626,0.002152,0.000196
时节,江南,0.31334,2.675715,1,8,44,0.001565,0.008607,0.000196
流年,自古,0.31334,2.675715,1,11,32,0.002152,0.00626,0.000196
古木,青草,0.31334,2.675715,1,16,22,0.00313,0.004304,0.000196
公卿,所以,0.31334,2.675715,1,22,16,0.004304,0.00313,0.000196
世事,流年,0.31334,2.675715,1,32,11,0.00626,0.002152,0.000196
扬州,明年,0.31334,2.675715,1,16,22,0.00313,0.004304,0.000196
汀洲,经过,0.31334,2.675715,1,11,32,0.002152,0.00626,0.000196
汀洲,自古,0.31334,2.675715,1,11,32,0.002152,0.00626,0.000196
焚香,玉楼,0.31334,2.675715,1,32,11,0.00626,0.002152,0.000196
帝乡,造化,0.313307,2.458269,2,25,35,0.00489,0.006847,0.000391
中原,英雄,0.313307,2.458269,2,35,25,0.006847,0.00489,0.000391
月明,迢递,0.313307,2.458269,2,35,25,0.006847,0.00489,0.000391
花开,饮酒,0.313307,2.458269,2,35,25,0.006847,0.00489,0.000391
迢递,造化,0.313307,2.458269,2,25,35,0.00489,0.006847,0.000391
千万,远近,0.313307,2.458269,2,25,35,0.00489,0.006847,0.000391
万国,月照,0.313307,2.458269,2,25,35,0.00489,0.006847,0.000391
别后,汉水,0.313307,2.458269,2,25,35,0.00489,0.006847,0.000391
溪水,远山,0.313307,2.458269,2,25,35,0.00489,0.006847,0.000391
君心,明月,0.313209,2.240397,4,17,128,0.003326,0.025039,0.000782
微雨,行人,0.313161,2.457127,2,12,73,0.002347,0.01428,0.000391
天子,路傍,0.31308,2.239478,4,121,18,0.02367,0.003521,0.000782
清晨,草木,0.31308,2.239478,4,33,66,0.006455,0.012911,0.000782
别离,逶迤,0.312808,2.167734,5,75,39,0.014671,0.007629,0.000978
日落,美人,0.312808,2.167734,5,45,65,0.008803,0.012715,0.000978
江南,相忆,0.312793,2.327408,3,44,34,0.008607,0.006651,0.000587
歌舞,颜色,0.31276,2.237185,4,37,59,0.007238,0.011541,0.000782
公卿,长安,0.312759,2.167392,5,22,133,0.004304,0.026017,0.000978
世人,叹息,0.312695,2.236727,4,56,39,0.010955,0.007629,0.000782
独立,空山,0.312695,2.236727,4,39,56,0.007629,0.010955,0.000782
江水,金陵,0.312695,2.236727,4,56,39,0.010955,0.007629,0.000782
巫山,故园,0.312695,2.236727,4,42,52,0.008216,0.010172,0.000782
九衢,春色,0.312676,2.670049,1,6,59,0.001174,0.011541,0.000196
年华,春色,0.312676,2.670049,1,6,59,0.001174,0.011541,0.000196
主人,南国,0.312611,2.166368,5,101,29,0.019757,0.005673,0.000978
明朝,汉宫,0.312581,2.452571,2,44,20,0.008607,0.003912,0.000391
古来,汉宫,0.312581,2.452571,2,44,20,0.008607,0.003912,0.000391
白露,苍苔,0.312581,2.452571,2,44,20,0.008607,0.003912,0.000391
白露,百尺,0.312581,2.452571,2,44,20,0.008607,0.003912,0.000391
公卿,朝廷,0.312581,2.452571,2,22,40,0.004304,0.007825,0.000391
古木,相识,0.312581,2.452571,2,16,55,0.00313,0.010759,0.000391
古今,行路,0.312581,2.452571,2,20,44,0.003912,0.008607,0.000391
古今,诸侯,0.312581,2.452571,2,20,44,0.003912,0.008607,0.000391
诸侯,阳春,0.312581,2.452571,2,44,20,0.008607,0.003912,0.000391
古来,风飘,0.312581,2.452571,2,44,20,0.008607,0.003912,0.000391
古今,古来,0.312581,2.452571,2,20,44,0.003912,0.008607,0.000391
白露,风飘,0.312581,2.452571,2,44,20,0.008607,0.003912,0.000391
行路,阳春,0.312581,2.452571,2,44,20,0.008607,0.003912,0.000391
红粉,落花,0.312581,2.452571,2,16,55,0.00313,0.010759,0.000391
诸侯,骑马,0.312581,2.452571,2,44,20,0.008607,0.003912,0.000391
草绿,落花,0.312581,2.452571,2,16,55,0.00313,0.010759,0.000391
东山,楚水,0.312581,2.452571,2,55,16,0.010759,0.00313,0.000391
古来,闲居,0.312581,2.452571,2,44,20,0.008607,0.003912,0.000391
回首,岁月,0.31249,2.108552,6,98,38,0.019171,0.007433,0.001174
千秋,年年,0.312434,2.324738,3,30,50,0.005869,0.009781,0.000587
月出,苍茫,0.312434,2.324738,3,30,50,0.005869,0.009781,0.000587
年年,花发,0.312434,2.324738,3,50,30,0.009781,0.005869,0.000587
人生,苍苔,0.312434,2.324738,3,75,20,0.014671,0.003912,0.000587
南山,生死,0.312434,2.324738,3,75,20,0.014671,0.003912,0.000587
别离,生死,0.312434,2.324738,3,75,20,0.014671,0.003912,0.000587
白雪,阳台,0.312434,2.324738,3,50,30,0.009781,0.005869,0.000587
千秋,白雪,0.312434,2.324738,3,30,50,0.005869,0.009781,0.000587
行人,门前,0.312312,2.233984,4,73,30,0.01428,0.005869,0.000782
世间,少年,0.312291,2.450301,2,9,98,0.001761,0.019171,0.000391
始知,路傍,0.312291,2.450301,2,49,18,0.009585,0.003521,0.000391
宫殿,秋草,0.312291,2.450301,2,21,42,0.004108,0.008216,0.000391
秋草,花间,0.312291,2.450301,2,42,21,0.008216,0.004108,0.000391
宫殿,蛟龙,0.312291,2.450301,2,21,42,0.004108,0.008216,0.000391
花飞,走马,0.312291,2.450301,2,21,42,0.004108,0.008216,0.000391
走马,青楼,0.312291,2.450301,2,42,21,0.008216,0.004108,0.000391
寒食,山河,0.312291,2.450301,2,21,42,0.004108,0.008216,0.000391
十载,秋草,0.312291,2.450301,2,21,42,0.004108,0.008216,0.000391
始知,辛苦,0.312291,2.450301,2,49,18,0.009585,0.003521,0.000391
蛟龙,零落,0.312291,2.450301,2,42,21,0.008216,0.004108,0.000391
秋草,零落,0.312291,2.450301,2,42,21,0.008216,0.004108,0.000391
星辰,白玉,0.312291,2.450301,2,18,49,0.003521,0.009585,0.000391
巫山,殷勤,0.312291,2.450301,2,42,21,0.008216,0.004108,0.000391
秋草,青楼,0.312291,2.450301,2,42,21,0.008216,0.004108,0.000391
巫山,青楼,0.312291,2.450301,2,42,21,0.008216,0.004108,0.000391
回首,曲江,0.312291,2.450301,2,98,9,0.019171,0.001761,0.000391
岐路,悠悠,0.312291,2.450301,2,9,98,0.001761,0.019171,0.000391
世事,得意,0.312076,2.322075,3,32,47,0.00626,0.009194,0.000587
富贵,经过,0.312076,2.322075,3,47,32,0.009194,0.00626,0.000587
浮云,草绿,0.312076,2.322075,3,94,16,0.018388,0.00313,0.000587
圣主,山下,0.312003,2.448036,2,26,34,0.005086,0.006651,0.000391
生涯,空馀,0.312003,2.448036,2,26,34,0.005086,0.006651,0.000391
朱门,白首,0.312003,2.448036,2,17,52,0.003326,0.010172,0.000391
万户,山下,0.312003,2.448036,2,26,34,0.005086,0.006651,0.000391
同心,海上,0.312003,2.448036,2,17,52,0.003326,0.010172,0.000391
万户,空馀,0.312003,2.448036,2,26,34,0.005086,0.006651,0.000391
旌旗,月照,0.311987,2.32141,3,43,35,0.008412,0.006847,0.000587
丈夫,中原,0.311987,2.32141,3,43,35,0.008412,0.006847,0.000587
中原,百里,0.311987,2.32141,3,35,43,0.006847,0.008412,0.000587
凉风,月明,0.311987,2.32141,3,43,35,0.008412,0.006847,0.000587
秋声,青天,0.311859,2.446906,2,15,59,0.002934,0.011541,0.000391
江湖,花枝,0.311859,2.446906,2,59,15,0.011541,0.002934,0.000391
临风,颜色,0.311859,2.446906,2,15,59,0.002934,0.011541,0.000391
白马,送客,0.311719,2.319419,3,58,26,0.011346,0.005086,0.000587
柳色,白马,0.311719,2.319419,3,26,58,0.005086,0.011346,0.000587
白首,秋天,0.311719,2.319419,3,52,29,0.010172,0.005673,0.000587
日暮,鸳鸯,0.311696,2.103196,6,117,32,0.022887,0.00626,0.001174
梦里,楼上,0.311688,2.66161,1,17,21,0.003326,0.004108,0.000196
太平,寒食,0.311688,2.66161,1,17,21,0.003326,0.004108,0.000196
太平,殷勤,0.311688,2.66161,1,17,21,0.003326,0.004108,0.000196
同心,花间,0.311688,2.66161,1,17,21,0.003326,0.004108,0.000196
同心,行客,0.311688,2.66161,1,17,21,0.003326,0.004108,0.000196
同心,寒食,0.311688,2.66161,1,17,21,0.003326,0.004108,0.000196
朱门,霄汉,0.311688,2.66161,1,17,21,0.003326,0.004108,0.000196
君心,芳菲,0.311688,2.66161,1,17,21,0.003326,0.004108,0.000196
君心,黄花,0.311688,2.66161,1,17,21,0.003326,0.004108,0.000196
梦里,芳菲,0.311688,2.66161,1,17,21,0.003326,0.004108,0.000196
夜深,新月,0.311688,2.66161,1,17,21,0.003326,0.004108,0.000196
夜深,霄汉,0.311688,2.66161,1,17,21,0.003326,0.004108,0.000196
故乡,霓裳,0.311688,2.66161,1,51,7,0.009977,0.001369,0.000196
关山,霓裳,0.311688,2.66161,1,51,7,0.009977,0.001369,0.000196
庭前,零落,0.311688,2.66161,1,17,21,0.003326,0.004108,0.000196
名利,故乡,0.311688,2.66161,1,7,51,0.001369,0.009977,0.000196
关山,名利,0.311688,2.66161,1,51,7,0.009977,0.001369,0.000196
同心,楼上,0.311688,2.66161,1,17,21,0.003326,0.004108,0.000196
同心,零落,0.311688,2.66161,1,17,21,0.003326,0.004108,0.000196
君心,楼上,0.311688,2.66161,1,17,21,0.003326,0.004108,0.000196
北阙,君心,0.311688,2.66161,1,21,17,0.004108,0.003326,0.000196
朱门,黄花,0.311688,2.66161,1,17,21,0.003326,0.004108,0.000196
夜长,故乡,0.311688,2.66161,1,7,51,0.001369,0.009977,0.000196
梦里,花飞,0.311688,2.66161,1,17,21,0.003326,0.004108,0.000196
庭前,花间,0.311688,2.66161,1,17,21,0.003326,0.004108,0.000196
今日,珍重,0.311688,2.66161,1,119,3,0.023279,0.000587,0.000196
庭前,花飞,0.311688,2.66161,1,17,21,0.003326,0.004108,0.000196
城下,子孙,0.311688,2.66161,1,17,21,0.003326,0.004108,0.000196
十载,昔日,0.311688,2.66161,1,21,17,0.004108,0.003326,0.000196
子孙,庭前,0.311688,2.66161,1,21,17,0.004108,0.003326,0.000196
子孙,日斜,0.311688,2.66161,1,21,17,0.004108,0.003326,0.000196
同心,青楼,0.311688,2.66161,1,17,21,0.003326,0.004108,0.000196
子孙,朱门,0.311688,2.66161,1,21,17,0.004108,0.003326,0.000196
细雨,花间,0.311688,2.66161,1,17,21,0.003326,0.004108,0.000196
浮生,细雨,0.311688,2.66161,1,21,17,0.004108,0.003326,0.000196
日斜,霄汉,0.311688,2.66161,1,17,21,0.003326,0.004108,0.000196
今夜,新月,0.311688,2.66161,1,17,21,0.003326,0.004108,0.000196
江山,风月,0.311688,2.66161,1,51,7,0.009977,0.001369,0.000196
关山,风月,0.311688,2.66161,1,51,7,0.009977,0.001369,0.000196
十里,子孙,0.311688,2.66161,1,17,21,0.003326,0.004108,0.000196
城下,零落,0.311688,2.66161,1,17,21,0.003326,0.004108,0.000196
城下,浮生,0.311688,2.66161,1,17,21,0.003326,0.004108,0.000196
新月,连天,0.311688,2.66161,1,21,17,0.004108,0.003326,0.000196
离别,霓裳,0.311688,2.66161,1,51,7,0.009977,0.001369,0.000196
夜长,离别,0.311688,2.66161,1,7,51,0.001369,0.009977,0.000196
衣冠,诸侯,0.311675,2.229428,4,50,44,0.009781,0.008607,0.000782
沧洲,飘飖,0.311675,2.229428,4,55,40,0.010759,0.007825,0.000782
歌舞,紫微,0.311427,2.443521,2,37,24,0.007238,0.004695,0.000391
咸阳,行乐,0.311427,2.443521,2,37,24,0.007238,0.004695,0.000391
歌舞,石上,0.311427,2.443521,2,37,24,0.007238,0.004695,0.000391
故山,青冥,0.311427,2.443521,2,24,37,0.004695,0.007238,0.000391
洛阳,金谷,0.311427,2.443521,2,111,8,0.021714,0.001565,0.000391
寥落,青冥,0.311427,2.443521,2,24,37,0.004695,0.007238,0.000391
万古,昔时,0.311363,2.31677,3,54,28,0.010563,0.005477,0.000587
暮雨,空山,0.311363,2.31677,3,27,56,0.005282,0.010955,0.000587
万古,佳人,0.311363,2.31677,3,54,28,0.010563,0.005477,0.000587
登高,羽翼,0.311363,2.31677,3,54,28,0.010563,0.005477,0.000587
松风,空山,0.311363,2.31677,3,27,56,0.005282,0.010955,0.000587
佳人,芙蓉,0.311363,2.31677,3,28,54,0.005477,0.010563,0.000587
松风,至今,0.311363,2.31677,3,27,56,0.005282,0.010955,0.000587
巫山,衣裳,0.311363,2.31677,3,42,36,0.008216,0.007042,0.000587
云雨,蛟龙,0.311363,2.31677,3,36,42,0.007042,0.008216,0.000587
平生,秋来,0.311363,2.31677,3,84,18,0.016432,0.003521,0.000587
白发,黄花,0.311363,2.31677,3,72,21,0.014085,0.004108,0.000587
子孙,将军,0.311358,2.227158,4,21,105,0.004108,0.02054,0.000782
紫微,青云,0.311168,2.225798,4,24,92,0.004695,0.017997,0.000782
相忆,美人,0.311041,2.224893,4,34,65,0.006651,0.012715,0.000782
清晨,随风,0.310998,2.440149,2,33,27,0.006455,0.005282,0.000391
丹砂,宫中,0.310998,2.440149,2,27,33,0.005282,0.006455,0.000391
大道,湘水,0.310998,2.440149,2,27,33,0.005282,0.006455,0.000391
湘水,随风,0.310998,2.440149,2,33,27,0.006455,0.005282,0.000391
相亲,罗衣,0.310998,2.440149,2,33,27,0.006455,0.005282,0.000391
清净,逍遥,0.310998,2.440149,2,27,33,0.005282,0.006455,0.000391
暮雨,逍遥,0.310998,2.440149,2,27,33,0.005282,0.006455,0.000391
菊花,逍遥,0.310998,2.440149,2,27,33,0.005282,0.006455,0.000391
功成,随风,0.310998,2.440149,2,33,27,0.006455,0.005282,0.000391
罗衣,肠断,0.310998,2.440149,2,27,33,0.005282,0.006455,0.000391
朝朝,草色,0.310998,2.440149,2,27,33,0.005282,0.006455,0.000391
使君,歌舞,0.310919,2.313468,3,41,37,0.00802,0.007238,0.000587
窈窕,草木,0.310831,2.312809,3,23,66,0.004499,0.012911,0.000587
富贵,当年,0.310712,2.437907,2,47,19,0.009194,0.003717,0.000391
垂杨,得意,0.310712,2.437907,2,19,47,0.003717,0.009194,0.000391
当年,得意,0.310712,2.437907,2,19,47,0.003717,0.009194,0.000391
山色,风雨,0.310712,2.437907,2,19,47,0.003717,0.009194,0.000391
佳期,无情,0.310708,2.653242,1,20,18,0.003912,0.003521,0.000196
月出,黄叶,0.310708,2.653242,1,30,12,0.005869,0.002347,0.000196
年少,笙歌,0.310708,2.653242,1,24,15,0.004695,0.002934,0.000196
天外,须臾,0.310708,2.653242,1,18,20,0.003521,0.003912,0.000196
山高,苍苔,0.310708,2.653242,1,18,20,0.003521,0.003912,0.000196
人世,萧索,0.310708,2.653242,1,15,24,0.002934,0.004695,0.000196
人世,青苔,0.310708,2.653242,1,15,24,0.002934,0.004695,0.000196
人世,石上,0.310708,2.653242,1,15,24,0.002934,0.004695,0.000196
秋日,萧索,0.310708,2.653242,1,15,24,0.002934,0.004695,0.000196
从容,相访,0.310708,2.653242,1,15,24,0.002934,0.004695,0.000196
日出,物外,0.310708,2.653242,1,36,10,0.007042,0.001956,0.000196
故山,秋日,0.310708,2.653242,1,24,15,0.004695,0.002934,0.000196
汉宫,百花,0.310708,2.653242,1,20,18,0.003912,0.003521,0.000196
烟雨,风动,0.310708,2.653242,1,12,30,0.002347,0.005869,0.000196
老人,辛苦,0.310708,2.653242,1,20,18,0.003912,0.003521,0.000196
昔年,春日,0.310708,2.653242,1,12,30,0.002347,0.005869,0.000196
微雨,月出,0.310708,2.653242,1,12,30,0.002347,0.005869,0.000196
向人,萧索,0.310708,2.653242,1,15,24,0.002934,0.004695,0.000196
云间,烟雨,0.310708,2.653242,1,30,12,0.005869,0.002347,0.000196
日落,金谷,0.310708,2.653242,1,45,8,0.008803,0.001565,0.000196
明日,昔年,0.310708,2.653242,1,30,12,0.005869,0.002347,0.000196
千秋,昔年,0.310708,2.653242,1,30,12,0.005869,0.002347,0.000196
辛苦,闲居,0.310708,2.653242,1,18,20,0.003521,0.003912,0.000196
向东,高台,0.310708,2.653242,1,24,15,0.004695,0.002934,0.000196
百花,鱼龙,0.310708,2.653242,1,18,20,0.003521,0.003912,0.000196
春深,朝廷,0.310708,2.653242,1,9,40,0.001761,0.007825,0.000196
登楼,鱼龙,0.310708,2.653242,1,18,20,0.003521,0.003912,0.000196
日夜,烟雨,0.310708,2.653242,1,30,12,0.005869,0.002347,0.000196
笙歌,行乐,0.310708,2.653242,1,15,24,0.002934,0.004695,0.000196
天外,风飘,0.310708,2.653242,1,18,20,0.003521,0.003912,0.000196
古今,天外,0.310708,2.653242,1,20,18,0.003912,0.003521,0.000196
天外,阳春,0.310708,2.653242,1,18,20,0.003521,0.003912,0.000196
双飞,行乐,0.310708,2.653242,1,15,24,0.002934,0.004695,0.000196
千秋,宛转,0.310708,2.653242,1,30,12,0.005869,0.002347,0.000196
千秋,月落,0.310708,2.653242,1,30,12,0.005869,0.002347,0.000196
宛转,月出,0.310708,2.653242,1,12,30,0.002347,0.005869,0.000196
月出,月落,0.310708,2.653242,1,30,12,0.005869,0.002347,0.000196
镜中,风飘,0.310708,2.653242,1,18,20,0.003521,0.003912,0.000196
星辰,风飘,0.310708,2.653242,1,18,20,0.003521,0.003912,0.000196
宛转,青门,0.310708,2.653242,1,12,30,0.002347,0.005869,0.000196
宛转,阳台,0.310708,2.653242,1,12,30,0.002347,0.005869,0.000196
月落,青门,0.310708,2.653242,1,12,30,0.002347,0.005869,0.000196
双飞,萧索,0.310708,2.653242,1,15,24,0.002934,0.004695,0.000196
萧索,高台,0.310708,2.653242,1,24,15,0.004695,0.002934,0.000196
无穷,月落,0.310708,2.653242,1,30,12,0.005869,0.002347,0.000196
镜中,阳春,0.310708,2.653242,1,18,20,0.003521,0.003912,0.000196
古今,星辰,0.310708,2.653242,1,20,18,0.003912,0.003521,0.000196
星辰,阳春,0.310708,2.653242,1,18,20,0.003521,0.003912,0.000196
双飞,紫微,0.310708,2.653242,1,15,24,0.002934,0.004695,0.000196
紫微,高台,0.310708,2.653242,1,24,15,0.004695,0.002934,0.000196
月落,阳台,0.310708,2.653242,1,12,30,0.002347,0.005869,0.000196
日出,阙下,0.310708,2.653242,1,36,10,0.007042,0.001956,0.000196
百尺,碧云,0.310708,2.653242,1,20,18,0.003912,0.003521,0.000196
临风,紫微,0.310708,2.653242,1,15,24,0.002934,0.004695,0.000196
天台,镜中,0.310708,2.653242,1,20,18,0.003912,0.003521,0.000196
星辰,生死,0.310708,2.653242,1,18,20,0.003521,0.003912,0.000196
向东,鬼神,0.310708,2.653242,1,24,15,0.004695,0.002934,0.000196
江城,黄叶,0.310708,2.653242,1,30,12,0.005869,0.002347,0.000196
交亲,夫子,0.310708,2.653242,1,5,72,0.000978,0.014085,0.000196
思君,秋声,0.310708,2.653242,1,24,15,0.004695,0.002934,0.000196
婵娟,行乐,0.310708,2.653242,1,15,24,0.002934,0.004695,0.000196
万事,世间,0.310708,2.653242,1,40,9,0.007825,0.001761,0.000196
天台,烟霞,0.310708,2.653242,1,20,18,0.003912,0.003521,0.000196
玉树,碧云,0.310708,2.653242,1,20,18,0.003912,0.003521,0.000196
天台,碧云,0.310708,2.653242,1,20,18,0.003912,0.003521,0.000196
烟霞,阳春,0.310708,2.653242,1,18,20,0.003521,0.003912,0.000196
石上,秋声,0.310708,2.653242,1,24,15,0.004695,0.002934,0.000196
明日,黄叶,0.310708,2.653242,1,30,12,0.005869,0.002347,0.000196
月出,永日,0.310708,2.653242,1,30,12,0.005869,0.002347,0.000196
苍梧,阙下,0.310708,2.653242,1,36,10,0.007042,0.001956,0.000196
笙歌,青苔,0.310708,2.653242,1,15,24,0.002934,0.004695,0.000196
向东,笙歌,0.310708,2.653242,1,24,15,0.004695,0.002934,0.000196
满地,谢公,0.310708,2.653242,1,12,30,0.002347,0.005869,0.000196
明日,满地,0.310708,2.653242,1,30,12,0.005869,0.002347,0.000196
碧云,鱼龙,0.310708,2.653242,1,18,20,0.003521,0.003912,0.000196
摇落,自怜,0.310708,2.653242,1,18,20,0.003521,0.003912,0.000196
秋来,苍苔,0.310708,2.653242,1,18,20,0.003521,0.003912,0.000196
无情,阳城,0.310708,2.653242,1,18,20,0.003521,0.003912,0.000196
月落,江城,0.310708,2.653242,1,12,30,0.002347,0.005869,0.000196
云雨,可惜,0.310708,2.653242,1,36,10,0.007042,0.001956,0.000196
碧云,风飘,0.310708,2.653242,1,18,20,0.003521,0.003912,0.000196
老人,路傍,0.310708,2.653242,1,20,18,0.003912,0.003521,0.000196
望乡,辛苦,0.310708,2.653242,1,20,18,0.003912,0.003521,0.000196
千载,徘徊,0.310708,2.653242,1,45,8,0.008803,0.001565,0.000196
登楼,阳城,0.310708,2.653242,1,18,20,0.003521,0.003912,0.000196
望乡,登楼,0.310708,2.653242,1,20,18,0.003912,0.003521,0.000196
千载,水声,0.310708,2.653242,1,45,8,0.008803,0.001565,0.000196
微雨,青门,0.310708,2.653242,1,12,30,0.002347,0.005869,0.000196
独自,门前,0.310708,2.653242,1,12,30,0.002347,0.005869,0.000196
野花,青门,0.310708,2.653242,1,12,30,0.002347,0.005869,0.000196
百尺,路傍,0.310708,2.653242,1,20,18,0.003912,0.003521,0.000196
青苔,鬼神,0.310708,2.653242,1,24,15,0.004695,0.002934,0.000196
寥落,秋日,0.310708,2.653242,1,24,15,0.004695,0.002934,0.000196
相访,秋日,0.310708,2.653242,1,24,15,0.004695,0.002934,0.000196
愁人,风波,0.310708,2.653242,1,12,30,0.002347,0.005869,0.000196
凄凉,须臾,0.310708,2.653242,1,18,20,0.003521,0.003912,0.000196
摇落,须臾,0.310708,2.653242,1,18,20,0.003521,0.003912,0.000196
古今,辛苦,0.310708,2.653242,1,20,18,0.003912,0.003521,0.000196
到处,惆怅,0.310708,2.653242,1,5,72,0.000978,0.014085,0.000196
公子,曲江,0.310708,2.653242,1,40,9,0.007825,0.001761,0.000196
弟子,萧索,0.310708,2.653242,1,15,24,0.002934,0.004695,0.000196
佳期,微风,0.310708,2.653242,1,20,18,0.003912,0.003521,0.000196
世间,干戈,0.310708,2.653242,1,9,40,0.001761,0.007825,0.000196
古今,山高,0.310708,2.653242,1,20,18,0.003912,0.003521,0.000196
古今,雨露,0.310708,2.653242,1,20,18,0.003912,0.003521,0.000196
早晚,雨露,0.310708,2.653242,1,20,18,0.003912,0.003521,0.000196
自怜,辛苦,0.310708,2.653242,1,20,18,0.003912,0.003521,0.000196
凄凉,自怜,0.310708,2.653242,1,18,20,0.003521,0.003912,0.000196
无情,鱼龙,0.310708,2.653242,1,18,20,0.003521,0.003912,0.000196
山高,鱼龙,0.310708,2.653242,1,18,20,0.003521,0.003912,0.000196
月下,鬼神,0.310708,2.653242,1,24,15,0.004695,0.002934,0.000196
干戈,曲江,0.310708,2.653242,1,40,9,0.007825,0.001761,0.000196
故山,老去,0.310708,2.653242,1,24,15,0.004695,0.002934,0.000196
从容,紫微,0.310708,2.653242,1,15,24,0.002934,0.004695,0.000196
宛转,江城,0.310708,2.653242,1,12,30,0.002347,0.005869,0.000196
他乡,宛转,0.310708,2.653242,1,30,12,0.005869,0.002347,0.000196
早晚,歌声,0.310708,2.653242,1,20,18,0.003912,0.003521,0.000196
寥落,弟子,0.310708,2.653242,1,24,15,0.004695,0.002934,0.000196
登楼,老人,0.310708,2.653242,1,18,20,0.003521,0.003912,0.000196
摇落,风飘,0.310708,2.653242,1,18,20,0.003521,0.003912,0.000196
波涛,满眼,0.310708,2.653242,1,24,15,0.004695,0.002934,0.000196
依旧,干戈,0.310708,2.653242,1,9,40,0.001761,0.007825,0.000196
杜陵,辛苦,0.310708,2.653242,1,20,18,0.003912,0.003521,0.000196
愁人,花发,0.310708,2.653242,1,12,30,0.002347,0.005869,0.000196
旧游,晚来,0.310708,2.653242,1,18,20,0.003521,0.003912,0.000196
临风,千古,0.310708,2.653242,1,15,24,0.002934,0.004695,0.000196
水清,物外,0.310708,2.653242,1,36,10,0.007042,0.001956,0.000196
山川,物外,0.310708,2.653242,1,36,10,0.007042,0.001956,0.000196
天台,山僧,0.310708,2.653242,1,20,18,0.003912,0.003521,0.000196
天台,旧游,0.310708,2.653242,1,20,18,0.003912,0.003521,0.000196
烟霞,阳城,0.310708,2.653242,1,18,20,0.003521,0.003912,0.000196
故山,泉声,0.310708,2.653242,1,24,15,0.004695,0.002934,0.000196
无穷,黄叶,0.310708,2.653242,1,30,12,0.005869,0.002347,0.000196
月中,青门,0.310708,2.653242,1,12,30,0.002347,0.005869,0.000196
临水,望乡,0.310708,2.653242,1,18,20,0.003521,0.003912,0.000196
单于,相看,0.310565,2.310835,3,39,39,0.007629,0.007629,0.000587
君王,无穷,0.31041,2.220378,4,74,30,0.014476,0.005869,0.000782
垂杨,当年,0.310383,2.650468,1,19,19,0.003717,0.003717,0.000196
当年,楚客,0.310383,2.650468,1,19,19,0.003717,0.003717,0.000196
含情,无限,0.310383,2.650468,1,19,19,0.003717,0.003717,0.000196
楚客,风景,0.310383,2.650468,1,19,19,0.003717,0.003717,0.000196
当年,骨肉,0.310383,2.650468,1,19,19,0.003717,0.003717,0.000196
今日,饮酒,0.310363,2.150785,5,119,25,0.023279,0.00489,0.000978
十年,读书,0.310314,2.150449,5,93,32,0.018192,0.00626,0.000978
去年,氛氲,0.310284,2.434553,2,32,28,0.00626,0.005477,0.000391
氛氲,经过,0.310284,2.434553,2,28,32,0.005477,0.00626,0.000391
千金,昔时,0.310284,2.434553,2,32,28,0.00626,0.005477,0.000391
千金,寂寥,0.310284,2.434553,2,32,28,0.00626,0.005477,0.000391
氛氲,雨雪,0.310284,2.434553,2,28,32,0.005477,0.00626,0.000391
咫尺,经过,0.310284,2.434553,2,28,32,0.005477,0.00626,0.000391
咫尺,帝城,0.310284,2.434553,2,28,32,0.005477,0.00626,0.000391
花满,鸳鸯,0.310284,2.434553,2,28,32,0.005477,0.00626,0.000391
九重,昨夜,0.310284,2.434553,2,16,56,0.00313,0.010955,0.000391
昔时,杯酒,0.310284,2.434553,2,28,32,0.005477,0.00626,0.000391
落叶,鸳鸯,0.310284,2.434553,2,28,32,0.005477,0.00626,0.000391
孤云,林下,0.310284,2.434553,2,28,32,0.005477,0.00626,0.000391
扬州,苍生,0.310284,2.434553,2,16,56,0.00313,0.010955,0.000391
千金,氛氲,0.310284,2.434553,2,32,28,0.00626,0.005477,0.000391
世事,昔时,0.310284,2.434553,2,32,28,0.00626,0.005477,0.000391
东西,憔悴,0.310284,2.434553,2,28,32,0.005477,0.00626,0.000391
世人,九重,0.310284,2.434553,2,56,16,0.010955,0.00313,0.000391
宁知,羽翼,0.310284,2.434553,2,32,28,0.00626,0.005477,0.000391
怜君,至今,0.310284,2.434553,2,16,56,0.00313,0.010955,0.000391
佳人,千金,0.310284,2.434553,2,28,32,0.005477,0.00626,0.000391
佳人,青松,0.310284,2.434553,2,28,32,0.005477,0.00626,0.000391
扬州,水流,0.310284,2.434553,2,16,56,0.00313,0.010955,0.000391
扬州,江水,0.310284,2.434553,2,16,56,0.00313,0.010955,0.000391
欢娱,花满,0.310284,2.434553,2,32,28,0.00626,0.005477,0.000391
咫尺,欢娱,0.310284,2.434553,2,28,32,0.005477,0.00626,0.000391
寂寥,经过,0.310284,2.434553,2,28,32,0.005477,0.00626,0.000391
汉家,逶迤,0.310221,2.219027,4,57,39,0.01115,0.007629,0.000782
功名,日月,0.310212,2.308209,3,25,61,0.00489,0.011933,0.000587
人间,自然,0.310212,2.308209,3,61,25,0.011933,0.00489,0.000587
人间,千万,0.310212,2.308209,3,61,25,0.011933,0.00489,0.000587
参差,逶迤,0.310142,2.433437,2,23,39,0.004499,0.007629,0.000391
封侯,意气,0.310142,2.433437,2,23,39,0.004499,0.007629,0.000391
承恩,逶迤,0.310142,2.433437,2,23,39,0.004499,0.007629,0.000391
相寻,闻道,0.310142,2.433437,2,13,69,0.002543,0.013498,0.000391
单于,封侯,0.310142,2.433437,2,39,23,0.007629,0.004499,0.000391
自知,逶迤,0.310142,2.433437,2,23,39,0.004499,0.007629,0.000391
道路,风烟,0.310142,2.433437,2,39,23,0.007629,0.004499,0.000391
窈窕,逶迤,0.310142,2.433437,2,23,39,0.004499,0.007629,0.000391
圣人,独立,0.310142,2.433437,2,23,39,0.004499,0.007629,0.000391
叹息,池上,0.310142,2.433437,2,39,23,0.007629,0.004499,0.000391
城中,相看,0.310142,2.433437,2,23,39,0.004499,0.007629,0.000391
城中,意气,0.310142,2.433437,2,23,39,0.004499,0.007629,0.000391
圣人,纵横,0.310142,2.433437,2,23,39,0.004499,0.007629,0.000391
叹息,圣人,0.310142,2.433437,2,39,23,0.007629,0.004499,0.000391
圣人,意气,0.310142,2.433437,2,23,39,0.004499,0.007629,0.000391
潺湲,长沙,0.310142,2.433437,2,23,39,0.004499,0.007629,0.000391
故国,逶迤,0.310142,2.433437,2,23,39,0.004499,0.007629,0.000391
仙人,蓬莱,0.310033,2.217679,4,53,42,0.010368,0.008216,0.000782
王孙,鸟飞,0.309858,2.43121,2,29,31,0.005673,0.006064,0.000391
相知,鸟飞,0.309858,2.43121,2,29,31,0.005673,0.006064,0.000391
离别,风波,0.309773,2.304935,3,51,30,0.009977,0.005869,0.000587
千载,空馀,0.309773,2.304935,3,45,34,0.008803,0.006651,0.000587
今年,风光,0.309736,2.644943,1,33,11,0.006455,0.002152,0.000196
楼前,逍遥,0.309736,2.644943,1,11,33,0.002152,0.006455,0.000196
千门,风光,0.309736,2.644943,1,33,11,0.006455,0.002152,0.000196
清晨,独行,0.309736,2.644943,1,33,11,0.006455,0.002152,0.000196
清明,逍遥,0.309736,2.644943,1,11,33,0.002152,0.006455,0.000196
春雨,逍遥,0.309736,2.644943,1,11,33,0.002152,0.006455,0.000196
白蘋,相亲,0.309736,2.644943,1,11,33,0.002152,0.006455,0.000196
白蘋,草色,0.309736,2.644943,1,11,33,0.002152,0.006455,0.000196
今年,芳树,0.309736,2.644943,1,33,11,0.006455,0.002152,0.000196
春雨,草色,0.309736,2.644943,1,11,33,0.002152,0.006455,0.000196
汀洲,草色,0.309736,2.644943,1,11,33,0.002152,0.006455,0.000196
男儿,英雄,0.309717,2.430098,2,36,25,0.007042,0.00489,0.000391
天涯,汉宫,0.309717,2.430098,2,45,20,0.008803,0.003912,0.000391
百年,苍苔,0.309717,2.430098,2,45,20,0.008803,0.003912,0.000391
花发,门前,0.309717,2.430098,2,30,30,0.005869,0.005869,0.000391
别离,宛转,0.309717,2.430098,2,75,12,0.014671,0.002347,0.000391
门前,风波,0.309717,2.430098,2,30,30,0.005869,0.005869,0.000391
今朝,梨花,0.309717,2.430098,2,36,25,0.007042,0.00489,0.000391
帝乡,苍梧,0.309717,2.430098,2,25,36,0.00489,0.007042,0.000391
今朝,春来,0.309717,2.430098,2,36,25,0.007042,0.00489,0.000391
年年,旧游,0.309717,2.430098,2,50,18,0.009781,0.003521,0.000391
江城,青门,0.309717,2.430098,2,30,30,0.005869,0.005869,0.000391
南山,满地,0.309717,2.430098,2,75,12,0.014671,0.002347,0.000391
日晚,江边,0.309717,2.430098,2,25,36,0.00489,0.007042,0.000391
衣冠,辛苦,0.309717,2.430098,2,50,18,0.009781,0.003521,0.000391
光辉,登楼,0.309717,2.430098,2,50,18,0.009781,0.003521,0.000391
日落,阳春,0.309717,2.430098,2,45,20,0.008803,0.003912,0.000391
天外,衣冠,0.309717,2.430098,2,18,50,0.003521,0.009781,0.000391
云间,千秋,0.309717,2.430098,2,30,30,0.005869,0.005869,0.000391
淹留,远客,0.309717,2.430098,2,45,20,0.008803,0.003912,0.000391
谢公,长江,0.309717,2.430098,2,30,30,0.005869,0.005869,0.000391
云雨,千万,0.309717,2.430098,2,36,25,0.007042,0.00489,0.000391
江城,花发,0.309717,2.430098,2,30,30,0.005869,0.005869,0.000391
苍茫,雨露,0.309717,2.430098,2,50,18,0.009781,0.003521,0.000391
巫峡,远客,0.309717,2.430098,2,45,20,0.008803,0.003912,0.000391
星辰,苍茫,0.309717,2.430098,2,18,50,0.003521,0.009781,0.000391
云雨,新诗,0.309717,2.430098,2,36,25,0.007042,0.00489,0.000391
他乡,江城,0.309717,2.430098,2,30,30,0.005869,0.005869,0.000391
巫峡,杜陵,0.309717,2.430098,2,45,20,0.008803,0.003912,0.000391
今朝,英雄,0.309717,2.430098,2,36,25,0.007042,0.00489,0.000391
春日,风动,0.309717,2.430098,2,30,30,0.005869,0.005869,0.000391
始知,江海,0.309685,2.14609,5,49,61,0.009585,0.011933,0.000978
十年,紫微,0.309656,2.214987,4,93,24,0.018192,0.004695,0.000782
十年,萧索,0.309656,2.214987,4,93,24,0.018192,0.004695,0.000782
十年,寥落,0.309656,2.214987,4,93,24,0.018192,0.004695,0.000782
仙人,太平,0.309575,2.428988,2,53,17,0.010368,0.003326,0.000391
仙人,昔日,0.309575,2.428988,2,53,17,0.010368,0.003326,0.000391
仙人,月光,0.309575,2.428988,2,53,17,0.010368,0.003326,0.000391
桃李,花间,0.309509,2.302976,3,73,21,0.01428,0.004108,0.000587
桃李,芳菲,0.309509,2.302976,3,73,21,0.01428,0.004108,0.000587
公卿,路难,0.309434,2.427879,2,22,41,0.004304,0.00802,0.000391
明时,路难,0.309434,2.427879,2,22,41,0.004304,0.00802,0.000391
松柏,莲花,0.309434,2.427879,2,41,22,0.00802,0.004304,0.000391
所思,清秋,0.309434,2.427879,2,22,41,0.004304,0.00802,0.000391
今已,青天,0.309422,2.302324,3,26,59,0.005086,0.011541,0.000587
多病,颜色,0.309422,2.302324,3,26,59,0.005086,0.011541,0.000587
梦魂,花满,0.309414,2.642192,1,13,28,0.002543,0.005477,0.000196
劝君,柳色,0.309414,2.642192,1,14,26,0.002739,0.005086,0.000196
今来,姓名,0.309414,2.642192,1,28,13,0.005477,0.002543,0.000196
夜月,寒山,0.309414,2.642192,1,13,28,0.002543,0.005477,0.000196
月夜,送客,0.309414,2.642192,1,14,26,0.002739,0.005086,0.000196
月夜,竹林,0.309414,2.642192,1,14,26,0.002739,0.005086,0.000196
万户,莺啼,0.309414,2.642192,1,26,14,0.005086,0.002739,0.000196
思归,猿声,0.309414,2.642192,1,28,13,0.005477,0.002543,0.000196
依然,多少,0.309414,2.642192,1,28,13,0.005477,0.002543,0.000196
依然,闻说,0.309414,2.642192,1,28,13,0.005477,0.002543,0.000196
东西,猿啼,0.309414,2.642192,1,28,13,0.005477,0.002543,0.000196
今来,岁寒,0.309414,2.642192,1,28,13,0.005477,0.002543,0.000196
多病,月夜,0.309414,2.642192,1,26,14,0.005086,0.002739,0.000196
白首,霓裳,0.309414,2.642192,1,52,7,0.010172,0.001369,0.000196
佳人,岁寒,0.309414,2.642192,1,28,13,0.005477,0.002543,0.000196
佳人,相寻,0.309414,2.642192,1,28,13,0.005477,0.002543,0.000196
佳人,南北,0.309414,2.642192,1,28,13,0.005477,0.002543,0.000196
名利,白首,0.309414,2.642192,1,7,52,0.001369,0.010172,0.000196
猿声,落叶,0.309414,2.642192,1,13,28,0.002543,0.005477,0.000196
海上,风月,0.309414,2.642192,1,52,7,0.010172,0.001369,0.000196
夜月,落叶,0.309414,2.642192,1,13,28,0.002543,0.005477,0.000196
月色,猿声,0.309414,2.642192,1,28,13,0.005477,0.002543,0.000196
花满,阑干,0.309414,2.642192,1,28,13,0.005477,0.002543,0.000196
圣主,经年,0.309414,2.642192,1,26,14,0.005086,0.002739,0.000196
南北,花满,0.309414,2.642192,1,13,28,0.002543,0.005477,0.000196
寒山,梦魂,0.309414,2.642192,1,28,13,0.005477,0.002543,0.000196
咫尺,瑶池,0.309414,2.642192,1,28,13,0.005477,0.002543,0.000196
天下,自由,0.309414,2.642192,1,91,4,0.017801,0.000782,0.000196
八月,经年,0.309414,2.642192,1,26,14,0.005086,0.002739,0.000196
佳人,看花,0.309414,2.642192,1,28,13,0.005477,0.002543,0.000196
天下,红尘,0.309414,2.642192,1,91,4,0.017801,0.000782,0.000196
今来,闻说,0.309414,2.642192,1,28,13,0.005477,0.002543,0.000196
今来,夜月,0.309414,2.642192,1,28,13,0.005477,0.002543,0.000196
多少,寒山,0.309414,2.642192,1,13,28,0.002543,0.005477,0.000196
莺啼,送客,0.309414,2.642192,1,14,26,0.002739,0.005086,0.000196
佳人,瑶池,0.309414,2.642192,1,28,13,0.005477,0.002543,0.000196
昔时,瑶池,0.309414,2.642192,1,28,13,0.005477,0.002543,0.000196
月夜,翠微,0.309414,2.642192,1,14,26,0.002739,0.005086,0.000196
多少,寂寥,0.309414,2.642192,1,13,28,0.002543,0.005477,0.000196
夜月,思归,0.309414,2.642192,1,13,28,0.002543,0.005477,0.000196
尚书,闻说,0.309414,2.642192,1,28,13,0.005477,0.002543,0.000196
佳人,绮罗,0.309414,2.642192,1,28,13,0.005477,0.002543,0.000196
今来,绮罗,0.309414,2.642192,1,28,13,0.005477,0.002543,0.000196
东西,多少,0.309414,2.642192,1,28,13,0.005477,0.002543,0.000196
月色,阑干,0.309414,2.642192,1,28,13,0.005477,0.002543,0.000196
寂寥,猿啼,0.309414,2.642192,1,28,13,0.005477,0.002543,0.000196
咫尺,阑干,0.309414,2.642192,1,28,13,0.005477,0.002543,0.000196
凉风,陌上,0.309293,2.426771,2,43,21,0.008412,0.004108,0.000391
浮云,颜色,0.309286,1.997955,8,94,59,0.018388,0.011541,0.001565
东流,鸳鸯,0.309247,2.301021,3,48,32,0.00939,0.00626,0.000587
可怜,君家,0.309247,2.301021,3,48,32,0.00939,0.00626,0.000587
可怜,帝城,0.309247,2.301021,3,48,32,0.00939,0.00626,0.000587
自古,黄河,0.309247,2.301021,3,32,48,0.00626,0.00939,0.000587
楚水,相逢,0.309247,2.301021,3,16,96,0.00313,0.018779,0.000587
东流,自古,0.309247,2.301021,3,48,32,0.00939,0.00626,0.000587
兄弟,文章,0.309159,2.300371,3,29,53,0.005673,0.010368,0.000587
行人,雨后,0.309093,2.639449,1,73,5,0.01428,0.000978,0.000196
到处,行人,0.309093,2.639449,1,5,73,0.000978,0.01428,0.000196
青天,黄鹤,0.309031,2.210517,4,59,38,0.011541,0.007433,0.000782
功成,天下,0.309011,2.141417,5,33,91,0.006455,0.017801,0.000978
寂寞,独立,0.309011,2.141417,5,77,39,0.015063,0.007629,0.000978
河汉,萧萧,0.308984,2.29907,3,27,57,0.005282,0.01115,0.000587
月明,白露,0.308897,2.298421,3,35,44,0.006847,0.008607,0.000587
寂寞,苍苔,0.308897,2.298421,3,77,20,0.015063,0.003912,0.000587
中原,古来,0.308897,2.298421,3,35,44,0.006847,0.008607,0.000587
九衢,人间,0.308772,2.636713,1,6,61,0.001174,0.011933,0.000196
单于,少年,0.30864,2.082576,6,39,98,0.007629,0.019171,0.001174
百年,衣冠,0.308533,2.206955,4,45,50,0.008803,0.009781,0.000782
月照,未央,0.308308,2.419049,2,35,26,0.006847,0.005086,0.000391
万户,月明,0.308308,2.419049,2,26,35,0.005086,0.006847,0.000391
知音,送客,0.308308,2.419049,2,35,26,0.006847,0.005086,0.000391
圣主,才子,0.308308,2.419049,2,26,35,0.005086,0.006847,0.000391
翠微,远山,0.308308,2.419049,2,26,35,0.005086,0.006847,0.000391
自言,造化,0.308308,2.419049,2,26,35,0.005086,0.006847,0.000391
人心,花开,0.308308,2.419049,2,26,35,0.005086,0.006847,0.000391
桃花,猿声,0.308308,2.419049,2,70,13,0.013693,0.002543,0.000391
圣主,月照,0.308308,2.419049,2,26,35,0.005086,0.006847,0.000391
生涯,知音,0.308308,2.419049,2,26,35,0.005086,0.006847,0.000391
生涯,造化,0.308308,2.419049,2,26,35,0.005086,0.006847,0.000391
中原,生涯,0.308308,2.419049,2,35,26,0.006847,0.005086,0.000391
今日,阑干,0.308288,2.293885,3,119,13,0.023279,0.002543,0.000587
今日,夜月,0.308288,2.293885,3,119,13,0.023279,0.002543,0.000587
十里,天下,0.308288,2.293885,3,17,91,0.003326,0.017801,0.000587
山川,旌旗,0.308201,2.293239,3,36,43,0.007042,0.008412,0.000587
今朝,昨日,0.308201,2.293239,3,36,43,0.007042,0.008412,0.000587
旌旗,江边,0.308201,2.293239,3,43,36,0.008412,0.007042,0.000587
走马,长安,0.308173,1.990769,8,42,133,0.008216,0.026017,0.001565
美人,青天,0.308137,2.079181,6,65,59,0.012715,0.011541,0.001174
古木,圣人,0.308134,2.631263,1,16,23,0.00313,0.004499,0.000196
人归,扬州,0.308134,2.631263,1,23,16,0.004499,0.00313,0.000196
古木,深山,0.308134,2.631263,1,16,23,0.00313,0.004499,0.000196
九重,云飞,0.308134,2.631263,1,16,23,0.00313,0.004499,0.000196
城中,怜君,0.308134,2.631263,1,23,16,0.004499,0.00313,0.000196
九重,城中,0.308134,2.631263,1,16,23,0.00313,0.004499,0.000196
回头,窈窕,0.308134,2.631263,1,16,23,0.00313,0.004499,0.000196
城中,莓苔,0.308134,2.631263,1,23,16,0.004499,0.00313,0.000196
窈窕,红粉,0.308134,2.631263,1,23,16,0.004499,0.00313,0.000196
所以,路长,0.308134,2.631263,1,16,23,0.00313,0.004499,0.000196
草绿,路长,0.308134,2.631263,1,16,23,0.00313,0.004499,0.000196
圣人,所以,0.308134,2.631263,1,23,16,0.004499,0.00313,0.000196
圣人,草绿,0.308134,2.631263,1,23,16,0.004499,0.00313,0.000196
九天,扬州,0.308134,2.631263,1,23,16,0.004499,0.00313,0.000196
人情,扬州,0.308134,2.631263,1,23,16,0.004499,0.00313,0.000196
扬州,窈窕,0.308134,2.631263,1,16,23,0.00313,0.004499,0.000196
九重,桃源,0.308134,2.631263,1,16,23,0.00313,0.004499,0.000196
云飞,草绿,0.308134,2.631263,1,23,16,0.004499,0.00313,0.000196
潇湘,鹧鸪,0.308134,2.631263,1,46,8,0.008998,0.001565,0.000196
他人,是非,0.308134,2.631263,1,16,23,0.00313,0.004499,0.000196
怜君,自知,0.308134,2.631263,1,16,23,0.00313,0.004499,0.000196
自知,草绿,0.308134,2.631263,1,23,16,0.004499,0.00313,0.000196
楚水,自知,0.308134,2.631263,1,16,23,0.00313,0.004499,0.000196
怜君,风烟,0.308134,2.631263,1,16,23,0.00313,0.004499,0.000196
草绿,风烟,0.308134,2.631263,1,16,23,0.00313,0.004499,0.000196
楚水,风烟,0.308134,2.631263,1,16,23,0.00313,0.004499,0.000196
孤城,徘徊,0.308134,2.631263,1,46,8,0.008998,0.001565,0.000196
怜君,承恩,0.308134,2.631263,1,16,23,0.00313,0.004499,0.000196
孤城,时节,0.308134,2.631263,1,46,8,0.008998,0.001565,0.000196
人情,所以,0.308134,2.631263,1,23,16,0.004499,0.00313,0.000196
古木,路长,0.308134,2.631263,1,16,23,0.00313,0.004499,0.000196
人情,回头,0.308134,2.631263,1,23,16,0.004499,0.00313,0.000196
水声,潇湘,0.308134,2.631263,1,8,46,0.001565,0.008998,0.000196
故国,楚水,0.308134,2.631263,1,23,16,0.004499,0.00313,0.000196
扬州,自知,0.308134,2.631263,1,16,23,0.00313,0.004499,0.000196
扬州,故国,0.308134,2.631263,1,16,23,0.00313,0.004499,0.000196
天寒,时节,0.308134,2.631263,1,46,8,0.008998,0.001565,0.000196
咸阳,日月,0.308099,2.203849,4,37,61,0.007238,0.011933,0.000782
可怜,垂杨,0.308029,2.416853,2,48,19,0.00939,0.003717,0.000391
当年,神仙,0.308029,2.416853,2,19,48,0.003717,0.00939,0.000391
可怜,君恩,0.308029,2.416853,2,48,19,0.00939,0.003717,0.000391
东流,君恩,0.308029,2.416853,2,48,19,0.00939,0.003717,0.000391
北斗,紫微,0.308029,2.416853,2,38,24,0.007433,0.004695,0.000391
所以,汉家,0.308029,2.416853,2,16,57,0.00313,0.01115,0.000391
所以,知己,0.308029,2.416853,2,16,57,0.00313,0.01115,0.000391
古木,扁舟,0.308029,2.416853,2,16,57,0.00313,0.01115,0.000391
向东,对酒,0.308029,2.416853,2,24,38,0.004695,0.007433,0.000391
岁月,行乐,0.308029,2.416853,2,38,24,0.007433,0.004695,0.000391
扁舟,草绿,0.308029,2.416853,2,57,16,0.01115,0.00313,0.000391
相望,重阳,0.308029,2.416853,2,48,19,0.00939,0.003717,0.000391
汉家,草绿,0.308029,2.416853,2,57,16,0.01115,0.00313,0.000391
世上,年少,0.308029,2.416853,2,38,24,0.007433,0.004695,0.000391
头白,蹉跎,0.308029,2.416853,2,19,48,0.003717,0.00939,0.000391
可怜,心事,0.308029,2.416853,2,48,19,0.00939,0.003717,0.000391
玉堂,相望,0.308029,2.416853,2,19,48,0.003717,0.00939,0.000391
渭水,衣冠,0.308027,2.291948,3,31,50,0.006064,0.009781,0.000587
万国,乾坤,0.308027,2.291948,3,25,62,0.00489,0.012128,0.000587
光辉,鸟飞,0.308027,2.291948,3,50,31,0.009781,0.006064,0.000587
乾坤,吾道,0.308027,2.291948,3,62,25,0.012128,0.00489,0.000587
万事,风尘,0.307944,2.077878,6,40,96,0.007825,0.018779,0.001174
功成,富贵,0.30794,2.291303,3,33,47,0.006455,0.009194,0.000587
曲江,路难,0.307816,2.628549,1,9,41,0.001761,0.00802,0.000196
相思,等闲,0.307816,2.628549,1,123,3,0.024061,0.000587,0.000196
世间,清秋,0.307816,2.628549,1,9,41,0.001761,0.00802,0.000196
他日,春深,0.307816,2.628549,1,41,9,0.00802,0.001761,0.000196
依旧,路难,0.307816,2.628549,1,9,41,0.001761,0.00802,0.000196
他日,曲江,0.307816,2.628549,1,41,9,0.00802,0.001761,0.000196
曲江,清秋,0.307816,2.628549,1,9,41,0.001761,0.00802,0.000196
孤舟,逶迤,0.30779,2.201636,4,58,39,0.011346,0.007629,0.000782
绿水,裴回,0.30779,2.201636,4,39,58,0.007629,0.011346,0.000782
叹息,裴回,0.30779,2.201636,4,39,58,0.007629,0.011346,0.000782
君王,楼上,0.307681,2.289371,3,74,21,0.014476,0.004108,0.000587
秋草,蛾眉,0.307681,2.289371,3,42,37,0.008216,0.007238,0.000587
北阙,君王,0.307681,2.289371,3,21,74,0.004108,0.014476,0.000587
巫山,歌舞,0.307681,2.289371,3,42,37,0.008216,0.007238,0.000587
巫山,蛾眉,0.307681,2.289371,3,42,37,0.008216,0.007238,0.000587
咸阳,秋草,0.307681,2.289371,3,37,42,0.007238,0.008216,0.000587
还家,青春,0.307681,2.289371,3,42,37,0.008216,0.007238,0.000587
日月,高台,0.30761,2.413569,2,61,15,0.011933,0.002934,0.000391
弟子,终日,0.30761,2.413569,2,15,61,0.002934,0.011933,0.000391
终日,道士,0.30761,2.413569,2,61,15,0.011933,0.002934,0.000391
半夜,咸阳,0.307499,2.625843,1,10,37,0.001956,0.007238,0.000196
可惜,青春,0.307499,2.625843,1,10,37,0.001956,0.007238,0.000196
湖上,花时,0.307499,2.625843,1,37,10,0.007238,0.001956,0.000196
交亲,春草,0.307499,2.625843,1,5,74,0.000978,0.014476,0.000196
归路,西风,0.307499,2.625843,1,37,10,0.007238,0.001956,0.000196
咸阳,西风,0.307499,2.625843,1,37,10,0.007238,0.001956,0.000196
君王,花下,0.307499,2.625843,1,74,5,0.014476,0.000978,0.000196
登高,秋草,0.307419,2.198987,4,54,42,0.010563,0.008216,0.000782
山河,白头,0.307419,2.198987,4,42,54,0.008216,0.010563,0.000782
清秋,黄鹤,0.307335,2.2868,3,41,38,0.00802,0.007433,0.000587
昔日,芙蓉,0.307193,2.410296,2,17,54,0.003326,0.010563,0.000391
万古,太平,0.307193,2.410296,2,54,17,0.010563,0.003326,0.000391
故乡,登楼,0.307193,2.410296,2,51,18,0.009977,0.003521,0.000391
天外,离别,0.307193,2.410296,2,18,51,0.003521,0.009977,0.000391
微风,离别,0.307193,2.410296,2,18,51,0.003521,0.009977,0.000391
万古,月光,0.307193,2.410296,2,54,17,0.010563,0.003326,0.000391
暮雨,相忆,0.307193,2.410296,2,27,34,0.005282,0.006651,0.000391
相忆,题诗,0.307193,2.410296,2,34,27,0.006651,0.005282,0.000391
凄凉,故乡,0.307193,2.410296,2,18,51,0.003521,0.009977,0.000391
仙人,风月,0.307183,2.623144,1,53,7,0.010368,0.001369,0.000196
文章,池塘,0.307183,2.623144,1,53,7,0.010368,0.001369,0.000196
今已,茫茫,0.307163,2.285517,3,26,60,0.005086,0.011737,0.000587
万事,叹息,0.307163,2.285517,3,40,39,0.007825,0.007629,0.000587
纵横,飘飖,0.307163,2.285517,3,39,40,0.007629,0.007825,0.000587
万事,独立,0.307163,2.285517,3,40,39,0.007825,0.007629,0.000587
逶迤,飘飖,0.307163,2.285517,3,39,40,0.007629,0.007825,0.000587
天下,英雄,0.306989,2.195905,4,91,25,0.017801,0.00489,0.000782
自知,鸡鸣,0.306915,2.40812,2,23,40,0.004499,0.007825,0.000391
万事,人情,0.306915,2.40812,2,40,23,0.007825,0.004499,0.000391
古今,天寒,0.306915,2.40812,2,20,46,0.003912,0.008998,0.000391
天寒,阳春,0.306915,2.40812,2,46,20,0.008998,0.003912,0.000391
窈窕,飘飖,0.306915,2.40812,2,23,40,0.004499,0.007825,0.000391
阙下,青云,0.306915,2.40812,2,10,92,0.001956,0.017997,0.000391
桃源,飘飖,0.306915,2.40812,2,23,40,0.004499,0.007825,0.000391
苦辛,飘飖,0.306915,2.40812,2,23,40,0.004499,0.007825,0.000391
干戈,窈窕,0.306915,2.40812,2,40,23,0.007825,0.004499,0.000391
干戈,风烟,0.306915,2.40812,2,40,23,0.007825,0.004499,0.000391
孤城,鱼龙,0.306915,2.40812,2,46,20,0.008998,0.003912,0.000391
相见,红尘,0.306868,2.620452,1,93,4,0.018192,0.000782,0.000196
九衢,凤凰,0.306868,2.620452,1,6,62,0.001174,0.012128,0.000196
分明,南宫,0.306868,2.620452,1,31,12,0.006064,0.002347,0.000196
鸟飞,黄叶,0.306868,2.620452,1,31,12,0.006064,0.002347,0.000196
山阴,黄叶,0.306868,2.620452,1,31,12,0.006064,0.002347,0.000196
分明,满地,0.306868,2.620452,1,31,12,0.006064,0.002347,0.000196
愁人,消息,0.306868,2.620452,1,12,31,0.002347,0.006064,0.000196
微雨,消息,0.306868,2.620452,1,12,31,0.002347,0.006064,0.000196
君心,青云,0.306819,2.282956,3,17,92,0.003326,0.017997,0.000587
仙人,百里,0.306743,2.194148,4,53,43,0.010368,0.008412,0.000782
裴回,题诗,0.306647,2.281678,3,58,27,0.011346,0.005282,0.000587
孤舟,客心,0.306647,2.281678,3,58,27,0.011346,0.005282,0.000587
登高,相知,0.306647,2.281678,3,54,29,0.010563,0.005673,0.000587
万古,怅望,0.306647,2.281678,3,54,29,0.010563,0.005673,0.000587
千金,壮士,0.306475,2.280402,3,32,49,0.00626,0.009585,0.000587
经过,花落,0.306475,2.280402,3,32,49,0.00626,0.009585,0.000587
至今,花满,0.306475,2.280402,3,56,28,0.010955,0.005477,0.000587
壮士,自古,0.306475,2.280402,3,49,32,0.009585,0.00626,0.000587
昔时,至今,0.306475,2.280402,3,28,56,0.005477,0.010955,0.000587
楼台,走马,0.306363,2.403781,2,22,42,0.004304,0.008216,0.000391
肠断,花满,0.306363,2.403781,2,33,28,0.006455,0.005477,0.000391
功成,昔时,0.306363,2.403781,2,33,28,0.006455,0.005477,0.000391
昔时,湘水,0.306363,2.403781,2,28,33,0.005477,0.006455,0.000391
古来,陌上,0.306363,2.403781,2,44,21,0.008607,0.004108,0.000391
古来,子孙,0.306363,2.403781,2,44,21,0.008607,0.004108,0.000391
江南,行客,0.306363,2.403781,2,44,21,0.008607,0.004108,0.000391
明年,蓬莱,0.306363,2.403781,2,22,42,0.004304,0.008216,0.000391
行路,零落,0.306363,2.403781,2,44,21,0.008607,0.004108,0.000391
月色,相亲,0.306363,2.403781,2,28,33,0.005477,0.006455,0.000391
平生,独行,0.306363,2.403781,2,84,11,0.016432,0.002152,0.000391
寒食,江南,0.306363,2.403781,2,21,44,0.004108,0.008607,0.000391
尘埃,蛟龙,0.306363,2.403781,2,22,42,0.004304,0.008216,0.000391
古来,零落,0.306363,2.403781,2,44,21,0.008607,0.004108,0.000391
明年,还家,0.306363,2.403781,2,22,42,0.004304,0.008216,0.000391
尘埃,秋草,0.306363,2.403781,2,22,42,0.004304,0.008216,0.000391
咫尺,草色,0.306363,2.403781,2,28,33,0.005477,0.006455,0.000391
巫山,有情,0.306363,2.403781,2,42,22,0.008216,0.004304,0.000391
平生,流年,0.306363,2.403781,2,84,11,0.016432,0.002152,0.000391
东西,今年,0.306363,2.403781,2,28,33,0.005477,0.006455,0.000391
城中,长安,0.306345,2.122941,5,23,133,0.004499,0.026017,0.000978
故乡,茫茫,0.306298,2.122614,5,51,60,0.009977,0.011737,0.000978
太平,青草,0.30624,2.61509,1,17,22,0.003326,0.004304,0.000196
城下,明时,0.30624,2.61509,1,17,22,0.003326,0.004304,0.000196
先生,日斜,0.30624,2.61509,1,22,17,0.004304,0.003326,0.000196
烟波,空馀,0.30624,2.61509,1,11,34,0.002152,0.006651,0.000196
夜来,梦里,0.30624,2.61509,1,22,17,0.004304,0.003326,0.000196
梦里,莲花,0.30624,2.61509,1,17,22,0.003326,0.004304,0.000196
公卿,夜深,0.30624,2.61509,1,22,17,0.004304,0.003326,0.000196
夜深,莲花,0.30624,2.61509,1,17,22,0.003326,0.004304,0.000196
公卿,龙门,0.30624,2.61509,1,22,17,0.004304,0.003326,0.000196
公卿,太平,0.30624,2.61509,1,22,17,0.004304,0.003326,0.000196
公卿,城下,0.30624,2.61509,1,22,17,0.004304,0.003326,0.000196
十里,明时,0.30624,2.61509,1,17,22,0.003326,0.004304,0.000196
十里,归心,0.30624,2.61509,1,17,22,0.003326,0.004304,0.000196
夜来,太平,0.30624,2.61509,1,22,17,0.004304,0.003326,0.000196
太平,遥知,0.30624,2.61509,1,17,22,0.003326,0.004304,0.000196
公卿,十里,0.30624,2.61509,1,22,17,0.004304,0.003326,0.000196
清明,相忆,0.30624,2.61509,1,11,34,0.002152,0.006651,0.000196
春水,白蘋,0.30624,2.61509,1,34,11,0.006651,0.002152,0.000196
庭前,明年,0.30624,2.61509,1,17,22,0.003326,0.004304,0.000196
庭前,莲花,0.30624,2.61509,1,17,22,0.003326,0.004304,0.000196
尘埃,庭前,0.30624,2.61509,1,22,17,0.004304,0.003326,0.000196
同心,明年,0.30624,2.61509,1,17,22,0.003326,0.004304,0.000196
叶落,空馀,0.30624,2.61509,1,11,34,0.002152,0.006651,0.000196
同心,尘埃,0.30624,2.61509,1,17,22,0.003326,0.004304,0.000196
山下,风光,0.30624,2.61509,1,34,11,0.006651,0.002152,0.000196
公卿,连天,0.30624,2.61509,1,22,17,0.004304,0.003326,0.000196
闭门,龙门,0.30624,2.61509,1,22,17,0.004304,0.003326,0.000196
东方,月光,0.30624,2.61509,1,22,17,0.004304,0.003326,0.000196
东方,同心,0.30624,2.61509,1,22,17,0.004304,0.003326,0.000196
游人,空馀,0.30624,2.61509,1,11,34,0.002152,0.006651,0.000196
先生,细雨,0.30624,2.61509,1,22,17,0.004304,0.003326,0.000196
尘埃,细雨,0.30624,2.61509,1,22,17,0.004304,0.003326,0.000196
尘埃,朱门,0.30624,2.61509,1,22,17,0.004304,0.003326,0.000196
月满,相忆,0.30624,2.61509,1,11,34,0.002152,0.006651,0.000196
空馀,逢人,0.30624,2.61509,1,34,11,0.006651,0.002152,0.000196
夜来,庭前,0.30624,2.61509,1,22,17,0.004304,0.003326,0.000196
夜来,日斜,0.30624,2.61509,1,22,17,0.004304,0.003326,0.000196
所思,日斜,0.30624,2.61509,1,22,17,0.004304,0.003326,0.000196
日斜,青草,0.30624,2.61509,1,17,22,0.003326,0.004304,0.000196
公卿,日斜,0.30624,2.61509,1,22,17,0.004304,0.003326,0.000196
城下,青草,0.30624,2.61509,1,17,22,0.003326,0.004304,0.000196
功名,青春,0.306225,2.402699,2,25,37,0.00489,0.007238,0.000391
咸阳,帝乡,0.306225,2.402699,2,37,25,0.007238,0.00489,0.000391
日晚,歌舞,0.306225,2.402699,2,25,37,0.00489,0.007238,0.000391
咸阳,自然,0.306225,2.402699,2,37,25,0.007238,0.00489,0.000391
千万,咸阳,0.306225,2.402699,2,25,37,0.00489,0.007238,0.000391
人皆,蛾眉,0.306225,2.402699,2,25,37,0.00489,0.007238,0.000391
人皆,青春,0.306225,2.402699,2,25,37,0.00489,0.007238,0.000391
歌舞,鹦鹉,0.306225,2.402699,2,37,25,0.007238,0.00489,0.000391
万国,青春,0.306225,2.402699,2,25,37,0.00489,0.007238,0.000391
咸阳,英雄,0.306225,2.402699,2,37,25,0.007238,0.00489,0.000391
白首,诸侯,0.306192,2.190207,4,52,44,0.010172,0.008607,0.000782
故园,行路,0.306192,2.190207,4,52,44,0.010172,0.008607,0.000782
从容,鹦鹉,0.305927,2.61242,1,15,25,0.002934,0.00489,0.000196
双阙,饮酒,0.305927,2.61242,1,15,25,0.002934,0.00489,0.000196
功名,向人,0.305927,2.61242,1,25,15,0.00489,0.002934,0.000196
从容,溪水,0.305927,2.61242,1,15,25,0.002934,0.00489,0.000196
弟子,迢递,0.305927,2.61242,1,15,25,0.002934,0.00489,0.000196
迢递,高台,0.305927,2.61242,1,25,15,0.00489,0.002934,0.000196
万国,双飞,0.305927,2.61242,1,25,15,0.00489,0.002934,0.000196
人皆,双飞,0.305927,2.61242,1,25,15,0.00489,0.002934,0.000196
千万,向人,0.305927,2.61242,1,25,15,0.00489,0.002934,0.000196
交亲,人生,0.305927,2.61242,1,5,75,0.000978,0.014671,0.000196
人生,心期,0.305927,2.61242,1,75,5,0.014671,0.000978,0.000196
人世,溪水,0.305927,2.61242,1,15,25,0.002934,0.00489,0.000196
千万,高台,0.305927,2.61242,1,25,15,0.00489,0.002934,0.000196
自然,高台,0.305927,2.61242,1,25,15,0.00489,0.002934,0.000196
婵娟,鹦鹉,0.305927,2.61242,1,15,25,0.002934,0.00489,0.000196
千万,婵娟,0.305927,2.61242,1,25,15,0.00489,0.002934,0.000196
双飞,鹦鹉,0.305927,2.61242,1,15,25,0.002934,0.00489,0.000196
千万,双飞,0.305927,2.61242,1,25,15,0.00489,0.002934,0.000196
花枝,英雄,0.305927,2.61242,1,15,25,0.002934,0.00489,0.000196
万国,人世,0.305927,2.61242,1,25,15,0.00489,0.002934,0.000196
功名,秋日,0.305927,2.61242,1,25,15,0.00489,0.002934,0.000196
婵娟,自然,0.305927,2.61242,1,15,25,0.002934,0.00489,0.000196
独坐,鬼神,0.305927,2.61242,1,25,15,0.00489,0.002934,0.000196
到处,南山,0.305927,2.61242,1,5,75,0.000978,0.014671,0.000196
万国,泉声,0.305927,2.61242,1,25,15,0.00489,0.002934,0.000196
吾道,鬼神,0.305927,2.61242,1,25,15,0.00489,0.002934,0.000196
溪水,满眼,0.305927,2.61242,1,25,15,0.00489,0.002934,0.000196
临风,英雄,0.305927,2.61242,1,15,25,0.002934,0.00489,0.000196
弟子,英雄,0.305927,2.61242,1,15,25,0.002934,0.00489,0.000196
人世,眼前,0.305927,2.61242,1,15,25,0.002934,0.00489,0.000196
人世,吾道,0.305927,2.61242,1,15,25,0.002934,0.00489,0.000196
前程,功名,0.305927,2.61242,1,15,25,0.002934,0.00489,0.000196
前程,独坐,0.305927,2.61242,1,15,25,0.002934,0.00489,0.000196
新诗,老去,0.305927,2.61242,1,25,15,0.00489,0.002934,0.000196
双阙,吾道,0.305927,2.61242,1,15,25,0.002934,0.00489,0.000196
吾道,弟子,0.305927,2.61242,1,25,15,0.00489,0.002934,0.000196
双阙,帝乡,0.305927,2.61242,1,15,25,0.002934,0.00489,0.000196
吾道,秋日,0.305927,2.61242,1,25,15,0.00489,0.002934,0.000196
万国,满眼,0.305927,2.61242,1,25,15,0.00489,0.002934,0.000196
前程,吾道,0.305927,2.61242,1,15,25,0.002934,0.00489,0.000196
别离,杏花,0.305927,2.61242,1,75,5,0.014671,0.000978,0.000196
迢递,道士,0.305927,2.61242,1,25,15,0.00489,0.002934,0.000196
古人,青天,0.305921,2.120003,5,52,59,0.010172,0.011541,0.000978
北阙,南山,0.305877,2.275948,3,21,75,0.004108,0.014671,0.000587
人生,宫殿,0.305877,2.275948,3,75,21,0.014671,0.004108,0.000587
别离,殷勤,0.305877,2.275948,3,75,21,0.014671,0.004108,0.000587
相亲,相见,0.305874,2.119677,5,33,93,0.006455,0.018192,0.000978
乾坤,青冥,0.305826,2.187588,4,62,37,0.012128,0.007238,0.000782
千金,日照,0.305812,2.399461,2,32,29,0.00626,0.005673,0.000391
日照,经过,0.305812,2.399461,2,29,32,0.005673,0.00626,0.000391
南国,宁知,0.305812,2.399461,2,29,32,0.005673,0.00626,0.000391
千金,南国,0.305812,2.399461,2,32,29,0.00626,0.005673,0.000391
宁知,日照,0.305812,2.399461,2,32,29,0.00626,0.005673,0.000391
兄弟,经过,0.305812,2.399461,2,29,32,0.005673,0.00626,0.000391
不归,王孙,0.305812,2.399461,2,32,29,0.00626,0.005673,0.000391
东海,兄弟,0.305812,2.399461,2,32,29,0.00626,0.005673,0.000391
伤心,青松,0.305812,2.399461,2,29,32,0.005673,0.00626,0.000391
所以,裴回,0.305812,2.399461,2,16,58,0.00313,0.011346,0.000391
梧桐,鸳鸯,0.305812,2.399461,2,29,32,0.005673,0.00626,0.000391
梧桐,高秋,0.305812,2.399461,2,29,32,0.005673,0.00626,0.000391
梧桐,自古,0.305812,2.399461,2,29,32,0.005673,0.00626,0.000391
莓苔,裴回,0.305812,2.399461,2,16,58,0.00313,0.011346,0.000391
怅望,自古,0.305812,2.399461,2,29,32,0.005673,0.00626,0.000391
怅望,鸳鸯,0.305812,2.399461,2,29,32,0.005673,0.00626,0.000391
千金,怅望,0.305812,2.399461,2,32,29,0.00626,0.005673,0.000391
来往,草堂,0.305812,2.399461,2,29,32,0.005673,0.00626,0.000391
怅望,草堂,0.305812,2.399461,2,29,32,0.005673,0.00626,0.000391
无力,风雨,0.305616,2.609757,1,8,47,0.001565,0.009194,0.000196
富贵,时节,0.305616,2.609757,1,47,8,0.009194,0.001565,0.000196
残月,沧浪,0.305616,2.609757,1,8,47,0.001565,0.009194,0.000196
徘徊,沧浪,0.305616,2.609757,1,8,47,0.001565,0.009194,0.000196
相见,雨中,0.305538,2.397309,2,93,10,0.018192,0.001956,0.000391
两相,凤凰,0.305538,2.397309,2,15,62,0.002934,0.012128,0.000391
日夜,消息,0.305538,2.397309,2,30,31,0.005869,0.006064,0.000391
春日,消息,0.305538,2.397309,2,30,31,0.005869,0.006064,0.000391
千秋,消息,0.305538,2.397309,2,30,31,0.005869,0.006064,0.000391
长江,鸟飞,0.305538,2.397309,2,30,31,0.005869,0.006064,0.000391
他乡,消息,0.305538,2.397309,2,30,31,0.005869,0.006064,0.000391
乾坤,双阙,0.305538,2.397309,2,62,15,0.012128,0.002934,0.000391
分明,千秋,0.305538,2.397309,2,31,30,0.006064,0.005869,0.000391
十年,秋草,0.305418,2.060836,6,93,42,0.018192,0.008216,0.001174
壮士,黄昏,0.305401,2.396234,2,49,19,0.009585,0.003717,0.000391
君恩,壮士,0.305401,2.396234,2,19,49,0.003717,0.009585,0.000391
含情,白玉,0.305401,2.396234,2,19,49,0.003717,0.009585,0.000391
相看,颜色,0.3054,2.184541,4,39,59,0.007629,0.011541,0.000782
绿水,青天,0.3054,2.184541,4,39,59,0.007629,0.011541,0.000782
东山,苍生,0.305357,2.116099,5,55,56,0.010759,0.010955,0.000978
南国,猿声,0.305305,2.607101,1,29,13,0.005673,0.002543,0.000196
猿啼,秋天,0.305305,2.607101,1,13,29,0.002543,0.005673,0.000196
夜月,秋天,0.305305,2.607101,1,13,29,0.002543,0.005673,0.000196
断肠,猿啼,0.305305,2.607101,1,29,13,0.005673,0.002543,0.000196
丞相,岁寒,0.305305,2.607101,1,29,13,0.005673,0.002543,0.000196
岁寒,断肠,0.305305,2.607101,1,13,29,0.002543,0.005673,0.000196
断肠,相寻,0.305305,2.607101,1,29,13,0.005673,0.002543,0.000196
南国,岁寒,0.305305,2.607101,1,29,13,0.005673,0.002543,0.000196
南国,相寻,0.305305,2.607101,1,29,13,0.005673,0.002543,0.000196
南北,南国,0.305305,2.607101,1,13,29,0.002543,0.005673,0.000196
岁寒,梧桐,0.305305,2.607101,1,13,29,0.002543,0.005673,0.000196
万物,岁寒,0.305305,2.607101,1,29,13,0.005673,0.002543,0.000196
梧桐,相寻,0.305305,2.607101,1,29,13,0.005673,0.002543,0.000196
万物,相寻,0.305305,2.607101,1,29,13,0.005673,0.002543,0.000196
伤心,绮罗,0.305305,2.607101,1,29,13,0.005673,0.002543,0.000196
断肠,猿声,0.305305,2.607101,1,29,13,0.005673,0.002543,0.000196
断肠,看花,0.305305,2.607101,1,29,13,0.005673,0.002543,0.000196
怅望,梦魂,0.305305,2.607101,1,29,13,0.005673,0.002543,0.000196
王孙,相寻,0.305305,2.607101,1,29,13,0.005673,0.002543,0.000196
归客,阑干,0.305305,2.607101,1,29,13,0.005673,0.002543,0.000196
伤心,钓鱼,0.305305,2.607101,1,29,13,0.005673,0.002543,0.000196
丞相,夜月,0.305305,2.607101,1,29,13,0.005673,0.002543,0.000196
南国,多少,0.305305,2.607101,1,29,13,0.005673,0.002543,0.000196
岁寒,来往,0.305305,2.607101,1,13,29,0.002543,0.005673,0.000196
南北,秋天,0.305305,2.607101,1,13,29,0.002543,0.005673,0.000196
兄弟,闻说,0.305305,2.607101,1,29,13,0.005673,0.002543,0.000196
夜月,归客,0.305305,2.607101,1,13,29,0.002543,0.005673,0.000196
岁寒,秋天,0.305305,2.607101,1,13,29,0.002543,0.005673,0.000196
人家,阑干,0.305305,2.607101,1,29,13,0.005673,0.002543,0.000196
伤心,猿啼,0.305305,2.607101,1,29,13,0.005673,0.002543,0.000196
始知,富贵,0.305278,2.183672,4,49,47,0.009585,0.009194,0.000782
萧索,风尘,0.305218,2.183238,4,24,96,0.004695,0.018779,0.000782
寥落,风尘,0.305218,2.183238,4,24,96,0.004695,0.018779,0.000782
少年,黄金,0.305185,1.779627,15,98,132,0.019171,0.025822,0.002934
东流,清晨,0.305111,2.27025,3,48,33,0.00939,0.006455,0.000587
月落,黄金,0.305111,2.27025,3,12,132,0.002347,0.025822,0.000587
可怜,宫中,0.305111,2.27025,3,48,33,0.00939,0.006455,0.000587
功成,黄河,0.305111,2.27025,3,33,48,0.006455,0.00939,0.000587
相亲,神仙,0.305111,2.27025,3,33,48,0.006455,0.00939,0.000587
东流,千门,0.305111,2.27025,3,48,33,0.00939,0.006455,0.000587
旧游,楼上,0.304994,2.604452,1,18,21,0.003521,0.004108,0.000196
秋来,黄花,0.304994,2.604452,1,18,21,0.003521,0.004108,0.000196
月夜,朝朝,0.304994,2.604452,1,14,27,0.002739,0.005282,0.000196
劝君,忆昔,0.304994,2.604452,1,14,27,0.002739,0.005282,0.000196
临水,北阙,0.304994,2.604452,1,18,21,0.003521,0.004108,0.000196
太守,马嘶,0.304994,2.604452,1,27,14,0.005282,0.002739,0.000196
宫殿,百花,0.304994,2.604452,1,21,18,0.004108,0.003521,0.000196
曲江,走马,0.304994,2.604452,1,9,42,0.001761,0.008216,0.000196
十载,山僧,0.304994,2.604452,1,21,18,0.004108,0.003521,0.000196
新月,辛苦,0.304994,2.604452,1,21,18,0.004108,0.003521,0.000196
宫殿,碧云,0.304994,2.604452,1,21,18,0.004108,0.003521,0.000196
路傍,零落,0.304994,2.604452,1,18,21,0.003521,0.004108,0.000196
山高,殷勤,0.304994,2.604452,1,18,21,0.003521,0.004108,0.000196
旧游,殷勤,0.304994,2.604452,1,18,21,0.003521,0.004108,0.000196
天外,零落,0.304994,2.604452,1,18,21,0.003521,0.004108,0.000196
芙蓉,霓裳,0.304994,2.604452,1,54,7,0.010563,0.001369,0.000196
名利,芙蓉,0.304994,2.604452,1,7,54,0.001369,0.010563,0.000196
登高,霓裳,0.304994,2.604452,1,54,7,0.010563,0.001369,0.000196
星辰,零落,0.304994,2.604452,1,18,21,0.003521,0.004108,0.000196
名利,登高,0.304994,2.604452,1,7,54,0.001369,0.010563,0.000196
客心,月夜,0.304994,2.604452,1,27,14,0.005282,0.002739,0.000196
月夜,题诗,0.304994,2.604452,1,14,27,0.002739,0.005282,0.000196
十载,雨露,0.304994,2.604452,1,21,18,0.004108,0.003521,0.000196
十载,碧云,0.304994,2.604452,1,21,18,0.004108,0.003521,0.000196
十载,路傍,0.304994,2.604452,1,21,18,0.004108,0.003521,0.000196
天外,行客,0.304994,2.604452,1,18,21,0.003521,0.004108,0.000196
镜中,黄花,0.304994,2.604452,1,18,21,0.003521,0.004108,0.000196
歌声,花飞,0.304994,2.604452,1,18,21,0.003521,0.004108,0.000196
无情,花间,0.304994,2.604452,1,18,21,0.003521,0.004108,0.000196
登高,风月,0.304994,2.604452,1,54,7,0.010563,0.001369,0.000196
万古,风月,0.304994,2.604452,1,54,7,0.010563,0.001369,0.000196
世间,蓬莱,0.304994,2.604452,1,9,42,0.001761,0.008216,0.000196
无情,殷勤,0.304994,2.604452,1,18,21,0.003521,0.004108,0.000196
殷勤,碧云,0.304994,2.604452,1,21,18,0.004108,0.003521,0.000196
碧云,青楼,0.304994,2.604452,1,18,21,0.003521,0.004108,0.000196
辛苦,零落,0.304994,2.604452,1,18,21,0.003521,0.004108,0.000196
登楼,花间,0.304994,2.604452,1,18,21,0.003521,0.004108,0.000196
万古,玲珑,0.304994,2.604452,1,54,7,0.010563,0.001369,0.000196
殷勤,路傍,0.304994,2.604452,1,21,18,0.004108,0.003521,0.000196
丹砂,经年,0.304994,2.604452,1,27,14,0.005282,0.002739,0.000196
天外,陌上,0.304994,2.604452,1,18,21,0.003521,0.004108,0.000196
万古,寻常,0.304994,2.604452,1,54,7,0.010563,0.001369,0.000196
十载,辛苦,0.304994,2.604452,1,21,18,0.004108,0.003521,0.000196
子孙,星辰,0.304994,2.604452,1,21,18,0.004108,0.003521,0.000196
吟诗,山河,0.304994,2.604452,1,9,42,0.001761,0.008216,0.000196
摇落,浮生,0.304994,2.604452,1,18,21,0.003521,0.004108,0.000196
人稀,罗衣,0.304994,2.604452,1,14,27,0.002739,0.005282,0.000196
摇落,霄汉,0.304994,2.604452,1,18,21,0.003521,0.004108,0.000196
北阙,星辰,0.304994,2.604452,1,21,18,0.004108,0.003521,0.000196
曲江,蓬莱,0.304994,2.604452,1,9,42,0.001761,0.008216,0.000196
巫山,曲江,0.304994,2.604452,1,42,9,0.008216,0.001761,0.000196
新月,无情,0.304994,2.604452,1,21,18,0.004108,0.003521,0.000196
大道,马嘶,0.304994,2.604452,1,27,14,0.005282,0.002739,0.000196
临水,芳菲,0.304994,2.604452,1,18,21,0.003521,0.004108,0.000196
寒食,镜中,0.304994,2.604452,1,21,18,0.004108,0.003521,0.000196
殷勤,镜中,0.304994,2.604452,1,21,18,0.004108,0.003521,0.000196
朝朝,经年,0.304994,2.604452,1,27,14,0.005282,0.002739,0.000196
日月,风霜,0.304941,2.268988,3,61,26,0.011933,0.005086,0.000587
相随,终日,0.304941,2.268988,3,26,61,0.005086,0.011933,0.000587
日月,未央,0.304941,2.268988,3,61,26,0.011933,0.005086,0.000587
江海,风霜,0.304941,2.268988,3,61,26,0.011933,0.005086,0.000587
落花,龙门,0.304854,2.391947,2,55,17,0.010759,0.003326,0.000391
城下,沧海,0.304854,2.391947,2,17,55,0.003326,0.010759,0.000391
东山,君心,0.304854,2.391947,2,55,17,0.010759,0.003326,0.000391
桃花,肠断,0.304854,2.180638,4,70,33,0.013693,0.006455,0.000782
草木,远近,0.304854,2.180638,4,66,35,0.012911,0.006847,0.000782
白露,秋风,0.304806,2.009719,7,44,109,0.008607,0.021322,0.001369
山川,未央,0.304718,2.390878,2,36,26,0.007042,0.005086,0.000391
男儿,自言,0.304718,2.390878,2,36,26,0.007042,0.005086,0.000391
绿水,青苔,0.304718,2.390878,2,39,24,0.007629,0.004695,0.000391
未央,衣裳,0.304718,2.390878,2,26,36,0.005086,0.007042,0.000391
今朝,柳色,0.304718,2.390878,2,36,26,0.007042,0.005086,0.000391
今朝,翡翠,0.304718,2.390878,2,36,26,0.007042,0.005086,0.000391
今朝,未央,0.304718,2.390878,2,36,26,0.007042,0.005086,0.000391
南宫,萧条,0.304718,2.390878,2,12,78,0.002347,0.015258,0.000391
男儿,马上,0.304718,2.390878,2,36,26,0.007042,0.005086,0.000391
男儿,马蹄,0.304718,2.390878,2,36,26,0.007042,0.005086,0.000391
万户,日出,0.304718,2.390878,2,26,36,0.005086,0.007042,0.000391
月下,绿水,0.304718,2.390878,2,24,39,0.004695,0.007629,0.000391
寥落,独立,0.304718,2.390878,2,24,39,0.004695,0.007629,0.000391
纵横,萧索,0.304718,2.390878,2,39,24,0.007629,0.004695,0.000391
寥落,纵横,0.304718,2.390878,2,24,39,0.004695,0.007629,0.000391
携手,猿啼,0.304718,2.390878,2,72,13,0.014085,0.002543,0.000391
月下,长沙,0.304718,2.390878,2,24,39,0.004695,0.007629,0.000391
岁寒,携手,0.304718,2.390878,2,13,72,0.002543,0.014085,0.000391
意气,行乐,0.304718,2.390878,2,39,24,0.007629,0.004695,0.000391
古人,雨露,0.304718,2.390878,2,52,18,0.010172,0.003521,0.000391
叹息,向东,0.304718,2.390878,2,39,24,0.007629,0.004695,0.000391
徘徊,日暮,0.304718,2.390878,2,8,117,0.001565,0.022887,0.000391
摇落,故园,0.304718,2.390878,2,18,52,0.003521,0.010172,0.000391
海上,登楼,0.304718,2.390878,2,52,18,0.010172,0.003521,0.000391
凉风,携手,0.30461,2.110918,5,43,72,0.008412,0.014085,0.000978
仙人,千秋,0.304603,2.266469,3,53,30,0.010368,0.005869,0.000587
咸阳,旌旗,0.304518,2.26584,3,37,43,0.007238,0.008412,0.000587
天地,池塘,0.304446,2.388743,2,134,7,0.026213,0.001369,0.000391
乾坤,苍茫,0.304423,2.109627,5,62,50,0.012128,0.009781,0.000978
佳期,垂杨,0.304376,2.599175,1,20,19,0.003912,0.003717,0.000196
垂杨,须臾,0.304376,2.599175,1,19,20,0.003717,0.003912,0.000196
北斗,西风,0.304376,2.599175,1,38,10,0.007433,0.001956,0.000196
望乡,楚客,0.304376,2.599175,1,20,19,0.003912,0.003717,0.000196
山水,物外,0.304376,2.599175,1,38,10,0.007433,0.001956,0.000196
相对,苍苔,0.304376,2.599175,1,19,20,0.003717,0.003912,0.000196
心事,苍苔,0.304376,2.599175,1,19,20,0.003717,0.003912,0.000196
心事,须臾,0.304376,2.599175,1,19,20,0.003717,0.003912,0.000196
早晚,楚客,0.304376,2.599175,1,20,19,0.003912,0.003717,0.000196
含情,风飘,0.304376,2.599175,1,19,20,0.003717,0.003912,0.000196
含情,自怜,0.304376,2.599175,1,19,20,0.003717,0.003912,0.000196
重阳,骑马,0.304376,2.599175,1,19,20,0.003717,0.003912,0.000196
君恩,自怜,0.304376,2.599175,1,19,20,0.003717,0.003912,0.000196
半夜,黄鹤,0.304376,2.599175,1,10,38,0.001956,0.007433,0.000196
无限,玉树,0.304376,2.599175,1,19,20,0.003717,0.003912,0.000196
天台,无限,0.304376,2.599175,1,20,19,0.003912,0.003717,0.000196
感激,绿杨,0.304376,2.599175,1,38,10,0.007433,0.001956,0.000196
头白,阳春,0.304376,2.599175,1,19,20,0.003717,0.003912,0.000196
含情,阳春,0.304376,2.599175,1,19,20,0.003717,0.003912,0.000196
玉堂,阳春,0.304376,2.599175,1,19,20,0.003717,0.003912,0.000196
含情,玉树,0.304376,2.599175,1,19,20,0.003717,0.003912,0.000196
玉堂,玉树,0.304376,2.599175,1,19,20,0.003717,0.003912,0.000196
玉堂,远客,0.304376,2.599175,1,19,20,0.003717,0.003912,0.000196
可惜,黄鹤,0.304376,2.599175,1,10,38,0.001956,0.007433,0.000196
对酒,花时,0.304376,2.599175,1,38,10,0.007433,0.001956,0.000196
头白,自怜,0.304376,2.599175,1,19,20,0.003717,0.003912,0.000196
关河,感激,0.304376,2.599175,1,10,38,0.001956,0.007433,0.000196
晚来,相对,0.304376,2.599175,1,20,19,0.003912,0.003717,0.000196
老人,骨肉,0.304376,2.599175,1,20,19,0.003912,0.003717,0.000196
玉堂,老人,0.304376,2.599175,1,19,20,0.003717,0.003912,0.000196
世上,可惜,0.304376,2.599175,1,38,10,0.007433,0.001956,0.000196
头白,杜陵,0.304376,2.599175,1,19,20,0.003717,0.003912,0.000196
关河,岁月,0.304376,2.599175,1,10,38,0.001956,0.007433,0.000196
当年,骑马,0.304376,2.599175,1,19,20,0.003717,0.003912,0.000196
心事,鱼龙,0.304376,2.599175,1,19,20,0.003717,0.003912,0.000196
杜陵,重阳,0.304376,2.599175,1,20,19,0.003912,0.003717,0.000196
晚来,楚客,0.304376,2.599175,1,20,19,0.003912,0.003717,0.000196
半夜,山水,0.304376,2.599175,1,10,38,0.001956,0.007433,0.000196
古今,当年,0.304376,2.599175,1,20,19,0.003912,0.003717,0.000196
古今,骨肉,0.304376,2.599175,1,20,19,0.003912,0.003717,0.000196
当年,闲居,0.304376,2.599175,1,19,20,0.003717,0.003912,0.000196
闲居,骨肉,0.304376,2.599175,1,20,19,0.003912,0.003717,0.000196
日月,黄鹤,0.304371,2.17718,4,61,38,0.011933,0.007433,0.000782
丹砂,青天,0.30435,2.264584,3,27,59,0.005282,0.011541,0.000587
客心,春色,0.30435,2.264584,3,27,59,0.005282,0.011541,0.000587
白马,鸡鸣,0.30425,2.176318,4,58,40,0.011346,0.007825,0.000782
日照,落花,0.304181,2.263329,3,29,55,0.005673,0.010759,0.000587
日照,沧海,0.304181,2.263329,3,29,55,0.005673,0.010759,0.000587
富贵,百尺,0.304174,2.386613,2,47,20,0.009194,0.003912,0.000391
古今,富贵,0.304174,2.386613,2,20,47,0.003912,0.009194,0.000391
阳城,高楼,0.304174,2.386613,2,20,47,0.003912,0.009194,0.000391
富贵,老人,0.304174,2.386613,2,47,20,0.009194,0.003912,0.000391
万古,归去,0.30413,2.175456,4,54,43,0.010563,0.008412,0.000782
归去,登高,0.30413,2.175456,4,43,54,0.008412,0.010563,0.000782
还家,黄鹤,0.304097,2.262703,3,42,38,0.008216,0.007433,0.000587
知己,落叶,0.304097,2.262703,3,57,28,0.01115,0.005477,0.000587
天上,落叶,0.304097,2.262703,3,57,28,0.01115,0.005477,0.000587
世上,蛟龙,0.304097,2.262703,3,38,42,0.007433,0.008216,0.000587
巫山,黄鹤,0.304097,2.262703,3,42,38,0.008216,0.007433,0.000587
主人,苦辛,0.30407,2.175026,4,101,23,0.019757,0.004499,0.000782
功名,十年,0.303949,2.174165,4,25,93,0.00489,0.018192,0.000782
十年,新诗,0.303949,2.174165,4,93,25,0.018192,0.00489,0.000782
相见,迢递,0.303949,2.174165,4,93,25,0.018192,0.00489,0.000782
十年,迢递,0.303949,2.174165,4,93,25,0.018192,0.00489,0.000782
朱门,浮云,0.303928,2.26145,3,17,94,0.003326,0.018388,0.000587
相看,路难,0.303844,2.260825,3,39,41,0.007629,0.00802,0.000587
松柏,路长,0.303768,2.383427,2,41,23,0.00802,0.004499,0.000391
路长,路难,0.303768,2.383427,2,23,41,0.004499,0.00802,0.000391
云飞,松柏,0.303768,2.383427,2,23,41,0.004499,0.00802,0.000391
他日,故国,0.303768,2.383427,2,41,23,0.00802,0.004499,0.000391
宁知,白雪,0.30376,2.260199,3,32,50,0.00626,0.009781,0.000587
经过,衣冠,0.30376,2.260199,3,32,50,0.00626,0.009781,0.000587
帝城,衣冠,0.30376,2.260199,3,32,50,0.00626,0.009781,0.000587
白雪,青松,0.30376,2.260199,3,50,32,0.009781,0.00626,0.000587
自古,衣冠,0.30376,2.260199,3,32,50,0.00626,0.009781,0.000587
他人,青天,0.303633,2.382367,2,16,59,0.00313,0.011541,0.000391
怜君,江湖,0.303633,2.382367,2,16,59,0.00313,0.011541,0.000391
古木,青天,0.303633,2.382367,2,16,59,0.00313,0.011541,0.000391
寒食,洛阳,0.303589,2.171588,4,21,111,0.004108,0.021714,0.000782
暮雨,月照,0.303498,2.381308,2,27,35,0.005282,0.006847,0.000391
清净,远近,0.303498,2.381308,2,27,35,0.005282,0.006847,0.000391
月明,清净,0.303498,2.381308,2,35,27,0.006847,0.005282,0.000391
河汉,远近,0.303498,2.381308,2,27,35,0.005282,0.006847,0.000391
大道,知音,0.303498,2.381308,2,27,35,0.005282,0.006847,0.000391
双飞,秋月,0.303498,2.381308,2,15,63,0.002934,0.012324,0.000391
月明,题诗,0.303498,2.381308,2,35,27,0.006847,0.005282,0.000391
中原,丹砂,0.303498,2.381308,2,35,27,0.006847,0.005282,0.000391
月明,河汉,0.303498,2.381308,2,35,27,0.006847,0.005282,0.000391
月照,河汉,0.303498,2.381308,2,35,27,0.006847,0.005282,0.000391
忆昔,造化,0.303498,2.381308,2,27,35,0.005282,0.006847,0.000391
汉水,罗衣,0.303498,2.381308,2,35,27,0.006847,0.005282,0.000391
千年,大道,0.303498,2.381308,2,35,27,0.006847,0.005282,0.000391
千载,子孙,0.303498,2.381308,2,45,21,0.008803,0.004108,0.000391
日落,零落,0.303498,2.381308,2,45,21,0.008803,0.004108,0.000391
北阙,天涯,0.303498,2.381308,2,21,45,0.004108,0.008803,0.000391
归去,明年,0.303364,2.380251,2,43,22,0.008412,0.004304,0.000391
百里,莲花,0.303364,2.380251,2,43,22,0.008412,0.004304,0.000391
东风,青草,0.303364,2.380251,2,43,22,0.008412,0.004304,0.000391
尘埃,归去,0.303364,2.380251,2,22,43,0.004304,0.008412,0.000391
归去,遥知,0.303364,2.380251,2,43,22,0.008412,0.004304,0.000391
行人,雨雪,0.303289,2.169445,4,73,32,0.01428,0.00626,0.000782
行人,鸳鸯,0.303289,2.169445,4,73,32,0.01428,0.00626,0.000782
千金,桃李,0.303289,2.169445,4,32,73,0.00626,0.01428,0.000782
相对,相思,0.30323,2.169017,4,19,123,0.003717,0.024061,0.000782
仙人,青天,0.303172,2.100955,5,53,59,0.010368,0.011541,0.000978
昔年,林下,0.30315,2.588703,1,12,32,0.002347,0.00626,0.000196
古木,年少,0.30315,2.588703,1,16,24,0.00313,0.004695,0.000196
憔悴,独自,0.30315,2.588703,1,32,12,0.00626,0.002347,0.000196
神仙,金谷,0.30315,2.588703,1,48,8,0.00939,0.001565,0.000196
山头,扬州,0.30315,2.588703,1,24,16,0.004695,0.00313,0.000196
明月,枕上,0.30315,2.588703,1,128,3,0.025039,0.000587,0.000196
他人,故山,0.30315,2.588703,1,16,24,0.00313,0.004695,0.000196
永日,读书,0.30315,2.588703,1,12,32,0.002347,0.00626,0.000196
林下,满地,0.30315,2.588703,1,32,12,0.00626,0.002347,0.000196
独自,青松,0.30315,2.588703,1,12,32,0.002347,0.00626,0.000196
不归,独自,0.30315,2.588703,1,32,12,0.00626,0.002347,0.000196
宛转,鸳鸯,0.30315,2.588703,1,12,32,0.002347,0.00626,0.000196
宛转,高秋,0.30315,2.588703,1,12,32,0.002347,0.00626,0.000196
月落,高秋,0.30315,2.588703,1,12,32,0.002347,0.00626,0.000196
宛转,自古,0.30315,2.588703,1,12,32,0.002347,0.00626,0.000196
东海,宛转,0.30315,2.588703,1,32,12,0.00626,0.002347,0.000196
宛转,青松,0.30315,2.588703,1,12,32,0.002347,0.00626,0.000196
月落,自古,0.30315,2.588703,1,12,32,0.002347,0.00626,0.000196
所以,萧索,0.30315,2.588703,1,16,24,0.00313,0.004695,0.000196
草绿,萧索,0.30315,2.588703,1,16,24,0.00313,0.004695,0.000196
千金,月落,0.30315,2.588703,1,32,12,0.00626,0.002347,0.000196
所以,紫微,0.30315,2.588703,1,16,24,0.00313,0.004695,0.000196
紫微,草绿,0.30315,2.588703,1,24,16,0.004695,0.00313,0.000196
东海,月落,0.30315,2.588703,1,32,12,0.00626,0.002347,0.000196
月落,青松,0.30315,2.588703,1,12,32,0.002347,0.00626,0.000196
去年,独自,0.30315,2.588703,1,32,12,0.00626,0.002347,0.000196
千金,月中,0.30315,2.588703,1,32,12,0.00626,0.002347,0.000196
寥落,扬州,0.30315,2.588703,1,24,16,0.004695,0.00313,0.000196
月中,欢娱,0.30315,2.588703,1,12,32,0.002347,0.00626,0.000196
思君,楚水,0.30315,2.588703,1,24,16,0.004695,0.00313,0.000196
扬州,月下,0.30315,2.588703,1,16,24,0.00313,0.004695,0.000196
憔悴,黄叶,0.30315,2.588703,1,32,12,0.00626,0.002347,0.000196
东海,永日,0.30315,2.588703,1,32,12,0.00626,0.002347,0.000196
故山,莓苔,0.30315,2.588703,1,24,16,0.004695,0.00313,0.000196
月落,梅花,0.30315,2.588703,1,12,32,0.002347,0.00626,0.000196
向东,红粉,0.30315,2.588703,1,24,16,0.004695,0.00313,0.000196
东流,水声,0.30315,2.588703,1,48,8,0.00939,0.001565,0.000196
时节,黄河,0.30315,2.588703,1,8,48,0.001565,0.00939,0.000196
愁人,高秋,0.30315,2.588703,1,12,32,0.002347,0.00626,0.000196
愁人,憔悴,0.30315,2.588703,1,12,32,0.002347,0.00626,0.000196
残月,黄河,0.30315,2.588703,1,8,48,0.001565,0.00939,0.000196
可怜,无力,0.30315,2.588703,1,48,8,0.00939,0.001565,0.000196
高秋,黄叶,0.30315,2.588703,1,32,12,0.00626,0.002347,0.000196
时节,蹉跎,0.30315,2.588703,1,8,48,0.001565,0.00939,0.000196
月落,草堂,0.30315,2.588703,1,12,32,0.002347,0.00626,0.000196
相望,金谷,0.30315,2.588703,1,48,8,0.00939,0.001565,0.000196
世事,满地,0.30315,2.588703,1,32,12,0.00626,0.002347,0.000196
帝城,满地,0.30315,2.588703,1,32,12,0.00626,0.002347,0.000196
不归,野花,0.30315,2.588703,1,32,12,0.00626,0.002347,0.000196
烟雨,鸳鸯,0.30315,2.588703,1,12,32,0.002347,0.00626,0.000196
愁人,梅花,0.30315,2.588703,1,12,32,0.002347,0.00626,0.000196
他人,山头,0.30315,2.588703,1,16,24,0.00313,0.004695,0.000196
林下,永日,0.30315,2.588703,1,32,12,0.00626,0.002347,0.000196
昔年,洞庭,0.303094,2.378139,2,12,79,0.002347,0.015454,0.000391
独立,茫茫,0.30305,2.167734,4,39,60,0.007629,0.011737,0.000782
白首,百年,0.30305,2.167734,4,52,45,0.010172,0.008803,0.000782
桃李,瑶池,0.30296,2.377084,2,73,13,0.01428,0.002543,0.000391
千年,夜雨,0.302846,2.586103,1,35,11,0.006847,0.002152,0.000196
万年,造化,0.302846,2.586103,1,11,35,0.002152,0.006847,0.000196
千年,楼前,0.302846,2.586103,1,35,11,0.006847,0.002152,0.000196
叶落,花开,0.302846,2.586103,1,11,35,0.002152,0.006847,0.000196
流年,远山,0.302846,2.586103,1,11,35,0.002152,0.006847,0.000196
汀洲,花开,0.302846,2.586103,1,11,35,0.002152,0.006847,0.000196
中原,春雨,0.302846,2.586103,1,35,11,0.006847,0.002152,0.000196
玲珑,落花,0.302846,2.586103,1,7,55,0.001369,0.010759,0.000196
月照,风光,0.302846,2.586103,1,35,11,0.006847,0.002152,0.000196
汉水,风光,0.302846,2.586103,1,35,11,0.006847,0.002152,0.000196
月照,楼前,0.302846,2.586103,1,35,11,0.006847,0.002152,0.000196
玲珑,相识,0.302846,2.586103,1,7,55,0.001369,0.010759,0.000196
月明,流年,0.302846,2.586103,1,35,11,0.006847,0.002152,0.000196
名利,相识,0.302846,2.586103,1,7,55,0.001369,0.010759,0.000196
千年,清明,0.302846,2.586103,1,35,11,0.006847,0.002152,0.000196
月照,逢人,0.302846,2.586103,1,35,11,0.006847,0.002152,0.000196
中原,楼前,0.302846,2.586103,1,35,11,0.006847,0.002152,0.000196
中原,白蘋,0.302846,2.586103,1,35,11,0.006847,0.002152,0.000196
远山,逢人,0.302846,2.586103,1,35,11,0.006847,0.002152,0.000196
寻常,落花,0.302846,2.586103,1,7,55,0.001369,0.010759,0.000196
东山,池塘,0.302846,2.586103,1,55,7,0.010759,0.001369,0.000196
万年,花开,0.302846,2.586103,1,11,35,0.002152,0.006847,0.000196
清明,远近,0.302846,2.586103,1,11,35,0.002152,0.006847,0.000196
千年,玉楼,0.302846,2.586103,1,35,11,0.006847,0.002152,0.000196
北斗,帝乡,0.302826,2.376031,2,38,25,0.007433,0.00489,0.000391
山水,英雄,0.302826,2.376031,2,38,25,0.007433,0.00489,0.000391
衣冠,重阳,0.302826,2.376031,2,50,19,0.009781,0.003717,0.000391
功名,黄鹤,0.302826,2.376031,2,25,38,0.00489,0.007433,0.000391
千万,黄鹤,0.302826,2.376031,2,25,38,0.00489,0.007433,0.000391
吾道,感激,0.302826,2.376031,2,25,38,0.00489,0.007433,0.000391
夕阳,山色,0.302826,2.376031,2,50,19,0.009781,0.003717,0.000391
北风,萧萧,0.302803,2.098399,5,55,57,0.010759,0.01115,0.000978
千金,少年,0.302757,2.098081,5,32,98,0.00626,0.019171,0.000978
乾坤,圣主,0.302756,2.252727,3,62,26,0.012128,0.005086,0.000587
故园,消息,0.302756,2.252727,3,52,31,0.010172,0.006064,0.000587
乾坤,生涯,0.302756,2.252727,3,62,26,0.012128,0.005086,0.000587
天寒,故乡,0.302692,2.165173,4,46,51,0.008998,0.009977,0.000782
东风,桃李,0.302619,2.097124,5,43,73,0.008412,0.01428,0.000978
山下,羽翼,0.302558,2.373928,2,34,28,0.006651,0.005477,0.000391
今日,无力,0.302558,2.373928,2,119,8,0.023279,0.001565,0.000391
君子,庭前,0.302558,2.373928,2,56,17,0.010955,0.003326,0.000391
昨夜,梦中,0.302558,2.373928,2,56,17,0.010955,0.003326,0.000391
春水,相送,0.302558,2.373928,2,34,28,0.006651,0.005477,0.000391
江上,菊花,0.302514,2.163895,4,87,27,0.017019,0.005282,0.000782
功名,浮云,0.302454,2.16347,4,25,94,0.00489,0.018388,0.000782
富贵,衣冠,0.302454,2.16347,4,47,50,0.009194,0.009781,0.000782
人皆,浮云,0.302454,2.16347,4,25,94,0.00489,0.018388,0.000782
浮云,迢递,0.302454,2.16347,4,94,25,0.018388,0.00489,0.000782
功成,壮士,0.30234,2.24963,3,33,49,0.006455,0.009585,0.000587
空山,还家,0.302335,2.162619,4,56,42,0.010955,0.008216,0.000782
悠悠,萧索,0.302335,2.162619,4,98,24,0.019171,0.004695,0.000782
秋草,至今,0.302335,2.162619,4,42,56,0.008216,0.010955,0.000782
仙人,天外,0.30229,2.37183,2,53,18,0.010368,0.003521,0.000391
仙人,星辰,0.30229,2.37183,2,53,18,0.010368,0.003521,0.000391
岐路,归去,0.302239,2.580921,1,9,43,0.001761,0.008412,0.000196
御沟,秋水,0.302239,2.580921,1,9,43,0.001761,0.008412,0.000196
御沟,旌旗,0.302239,2.580921,1,9,43,0.001761,0.008412,0.000196
归去,春深,0.302239,2.580921,1,43,9,0.008412,0.001761,0.000196
世间,百里,0.302239,2.580921,1,9,43,0.001761,0.008412,0.000196
东风,吟诗,0.302239,2.580921,1,43,9,0.008412,0.001761,0.000196
旌旗,曲江,0.302239,2.580921,1,43,9,0.008412,0.001761,0.000196
吟诗,风起,0.302239,2.580921,1,9,43,0.001761,0.008412,0.000196
凤凰,北斗,0.302098,2.16092,4,62,38,0.012128,0.007433,0.000782
无穷,芙蓉,0.302091,2.247777,3,30,54,0.005869,0.010563,0.000587
南国,相亲,0.30189,2.36869,2,29,33,0.005673,0.006455,0.000391
南国,肠断,0.30189,2.36869,2,29,33,0.005673,0.006455,0.000391
王孙,车马,0.30189,2.36869,2,29,33,0.005673,0.006455,0.000391
千门,王孙,0.30189,2.36869,2,33,29,0.006455,0.005673,0.000391
人家,千门,0.30189,2.36869,2,29,33,0.005673,0.006455,0.000391
千门,断肠,0.30189,2.36869,2,33,29,0.006455,0.005673,0.000391
江上,烟波,0.30189,2.36869,2,87,11,0.017019,0.002152,0.000391
湘水,秋天,0.30189,2.36869,2,33,29,0.006455,0.005673,0.000391
功成,断肠,0.30189,2.36869,2,33,29,0.006455,0.005673,0.000391
万物,千门,0.30189,2.36869,2,29,33,0.005673,0.006455,0.000391
伤心,肠断,0.30189,2.36869,2,29,33,0.005673,0.006455,0.000391
今年,兄弟,0.30189,2.36869,2,33,29,0.006455,0.005673,0.000391
伤心,逍遥,0.30189,2.36869,2,29,33,0.005673,0.006455,0.000391
汀洲,江上,0.30189,2.36869,2,11,87,0.002152,0.017019,0.000391
青天,鸡鸣,0.30186,2.159223,4,59,40,0.011541,0.007825,0.000782
春色,朝廷,0.30186,2.159223,4,59,40,0.011541,0.007825,0.000782
君子,日照,0.301759,2.245311,3,56,29,0.010955,0.005673,0.000587
江水,相知,0.301759,2.245311,3,56,29,0.010955,0.005673,0.000587
孤舟,月色,0.301759,2.245311,3,58,28,0.011346,0.005477,0.000587
人家,昨夜,0.301759,2.245311,3,29,56,0.005673,0.010955,0.000587
兄弟,秋风,0.301612,2.09014,5,29,109,0.005673,0.021322,0.000978
回首,苍茫,0.301552,1.988266,7,98,50,0.019171,0.009781,0.001369
云间,梅花,0.301491,2.36556,2,30,32,0.005869,0.00626,0.000391
东流,汉宫,0.301491,2.36556,2,48,20,0.00939,0.003912,0.000391
云间,鸳鸯,0.301491,2.36556,2,30,32,0.005869,0.00626,0.000391
宁知,无穷,0.301491,2.36556,2,32,30,0.00626,0.005869,0.000391
世事,无穷,0.301491,2.36556,2,32,30,0.00626,0.005869,0.000391
去年,阳台,0.301491,2.36556,2,32,30,0.00626,0.005869,0.000391
帝城,风波,0.301491,2.36556,2,32,30,0.00626,0.005869,0.000391
门前,鸳鸯,0.301491,2.36556,2,30,32,0.005869,0.00626,0.000391
风波,鸳鸯,0.301491,2.36556,2,30,32,0.005869,0.00626,0.000391
云间,林下,0.301491,2.36556,2,30,32,0.005869,0.00626,0.000391
南宫,明主,0.301491,2.36556,2,12,80,0.002347,0.015649,0.000391
林下,秋色,0.301491,2.36556,2,32,30,0.00626,0.005869,0.000391
日夜,经过,0.301491,2.36556,2,30,32,0.005869,0.00626,0.000391
风流,骑马,0.301491,2.36556,2,48,20,0.00939,0.003912,0.000391
早晚,风流,0.301491,2.36556,2,20,48,0.003912,0.00939,0.000391
闲居,风流,0.301491,2.36556,2,20,48,0.003912,0.00939,0.000391
萧索,飘飖,0.301491,2.36556,2,24,40,0.004695,0.007825,0.000391
佳期,相望,0.301491,2.36556,2,20,48,0.003912,0.00939,0.000391
东南,天台,0.301491,2.36556,2,48,20,0.00939,0.003912,0.000391
阳台,鸳鸯,0.301491,2.36556,2,30,32,0.005869,0.00626,0.000391
月出,高秋,0.301491,2.36556,2,30,32,0.005869,0.00626,0.000391
月出,自古,0.301491,2.36556,2,30,32,0.005869,0.00626,0.000391
东海,月出,0.301491,2.36556,2,32,30,0.00626,0.005869,0.000391
万事,萧索,0.301491,2.36556,2,40,24,0.007825,0.004695,0.000391
万事,紫微,0.301491,2.36556,2,40,24,0.007825,0.004695,0.000391
无穷,青松,0.301491,2.36556,2,30,32,0.005869,0.00626,0.000391
千金,阳台,0.301491,2.36556,2,32,30,0.00626,0.005869,0.000391
东流,阳春,0.301491,2.36556,2,48,20,0.00939,0.003912,0.000391
茫茫,草绿,0.301491,2.36556,2,60,16,0.011737,0.00313,0.000391
阳台,青松,0.301491,2.36556,2,30,32,0.005869,0.00626,0.000391
青苔,飘飖,0.301491,2.36556,2,24,40,0.004695,0.007825,0.000391
相访,飘飖,0.301491,2.36556,2,24,40,0.004695,0.007825,0.000391
阳春,风流,0.301491,2.36556,2,20,48,0.003912,0.00939,0.000391
君家,风动,0.301491,2.36556,2,32,30,0.00626,0.005869,0.000391
梅花,江城,0.301491,2.36556,2,32,30,0.00626,0.005869,0.000391
憔悴,门前,0.301491,2.36556,2,32,30,0.00626,0.005869,0.000391
憔悴,风波,0.301491,2.36556,2,32,30,0.00626,0.005869,0.000391
杜陵,神仙,0.301491,2.36556,2,20,48,0.003912,0.00939,0.000391
他乡,梅花,0.301491,2.36556,2,30,32,0.005869,0.00626,0.000391
咸阳,诸侯,0.301429,2.242851,3,37,44,0.007238,0.008607,0.000587
白露,蛾眉,0.301429,2.242851,3,44,37,0.008607,0.007238,0.000587
古来,昆仑,0.301429,2.242851,3,44,37,0.008607,0.007238,0.000587
明年,春草,0.301429,2.242851,3,22,74,0.004304,0.014476,0.000587
古来,咸阳,0.301429,2.242851,3,44,37,0.008607,0.007238,0.000587
春草,有情,0.301429,2.242851,3,74,22,0.014476,0.004304,0.000587
昆仑,诸侯,0.301429,2.242851,3,37,44,0.007238,0.008607,0.000587
君王,鸳鸯,0.301387,2.155839,4,74,32,0.014476,0.00626,0.000782
桃李,落花,0.301339,2.033313,6,73,55,0.01428,0.010759,0.001174
未央,高台,0.301334,2.573199,1,26,15,0.005086,0.002934,0.000196
万户,老去,0.301334,2.573199,1,26,15,0.005086,0.002934,0.000196
花发,阑干,0.301334,2.573199,1,30,13,0.005869,0.002543,0.000196
从容,翡翠,0.301334,2.573199,1,15,26,0.002934,0.005086,0.000196
美人,近来,0.301334,2.573199,1,65,6,0.012715,0.001174,0.000196
江城,相寻,0.301334,2.573199,1,30,13,0.005869,0.002543,0.000196
相看,阙下,0.301334,2.573199,1,39,10,0.007629,0.001956,0.000196
花时,长沙,0.301334,2.573199,1,10,39,0.001956,0.007629,0.000196
两相,马上,0.301334,2.573199,1,15,26,0.002934,0.005086,0.000196
今已,笙歌,0.301334,2.573199,1,26,15,0.005086,0.002934,0.000196
万户,笙歌,0.301334,2.573199,1,26,15,0.005086,0.002934,0.000196
自言,道士,0.301334,2.573199,1,26,15,0.005086,0.002934,0.000196
翠微,道士,0.301334,2.573199,1,26,15,0.005086,0.002934,0.000196
万户,秋声,0.301334,2.573199,1,26,15,0.005086,0.002934,0.000196
人世,送客,0.301334,2.573199,1,15,26,0.002934,0.005086,0.000196
双阙,送客,0.301334,2.573199,1,15,26,0.002934,0.005086,0.000196
双阙,生涯,0.301334,2.573199,1,15,26,0.002934,0.005086,0.000196
翠微,鬼神,0.301334,2.573199,1,26,15,0.005086,0.002934,0.000196
圣主,笙歌,0.301334,2.573199,1,26,15,0.005086,0.002934,0.000196
圣主,弟子,0.301334,2.573199,1,26,15,0.005086,0.002934,0.000196
猿啼,秋色,0.301334,2.573199,1,13,30,0.002543,0.005869,0.000196
双阙,翡翠,0.301334,2.573199,1,15,26,0.002934,0.005086,0.000196
前程,未央,0.301334,2.573199,1,15,26,0.002934,0.005086,0.000196
泉声,翠微,0.301334,2.573199,1,15,26,0.002934,0.005086,0.000196
千秋,岁寒,0.301334,2.573199,1,30,13,0.005869,0.002543,0.000196
千秋,相寻,0.301334,2.573199,1,30,13,0.005869,0.002543,0.000196
千秋,南北,0.301334,2.573199,1,30,13,0.005869,0.002543,0.000196
岁寒,月出,0.301334,2.573199,1,13,30,0.002543,0.005869,0.000196
月出,相寻,0.301334,2.573199,1,30,13,0.005869,0.002543,0.000196
南北,月出,0.301334,2.573199,1,13,30,0.002543,0.005869,0.000196
双飞,自言,0.301334,2.573199,1,15,26,0.002934,0.005086,0.000196
自言,高台,0.301334,2.573199,1,26,15,0.005086,0.002934,0.000196
岁寒,青门,0.301334,2.573199,1,13,30,0.002543,0.005869,0.000196
南北,青门,0.301334,2.573199,1,13,30,0.002543,0.005869,0.000196
岁寒,无穷,0.301334,2.573199,1,13,30,0.002543,0.005869,0.000196
无穷,相寻,0.301334,2.573199,1,30,13,0.005869,0.002543,0.000196
南北,无穷,0.301334,2.573199,1,13,30,0.002543,0.005869,0.000196
岁寒,阳台,0.301334,2.573199,1,13,30,0.002543,0.005869,0.000196
今已,双飞,0.301334,2.573199,1,26,15,0.005086,0.002934,0.000196
今已,高台,0.301334,2.573199,1,26,15,0.005086,0.002934,0.000196
相寻,阳台,0.301334,2.573199,1,13,30,0.002543,0.005869,0.000196
人心,双飞,0.301334,2.573199,1,26,15,0.005086,0.002934,0.000196
人心,高台,0.301334,2.573199,1,26,15,0.005086,0.002934,0.000196
南北,阳台,0.301334,2.573199,1,13,30,0.002543,0.005869,0.000196
猿声,门前,0.301334,2.573199,1,13,30,0.002543,0.005869,0.000196
猿声,风波,0.301334,2.573199,1,13,30,0.002543,0.005869,0.000196
金陵,阙下,0.301334,2.573199,1,39,10,0.007629,0.001956,0.000196
万户,双阙,0.301334,2.573199,1,26,15,0.005086,0.002934,0.000196
云间,瑶池,0.301334,2.573199,1,30,13,0.005869,0.002543,0.000196
梦魂,秋色,0.301334,2.573199,1,13,30,0.002543,0.005869,0.000196
婵娟,相随,0.301334,2.573199,1,15,26,0.002934,0.005086,0.000196
猿啼,谢公,0.301334,2.573199,1,13,30,0.002543,0.005869,0.000196
月出,猿啼,0.301334,2.573199,1,30,13,0.005869,0.002543,0.000196
江城,猿声,0.301334,2.573199,1,30,13,0.005869,0.002543,0.000196
门前,阑干,0.301334,2.573199,1,30,13,0.005869,0.002543,0.000196
秋声,竹林,0.301334,2.573199,1,15,26,0.002934,0.005086,0.000196
纵横,绿杨,0.301334,2.573199,1,39,10,0.007629,0.001956,0.000196
叹息,阙下,0.301334,2.573199,1,39,10,0.007629,0.001956,0.000196
云间,猿声,0.301334,2.573199,1,30,13,0.005869,0.002543,0.000196
日夜,梦魂,0.301334,2.573199,1,30,13,0.005869,0.002543,0.000196
梦魂,阳台,0.301334,2.573199,1,13,30,0.002543,0.005869,0.000196
今已,花枝,0.301334,2.573199,1,26,15,0.005086,0.002934,0.000196
月出,钓鱼,0.301334,2.573199,1,30,13,0.005869,0.002543,0.000196
关河,纵横,0.301334,2.573199,1,10,39,0.001956,0.007629,0.000196
关河,单于,0.301334,2.573199,1,10,39,0.001956,0.007629,0.000196
今已,秋日,0.301334,2.573199,1,26,15,0.005086,0.002934,0.000196
人心,秋日,0.301334,2.573199,1,26,15,0.005086,0.002934,0.000196
钓鱼,风波,0.301334,2.573199,1,13,30,0.002543,0.005869,0.000196
夜月,风波,0.301334,2.573199,1,13,30,0.002543,0.005869,0.000196
万户,高台,0.301334,2.573199,1,26,15,0.005086,0.002934,0.000196
相寻,门前,0.301334,2.573199,1,13,30,0.002543,0.005869,0.000196
江城,猿啼,0.301334,2.573199,1,30,13,0.005869,0.002543,0.000196
到处,萧条,0.301334,2.573199,1,5,78,0.000978,0.015258,0.000196
独立,雨中,0.301334,2.573199,1,39,10,0.007629,0.001956,0.000196
南北,春日,0.301334,2.573199,1,13,30,0.002543,0.005869,0.000196
芳草,西风,0.301334,2.573199,1,39,10,0.007629,0.001956,0.000196
临风,多病,0.301334,2.573199,1,15,26,0.002934,0.005086,0.000196
岁寒,日夜,0.301334,2.573199,1,13,30,0.002543,0.005869,0.000196
可惜,意气,0.301334,2.573199,1,10,39,0.001956,0.007629,0.000196
多病,鬼神,0.301334,2.573199,1,26,15,0.005086,0.002934,0.000196
秋日,翠微,0.301334,2.573199,1,15,26,0.002934,0.005086,0.000196
门前,闻说,0.301334,2.573199,1,30,13,0.005869,0.002543,0.000196
夜月,门前,0.301334,2.573199,1,13,30,0.002543,0.005869,0.000196
双阙,多病,0.301334,2.573199,1,15,26,0.002934,0.005086,0.000196
多病,弟子,0.301334,2.573199,1,26,15,0.005086,0.002934,0.000196
从容,多病,0.301334,2.573199,1,15,26,0.002934,0.005086,0.000196
秋日,送客,0.301334,2.573199,1,15,26,0.002934,0.005086,0.000196
未央,秋日,0.301334,2.573199,1,26,15,0.005086,0.002934,0.000196
老去,马蹄,0.301334,2.573199,1,15,26,0.002934,0.005086,0.000196
翠微,老去,0.301334,2.573199,1,26,15,0.005086,0.002934,0.000196
千秋,多少,0.301334,2.573199,1,30,13,0.005869,0.002543,0.000196
弟子,生涯,0.301334,2.573199,1,15,26,0.002934,0.005086,0.000196
多病,秋日,0.301334,2.573199,1,26,15,0.005086,0.002934,0.000196
圣主,满眼,0.301334,2.573199,1,26,15,0.005086,0.002934,0.000196
八月,满眼,0.301334,2.573199,1,26,15,0.005086,0.002934,0.000196
江城,钓鱼,0.301334,2.573199,1,30,13,0.005869,0.002543,0.000196
关河,叹息,0.301334,2.573199,1,10,39,0.001956,0.007629,0.000196
柳色,笙歌,0.301334,2.573199,1,26,15,0.005086,0.002934,0.000196
芳草,雨中,0.301334,2.573199,1,39,10,0.007629,0.001956,0.000196
姓名,花发,0.301334,2.573199,1,13,30,0.002543,0.005869,0.000196
多病,道士,0.301334,2.573199,1,26,15,0.005086,0.002934,0.000196
双阙,自言,0.301334,2.573199,1,15,26,0.002934,0.005086,0.000196
猿啼,长江,0.301334,2.573199,1,13,30,0.002543,0.005869,0.000196
行乐,黄金,0.301292,2.087928,5,24,132,0.004695,0.025822,0.000978
紫微,黄金,0.301292,2.087928,5,24,132,0.004695,0.025822,0.000978
青春,风霜,0.301226,2.363479,2,37,26,0.007238,0.005086,0.000391
归路,马上,0.301226,2.363479,2,37,26,0.007238,0.005086,0.000391
柳色,歌舞,0.301226,2.363479,2,26,37,0.005086,0.007238,0.000391
歌舞,自言,0.301226,2.363479,2,37,26,0.007238,0.005086,0.000391
归路,生涯,0.301226,2.363479,2,37,26,0.007238,0.005086,0.000391
咸阳,自言,0.301226,2.363479,2,37,26,0.007238,0.005086,0.000391
今已,咸阳,0.301226,2.363479,2,26,37,0.005086,0.007238,0.000391
人心,咸阳,0.301226,2.363479,2,26,37,0.005086,0.007238,0.000391
春草,绮罗,0.301226,2.363479,2,74,13,0.014476,0.002543,0.000391
圣朝,青春,0.301226,2.363479,2,26,37,0.005086,0.007238,0.000391
昆仑,生涯,0.301226,2.363479,2,37,26,0.007238,0.005086,0.000391
湖上,风霜,0.301226,2.363479,2,37,26,0.007238,0.005086,0.000391
关山,高秋,0.301099,2.240397,3,51,32,0.009977,0.00626,0.000587
关山,鸳鸯,0.301099,2.240397,3,51,32,0.009977,0.00626,0.000587
月光,风尘,0.301099,2.240397,3,17,96,0.003326,0.018779,0.000587
关山,自古,0.301099,2.240397,3,51,32,0.009977,0.00626,0.000587
离别,鸳鸯,0.301099,2.240397,3,51,32,0.009977,0.00626,0.000587
相逢,连天,0.301099,2.240397,3,96,17,0.018779,0.003326,0.000587
关山,雨雪,0.301099,2.240397,3,51,32,0.009977,0.00626,0.000587
故国,梦里,0.301035,2.570638,1,23,17,0.004499,0.003326,0.000196
圣人,太平,0.301035,2.570638,1,23,17,0.004499,0.003326,0.000196
封侯,朱门,0.301035,2.570638,1,23,17,0.004499,0.003326,0.000196
人情,细雨,0.301035,2.570638,1,23,17,0.004499,0.003326,0.000196
封侯,日斜,0.301035,2.570638,1,23,17,0.004499,0.003326,0.000196
梦中,苦辛,0.301035,2.570638,1,17,23,0.003326,0.004499,0.000196
夜深,窈窕,0.301035,2.570638,1,17,23,0.003326,0.004499,0.000196
云飞,细雨,0.301035,2.570638,1,23,17,0.004499,0.003326,0.000196
东林,是非,0.301035,2.570638,1,17,23,0.003326,0.004499,0.000196
城中,太平,0.301035,2.570638,1,23,17,0.004499,0.003326,0.000196
昔日,窈窕,0.301035,2.570638,1,17,23,0.003326,0.004499,0.000196
人情,君心,0.301035,2.570638,1,23,17,0.004499,0.003326,0.000196
庭前,路长,0.301035,2.570638,1,17,23,0.003326,0.004499,0.000196
圣人,庭前,0.301035,2.570638,1,23,17,0.004499,0.003326,0.000196
朱门,窈窕,0.301035,2.570638,1,17,23,0.003326,0.004499,0.000196
梦里,苦辛,0.301035,2.570638,1,17,23,0.003326,0.004499,0.000196
云飞,君心,0.301035,2.570638,1,23,17,0.004499,0.003326,0.000196
月光,窈窕,0.301035,2.570638,1,17,23,0.003326,0.004499,0.000196
九天,十里,0.301035,2.570638,1,23,17,0.004499,0.003326,0.000196
同心,桃源,0.301035,2.570638,1,17,23,0.003326,0.004499,0.000196
台上,太平,0.301035,2.570638,1,23,17,0.004499,0.003326,0.000196
太平,封侯,0.301035,2.570638,1,17,23,0.003326,0.004499,0.000196
圣人,朱门,0.301035,2.570638,1,23,17,0.004499,0.003326,0.000196
日斜,窈窕,0.301035,2.570638,1,17,23,0.003326,0.004499,0.000196
参差,夜深,0.301035,2.570638,1,23,17,0.004499,0.003326,0.000196
夜深,桃源,0.301035,2.570638,1,17,23,0.003326,0.004499,0.000196
人情,同心,0.301035,2.570638,1,23,17,0.004499,0.003326,0.000196
庭前,窈窕,0.301035,2.570638,1,17,23,0.003326,0.004499,0.000196
庭前,承恩,0.301035,2.570638,1,17,23,0.003326,0.004499,0.000196
十里,城中,0.301035,2.570638,1,17,23,0.003326,0.004499,0.000196
人归,朱门,0.301035,2.570638,1,23,17,0.004499,0.003326,0.000196
日斜,是非,0.301035,2.570638,1,17,23,0.003326,0.004499,0.000196
台上,朱门,0.301035,2.570638,1,23,17,0.004499,0.003326,0.000196
十里,家贫,0.301035,2.570638,1,17,23,0.003326,0.004499,0.000196
桃源,龙门,0.301035,2.570638,1,23,17,0.004499,0.003326,0.000196
今夜,故国,0.301035,2.570638,1,17,23,0.003326,0.004499,0.000196
城中,细雨,0.301035,2.570638,1,23,17,0.004499,0.003326,0.000196
日斜,风烟,0.301035,2.570638,1,17,23,0.003326,0.004499,0.000196
故国,日斜,0.301035,2.570638,1,23,17,0.004499,0.003326,0.000196
太平,故国,0.301035,2.570638,1,17,23,0.003326,0.004499,0.000196
故国,月光,0.301035,2.570638,1,23,17,0.004499,0.003326,0.000196
台上,日斜,0.301035,2.570638,1,23,17,0.004499,0.003326,0.000196
十里,苦辛,0.301035,2.570638,1,17,23,0.003326,0.004499,0.000196
东林,人归,0.301035,2.570638,1,17,23,0.003326,0.004499,0.000196
九天,月光,0.301035,2.570638,1,23,17,0.004499,0.003326,0.000196
行路,长安,0.300972,1.944249,8,44,133,0.008607,0.026017,0.001565
北斗,秋水,0.300934,2.239172,3,38,43,0.007433,0.008412,0.000587
草木,衣裳,0.300916,2.152467,4,66,36,0.012911,0.007042,0.000782
山川,草木,0.300916,2.152467,4,36,66,0.007042,0.012911,0.000782
双飞,秋风,0.300852,2.23856,3,15,109,0.002934,0.021322,0.000587
向人,秋风,0.300852,2.23856,3,15,109,0.002934,0.021322,0.000587
叹息,日月,0.300739,2.151205,4,39,61,0.007629,0.011933,0.000782
月夜,花满,0.300735,2.568084,1,14,28,0.002739,0.005477,0.000196
始知,徘徊,0.300735,2.568084,1,49,8,0.009585,0.001565,0.000196
文字,苍生,0.300735,2.568084,1,7,56,0.001369,0.010955,0.000196
世人,霓裳,0.300735,2.568084,1,56,7,0.010955,0.001369,0.000196
君子,霓裳,0.300735,2.568084,1,56,7,0.010955,0.001369,0.000196
世人,名利,0.300735,2.568084,1,56,7,0.010955,0.001369,0.000196
名利,空山,0.300735,2.568084,1,7,56,0.001369,0.010955,0.000196
名利,君子,0.300735,2.568084,1,7,56,0.001369,0.010955,0.000196
今来,莺啼,0.300735,2.568084,1,28,14,0.005477,0.002739,0.000196
白玉,鹧鸪,0.300735,2.568084,1,49,8,0.009585,0.001565,0.000196
寒山,水边,0.300735,2.568084,1,28,14,0.005477,0.002739,0.000196
世人,风月,0.300735,2.568084,1,56,7,0.010955,0.001369,0.000196
尚书,马嘶,0.300735,2.568084,1,28,14,0.005477,0.002739,0.000196
昨夜,玲珑,0.300735,2.568084,1,56,7,0.010955,0.001369,0.000196
玲珑,空山,0.300735,2.568084,1,7,56,0.001369,0.010955,0.000196
劝君,相送,0.300735,2.568084,1,14,28,0.002739,0.005477,0.000196
寒山,经年,0.300735,2.568084,1,28,14,0.005477,0.002739,0.000196
寂寥,经年,0.300735,2.568084,1,28,14,0.005477,0.002739,0.000196
东西,人稀,0.300735,2.568084,1,28,14,0.005477,0.002739,0.000196
花满,莺啼,0.300735,2.568084,1,28,14,0.005477,0.002739,0.000196
无力,花落,0.300735,2.568084,1,8,49,0.001565,0.009585,0.000196
佳人,月夜,0.300735,2.568084,1,28,14,0.005477,0.002739,0.000196
昔时,月夜,0.300735,2.568084,1,28,14,0.005477,0.002739,0.000196
水边,相送,0.300735,2.568084,1,14,28,0.002739,0.005477,0.000196
杨柳,鹧鸪,0.300735,2.568084,1,49,8,0.009585,0.001565,0.000196
孤云,经年,0.300735,2.568084,1,28,14,0.005477,0.002739,0.000196
苦辛,走马,0.300697,2.359329,2,23,42,0.004499,0.008216,0.000391
承恩,走马,0.300697,2.359329,2,23,42,0.004499,0.008216,0.000391
承恩,蓬莱,0.300697,2.359329,2,23,42,0.004499,0.008216,0.000391
人归,走马,0.300697,2.359329,2,23,42,0.004499,0.008216,0.000391
云飞,走马,0.300697,2.359329,2,23,42,0.004499,0.008216,0.000391
往来,自知,0.300697,2.359329,2,42,23,0.008216,0.004499,0.000391
云飞,往来,0.300697,2.359329,2,23,42,0.004499,0.008216,0.000391
往来,池上,0.300697,2.359329,2,42,23,0.008216,0.004499,0.000391
孤城,霄汉,0.300697,2.359329,2,46,21,0.008998,0.004108,0.000391
城中,秋草,0.300697,2.359329,2,23,42,0.004499,0.008216,0.000391
蛟龙,路长,0.300697,2.359329,2,42,23,0.008216,0.004499,0.000391
潇湘,零落,0.300697,2.359329,2,46,21,0.008998,0.004108,0.000391
桃源,蛟龙,0.300697,2.359329,2,23,42,0.004499,0.008216,0.000391
巫山,潺湲,0.300697,2.359329,2,42,23,0.008216,0.004499,0.000391
秋草,风烟,0.300697,2.359329,2,42,23,0.008216,0.004499,0.000391
巫山,风烟,0.300697,2.359329,2,42,23,0.008216,0.004499,0.000391
日暮,马嘶,0.300606,2.236727,3,117,14,0.022887,0.002739,0.000587
叹息,蛟龙,0.300606,2.236727,3,39,42,0.007629,0.008216,0.000587
秋草,绿水,0.300606,2.236727,3,42,39,0.008216,0.007629,0.000587
巫山,绿水,0.300606,2.236727,3,42,39,0.008216,0.007629,0.000587
天下,星辰,0.300606,2.236727,3,91,18,0.017801,0.003521,0.000587
十载,萧条,0.300606,2.236727,3,21,78,0.004108,0.015258,0.000587
有情,行路,0.300434,2.357261,2,22,44,0.004304,0.008607,0.000391
明时,行路,0.300434,2.357261,2,22,44,0.004304,0.008607,0.000391
诸侯,遥知,0.300434,2.357261,2,44,22,0.008607,0.004304,0.000391
关山,黄昏,0.300302,2.356229,2,51,19,0.009977,0.003717,0.000391
当年,江山,0.300302,2.356229,2,19,51,0.003717,0.009977,0.000391
天上,朱门,0.300302,2.356229,2,57,17,0.01115,0.003326,0.000391
关山,心事,0.300302,2.356229,2,51,19,0.009977,0.003717,0.000391
十里,知己,0.300302,2.356229,2,17,57,0.003326,0.01115,0.000391
仙人,鸟飞,0.300196,2.233679,3,53,31,0.010368,0.006064,0.000587
仙人,山阴,0.300196,2.233679,3,53,31,0.010368,0.006064,0.000587
月落,风吹,0.300114,2.233071,3,12,137,0.002347,0.0268,0.000587
得意,花开,0.300033,2.232463,3,47,35,0.009194,0.006847,0.000587
富贵,造化,0.300033,2.232463,3,47,35,0.009194,0.006847,0.000587
