phrase,degree,degree_centrality,betweenness,closeness,eigenvector,pagerank,frequency,probability,degree_centrality_rank,betweenness_rank,closeness_rank,eigenvector_rank,pagerank_rank,avg_rank
双飞,107,0.16187594553706505,0.01392625192927765,1.5516381259891239,0.183069528715314,0.005681956510509085,15,0.002934,3.0,1.0,1.0,3.0,3.0,2.2
名利,116,0.17549167927382753,0.012421109735784476,1.5301640498369014,0.19330904552666178,0.0062856229525907106,7,0.001369,2.0,5.0,2.0,2.0,2.0,2.6
霓裳,119,0.1800302571860817,0.0097331102247895,1.5216463003018745,0.20317286436978554,0.006583041592969377,7,0.001369,1.0,11.0,4.0,1.0,1.0,3.6
高台,92,0.13918305597579425,0.01287844950477326,1.5287914035481167,0.14524860020896369,0.004981195476430768,15,0.002934,4.0,2.0,3.0,7.0,4.0,4.0
鸳鸯,90,0.1361573373676248,0.012652623053530767,1.5069623908080072,0.15597097534681761,0.004736967547485574,32,0.00626,5.0,4.0,6.0,4.0,6.0,5.0
草绿,84,0.12708018154311648,0.011554883173642628,1.517758224719765,0.14933195634034824,0.004328879922359377,16,0.00313,6.5,8.0,5.0,6.0,7.0,6.5
宛转,80,0.12102874432677761,0.0075276975503904405,1.4966425112112618,0.14979269151733293,0.004270169915407523,12,0.002347,8.0,22.0,7.0,5.0,8.0,10.0
相寻,71,0.10741301059001514,0.009997445821954148,1.4823977689272179,0.12586652895199404,0.003699878862915929,13,0.002543,12.0,9.0,8.0,12.0,14.0,11.0
岁寒,70,0.10590015128593042,0.011917074352777834,1.4728201666612106,0.12054223134059647,0.0036689922161373353,13,0.002543,13.0,6.0,10.0,13.0,15.0,11.4
月落,72,0.10892586989409986,0.008723391249866288,1.46704720347112,0.14186422667532234,0.0038079746574766244,12,0.002347,10.5,16.0,13.0,8.0,11.0,11.7
曲江,84,0.12708018154311648,0.011681871666743074,1.4670391188244847,0.08817049768779014,0.004758613224498346,9,0.001761,6.5,7.0,14.0,28.0,5.0,12.1
南北,73,0.11043872919818457,0.005984641094323394,1.4818258775099908,0.13411991414634913,0.003900247262876694,13,0.002543,9.0,35.0,9.0,9.0,10.0,14.4
月夜,72,0.10892586989409986,0.009182215498403092,1.4474292259881631,0.08827376161196766,0.00407977090519248,14,0.002739,10.5,13.0,25.0,27.0,9.0,16.9
阳春,65,0.09833585476550681,0.008833417381072451,1.465331266464,0.10294186784641347,0.0033774753960195665,20,0.003912,19.0,14.0,16.0,17.0,23.0,17.8
星辰,66,0.09984871406959153,0.007478720640596587,1.4700169864577053,0.10884405602579525,0.003478165133428127,18,0.003521,17.5,23.0,11.0,16.0,22.0,17.9
所以,64,0.09682299546142209,0.0062075367899876235,1.4486251977066575,0.11894456179627835,0.003481446628240387,16,0.00313,20.0,33.0,24.0,14.0,21.0,22.4
千金,61,0.09228441754916793,0.008424028484542859,1.4492113903551447,0.09800946298147648,0.0031588413071619538,32,0.00626,23.0,18.0,22.0,22.0,29.0,22.8
罗衣,68,0.10287443267776097,0.00559070279191308,1.439673912508442,0.09829671814819779,0.0037657179368915422,27,0.005282,15.5,39.0,26.0,21.0,13.0,22.9
自言,60,0.0907715582450832,0.006753366821445493,1.468825425838323,0.08902421594006527,0.003201355314694938,26,0.005086,25.5,29.0,12.0,25.0,28.0,23.9
可惜,66,0.09984871406959153,0.007160867372667676,1.4250121873035502,0.07650394189517712,0.00365837519326434,10,0.001956,17.5,24.0,36.0,40.0,16.0,26.7
多少,61,0.09228441754916793,0.012723725257764596,1.462564749163076,0.05676616524272534,0.0033673055959109284,13,0.002543,23.0,3.0,18.0,73.0,24.0,28.2
尘埃,57,0.08623298033282904,0.005497649937891995,1.4556242348627373,0.0941586380773954,0.003087596213950542,22,0.004304,30.0,40.0,20.0,24.0,32.0,29.2
风飘,69,0.1043872919818457,0.004133620623787038,1.4667846396448543,0.13044780309931459,0.003622730324672246,20,0.003912,14.0,93.0,15.0,10.0,18.0,30.0
行乐,68,0.10287443267776097,0.0039941777838903405,1.4651171466554092,0.12822979528208378,0.0036501111026627595,24,0.004695,15.5,99.0,17.0,11.0,17.0,31.9
佳人,57,0.08623298033282904,0.004853374898760678,1.4486306075142998,0.09460394916018533,0.003059944674036789,28,0.005477,30.0,67.0,23.0,23.0,34.0,35.4
咸阳,52,0.07866868381240545,0.007539082198688855,1.4377326973633313,0.07282414359133686,0.0027790073114718965,37,0.007238,38.5,21.0,28.0,45.0,45.0,35.5
紫微,55,0.08320726172465961,0.004865600024450251,1.4384145988401391,0.10950862572887991,0.0028798103402979253,24,0.004695,33.0,65.0,27.0,15.0,40.0,36.0
公卿,57,0.08623298033282904,0.008360075795779276,1.461980446487059,0.050909236801253976,0.003094916440557395,22,0.004304,30.0,19.0,19.0,85.0,31.0,36.8
风月,62,0.09379727685325265,0.006901847522119835,1.3721519592655786,0.07147728438305188,0.0036188063913726387,7,0.001369,21.0,27.0,73.0,50.0,19.0,38.0
零落,52,0.07866868381240545,0.004983266859212397,1.4355380260460413,0.10130236878251368,0.0027096225838455007,21,0.004108,38.5,61.0,30.0,18.0,50.0,39.5
圣人,51,0.07715582450832073,0.005133428514669057,1.4494194938975338,0.08185171892403252,0.0027271871847657806,23,0.004499,41.5,56.0,21.0,33.0,48.0,39.9
满地,57,0.08623298033282904,0.008460551047540458,1.4293423714248261,0.04622721846928693,0.0032305249587666826,12,0.002347,30.0,17.0,33.0,97.0,26.0,40.6
婵娟,57,0.08623298033282904,0.004499533917083084,1.4064235974338544,0.07687085303809015,0.003228793344987492,15,0.002934,30.0,77.0,46.0,39.0,27.0,43.8
古今,50,0.07564296520423601,0.004854138969116276,1.4302462757073975,0.082241830607126,0.0026935932989908683,20,0.003912,44.5,66.0,32.0,30.0,51.0,44.7
自古,49,0.07413010590015129,0.005748101285166339,1.4362632405952065,0.0670665224155842,0.002605023504367073,32,0.00626,47.5,38.0,29.0,58.0,58.0,46.1
君心,53,0.08018154311649017,0.005209049649291707,1.389752131357824,0.07061702405279698,0.0029971127602706647,17,0.003326,36.0,52.0,55.0,53.0,36.0,46.4
庭前,51,0.07715582450832073,0.004399440700499702,1.4278956608255537,0.0995395379255438,0.0026349943851165206,17,0.003326,41.5,83.0,35.0,20.0,54.0,46.7
萧索,47,0.07110438729198185,0.007081022020507649,1.4129765798191336,0.06761942291487005,0.002613095705710022,24,0.004695,53.5,25.0,42.0,57.0,57.0,46.9
猿声,53,0.08018154311649017,0.009385774756425286,1.41520575379925,0.0438864087876942,0.0028763065733426545,13,0.002543,36.0,12.0,39.0,110.0,41.0,47.6
梦魂,54,0.0816944024205749,0.0052581029661211195,1.3888935932435542,0.06329190559050003,0.0030609621840350155,13,0.002543,34.0,48.0,58.0,67.0,33.0,48.0
巫山,48,0.07261724659606657,0.0054569904796833695,1.4330598761684505,0.06976083541477138,0.002562154615139018,42,0.008216,51.0,44.0,31.0,54.0,63.0,48.6
朱门,48,0.07261724659606657,0.007561916987030451,1.3945179659093436,0.048171561267688415,0.0027398411051285875,17,0.003326,51.0,20.0,53.0,90.0,46.0,52.0
断肠,48,0.07261724659606657,0.004631488867494918,1.421050533212665,0.07230779371151401,0.0026571074690687224,29,0.005673,51.0,73.0,38.0,47.0,53.0,52.4
无情,51,0.07715582450832073,0.004402344167850974,1.396929868112343,0.06958191758743869,0.002851825263888565,18,0.003521,41.5,82.0,50.0,55.0,42.0,54.1
阳台,46,0.06959152798789713,0.005077056495362092,1.4112292540813058,0.07820842355341705,0.002401430732349437,30,0.005869,57.0,57.0,43.0,37.0,77.0,54.2
人心,49,0.07413010590015129,0.003921320037053773,1.4291882157961342,0.08185262086490215,0.0026143392002315764,26,0.005086,47.5,104.0,34.0,32.0,56.0,54.7
池塘,60,0.0907715582450832,0.009780482586836595,1.3711275693667906,0.034301401644533505,0.003805953512235732,7,0.001369,25.5,10.0,76.0,159.0,12.0,56.5
黄鹤,46,0.06959152798789713,0.004017099894558291,1.4148590167799646,0.08831909791994806,0.002448209929415719,38,0.007433,57.0,98.0,40.0,26.0,73.0,58.8
万事,44,0.06656580937972768,0.005759180305322515,1.3977816933851157,0.05502322724552239,0.002411314074055766,40,0.007825,67.0,37.0,49.0,75.0,76.0,60.8
万户,45,0.0680786686838124,0.0066411412591442865,1.379894295880012,0.04659697867915291,0.002562970140994065,26,0.005086,62.0,30.0,64.0,94.0,62.0,62.4
碧云,45,0.0680786686838124,0.005136310151438744,1.387864641750458,0.052226144354338914,0.002588070413709394,18,0.003521,62.0,55.0,60.0,80.0,60.0,63.4
扬州,45,0.0680786686838124,0.008780620119500605,1.401279824690863,0.039669153970539925,0.0025732195115805547,16,0.00313,62.0,15.0,48.0,133.0,61.0,63.8
窈窕,41,0.06202723146747353,0.0062630956201304155,1.4065746948543127,0.05396414106284746,0.002217247451839899,23,0.004499,83.5,32.0,45.0,76.0,96.0,66.5
瑶池,45,0.0680786686838124,0.0052769755039044,1.3809350892693895,0.04349535783919444,0.0026244562799152284,13,0.002543,62.0,47.0,62.0,111.0,55.0,67.4
汉宫,59,0.08925869894099848,0.0034726997661944712,1.3371478932805072,0.08146044703215864,0.00350292393036863,20,0.003912,27.0,129.0,130.0,35.0,20.0,68.2
富贵,42,0.06354009077155824,0.006347896514311038,1.3934350674162648,0.04731116903176639,0.0022739854784004474,47,0.009194,78.5,31.0,54.0,91.0,87.0,68.3
功名,46,0.06959152798789713,0.006930882195632574,1.3889463355599034,0.03520610081534574,0.0027275089798352897,25,0.00489,57.0,26.0,57.0,156.0,47.0,68.6
千秋,39,0.059001512859304085,0.0061964577698314476,1.414529855076751,0.058805962774106435,0.002060675402094378,30,0.005869,93.0,34.0,41.0,71.0,116.0,71.0
未央,43,0.06505295007564296,0.0046836603190612254,1.379274658821024,0.06373492632774952,0.002293093701125827,26,0.005086,72.5,68.0,65.0,65.0,85.0,71.1
今已,42,0.06354009077155824,0.004163912374956246,1.4237204434747455,0.06696480425646562,0.002210549838054234,26,0.005086,78.5,91.0,37.0,59.0,97.0,72.5
时节,51,0.07715582450832073,0.005224713091581473,1.340075927728939,0.04181376219951192,0.003130356373552647,8,0.001565,41.5,50.0,123.0,121.0,30.0,73.1
歌舞,46,0.06959152798789713,0.003747765094209875,1.3792350434437337,0.06949413187706807,0.0024728933405899953,37,0.007238,57.0,117.0,66.0,56.0,71.0,73.4
玉树,53,0.08018154311649017,0.002180656794877673,1.4091913591813963,0.08636669364720138,0.0028891596773931985,20,0.003912,36.0,226.0,44.0,29.0,38.0,74.6
云飞,46,0.06959152798789713,0.0034248689619340153,1.3789252528491531,0.07199240695376193,0.002505409334590448,23,0.004499,57.0,131.0,67.0,49.0,69.0,74.6
生死,49,0.07413010590015129,0.003426855544858571,1.3730242503003018,0.0444754533217909,0.002886404394931778,20,0.003912,47.5,130.0,71.0,106.0,39.0,78.7
北阙,43,0.06505295007564296,0.003848622381148856,1.3683037151677382,0.06654064504557934,0.002384728114582997,21,0.004108,72.5,108.0,78.0,60.0,78.0,79.3
青楼,61,0.09228441754916793,0.0017791378230107428,1.4036309035024968,0.09966748792330803,0.0033169788461040925,21,0.004108,23.0,285.0,47.0,19.0,25.0,79.8
笙歌,44,0.06656580937972768,0.004473255354495899,1.3578089049614845,0.04583267535263032,0.0025031853850045493,15,0.002934,67.0,80.0,88.0,99.0,70.0,80.8
青松,43,0.06505295007564296,0.00309081740246642,1.3888478847251045,0.08205955834954363,0.002249043923752537,32,0.00626,72.5,150.0,59.0,31.0,92.0,80.9
世间,49,0.07413010590015129,0.0035521630831766987,1.3425766792562173,0.04664879701932805,0.003003012625037274,9,0.001761,47.5,125.0,121.0,92.0,35.0,84.1
莲花,38,0.057488653555219364,0.003948715597732239,1.3895266428448125,0.07072776130490922,0.0020836170230504533,22,0.004304,102.5,103.0,56.0,52.0,109.0,84.5
子孙,43,0.06505295007564296,0.005470361710906341,1.37113353359959,0.03244844192682729,0.002512692820662016,21,0.004108,72.5,42.0,75.0,175.0,68.0,86.5
秋草,38,0.057488653555219364,0.004344504041932181,1.3805969669955556,0.0646757817803055,0.002018004632236583,42,0.008216,102.5,86.0,63.0,62.0,123.0,87.3
九重,44,0.06656580937972768,0.0037534192148413023,1.3772484309889983,0.040970592098047806,0.0025227941388799692,16,0.00313,67.0,114.0,70.0,125.0,66.0,88.4
明年,39,0.059001512859304085,0.0034209067113756975,1.385637523282143,0.07223976140682198,0.0020804290568001782,22,0.004304,93.0,132.0,61.0,48.0,110.0,88.8
阑干,47,0.07110438729198185,0.0068177997830040195,1.315989400021937,0.03426529350173127,0.002952786143841876,13,0.002543,53.5,28.0,170.0,160.0,37.0,89.7
绮罗,44,0.06656580937972768,0.003033282904689864,1.3503101764616798,0.05166836856697918,0.0025286487472842433,13,0.002543,67.0,155.0,103.0,83.0,65.0,94.6
青天,37,0.05597579425113464,0.004877825150139825,1.363326795077902,0.045820230126356984,0.001995643621271754,59,0.011541,109.0,63.0,81.0,100.0,130.0,96.6
柳色,42,0.06354009077155824,0.002960390592765782,1.3553297292812523,0.064034444495757,0.002249765331308281,26,0.005086,78.5,159.0,95.0,63.0,91.0,97.3
怜君,39,0.059001512859304085,0.004133697030822598,1.3555256548333727,0.043485113940969794,0.0021658698145832263,16,0.00313,93.0,92.0,94.0,112.0,100.0,98.2
南国,34,0.05143721633888049,0.005807851586974128,1.3780248400964783,0.045881996670045784,0.0018946456998760958,29,0.005673,129.0,36.0,69.0,98.0,159.0,98.2
叹息,35,0.05295007564296521,0.00521630831766989,1.3623650200014867,0.051642373231179914,0.0019017872654754255,39,0.007629,118.0,51.0,83.0,84.0,158.0,98.8
忆昔,38,0.057488653555219364,0.005044392487660265,1.3951037077251232,0.030436956334740375,0.00218426545417461,27,0.005282,102.5,58.0,52.0,190.0,99.0,100.3
古来,39,0.059001512859304085,0.002555815339476459,1.3963703880439582,0.0734226367621548,0.0020165068902179037,44,0.008607,93.0,192.0,51.0,44.0,124.0,100.8
含情,38,0.057488653555219364,0.003507082932196397,1.3704620061085326,0.045321903795604045,0.0020950056637360536,19,0.003717,102.5,126.0,77.0,102.0,108.0,103.1
天外,37,0.05597579425113464,0.0031907578049786825,1.3561735528327927,0.08025819465644195,0.0019521211593089714,18,0.003521,109.0,144.0,92.0,36.0,141.0,104.4
同心,38,0.057488653555219364,0.0037676309234554316,1.348954746292683,0.0450615948165018,0.0021322159390546555,17,0.003326,102.5,112.0,106.0,103.0,102.0,105.1
半夜,42,0.06354009077155824,0.002368618102354865,1.3726073294623233,0.04623254318989813,0.002448774410827009,10,0.001956,78.5,208.0,72.0,96.0,72.0,105.3
宫中,50,0.07564296520423601,0.0019606045324653495,1.3359432368915507,0.07278140327037903,0.00280143931626869,33,0.006455,44.5,261.0,131.0,46.0,44.0,105.3
走马,38,0.057488653555219364,0.00438652791149009,1.3642310068090668,0.037345705654461554,0.002058697951949697,42,0.008216,102.5,84.0,80.0,144.0,117.0,105.5
弟子,39,0.059001512859304085,0.0052567458316323664,1.3571654933844362,0.027760746119370842,0.002257877538079098,15,0.002934,93.0,49.0,89.0,213.0,90.0,106.8
愁人,39,0.059001512859304085,0.00401786396491389,1.3444747262234014,0.03800202244271097,0.0022651875019851953,12,0.002347,93.0,97.0,115.0,142.0,88.0,107.0
千门,39,0.059001512859304085,0.0025879062944115894,1.352123436113527,0.06651697111477742,0.0022009488608854184,33,0.006455,93.0,187.0,100.0,61.0,98.0,107.8
仙人,34,0.05143721633888049,0.004666941731994682,1.3604864137813182,0.05390703301658923,0.0018329016696285365,53,0.010368,129.0,71.0,85.0,77.0,177.0,107.8
蛾眉,44,0.06656580937972768,0.0017535414660981984,1.3784765049722139,0.07784682178225841,0.0023327088356505992,37,0.007238,67.0,288.5,68.0,38.0,82.0,108.7
无力,42,0.06354009077155824,0.0038746007732392,1.315394766227704,0.03999105831557544,0.0025462847778551395,8,0.001565,78.5,107.0,172.0,131.0,64.0,110.5
昔年,39,0.059001512859304085,0.003990357432112348,1.3478273150104563,0.0328569428793787,0.002285126117491201,12,0.002347,93.0,100.0,107.0,172.0,86.0,111.6
早晚,38,0.057488653555219364,0.003958648512355018,1.346839823430807,0.03372034390411763,0.0022649149004811764,20,0.003912,102.5,101.0,109.0,163.0,89.0,112.9
门前,35,0.05295007564296521,0.005024259233790246,1.3623912493342112,0.03344788247948486,0.0019383278965864593,30,0.005869,118.0,59.0,82.0,164.0,145.0,113.6
寻常,43,0.06505295007564296,0.0031380369504423965,1.305522862785453,0.04289154428642962,0.002720972959765082,7,0.001369,72.5,148.0,192.0,116.0,49.0,115.5
黄叶,41,0.06202723146747353,0.004888980577331561,1.3118114178327311,0.03095771117024357,0.002514188940457964,12,0.002347,83.5,62.0,184.0,183.0,67.0,115.9
春雨,41,0.06202723146747353,0.005465166032488271,1.3441392585860434,0.023091530323436256,0.002435281804248917,11,0.002152,83.5,43.0,116.0,265.0,75.0,116.5
风光,45,0.0680786686838124,0.0020179098091352254,1.331158844077484,0.05374667037430629,0.002670070093867277,11,0.002152,62.0,250.0,141.0,78.0,52.0,116.6
黄河,35,0.05295007564296521,0.003105945995507267,1.353802202743505,0.05931532412789921,0.0019096492197579235,48,0.00939,118.0,149.0,98.0,70.0,151.0,117.2
自怜,40,0.060514372163388806,0.0025684225003438322,1.3431420361425703,0.0425243415667016,0.002343851068228371,20,0.003912,86.5,189.0,119.0,118.0,81.0,118.7
独行,43,0.06505295007564296,0.003910512079952322,1.3039398952278574,0.030570917063471374,0.002810016090834356,11,0.002152,72.5,106.0,196.0,189.0,43.0,121.3
日晚,41,0.06202723146747353,0.002526016595608124,1.323381167930009,0.04545058396861646,0.0023507330245270486,25,0.00489,83.5,195.0,159.0,101.0,79.0,123.5
大道,39,0.059001512859304085,0.002837757300692248,1.3306921905051392,0.03972911951835676,0.002303003749052241,27,0.005282,93.0,169.0,142.0,132.0,84.0,124.0
楼前,39,0.059001512859304085,0.004126743990586653,1.3435455205275646,0.025161223778589866,0.0023483386302713713,11,0.002152,93.0,94.0,118.0,240.0,80.0,125.0
殷勤,34,0.05143721633888049,0.0034804168767860145,1.3571060174485277,0.04080135300205605,0.0019038161882986946,21,0.004108,129.0,128.0,90.0,127.0,155.0,125.8
翡翠,42,0.06354009077155824,0.0015089297993987863,1.3546770872007896,0.07388044562800623,0.002326077466597218,26,0.005086,78.5,331.0,96.0,43.0,83.0,126.3
憔悴,34,0.05143721633888049,0.0030763764727456105,1.356737892580345,0.043446759705221334,0.0018704939184649183,32,0.00626,129.0,152.0,91.0,113.0,165.0,130.0
承恩,35,0.05295007564296521,0.0036032029829306685,1.3352174321899475,0.03652591746153798,0.0020003167237748875,23,0.004499,118.0,124.0,133.0,149.0,128.0,130.4
人世,37,0.05597579425113464,0.003639820145115154,1.349287854545822,0.027343341284670405,0.0021027151493333263,15,0.002934,109.0,122.0,105.0,218.0,106.0,132.0
日月,33,0.049924357034795766,0.003667537706872049,1.3473476843214847,0.04009957415779365,0.0018422965324254139,61,0.011933,142.0,119.0,108.0,129.0,171.0,133.8
闻说,37,0.05597579425113464,0.0032157429056067486,1.3317614384506404,0.029612754078747413,0.0022361203483110682,13,0.002543,109.0,140.0,139.0,194.0,93.0,135.0
鱼龙,34,0.05143721633888049,0.004258164091749569,1.3449128744788073,0.027885830067467334,0.0019697759207517413,20,0.003912,129.0,88.0,114.0,210.0,135.0,135.2
蓬莱,34,0.05143721633888049,0.0020545851862039458,1.3716224130091128,0.06066924678321914,0.001833684428167668,42,0.008216,129.0,238.0,74.0,69.0,176.0,137.2
行路,32,0.048411497730711045,0.00375005730527667,1.3609893759419176,0.04009534429517451,0.0017500995801182494,44,0.008607,157.0,115.0,84.0,130.0,202.0,137.6
夜月,36,0.05446293494704993,0.004525970751386788,1.3329235752841688,0.023321088104159428,0.002103769730946883,13,0.002543,113.0,75.0,136.0,262.0,105.0,138.2
双阙,34,0.05143721633888049,0.004474894467330169,1.3375502332824194,0.02738943631674637,0.0019628752182588886,15,0.002934,129.0,79.0,129.0,217.0,137.0,138.2
人皆,36,0.05446293494704993,0.001574749002888186,1.3541672656876442,0.07429857128892933,0.001991394248530734,25,0.00489,113.0,313.0,97.0,41.0,131.0,139.0
消息,32,0.048411497730711045,0.005307996760341693,1.3533504220747807,0.026742604568892964,0.001831020663763528,31,0.006064,157.0,46.0,99.0,222.0,178.0,140.4
肠断,35,0.05295007564296521,0.0021936459909228444,1.3454194061565028,0.04095016387157184,0.00200144347351813,33,0.006455,118.0,224.0,112.0,126.0,127.0,141.4
意气,32,0.048411497730711045,0.0032709851923165088,1.3384959886348449,0.041055893015935395,0.00186226656075026,39,0.007629,157.0,137.0,126.0,123.0,168.0,142.2
飘飖,32,0.048411497730711045,0.004176408563700546,1.3347490612094979,0.03336160808692892,0.001881881815769354,40,0.007825,157.0,90.0,134.0,167.0,163.0,142.2
路长,31,0.046898638426626324,0.0025986032793899666,1.3663595232399959,0.06344416010432727,0.00168638937619684,23,0.004499,173.0,186.0,79.0,66.0,222.0,145.2
月出,30,0.0453857791225416,0.004681650086339949,1.3436925428505433,0.042485750216097046,0.001647323331544543,30,0.005869,189.0,69.0,117.0,119.0,234.0,145.6
咫尺,33,0.049924357034795766,0.005486789223551705,1.307882791620219,0.026663520665359316,0.0019750549141673637,28,0.005477,142.0,41.0,189.0,223.0,133.0,145.6
日斜,32,0.048411497730711045,0.004877737827813469,1.3465795364109239,0.026104388535605507,0.0018453928764929955,17,0.003326,157.0,64.0,110.0,229.0,170.0,146.0
苍苔,33,0.049924357034795766,0.003912040220663519,1.3286879561419926,0.030790166862227356,0.0019082043315771721,20,0.003912,142.0,105.0,147.0,185.0,153.0,146.4
男儿,35,0.05295007564296521,0.003138036950442397,1.3244732843258984,0.029295953703542255,0.0020702247603158162,36,0.007042,118.0,147.0,155.0,200.0,114.0,146.8
造化,32,0.048411497730711045,0.0028751967481165665,1.3384863315648892,0.04437446260778127,0.0018004774676310233,35,0.006847,157.0,166.0,127.0,107.0,186.0,148.6
镜中,32,0.048411497730711045,0.0021716407646816117,1.3498880141276461,0.07402643106484944,0.0017123965802026387,18,0.003521,157.0,229.0,104.0,42.0,214.0,149.2
满眼,35,0.05295007564296521,0.0029983648894390197,1.3163784322327188,0.029594537810010306,0.0020493897758007916,15,0.002934,118.0,156.0,169.0,195.0,118.0,151.2
中原,33,0.049924357034795766,0.005146013844954844,1.3507682985143172,0.0213524167488894,0.0018583701126704021,35,0.006847,142.0,54.0,102.0,290.0,169.0,151.4
陌上,37,0.05597579425113464,0.001957548251042956,1.3276028051174746,0.03814115231942036,0.0021634245766192833,21,0.004108,109.0,262.0,149.0,140.0,101.0,152.2
逶迤,32,0.048411497730711045,0.0034841608215284464,1.326874789366155,0.036991220618732785,0.0018064804394391505,39,0.007629,157.0,127.0,150.0,147.0,183.0,152.8
八月,32,0.048411497730711045,0.002457708705817632,1.357840836193802,0.03554096144727455,0.0018354316232729985,26,0.005086,157.0,197.0,87.0,153.0,175.0,153.8
梨花,39,0.059001512859304085,0.0013004477452283805,1.3267552447006155,0.06396639216786143,0.0022342791925910378,25,0.00489,93.0,380.0,151.0,64.0,94.0,156.4
十里,32,0.048411497730711045,0.005348110454010605,1.3339706362912391,0.02229109653045468,0.0018693202353205175,17,0.003326,157.0,45.0,135.0,280.0,166.0,156.6
古木,34,0.05143721633888049,0.002928681673008451,1.3382884858149338,0.026264026492277416,0.001966392722667709,16,0.00313,129.0,163.0,128.0,227.0,136.0,156.6
玉堂,34,0.05143721633888049,0.0025283088066749186,1.3126100575625979,0.034348655625759894,0.002009870994481369,19,0.003717,129.0,194.0,182.0,157.0,125.0,157.4
老去,33,0.049924357034795766,0.004384133824375881,1.302879064114176,0.024437974260375674,0.001980589630869887,15,0.002934,142.0,85.0,198.0,248.0,132.0,161.0
心事,32,0.048411497730711045,0.0026261098121915065,1.3581015106789762,0.029280928882950114,0.0018217649337160396,19,0.003717,157.0,184.0,86.0,201.0,179.0,161.4
功成,32,0.048411497730711045,0.0029592444872323844,1.324272260503819,0.03749234379413864,0.0017840701122809803,33,0.006455,157.0,160.0,156.0,143.0,192.0,161.6
当年,32,0.048411497730711045,0.0033053683583184343,1.2977775326114804,0.031116938677313865,0.0019538700992634693,19,0.003717,157.0,135.0,207.0,182.0,140.0,164.2
帝城,33,0.049924357034795766,0.002868702150093981,1.325417520154006,0.03183904250985547,0.0018007500649183399,32,0.00626,142.0,167.0,154.0,176.0,184.0,164.6
独立,29,0.04387291981845688,0.0025649841837436394,1.345105646398404,0.051850817659910134,0.0016149288890677203,39,0.007629,206.5,190.0,113.0,82.0,242.0,166.7
垂杨,34,0.05143721633888049,0.002637570867525482,1.2815096964374564,0.03271042938434016,0.0020992497155250278,19,0.003717,129.0,182.0,244.0,173.0,107.0,167.0
英雄,31,0.046898638426626324,0.0036598970033160654,1.331396879348724,0.025964255243704326,0.0018420850277195366,25,0.00489,173.0,121.0,140.0,231.0,172.0,167.4
月光,31,0.046898638426626324,0.0033103348156298235,1.342305460070739,0.02786569145668927,0.001759713746332489,17,0.003326,173.0,134.0,122.0,211.0,199.0,167.8
鬼神,34,0.05143721633888049,0.0039523030899732865,1.310773432651542,0.020214568421174757,0.002040918713639627,15,0.002934,129.0,102.0,187.0,303.0,119.0,168.0
美人,33,0.049924357034795766,0.0019002429743730804,1.3158886289675948,0.056080899971169294,0.0018209975005632367,65,0.012715,142.0,274.0,171.0,74.0,180.0,168.2
有情,32,0.048411497730711045,0.0019663350601323375,1.3265777997751091,0.04332691998772801,0.0018899569437730917,22,0.004304,157.0,260.0,152.0,114.0,161.0,168.8
宫殿,31,0.046898638426626324,0.002132902397652776,1.3426144212672724,0.042232082361844725,0.0017470597901867895,21,0.004108,173.0,232.0,120.0,120.0,203.0,169.6
君恩,36,0.05446293494704993,0.0015052186005287368,1.2972307818247621,0.04504999424295725,0.002217892598416887,19,0.003717,113.0,332.0,210.0,104.0,95.0,170.8
辛苦,32,0.048411497730711045,0.0037657207475664365,1.3059168375364676,0.02545981189031384,0.0018904520399859216,18,0.003521,157.0,113.0,191.0,236.0,160.0,171.4
相忆,30,0.0453857791225416,0.002865263833493788,1.3287816230426253,0.03729780111382374,0.0017059067486821689,34,0.006651,189.0,168.0,145.0,145.0,216.0,172.6
衣冠,29,0.04387291981845688,0.003666009566160852,1.3287504161918688,0.035539625912807224,0.0016176851294554325,50,0.009781,206.5,120.0,146.0,154.0,241.0,173.5
故国,29,0.04387291981845688,0.004452936540682379,1.33026155747643,0.02649936989174909,0.0017126725228660928,23,0.004499,206.5,81.0,143.0,224.0,213.0,173.5
寒食,32,0.048411497730711045,0.0033657299164107034,1.2753324090253975,0.03139143229173372,0.0019493533154784106,21,0.004108,157.0,133.0,257.0,179.0,142.0,173.6
楚水,31,0.046898638426626324,0.002557343480187656,1.3111009645252099,0.040363040611010086,0.0017861896541243505,16,0.00313,173.0,191.0,186.0,128.0,191.0,173.8
鹦鹉,28,0.04236006051437216,0.002697932425617751,1.3461445729049235,0.04132118276391213,0.0016085899871455171,25,0.00489,221.0,177.0,111.0,122.0,244.0,175.0
松风,30,0.0453857791225416,0.002743012576598053,1.3357303840223238,0.029564935461249508,0.001800564767739986,27,0.005282,189.0,176.0,132.0,197.0,185.0,175.8
绿水,31,0.046898638426626324,0.0017535414660981984,1.3396119262200443,0.06288187687970745,0.0016737596044073646,39,0.007629,173.0,288.5,124.0,68.0,228.0,176.3
独自,33,0.049924357034795766,0.0023609773987988817,1.291966527504476,0.02966433404430388,0.0020360634558221303,12,0.002347,142.0,209.0,220.0,193.0,121.0,177.0
苦辛,32,0.048411497730711045,0.004647075902749126,1.2933967001184514,0.019443534810152055,0.0020026211346607266,23,0.004499,157.0,72.0,215.0,316.0,126.0,177.2
东流,26,0.039334341906202726,0.002995919864301105,1.3558653707243917,0.05038620743152892,0.00138762415035429,48,0.00939,243.0,157.5,93.0,87.0,311.0,178.3
晚来,33,0.049924357034795766,0.0018498143309035899,1.2799560324065427,0.05209437458164871,0.0019419540420368801,20,0.003912,142.0,276.0,250.0,81.0,144.0,178.6
昔时,30,0.0453857791225416,0.003795137456256972,1.3280477541701874,0.024180855954967176,0.0017518678425181545,28,0.005477,189.0,111.0,148.0,250.0,200.0,179.6
青苔,32,0.048411497730711045,0.0017238191292654234,1.3301241509106703,0.038582744872967596,0.0018634088075579777,24,0.004695,157.0,297.0,144.0,138.0,167.0,180.6
佳期,34,0.05143721633888049,0.0016618530234263971,1.2867156900672694,0.03942854540278447,0.0020778504598479366,20,0.003912,129.0,303.0,227.0,134.0,111.0,180.8
太平,30,0.0453857791225416,0.004584749592313889,1.3125488085472226,0.023622055410795918,0.001735595894047994,17,0.003326,189.0,74.0,183.0,257.0,205.0,181.6
微雨,33,0.049924357034795766,0.0037499808982411104,1.297060703072755,0.01906049425980705,0.0020615947458727506,12,0.002347,142.0,116.0,212.0,325.0,115.0,182.0
北斗,29,0.04387291981845688,0.00412368770916426,1.3045206057782404,0.027408053774650425,0.0017335802054467785,38,0.007433,206.5,95.0,194.0,216.0,207.0,183.7
花间,38,0.057488653555219364,0.00074726080777518,1.3189340902256432,0.0708148501218322,0.0021105604306315274,21,0.004108,102.5,497.0,168.0,51.0,103.0,184.3
随风,30,0.0453857791225416,0.002354864835954095,1.3324014532351471,0.03126943261059358,0.0017433600861928539,27,0.005282,189.0,211.0,137.0,181.0,204.0,184.4
经过,31,0.046898638426626324,0.0036125246412689683,1.304549600944494,0.023879787201087847,0.0018172039207308,32,0.00626,173.0,123.0,193.0,253.0,181.0,184.6
东海,30,0.0453857791225416,0.001737648802701753,1.3321098559277444,0.05341553876964231,0.0016755582517148171,32,0.00626,189.0,294.0,138.0,79.0,226.0,185.2
千万,27,0.04084720121028745,0.003042986598205963,1.3395137212986716,0.03286825852583756,0.001540402261395781,25,0.00489,232.5,154.0,125.0,171.0,259.0,188.3
桃李,29,0.04387291981845688,0.002177600513455279,1.3126806995093143,0.04664412650297215,0.0015786212939663676,73,0.01428,206.5,227.0,181.0,93.0,251.0,191.7
相随,30,0.0453857791225416,0.0023720564189550577,1.319376391020176,0.027837823756086445,0.0017984824636674817,26,0.005086,189.0,205.0,166.0,212.0,187.0,191.8
九天,30,0.0453857791225416,0.002745839636913767,1.3190342517315847,0.025240959445031838,0.001761985939547269,23,0.004499,189.0,175.0,167.0,238.0,198.0,193.4
年少,34,0.05143721633888049,0.0013054142025397699,1.3226342083934615,0.036306945416141566,0.001916375770779836,24,0.004695,129.0,378.0,162.0,150.0,149.0,193.6
阙下,31,0.046898638426626324,0.0031983985085346665,1.2894932975688886,0.022965636243877822,0.0018823959465511834,10,0.001956,173.0,142.0,225.0,267.0,162.0,193.8
相亲,28,0.04236006051437216,0.0031968703678234697,1.2972268841381513,0.038245252649181286,0.001562082225100759,33,0.006455,221.0,143.0,211.0,139.0,255.0,193.8
白露,29,0.04387291981845688,0.002037775638380782,1.3216312437368976,0.041035776834219315,0.001659299993771267,44,0.008607,206.5,245.0,164.0,124.0,231.0,194.1
东方,31,0.046898638426626324,0.002191353779856049,1.2945322648800635,0.028181048203998478,0.0019033864749380082,22,0.004304,173.0,225.0,213.0,209.0,156.0,195.2
花飞,34,0.05143721633888049,0.0011728479958434573,1.3206411764458608,0.037102038408815145,0.0019595750516104337,21,0.004108,129.0,400.0,165.0,146.0,138.0,195.6
芙蓉,30,0.0453857791225416,0.001288222619538807,1.3516816199462107,0.05800989659214791,0.0016190350347351997,54,0.010563,189.0,382.0,101.0,72.0,239.0,196.6
生涯,29,0.04387291981845688,0.004679778113968734,1.3044429055000244,0.01882648411042299,0.0017827112414830022,26,0.005086,206.5,70.0,195.0,330.0,193.0,198.9
关河,30,0.0453857791225416,0.004292929292929294,1.292272953580451,0.017860187234093106,0.0019032342813270927,10,0.001956,189.0,87.0,218.0,346.0,157.0,199.4
叶落,34,0.05143721633888049,0.0016150155106282188,1.2773692275812634,0.029049534454031592,0.002105824121483733,11,0.002152,129.0,309.0,254.0,204.0,104.0,200.0
寥落,29,0.04387291981845688,0.003080731673772521,1.30118771331789,0.0241274291365764,0.0017927604235317143,24,0.004695,206.5,151.0,202.0,252.0,190.0,200.3
蛟龙,25,0.037821482602118005,0.003729427405675515,1.3116695399207965,0.03343241851236041,0.0014659252226458632,42,0.008216,257.0,118.0,185.0,165.0,289.0,202.8
向人,30,0.0453857791225416,0.002016381668424029,1.3004891960295912,0.02952820293116916,0.001836412952168225,15,0.002934,189.0,252.0,204.0,199.0,174.0,203.6
秋日,29,0.04387291981845688,0.004483892305374906,1.302626268766854,0.01952872537380941,0.001689352147640037,15,0.002934,206.5,78.0,200.0,314.0,220.0,203.7
骨肉,32,0.048411497730711045,0.0020500007640703558,1.2921576753428936,0.024153784128510745,0.0019087866740473574,19,0.003717,157.0,241.0,219.0,251.0,152.0,204.0
青春,27,0.04084720121028745,0.002013325387001635,1.322474776379569,0.04299184419998762,0.0015391876707164269,37,0.007238,232.5,254.0,163.0,115.0,260.0,204.9
月明,28,0.04236006051437216,0.005005424899524747,1.290708048263733,0.019724421651727445,0.0017218957218874305,35,0.006847,221.0,60.0,224.0,311.0,210.0,205.2
徘徊,31,0.046898638426626324,0.004510689344274821,1.2702367889330237,0.015707213205270004,0.0019957952043497397,8,0.001565,173.0,76.0,266.0,385.0,129.0,205.8
可怜,30,0.0453857791225416,0.0019506716178425711,1.3025065104241074,0.034345366378405885,0.0016892792565344204,48,0.00939,189.0,263.0,201.0,158.0,221.0,206.4
渭水,33,0.049924357034795766,0.0015495346811534407,1.2807794157751629,0.033237150900781685,0.0019075953967175165,31,0.006064,142.0,321.0,248.0,168.0,154.0,206.6
玉楼,40,0.060514372163388806,0.0008618713611149315,1.2272321628697864,0.08163664805510024,0.0026014504535300945,11,0.002152,86.5,467.0,388.0,34.0,59.0,206.9
白蘋,29,0.04387291981845688,0.003807362581946546,1.2860024708912952,0.020495584899142116,0.0017732712364732532,11,0.002152,206.5,109.0,229.0,299.0,196.0,207.9
金谷,31,0.046898638426626324,0.002684179159216981,1.2459381967116516,0.024470143744732883,0.002036251222868365,8,0.001565,173.0,178.0,338.0,246.0,120.0,211.0
桃源,28,0.04236006051437216,0.0031571387093323557,1.3138662821675091,0.022072895594094446,0.001650067918599404,23,0.004499,221.0,146.0,178.0,283.0,233.0,212.2
白雪,25,0.037821482602118005,0.002017145738779627,1.3230063844965587,0.04920235481085253,0.001387423970374675,50,0.009781,257.0,251.0,161.0,89.0,312.0,214.0
丹砂,27,0.04084720121028745,0.0014624306606152294,1.3233979184552436,0.046380766823851144,0.0015664897808918274,27,0.005282,232.5,339.0,158.0,95.0,254.0,215.7
花时,31,0.046898638426626324,0.0026566726264154405,1.2539496092856164,0.021087092436964248,0.00203177055277322,10,0.001956,173.0,181.0,313.0,292.0,122.0,216.2
单于,30,0.0453857791225416,0.002257827900793105,1.2826395304229126,0.022511993974014335,0.0018711988213531154,39,0.007629,189.0,217.0,236.0,278.0,164.0,216.8
夜深,28,0.04236006051437216,0.002464126896804658,1.323011447543693,0.02250671665248192,0.0016369304316636239,17,0.003326,221.0,196.0,160.0,279.0,236.0,218.4
风波,26,0.039334341906202726,0.002804072713301156,1.3238894948036686,0.026046798316046685,0.0014601165349626766,30,0.005869,243.0,171.0,157.0,230.0,291.0,218.4
黄昏,30,0.0453857791225416,0.001434924127813689,1.292366364928513,0.03257980307877092,0.0018367041392194506,19,0.003717,189.0,349.0,217.0,174.0,173.0,220.4
永日,29,0.04387291981845688,0.002617781445315485,1.281307376728679,0.022606304438348192,0.0017698881878805688,12,0.002347,206.5,185.0,246.0,277.0,197.0,222.3
猿啼,27,0.04084720121028745,0.0051580534107009135,1.285292766076559,0.01668609573134038,0.001655904312064685,13,0.002543,232.5,53.0,231.0,368.0,232.0,223.3
山头,30,0.0453857791225416,0.0017588899585873868,1.281726780790275,0.023692870870564563,0.0019478004655653983,24,0.004695,189.0,287.0,242.0,256.0,143.0,223.4
百尺,27,0.04084720121028745,0.002046944482647962,1.2926071526058927,0.028545449978063995,0.0016747606011441151,20,0.003912,232.5,243.0,216.0,206.0,227.0,224.9
钓鱼,29,0.04387291981845688,0.0027814562307754446,1.285185336538496,0.019856038253942578,0.0017241314621378125,13,0.002543,206.5,173.0,232.0,308.0,209.0,225.7
落叶,29,0.04387291981845688,0.0014715995048824096,1.3026546560777488,0.033162818029689706,0.0017014718488056156,28,0.005477,206.5,337.0,199.0,170.0,217.0,225.9
无穷,25,0.037821482602118005,0.0016729102130009846,1.3140224514353156,0.050737166946541734,0.0013746403491440148,30,0.005869,257.0,301.0,176.0,86.0,317.0,227.4
黄金,26,0.039334341906202726,0.0019850547838444967,1.299528598261885,0.038876109195014566,0.0014307967298626144,132,0.025822,243.0,257.0,205.0,137.0,299.0,228.2
万古,25,0.037821482602118005,0.0032893228808508687,1.3136594343759282,0.022769092772826592,0.0014204324080721075,54,0.010563,257.0,136.0,179.0,272.0,302.0,229.2
高秋,24,0.036308623298033284,0.0021746970461040058,1.325979968655318,0.035449870373757145,0.001324935103325628,32,0.00626,276.5,228.0,153.0,155.0,343.0,231.1
暮雨,28,0.04236006051437216,0.0014547899570592463,1.3135313246588427,0.031429960361497214,0.0016198407240960713,27,0.005282,221.0,345.0,180.0,178.0,238.0,232.4
日夜,25,0.037821482602118005,0.00256926297773499,1.294345903697653,0.025204617246326028,0.0015160181811650249,30,0.005869,257.0,188.0,214.0,239.0,270.0,233.6
临风,28,0.04236006051437216,0.0030511039361266292,1.2979095501600424,0.01695721010488148,0.0016815077950823882,15,0.002934,221.0,153.0,206.0,364.0,225.0,233.8
梧桐,28,0.04236006051437216,0.0009994040251226333,1.308382786342829,0.04975633295826361,0.0015804902103415256,29,0.005673,221.0,433.5,188.0,88.0,250.0,236.1
眼前,31,0.046898638426626324,0.0012446706092697016,1.2784664950283813,0.026430365964265446,0.0019365403159611718,25,0.00489,173.0,388.0,251.0,225.0,146.0,236.6
西风,29,0.04387291981845688,0.001558703525420621,1.2357886224729286,0.035960684671251596,0.0019254814763290406,10,0.001956,206.5,318.5,359.0,152.0,148.0,236.8
须臾,28,0.04236006051437216,0.001543422118308654,1.2688310386524,0.02850739757051424,0.0018077574018087253,20,0.003912,221.0,323.0,268.0,207.0,182.0,240.2
物外,30,0.0453857791225416,0.004060651904827396,1.2531785542170022,0.01262167524562478,0.0019272546953953786,10,0.001956,189.0,96.0,316.0,456.0,147.0,240.8
归去,23,0.03479576399394856,0.002145509558520149,1.2974208167244412,0.043987404306995735,0.0012797884588266468,43,0.008412,296.0,231.0,209.0,109.0,363.0,241.6
得意,24,0.036308623298033284,0.002307492473906998,1.2858207109297262,0.02898059189657713,0.001475311393270716,47,0.009194,276.5,216.0,230.0,205.0,288.0,243.1
逢人,29,0.04387291981845688,0.0019678632008435335,1.2730526482459121,0.019877891581916853,0.001795253414933372,11,0.002152,206.5,259.0,260.0,307.0,189.0,244.3
水声,30,0.0453857791225416,0.0025328932288085086,1.2299146540637567,0.017224128184987756,0.0020769506199237262,8,0.001565,189.0,193.0,378.0,357.0,112.0,245.8
今朝,28,0.04236006051437216,0.0013508763886978714,1.282302534556511,0.03911821405227211,0.0015172104862178485,36,0.007042,221.0,366.0,239.0,136.0,269.0,246.2
故乡,22,0.03328290468986384,0.002995919864301105,1.2849769910775823,0.02918047845739021,0.001351120495912262,51,0.009977,316.5,157.5,233.0,202.0,325.0,246.8
风烟,23,0.03479576399394856,0.0022230626996133807,1.3073952989138715,0.029735277515755724,0.0013275808257887747,23,0.004499,296.0,220.0,190.0,192.0,342.0,248.0
路难,22,0.03328290468986384,0.002388483931600422,1.3138802332970267,0.03176778844331735,0.001261378516817584,41,0.00802,316.5,202.0,177.0,177.0,371.0,248.7
他人,26,0.039334341906202726,0.001996897874356271,1.2678326342233743,0.025546508398727387,0.0016185002403626486,16,0.00313,243.0,256.0,272.0,235.0,240.0,249.2
关山,22,0.03328290468986384,0.0021271718699857885,1.3153721187524954,0.03625824245506881,0.0012291705239327931,51,0.009977,316.5,233.0,173.0,151.0,378.0,250.3
白玉,25,0.037821482602118005,0.0012958633230947907,1.314355375291042,0.0393902136156523,0.0014138797541116558,49,0.009585,257.0,381.0,175.0,135.0,304.0,250.4
南宫,26,0.039334341906202726,0.002316661318174178,1.256769111012429,0.02128188263868331,0.0017514345818963758,12,0.002347,243.0,214.0,305.0,291.0,201.0,250.8
从容,25,0.037821482602118005,0.002448616268586012,1.286347229713265,0.019986247648362,0.0015057075816467347,15,0.002934,257.0,198.0,228.0,306.0,275.0,252.8
相知,27,0.04084720121028745,0.001936918351441801,1.2814054271722695,0.020615139731241947,0.0016853522012944143,29,0.005673,232.5,267.0,245.0,298.0,223.0,253.1
今来,25,0.037821482602118005,0.002370528278243861,1.2894272747362503,0.021423285319143014,0.0014608851253144275,28,0.005477,257.0,206.0,226.0,289.0,290.0,253.6
诸侯,22,0.03328290468986384,0.002113418603585018,1.3150599081012262,0.033190668310828376,0.0012331021894602463,44,0.008607,316.5,235.0,174.0,169.0,377.0,254.3
青门,22,0.03328290468986384,0.002047173703754642,1.2824707503296904,0.04486150966451441,0.0012523329659537882,30,0.005869,316.5,242.0,237.0,105.0,374.0,254.9
花满,23,0.03479576399394856,0.002369382172710463,1.301155084383175,0.02441901157509748,0.0013556627896859897,28,0.005477,296.0,207.0,203.0,249.0,323.0,255.6
城下,25,0.037821482602118005,0.0021470376992313456,1.2916004425081737,0.01930551506086942,0.0015356943697168181,17,0.003326,257.0,230.0,222.0,319.0,262.0,258.0
路傍,26,0.039334341906202726,0.001585828023044362,1.2664084311074244,0.02700254835012938,0.0016067966235326096,18,0.003521,243.0,312.0,276.0,220.0,246.0,259.4
人归,25,0.037821482602118005,0.0024384977940197314,1.263583778913564,0.022287969099120352,0.0014930637930379237,23,0.004499,257.0,199.0,291.0,281.0,280.0,261.6
春来,30,0.0453857791225416,0.000925289200629594,1.2632522012059715,0.030741754347074823,0.0017825475061485972,25,0.00489,189.0,450.0,293.0,186.0,194.0,262.4
清晨,26,0.039334341906202726,0.0013340668408747078,1.2659157472781188,0.03682182398204432,0.0015129676578384207,33,0.006455,243.0,371.0,280.0,148.0,273.0,263.0
依旧,28,0.04236006051437216,0.0013753266400770184,1.2561737423671195,0.025011180445584674,0.0017781217307770501,9,0.001761,221.0,360.0,309.0,241.0,195.0,265.2
思君,26,0.039334341906202726,0.0009356041504301716,1.2916310998326552,0.033426611092686985,0.0015752133076638035,24,0.004695,243.0,448.0,221.0,166.0,252.0,266.0
翠微,24,0.036308623298033284,0.002930588210467182,1.2810261207602083,0.017013460372651185,0.0014763012273156055,26,0.005086,276.5,162.0,247.0,362.0,287.0,266.9
流年,24,0.036308623298033284,0.0027640245113770075,1.2379950927560144,0.020787938533055394,0.0016306350217387372,11,0.002152,276.5,174.0,352.0,296.0,237.0,267.1
两相,29,0.04387291981845688,0.0013822032732774033,1.2185979274244998,0.02625187743854773,0.0019588045383798843,15,0.002934,206.5,357.0,408.0,228.0,139.0,267.7
梦里,23,0.03479576399394856,0.0029041550145937445,1.2823961172180747,0.015215040451797036,0.0014820549866594633,17,0.003326,296.0,164.0,238.0,393.0,284.0,275.0
凄凉,24,0.036308623298033284,0.0027858005165115607,1.2662255186765745,0.01570638795294428,0.0015235955525600123,18,0.003521,276.5,172.0,279.0,386.0,265.0,275.7
颜色,23,0.03479576399394856,0.002411406042268372,1.2697563230426365,0.020272314765514533,0.0013799324503571265,59,0.011541,296.0,200.0,267.0,302.0,316.0,276.2
君王,24,0.036308623298033284,0.0015128593040847202,1.2558457458311807,0.03407210533506694,0.0014168059436345567,74,0.014476,276.5,330.0,311.0,161.0,303.0,276.3
交亲,28,0.04236006051437216,0.003204511071379453,1.1877686474147602,0.013482168764309558,0.0020752109726891598,5,0.000978,221.0,141.0,483.0,426.0,113.0,276.8
杜陵,23,0.03479576399394856,0.0026326044102140925,1.2657661296620988,0.01929490880021948,0.0014081797822205991,20,0.003912,296.0,183.0,283.0,320.0,305.0,277.4
别后,26,0.039334341906202726,0.0009443909595195526,1.281854344690451,0.02747426183054634,0.0016082443783744054,25,0.00489,243.0,443.0,241.0,215.0,245.0,277.4
昔日,27,0.04084720121028745,0.0010421919650361404,1.266400659687071,0.024462584040240924,0.001716991875464355,17,0.003326,232.5,422.0,277.0,247.0,211.0,277.9
城中,24,0.036308623298033284,0.004232338513730343,1.2675668051668454,0.012595664745124123,0.001437551025210204,23,0.004499,276.5,89.0,273.0,457.0,296.0,278.3
万国,24,0.036308623298033284,0.0017466648328978136,1.2820985892462118,0.021674481524351405,0.0014338085623883628,25,0.00489,276.5,291.0,240.0,287.0,298.0,278.5
东西,24,0.036308623298033284,0.0023724384541328565,1.2564526136167473,0.017639214736750505,0.001538462946864677,28,0.005477,276.5,204.0,308.0,350.0,261.0,279.9
云间,22,0.03328290468986384,0.0022251256895734965,1.2712700157857886,0.023131702147159035,0.0013357672710524215,30,0.005869,316.5,219.0,264.0,264.0,337.0,280.1
芳树,27,0.04084720121028745,0.0011323522669967451,1.2474891379412776,0.027061319514974966,0.0017301334581875712,11,0.002152,232.5,408.0,333.0,219.0,208.0,280.1
怅望,24,0.036308623298033284,0.0010269105579241737,1.3034854953675368,0.02911674494946915,0.0013887254628244508,29,0.005673,276.5,425.0,197.0,203.0,310.0,282.3
清明,24,0.036308623298033284,0.0023800791576888405,1.248999161477516,0.018648575662421674,0.0014862440069918204,11,0.002152,276.5,203.0,328.0,335.0,282.0,284.9
落花,20,0.030257186081694403,0.0021982304130564343,1.274565512427273,0.031338121106771574,0.0011606203811251729,55,0.010759,358.0,223.0,258.0,180.0,409.0,285.6
行人,20,0.030257186081694403,0.0023563929766652913,1.2815520067094852,0.025601122593131388,0.0012127255675032484,73,0.01428,358.0,210.0,243.0,234.0,383.0,285.6
花发,25,0.037821482602118005,0.0018093186020568775,1.2598032754481108,0.018959945078694158,0.0015321142130497356,30,0.005869,257.0,281.0,300.0,328.0,264.0,286.0
前程,25,0.037821482602118005,0.0018840883439975732,1.2649763971671004,0.01711979310891451,0.0015740478898116984,15,0.002934,257.0,275.0,287.0,361.0,253.0,286.6
天台,24,0.036308623298033284,0.0023223918458411654,1.2656372497913184,0.0163273380344386,0.001481319719336577,20,0.003912,276.5,213.0,284.0,375.0,285.0,286.7
月照,21,0.03177004538577912,0.0028113968734241046,1.2976197950521628,0.017413745549122422,0.0012122401628700495,35,0.006847,338.5,170.0,208.0,355.0,384.0,291.1
汀洲,23,0.03479576399394856,0.0023320955393572643,1.2273598641682137,0.020113947624785317,0.0015219170433391266,11,0.002152,296.0,212.0,387.0,305.0,266.0,293.2
送客,22,0.03328290468986384,0.0019384755995951154,1.284534009393364,0.019639681969787774,0.0013205444319866549,26,0.005086,316.5,266.0,234.0,312.0,346.0,294.9
无限,27,0.04084720121028745,0.0008442977429361695,1.2509145680534088,0.024936779503863568,0.0017164620544376052,19,0.003717,232.5,470.0,320.0,242.0,212.0,295.3
看花,24,0.036308623298033284,0.0012431424685585047,1.2667681875006414,0.023440796682751,0.0014833818258809957,13,0.002543,276.5,389.0,275.0,258.0,283.0,296.3
登楼,23,0.03479576399394856,0.0020529806384571893,1.2636085913929538,0.01721018243884174,0.0013941233822722771,18,0.003521,296.0,239.0,290.0,358.0,309.0,298.4
圣主,22,0.03328290468986384,0.0029039257934870646,1.2688153170432983,0.013831329647162782,0.0013632736106484317,26,0.005086,316.5,165.0,269.0,420.0,322.0,298.5
风动,24,0.036308623298033284,0.0014486773942144592,1.2755892515075005,0.018549703439875335,0.001490043799392934,30,0.005869,276.5,346.0,256.0,336.0,281.0,299.1
他年,27,0.04084720121028745,0.0008114427176454408,1.2539211927337843,0.023394255009303682,0.001683385583050786,11,0.002152,232.5,480.0,314.0,260.0,224.0,302.1
多病,21,0.03177004538577912,0.0032631662056775514,1.2828220352091526,0.013232173420593588,0.0012719924396000744,26,0.005086,338.5,138.0,235.0,432.0,367.0,302.1
日照,22,0.03328290468986384,0.0019499075474869725,1.2650778233388678,0.02046924204313054,0.001319879917980912,29,0.005673,316.5,264.0,286.0,300.0,347.0,302.7
江城,19,0.028744326777609682,0.003797407836742178,1.2756859387899524,0.016813753110862736,0.001132500712059149,30,0.005869,378.5,110.0,255.0,367.0,423.0,306.7
自然,22,0.03328290468986384,0.0017423860389064628,1.2783929774829588,0.017836417184033945,0.0013435473476106259,25,0.00489,316.5,292.0,252.0,347.0,332.0,307.9
潺湲,21,0.03177004538577912,0.0015460963645532483,1.290909566189645,0.02094839050263102,0.0012808886513692383,23,0.004499,338.5,322.0,223.0,294.0,362.0,307.9
旧游,24,0.036308623298033284,0.0021040205382111586,1.2373398998930623,0.01484679394157512,0.001513107417749109,18,0.003521,276.5,236.0,356.0,399.0,272.0,307.9
读书,25,0.037821482602118005,0.0013737984993658218,1.249132981710777,0.018448924456338486,0.0015453748338865136,32,0.00626,257.0,361.0,326.0,338.0,258.0,308.0
摇落,22,0.03328290468986384,0.0011888934733110224,1.2739851507528794,0.02370746508939467,0.0013650476307966624,18,0.003521,316.5,398.0,259.0,255.0,320.0,309.7
山高,23,0.03479576399394856,0.0017332936016748427,1.258934480404343,0.01719914805404004,0.001422384860861338,18,0.003521,296.0,295.0,302.0,359.0,301.0,310.6
春深,26,0.039334341906202726,0.0020606977490487326,1.2188975088996992,0.012624254966682439,0.0017059476040980782,9,0.001761,243.0,237.0,405.0,455.0,215.0,311.0
莺啼,24,0.036308623298033284,0.0014586103088372378,1.2491128936290155,0.017514012390832473,0.0015344818052340737,14,0.002739,276.5,341.0,327.0,352.0,263.0,311.9
花枝,23,0.03479576399394856,0.0016496278977368235,1.2500480895012949,0.01572690121112084,0.001553344541798422,15,0.002934,296.0,304.0,323.0,383.0,256.0,312.4
逍遥,22,0.03328290468986384,0.001558703525420621,1.2658052057309561,0.019244342054827442,0.0013494138458522097,33,0.006455,316.5,318.5,281.0,321.0,327.0,312.8
所思,24,0.036308623298033284,0.0010414278946805423,1.2567230070357058,0.0210475270330536,0.0015174179463046703,22,0.004304,276.5,423.0,306.0,293.0,268.0,313.3
到处,26,0.039334341906202726,0.0016641452344931921,1.1711047627586957,0.017150701110634173,0.001911985071045789,5,0.000978,243.0,302.0,514.0,360.0,150.0,313.8
烟霞,23,0.03479576399394856,0.0014574642033038405,1.257611431583651,0.0179901722753431,0.001477761246078673,18,0.003521,296.0,343.0,303.0,344.0,286.0,314.4
歌声,23,0.03479576399394856,0.0007992175919558672,1.2518383582450143,0.03081557770994933,0.0014388793536103904,18,0.003521,296.0,483.0,317.0,184.0,295.0,315.0
是非,21,0.03177004538577912,0.0015161557219045875,1.2590112875790347,0.0219614699980908,0.001350078658041265,23,0.004499,338.5,329.0,301.0,284.0,326.0,315.7
夜雨,23,0.03479576399394856,0.0019693149345191706,1.243733965733733,0.014805680661786442,0.0014562470769805182,11,0.002152,296.0,258.0,347.0,400.0,292.0,318.6
人情,20,0.030257186081694403,0.0017497211143202068,1.2723418733567915,0.019728330040495796,0.001250062645317183,23,0.004499,358.0,290.0,262.0,310.0,375.0,319.0
云雨,22,0.03328290468986384,0.0018498143309035897,1.2217641276259688,0.0190302102066517,0.001497195606391301,36,0.007042,316.5,277.0,398.0,327.0,277.0,319.1
楼上,22,0.03328290468986384,0.0013703601827656292,1.2804213983435213,0.019346804557456177,0.001309647197802784,21,0.004108,316.5,363.0,249.0,318.0,352.0,319.7
岁月,20,0.030257186081694403,0.003218264337780223,1.2606797815394135,0.012103727847173142,0.0013359108255542864,38,0.007433,358.0,139.0,297.0,469.0,336.0,319.8
雨中,24,0.036308623298033284,0.0018360610645028195,1.227023677664288,0.014424424570569182,0.001588684609172143,10,0.001956,276.5,278.0,389.0,408.0,249.0,320.1
闲居,22,0.03328290468986384,0.0011556564128424947,1.2684777459713112,0.022741616690954133,0.0013277289970138179,20,0.003912,316.5,401.0,270.0,273.0,341.0,320.3
白马,20,0.030257186081694403,0.0013294824187411178,1.2641996757983838,0.02957872527534119,0.0011816421412456169,58,0.011346,358.0,372.0,289.0,196.0,399.0,322.8
楼台,24,0.036308623298033284,0.0010039884472562233,1.2288828793892652,0.025747987515136666,0.0014447010046111507,22,0.004304,276.5,432.0,380.0,232.0,294.0,322.9
秋天,21,0.03177004538577912,0.0022018979507633066,1.251618699434072,0.015486520039748944,0.0013140530456627502,29,0.005673,338.5,222.0,318.0,390.0,349.0,323.5
饮酒,24,0.036308623298033284,0.0007953972401778756,1.2445015670872932,0.02343610975236995,0.0015476192192576536,25,0.00489,276.5,485.0,344.0,259.0,257.0,324.3
管弦,25,0.037821482602118005,0.0004721954797597763,1.2488787628816318,0.02561590828659507,0.0016087106192595915,11,0.002152,257.0,565.0,329.0,233.0,243.0,325.4
游人,24,0.036308623298033284,0.0014089457357233453,1.2353650590654945,0.015241567998539924,0.001591438015711098,11,0.002152,276.5,353.0,361.0,392.0,248.0,326.1
山僧,22,0.03328290468986384,0.0015313498066902003,1.2333126731381612,0.01747557351972508,0.0014979166217990473,18,0.003521,316.5,327.0,367.0,353.0,276.0,327.9
青草,22,0.03328290468986384,0.0020308990051803974,1.2662817928636012,0.011466556526315501,0.0013719140201017316,22,0.004304,316.5,248.0,278.0,481.0,319.0,328.5
百年,23,0.03479576399394856,0.0009994040251226333,1.2454455835563167,0.0246728905558456,0.0013461808392303304,45,0.008803,296.0,433.5,340.0,244.0,330.0,328.7
月下,21,0.03177004538577912,0.0013443817906752854,1.2368860813940914,0.022633593924478137,0.0013731000565933582,24,0.004695,338.5,368.0,357.0,276.0,318.0,331.5
自知,19,0.028744326777609682,0.0015953024954537816,1.265266170914708,0.023738941117469617,0.001115726031328238,23,0.004499,378.5,310.0,285.0,254.0,435.0,332.5
夜长,25,0.037821482602118005,0.0005149834196732836,1.190200498421037,0.038087244933429444,0.0016380386726913797,7,0.001369,257.0,555.0,479.0,141.0,235.0,333.4
世事,19,0.028744326777609682,0.0019402802610064334,1.2684747153438152,0.018376769666514355,0.0011442345010026825,32,0.00626,378.5,265.0,271.0,339.0,418.0,334.3
往来,19,0.028744326777609682,0.0014188786503461237,1.2669577915886827,0.02287901148179004,0.0011621066261474928,42,0.008216,378.5,352.0,274.0,268.0,408.0,336.1
万物,19,0.028744326777609682,0.0006037683949938112,1.2774839017218684,0.04422260759934499,0.0011504629324053767,29,0.005673,378.5,530.0,253.0,108.0,413.0,336.5
道士,20,0.030257186081694403,0.0014997172939684286,1.23189928540113,0.020338078684478827,0.001351820123297429,15,0.002934,358.0,333.0,369.0,301.0,324.0,337.0
天上,20,0.030257186081694403,0.0011415211112639253,1.2706657687705332,0.022980114803594034,0.0011972417267874283,57,0.01115,358.0,406.0,265.0,266.0,393.0,337.6
霄汉,21,0.03177004538577912,0.0013806751325662068,1.2546784772797572,0.017441308543399345,0.0013473275359306594,21,0.004108,338.5,358.0,312.0,354.0,329.0,338.3
多情,28,0.04236006051437216,0.0004653188465593912,1.05692036807295,0.03038172292544088,0.002444940928637033,3,0.000587,221.0,567.5,639.0,191.0,74.0,338.5
御沟,25,0.037821482602118005,0.0010062806583230185,1.1943180145196222,0.018726937816457432,0.0017351297272573257,9,0.001761,257.0,431.0,466.0,333.0,206.0,338.6
明时,22,0.03328290468986384,0.0017409343052308258,1.24487344026186,0.013102279844458989,0.0014029091708625,22,0.004304,316.5,293.0,342.0,439.0,307.0,339.5
尚书,21,0.03177004538577912,0.002010651140757041,1.2511170951984991,0.011490379533976984,0.0014049740992999158,28,0.005477,338.5,255.0,319.0,479.0,306.0,339.5
月色,22,0.03328290468986384,0.0015403658368862605,1.2353342279171542,0.014746038764913285,0.0014292964699014223,28,0.005477,316.5,324.5,362.0,401.0,300.0,340.8
龙门,21,0.03177004538577912,0.00144829535903666,1.262480577877508,0.016457033166161116,0.0012964609031531325,17,0.003326,338.5,347.0,295.0,372.0,357.0,341.9
题诗,19,0.028744326777609682,0.0019078836779290636,1.262771691514336,0.01584080134694725,0.0012046146447438901,27,0.005282,378.5,273.0,294.0,379.0,387.0,342.3
春日,20,0.030257186081694403,0.0011311297544277876,1.273037194516453,0.019545666065260568,0.0012549003877675522,30,0.005869,358.0,409.0,261.0,313.0,373.0,342.8
迢递,20,0.030257186081694403,0.001693179908005929,1.2443242694513388,0.01593098986565458,0.0013311449784682166,25,0.00489,358.0,299.0,346.0,377.0,340.0,344.0
骑马,22,0.03328290468986384,0.0012824920918718193,1.2608143609876281,0.015510993892596673,0.0013359168432189488,20,0.003912,316.5,384.0,296.0,389.0,335.0,344.1
相看,20,0.030257186081694403,0.0019155243814850474,1.2314268210033834,0.015806770965970024,0.0013133109556307707,39,0.007629,358.0,270.0,371.0,381.0,350.0,346.0
雨雪,21,0.03177004538577912,0.0017680588028545672,1.2454930064361767,0.014293405202900537,0.0012991812595676074,32,0.00626,338.5,286.0,339.0,412.0,356.0,346.3
空山,18,0.027231467473524965,0.0015594675957762193,1.24710918063725,0.024505944188843776,0.0011183864284618121,56,0.010955,402.5,317.0,336.0,245.0,433.0,346.7
秋来,21,0.03177004538577912,0.001643515334892037,1.2325167797789829,0.0143330292193794,0.0013825065663616973,18,0.003521,338.5,306.0,368.0,409.0,314.0,347.1
玲珑,24,0.036308623298033284,0.001347820107275478,1.182605271254207,0.015828007569842185,0.00170093259464835,7,0.001369,276.5,367.0,494.0,380.0,218.0,347.1
裴回,18,0.027231467473524965,0.0013890799064777885,1.247891799134503,0.026912934183123547,0.0011150320936364698,58,0.011346,402.5,356.0,331.0,221.0,437.0,349.5
还家,19,0.028744326777609682,0.0007839361848439004,1.2635651146386846,0.03379186152035153,0.001121274479349427,42,0.008216,378.5,488.0,292.0,162.0,431.0,350.3
回头,22,0.03328290468986384,0.0005279726157184554,1.271515580110276,0.021568511588695494,0.0013241332716264636,16,0.00313,316.5,546.0,263.0,288.0,344.0,351.5
向东,18,0.027231467473524965,0.0017057870688733019,1.2646135155422158,0.016956458618649507,0.0011690455312355593,24,0.004695,402.5,298.0,288.0,365.0,405.0,351.7
帝乡,19,0.028744326777609682,0.0012171640764681612,1.2451010946459793,0.022676402324668114,0.0012576275995424089,25,0.00489,378.5,394.0,341.0,274.0,372.0,351.9
红粉,23,0.03479576399394856,0.000629593973013035,1.2276334928102912,0.023390958883803492,0.0014354591836621723,16,0.00313,296.0,521.0,386.0,261.0,297.0,352.2
台上,21,0.03177004538577912,0.000942251562523877,1.2561546016855953,0.019056927048947316,0.0013043318893654207,23,0.004499,338.5,445.0,310.0,326.0,353.0,354.5
汉家,19,0.028744326777609682,0.001080777517993857,1.2606609769470307,0.02081098807283874,0.0012086559342591799,57,0.01115,378.5,417.0,298.0,295.0,385.0,354.7
雨露,22,0.03328290468986384,0.0014719815400602084,1.223428160645446,0.013074128272012995,0.0014450323908487299,18,0.003521,316.5,336.0,394.0,441.0,293.0,356.1
花开,16,0.024205748865355523,0.0014249912131909107,1.2493485384506517,0.030653870934587563,0.0009957186770937554,35,0.006847,450.0,351.0,324.0,188.0,480.0,358.6
白首,17,0.025718608169440244,0.0013936643286113785,1.2447836362468174,0.029532799058440258,0.001029098113704583,52,0.010172,426.0,355.0,343.0,198.0,472.0,358.8
楚客,19,0.028744326777609682,0.0020347193569583886,1.2282303509938217,0.014459380159236306,0.0012010115525298041,19,0.003717,378.5,247.0,383.0,406.0,390.0,360.9
阳城,20,0.030257186081694403,0.0014620486254374304,1.2352208488356198,0.016251675543236914,0.00126315179050368,20,0.003912,358.0,340.0,363.0,376.0,368.0,361.0
临水,21,0.03177004538577912,0.0012125796543345712,1.225788952819068,0.01796040282382852,0.0013314573116910689,18,0.003521,338.5,395.0,391.0,345.0,339.0,361.7
人稀,21,0.03177004538577912,0.0011048457341952048,1.240354410199825,0.015523293286010056,0.0013638014505144432,14,0.002739,338.5,412.0,349.0,388.0,321.0,361.7
日落,18,0.027231467473524965,0.0006555723651033787,1.2505676768451541,0.042858644040914155,0.001057768404220454,45,0.008803,402.5,513.0,321.0,117.0,463.0,363.3
经年,21,0.03177004538577912,0.0026612570485490305,1.2047377959632959,0.009281781122079042,0.0013326566809708496,14,0.002739,338.5,180.0,439.0,522.0,338.0,363.5
连天,21,0.03177004538577912,0.0015613777716652149,1.2316701235758858,0.010999373178107672,0.0013959141073622467,17,0.003326,338.5,316.0,370.0,491.0,308.0,364.7
对酒,18,0.027231467473524965,0.0023987988814009997,1.2301477669316483,0.012731858053678064,0.0011788453189915864,38,0.007433,402.5,201.0,377.0,451.0,402.0,366.7
人生,18,0.027231467473524965,0.0016320542795580618,1.247799787764169,0.017664555197195897,0.0010983012486930279,75,0.014671,402.5,307.0,332.0,349.0,443.0,366.7
潇湘,16,0.024205748865355523,0.0018154311649016643,1.2057679773661918,0.02467659154107475,0.0011289749030194765,46,0.008998,450.0,279.5,438.0,243.0,426.0,367.3
东风,17,0.025718608169440244,0.0011506899555311053,1.238369063521933,0.030731843804080165,0.0010408398294327245,43,0.008412,426.0,404.0,351.0,187.0,470.0,367.6
鸟飞,19,0.028744326777609682,0.0029508397133208033,1.2302839253523794,0.008886456323736825,0.0011994850894202944,31,0.006064,378.5,161.0,376.0,535.0,391.0,368.3
从军,25,0.037821482602118005,0.00046149849478139946,1.1941791567117261,0.018656303927893407,0.0016898395451567473,13,0.002543,257.0,569.0,467.0,334.0,219.0,369.2
封侯,20,0.030257186081694403,0.0015671628757861742,1.2246099928883136,0.013331893286205182,0.0012998902738981287,23,0.004499,358.0,314.0,392.0,429.0,355.0,369.6
归心,19,0.028744326777609682,0.0008939623160500618,1.2657664690009878,0.01757850584043943,0.0012130182998734704,22,0.004304,378.5,459.0,282.0,351.0,382.0,370.5
君家,21,0.03177004538577912,0.000673910053637739,1.2473164557276846,0.019103708724214095,0.0013141687933192442,32,0.00626,338.5,510.5,335.0,323.0,348.0,371.0
风流,17,0.025718608169440244,0.001728327144363453,1.2532809035939168,0.015111869073156868,0.0011288237195152566,48,0.00939,426.0,296.0,315.0,395.0,427.0,371.8
绿杨,19,0.028744326777609682,0.0014020691025229605,1.2123895152048494,0.016931495600877755,0.001323909673728759,10,0.001956,378.5,354.0,426.0,366.0,345.0,373.9
丹青,20,0.030257186081694403,0.0013776188511438134,1.2362865683911364,0.013303086100991925,0.0012725819987478306,38,0.007433,358.0,359.0,358.0,430.0,366.0,374.2
今年,19,0.028744326777609682,0.0011529821665979003,1.2337589953676327,0.019062038553546167,0.0011735981198641382,33,0.006455,378.5,402.5,365.0,324.0,403.0,374.6
登高,17,0.025718608169440244,0.0015334892036858755,1.2278197861694817,0.019752677106720715,0.0011213579022838324,54,0.010563,426.0,326.0,385.0,309.0,430.0,375.2
近来,22,0.03328290468986384,0.0010681703571264842,1.1981036965709622,0.013931107413553037,0.0015212727512318833,6,0.001174,316.5,419.0,457.0,417.0,267.0,375.3
兄弟,18,0.027231467473524965,0.002028606794113602,1.2237615706934217,0.013095634660276464,0.001183712878539666,29,0.005673,402.5,249.0,393.0,440.0,398.0,376.5
马嘶,19,0.028744326777609682,0.001908265713106863,1.2148603593830791,0.012801583888224896,0.0012616535706454863,14,0.002739,378.5,272.0,418.0,449.0,370.0,377.5
丈夫,20,0.030257186081694403,0.0008916701049832669,1.249134756857885,0.016599879323750597,0.0012231021188868897,43,0.008412,358.0,461.0,325.0,369.0,380.0,378.6
昆仑,19,0.028744326777609682,0.0011071379452619998,1.2465355716699351,0.016434724044297563,0.001192755075269267,37,0.007238,378.5,411.0,337.0,373.0,394.0,378.7
王孙,18,0.027231467473524965,0.0017850211647488505,1.2177063829709234,0.014317858301161668,0.0011896104867581186,29,0.005673,402.5,283.0,409.0,411.0,395.0,380.1
旌旗,18,0.027231467473524965,0.0018154311649016643,1.228587056559903,0.013456577030283412,0.001145519319493303,43,0.008412,402.5,279.5,382.0,427.0,417.0,381.6
伤心,18,0.027231467473524965,0.001648099757025627,1.2474405788898795,0.014291918844463205,0.001065571074439621,29,0.005673,402.5,305.0,334.0,413.0,458.0,382.5
纵横,18,0.027231467473524965,0.002050382799248155,1.2311115132948998,0.011399174969865835,0.001147209237833266,39,0.007629,402.5,240.0,372.0,483.0,416.0,382.7
千载,15,0.0226928895612708,0.0019323339293082107,1.2374871144080015,0.019425007799413117,0.0009233820592696374,45,0.008803,473.5,269.0,355.0,317.0,507.0,384.3
白头,18,0.027231467473524965,0.0017833402099665338,1.2337353274806524,0.012318710269192784,0.001157166400307975,54,0.010563,402.5,284.0,366.0,464.0,411.0,385.5
空馀,18,0.027231467473524965,0.0020446522715811674,1.230751651631012,0.010084155631631956,0.0011488484757677592,34,0.006651,402.5,244.0,373.0,509.0,415.0,388.7
少年,18,0.027231467473524965,0.0008297804061798011,1.248847491834441,0.020167639008418174,0.0010895906047620986,98,0.019171,402.5,474.0,330.0,304.0,448.0,391.7
天寒,15,0.0226928895612708,0.001343235685141888,1.2155434956191233,0.026414064716059383,0.0009921614585378367,46,0.008998,473.5,369.5,416.0,226.0,482.0,393.4
头白,17,0.025718608169440244,0.0011384648298415317,1.2379280501197325,0.018339392966285804,0.0010944684774784144,19,0.003717,426.0,407.0,353.0,340.0,444.0,394.0
心期,23,0.03479576399394856,0.0005684683445651676,1.1368675672585258,0.01773858206580792,0.0016694179078943043,5,0.000978,296.0,537.5,562.0,348.0,229.0,394.5
湘水,20,0.030257186081694403,0.0013730344290102234,1.199009428112246,0.012172774724962492,0.0013411352520215772,33,0.006455,358.0,362.0,455.0,467.0,333.0,395.0
杯酒,19,0.028744326777609682,0.001483366188358624,1.219331994851143,0.011995449746024164,0.0011991219595383702,32,0.00626,378.5,334.0,402.0,471.0,392.0,395.5
花前,23,0.03479576399394856,0.0006464035208361986,1.1066050373488325,0.015784057016632942,0.0017961885388827036,4,0.000782,296.0,515.0,598.0,382.0,188.0,395.8
九衢,21,0.03177004538577912,0.0010406638243249439,1.125290706554151,0.015165440597123077,0.001599283692283886,6,0.001174,338.5,424.0,578.0,394.0,247.0,396.3
参差,17,0.025718608169440244,0.0007002704809058818,1.250558503968478,0.021956493545564143,0.001088531591574867,23,0.004499,426.0,506.0,322.0,285.0,449.0,397.6
老人,18,0.027231467473524965,0.0009222329192072006,1.2568559065357683,0.015360123992808065,0.0011062859812843088,20,0.003912,402.5,452.0,304.0,391.0,440.0,397.9
万年,18,0.027231467473524965,0.0011048457341952045,1.1974467131774293,0.01872941360540903,0.001202818302614432,11,0.002152,402.5,413.0,460.0,332.0,388.0,399.1
远近,16,0.024205748865355523,0.00212640779963019,1.2291533842712472,0.012418186054143389,0.001030388860492886,35,0.006847,450.0,234.0,379.0,463.0,471.0,399.4
寒山,14,0.02118003025718608,0.0026776845611943957,1.2389260395304524,0.011318348827321882,0.0009745037124574136,28,0.005477,494.5,179.0,350.0,486.0,489.0,399.7
独坐,18,0.027231467473524965,0.0007060010085728695,1.2286591364583204,0.02074256098539226,0.0011431185479293432,25,0.00489,402.5,503.5,381.0,297.0,419.0,400.6
远客,18,0.027231467473524965,0.0015648160882654077,1.1939582181059039,0.013011319815758477,0.0012243792381333044,20,0.003912,402.5,315.0,470.0,443.0,379.0,401.9
昨夜,16,0.024205748865355523,0.00167904460642736,1.2217140867103422,0.01447803263068235,0.001070314536155224,56,0.010955,450.0,300.0,399.0,405.0,456.0,402.0
烟雨,19,0.028744326777609682,0.0010223261357905837,1.1938656365996363,0.013773740062408312,0.0013832596246908934,12,0.002347,378.5,426.0,471.0,422.0,313.0,402.1
姓名,21,0.03177004538577912,0.0006120203548342732,1.1812802142013803,0.015868575924012602,0.0015149098669459652,13,0.002543,338.5,527.0,497.0,378.0,271.0,402.3
百里,16,0.024205748865355523,0.000527208545362857,1.2564709322245418,0.027632251945369186,0.0009424622537543673,43,0.008412,450.0,547.5,307.0,214.0,501.0,403.9
月中,18,0.027231467473524965,0.0008611072907593332,1.2148582270557529,0.01894826087561472,0.0011802483880523921,12,0.002347,402.5,468.0,419.0,329.0,401.0,403.9
感激,17,0.025718608169440244,0.002310548755329391,1.1990183475347533,0.008816860068778827,0.0012011636611911703,38,0.007433,426.0,215.0,454.0,536.0,389.0,404.0
岐路,20,0.030257186081694403,0.0008802090496492917,1.200493539784659,0.014657217661985805,0.001310067732585322,9,0.001761,358.0,464.0,451.0,402.0,351.0,405.2
秋声,17,0.025718608169440244,0.001628506810049927,1.215493055499253,0.012925982455582805,0.0011228729898774049,15,0.002934,426.0,308.0,417.0,448.0,429.0,405.6
劝君,18,0.027231467473524965,0.0013065603080731675,1.2143010687513789,0.013054053028160775,0.0011857056136815856,14,0.002739,402.5,377.0,421.0,442.0,397.0,407.9
年年,16,0.024205748865355523,0.0009016030196060455,1.2345447672108303,0.022230987758664104,0.000987403388327611,50,0.009781,450.0,457.0,364.0,282.0,487.0,408.0
云深,20,0.030257186081694403,0.0005363773896300372,1.2155694772894934,0.016541948858720894,0.0012903176346073264,11,0.002152,358.0,543.0,415.0,370.0,359.0,409.0
君子,13,0.019667170953101363,0.0015220281483519003,1.2188526222968785,0.022786622889853243,0.0008712946503782806,56,0.010955,516.0,328.0,406.0,271.0,529.0,410.0
相对,19,0.028744326777609682,0.0013180213634071427,1.181086915371313,0.012634860583869865,0.0012823630247949004,19,0.003717,378.5,375.0,499.0,454.0,360.0,413.3
遥知,16,0.024205748865355523,0.0008882863648370456,1.2414824746952864,0.01950050545745936,0.000969223737751468,22,0.004304,450.0,463.0,348.0,315.0,491.0,413.4
自由,21,0.03177004538577912,0.0007793517627103104,1.1167556378787489,0.01321747605273608,0.0016645466025787129,4,0.000782,338.5,489.0,585.0,434.0,230.0,415.3
浮生,20,0.030257186081694403,0.0008194654563792234,1.2117523989768944,0.012505475634428522,0.0013009299553331092,21,0.004108,358.0,477.0,427.0,462.0,354.0,415.6
细雨,17,0.025718608169440244,0.0015545011384648301,1.218641453971775,0.01131296223999552,0.0011135355546904922,17,0.003326,426.0,320.0,407.0,487.0,438.0,415.6
谢公,19,0.028744326777609682,0.0013174101071226642,1.1961266004207844,0.009037875206872952,0.0013446904518447924,30,0.005869,378.5,376.0,463.0,531.0,331.0,415.9
枕上,22,0.03328290468986384,0.0008183193508458259,1.0570369764423495,0.009796321803514583,0.001971781747570913,3,0.000587,316.5,478.5,638.0,514.0,134.0,416.2
浮云,14,0.02118003025718608,0.0008297804061798011,1.2601306881727343,0.021694589916736617,0.0008566746418915966,94,0.018388,494.5,474.0,299.0,286.0,534.0,417.5
松柏,16,0.024205748865355523,0.0005180397010956769,1.216414416116277,0.0282573736694934,0.0010457877902358404,41,0.00802,450.0,552.0,413.0,208.0,466.0,417.8
客心,17,0.025718608169440244,0.001285930408472012,1.2095472392581077,0.012940462281214139,0.0011497960376022456,27,0.005282,426.0,383.0,432.0,446.0,414.0,420.2
十载,17,0.025718608169440244,0.0019353138036950447,1.1979909231870656,0.008756882220223802,0.0011539090060636488,21,0.004108,426.0,268.0,458.0,538.0,412.0,420.4
河汉,17,0.025718608169440244,0.0018009138281452955,1.209228868384343,0.009159922544730617,0.001109251790198926,27,0.005282,426.0,282.0,434.0,527.0,439.0,421.6
朝朝,16,0.024205748865355523,0.0008393312856247805,1.2443524869420783,0.016400679167725807,0.0010443569188482702,27,0.005282,450.0,471.0,345.0,374.0,468.0,421.6
孤云,16,0.024205748865355523,0.002014853527712832,1.1902863243297075,0.009123019812773449,0.0011813263418218286,28,0.005477,450.0,253.0,478.0,528.0,400.0,421.8
相访,20,0.030257186081694403,0.0007863048029462552,1.2096809562739883,0.012050963859121404,0.0012777964317000937,24,0.004695,358.0,487.0,431.0,470.0,364.0,422.0
石上,18,0.027231467473524965,0.0003912040220663519,1.237801876821122,0.017354606845030006,0.0011423190233990825,24,0.004695,402.5,583.0,354.0,356.0,420.0,423.1
新月,16,0.024205748865355523,0.0013661577958098382,1.2084670930589538,0.012506072042386976,0.0011413137588501406,21,0.004108,450.0,364.0,435.0,461.0,421.0,426.2
相送,16,0.024205748865355523,0.002239490212258745,1.1947437391984819,0.008759278491809776,0.0010207815470784215,28,0.005477,450.0,218.0,464.0,537.0,474.0,428.6
宁知,16,0.024205748865355523,0.001457082168126041,1.2169170401676865,0.012139447877833394,0.00099613338518905,32,0.00626,450.0,344.0,411.0,468.0,479.0,430.4
明日,18,0.027231467473524965,0.0007564296520423601,1.2230363141722065,0.011814343195405384,0.0011885928629488094,30,0.005869,402.5,495.0,395.0,473.0,396.0,432.3
故山,16,0.024205748865355523,0.0022035789055456227,1.185710266881694,0.006231054958358166,0.001160074803256272,24,0.004695,450.0,221.0,485.0,597.0,410.0,432.6
扁舟,15,0.0226928895612708,0.0005088708568284967,1.2306421135878016,0.022650282251729516,0.0009889122360188865,57,0.01115,473.5,557.5,374.0,275.0,485.0,433.0
相识,15,0.0226928895612708,0.0012469628203364965,1.2353878751984182,0.012551099592190288,0.0009718003112693294,55,0.010759,473.5,387.0,360.0,458.0,490.0,433.7
莓苔,18,0.027231467473524965,0.0009902351808554531,1.1936838535826229,0.01057532902217257,0.0012814939508128216,16,0.00313,402.5,435.0,472.0,500.0,361.0,434.1
林下,16,0.024205748865355523,0.0019105579241736582,1.2131242016103407,0.007572028284235687,0.0010545049057924848,32,0.00626,450.0,271.0,425.0,563.0,464.0,434.6
孤城,15,0.0226928895612708,0.0015907944803557512,1.2138299450139627,0.010572646825951791,0.001047943973233246,46,0.008998,473.5,311.0,423.0,501.0,465.0,434.7
红尘,19,0.028744326777609682,0.00037133819282079495,1.0927197577549073,0.019216237578435193,0.001507411410404395,4,0.000782,378.5,585.5,615.0,322.0,274.0,435.0
欢娱,17,0.025718608169440244,0.0005822216109659377,1.2189629736124115,0.01700748444926478,0.0010861502772277602,32,0.00626,426.0,534.0,403.0,363.0,450.0,435.2
依然,17,0.025718608169440244,0.0007984535216002689,1.2108344314542223,0.013301214081431074,0.0011689185248280171,28,0.005477,426.0,484.0,430.0,431.0,406.0,435.4
世人,13,0.019667170953101363,0.0009436268891639542,1.2203722285951337,0.022793161065674968,0.0008202865577233782,56,0.010955,516.0,444.0,401.0,270.0,546.0,435.4
去年,16,0.024205748865355523,0.0005296535705007718,1.218914712823371,0.018484065480362355,0.001070148924039768,32,0.00626,450.0,544.0,404.0,337.0,457.0,438.4
氛氲,17,0.025718608169440244,0.0007610140741759502,1.222715815681647,0.014199044631688685,0.0010632759079861078,28,0.005477,426.0,493.5,397.0,415.0,461.0,438.5
野花,18,0.027231467473524965,0.0007701065114075705,1.1940197457809127,0.01299460776770861,0.001204668044374221,12,0.002347,402.5,491.0,469.0,444.0,386.0,438.5
世上,17,0.025718608169440244,0.0007633062852427452,1.2175216027841924,0.01321883015743965,0.0011170433511325808,38,0.007433,426.0,492.0,410.0,433.0,434.0,439.0
竹林,16,0.024205748865355523,0.0010713030455844373,1.2139810870231653,0.01293563766405969,0.0010639771682863961,26,0.005086,450.0,418.0,422.0,447.0,459.0,439.2
昨日,16,0.024205748865355523,0.0012332095539357264,1.2145276260349127,0.011662448074551659,0.0010427446912187714,43,0.008412,450.0,392.0,420.0,475.0,469.0,441.2
鹧鸪,17,0.025718608169440244,0.0007946331698222773,1.1662748386082502,0.014215962503023215,0.0012208612052544356,8,0.001565,426.0,486.0,521.0,414.0,381.0,445.6
凤凰,15,0.0226928895612708,0.001343235685141888,1.2014554929873524,0.013117641300459823,0.0009435202166716592,62,0.012128,473.5,369.5,448.0,438.0,500.0,445.8
衣裳,17,0.025718608169440244,0.000602851510567093,1.2020527569498245,0.015053764454828878,0.0011203486716091253,36,0.007042,426.0,531.0,447.0,397.0,432.0,446.6
黄花,16,0.024205748865355523,0.0008572869389813414,1.2093960330734284,0.012729624817508636,0.0011016988005307583,21,0.004108,450.0,469.0,433.0,452.0,441.0,449.0
新诗,16,0.024205748865355523,0.001465486942037623,1.1894533899516986,0.00839358494164359,0.001099307597973656,25,0.00489,450.0,338.0,480.0,543.0,442.0,450.6
山川,14,0.02118003025718608,0.0013226057855407326,1.190688624732626,0.013199578863037367,0.0010069598391519406,36,0.007042,494.5,374.0,476.0,435.0,476.0,451.1
残月,17,0.025718608169440244,0.000952031663075536,1.1702095267593187,0.010319779615494037,0.0012630859221327347,8,0.001565,426.0,442.0,515.0,504.0,369.0,451.2
他乡,16,0.024205748865355523,0.0009688412108986997,1.2039346156916306,0.011468488302922525,0.001070418156884214,30,0.005869,450.0,438.0,441.0,480.0,455.0,452.8
凉风,15,0.0226928895612708,0.0009214688488516023,1.2032843115547527,0.014329559904961615,0.000987874105053393,43,0.008412,473.5,453.0,444.0,410.0,486.0,453.3
南山,13,0.019667170953101363,0.0009810663365882732,1.2303430638715496,0.014560467735080017,0.0008367443487292186,75,0.014671,516.0,437.0,375.0,403.0,539.0,454.0
风霜,16,0.024205748865355523,0.0013019758859395775,1.1852199840461501,0.009964382764289511,0.001091259951691168,26,0.005086,450.0,379.0,486.0,511.0,446.0,454.4
马蹄,14,0.02118003025718608,0.002036629532847385,1.1808714355630194,0.00743557892336699,0.0010264532845810476,26,0.005086,494.5,246.0,500.0,568.0,473.0,456.3
月满,17,0.025718608169440244,0.0007610140741759502,1.2024471097544678,0.01071794133583029,0.0011290193475009592,11,0.002152,426.0,493.5,446.0,496.0,425.0,457.3
吟诗,16,0.024205748865355523,0.0011759042772658507,1.1634083646540994,0.01109913165548761,0.0011358417789313425,9,0.001761,450.0,399.0,527.0,490.0,422.0,457.6
茫茫,14,0.02118003025718608,0.0008343648283133912,1.2204904136174248,0.014552877411279749,0.0009014424103315168,60,0.011737,494.5,472.0,400.0,404.0,519.0,457.9
池上,15,0.0226928895612708,0.0012370299057137182,1.1928644372476682,0.010065402615716378,0.0010921549283029683,23,0.004499,473.5,391.0,473.0,510.0,445.0,458.5
珍重,18,0.027231467473524965,0.0002567276394810434,1.0722922429237098,0.016490278094547117,0.0014961203216291555,3,0.000587,402.5,610.0,633.0,371.0,278.0,458.9
远山,15,0.0226928895612708,0.0012423783982029066,1.188253693385947,0.011149930498587955,0.0010629554914618144,35,0.006847,473.5,390.0,482.0,489.0,462.0,459.3
往事,19,0.028744326777609682,0.00026589648374822356,1.0911145721984314,0.013939758154585273,0.001496029281398645,5,0.000978,378.5,607.5,616.0,416.0,279.0,459.4
苍茫,15,0.0226928895612708,0.0013248979966075276,1.2060646411272644,0.009009139985446939,0.000991008116548608,50,0.009781,473.5,373.0,437.0,533.0,484.0,460.1
干戈,15,0.0226928895612708,0.0005638839224315776,1.2281348587724528,0.013544076985041894,0.0009920449215618863,40,0.007825,473.5,539.0,384.0,425.0,483.0,460.9
至今,15,0.0226928895612708,0.0008893778939164719,1.2012729524188033,0.01334914083330389,0.0009646847726754701,56,0.010955,473.5,462.0,449.0,428.0,492.0,460.9
菊花,15,0.0226928895612708,0.0008183193508458259,1.1848730070319506,0.013855826250910187,0.001079229968578444,27,0.005282,473.5,478.5,488.0,419.0,452.0,462.2
风起,13,0.019667170953101363,0.00048824095722734153,1.190528986375678,0.025304600088878547,0.0008801779315801175,43,0.008412,516.0,562.0,477.0,237.0,526.0,463.6
羽翼,15,0.0226928895612708,0.001269884931004447,1.175317787348654,0.009477574747052414,0.0011151417347468244,28,0.005477,473.5,385.0,507.0,519.0,436.0,464.1
乾坤,16,0.024205748865355523,0.0012102874432677762,1.1739181160430703,0.009760106951381846,0.0010770945574588781,62,0.012128,450.0,396.5,509.0,515.0,453.0,464.7
蹉跎,14,0.02118003025718608,0.000673910053637739,1.2111335228224105,0.015629212957126437,0.0009215615456687719,48,0.00939,494.5,510.5,428.0,387.0,510.0,466.0
秋水,13,0.019667170953101363,0.0009398065373859625,1.2110108506901998,0.014992932020364365,0.0008345307863846558,43,0.008412,516.0,446.0,429.0,398.0,541.0,466.0
路岐,10,0.015128593040847202,0.0031770045385779125,0.9166517212682167,0.003214867482177178,0.0013490632622114983,2,0.000391,568.0,145.0,658.0,640.0,328.0,467.8
光辉,14,0.02118003025718608,0.0005081067864728984,1.1794780441714492,0.02281730995195314,0.0008817196544078336,50,0.009781,494.5,559.0,501.0,269.0,525.0,469.7
风尘,14,0.02118003025718608,0.0012194562875349562,1.2035933419430498,0.00973625724760436,0.0009160723483086271,96,0.018779,494.5,393.0,443.0,516.0,512.0,471.7
十年,14,0.02118003025718608,0.0010085728693898135,1.2036669135270357,0.011638166899692668,0.0009016047814841703,93,0.018192,494.5,429.5,442.0,477.0,518.0,472.2
寂寥,14,0.02118003025718608,0.0012102874432677762,1.2031294397819792,0.009056014923294553,0.0009525275460043236,28,0.005477,494.5,396.5,445.0,530.0,495.0,472.2
雨后,18,0.027231467473524965,0.0005466923394306148,1.10532561869339,0.010123733711832445,0.001380605839524082,5,0.000978,402.5,541.0,601.0,508.0,315.0,473.5
花下,15,0.0226928895612708,0.00016962361894283227,1.1052987483560186,0.0233101979522594,0.0011724434465313351,5,0.000978,473.5,627.5,602.0,263.0,404.0,474.0
圣朝,15,0.0226928895612708,0.0005776371888323477,1.2138259907429074,0.011689079190967382,0.000997591395072913,26,0.005086,473.5,535.0,424.0,474.0,477.0,476.7
金陵,14,0.02118003025718608,0.0009359861856079709,1.1989995366474453,0.011638595699691629,0.0009096532823854913,39,0.007629,494.5,447.0,456.0,476.0,516.0,477.9
相望,13,0.019667170953101363,0.0010865080456608446,1.199678846880163,0.011388206250643549,0.0008626715656050019,48,0.00939,516.0,416.0,453.0,484.0,531.0,480.0
长安,13,0.019667170953101363,0.00075184522990877,1.2228568242747937,0.012709036538447554,0.0008274487711680947,133,0.026017,516.0,496.0,396.0,453.0,544.0,481.0
先生,16,0.024205748865355523,0.0005237702287626645,1.1974821446942894,0.010239799437580101,0.0010900454973254662,22,0.004304,450.0,549.0,459.0,505.0,447.0,482.0
夜来,14,0.02118003025718608,0.0004951175904277266,1.2045151767099116,0.013902843094057732,0.0009413868747005318,22,0.004304,494.5,560.0,440.0,418.0,502.0,482.9
别离,11,0.01664145234493192,0.0012515472424700867,1.2004248225355778,0.012522832839592494,0.0007391776219270092,75,0.014671,551.0,386.0,452.0,460.0,571.0,484.0
朝廷,14,0.02118003025718608,0.0009604364369871178,1.1771426165142485,0.010885494827038407,0.0009864678285766285,40,0.007825,494.5,440.0,505.0,494.0,488.0,484.3
知己,13,0.019667170953101363,0.0005088708568284967,1.2165914979075574,0.015062893345133875,0.0008346916849131065,57,0.01115,516.0,557.5,412.0,396.0,540.0,484.3
汉水,12,0.018154311649016642,0.0002521432173474534,1.226486607299705,0.018813976474583497,0.0007765358044570608,35,0.006847,533.5,613.0,390.0,331.0,556.0,484.7
高树,17,0.025718608169440244,0.0002475587952138633,1.0779349812678303,0.013814748169339785,0.0013402364665410361,4,0.000782,426.0,614.5,630.0,421.0,334.0,485.1
壮士,14,0.02118003025718608,0.0008297804061798011,1.1970136606205064,0.010862570626868545,0.000921870019103514,49,0.009585,494.5,474.0,462.0,495.0,509.0,486.9
当时,14,0.02118003025718608,0.0005547150781643974,1.1947251917604875,0.013132982738646791,0.0009507460941945533,46,0.008998,494.5,540.0,465.0,437.0,499.0,487.1
山阴,14,0.02118003025718608,0.0009092437231620287,1.200967165566778,0.007859871836627603,0.0009613062016144507,31,0.006064,494.5,455.0,450.0,553.0,493.0,489.1
始知,13,0.019667170953101363,0.0014750378214826022,1.163752014241705,0.007633039467500825,0.000923270104868396,49,0.009585,516.0,335.0,525.0,562.0,508.0,489.2
来往,13,0.019667170953101363,0.000822903772979416,1.197330755948159,0.011584200436231469,0.0008729579993860815,29,0.005673,516.0,476.0,461.0,478.0,528.0,491.8
秋色,15,0.0226928895612708,0.0008753954064090222,1.1697274245234972,0.00823218797116782,0.001063702646146531,30,0.005869,473.5,465.0,516.0,546.0,460.0,492.1
东山,10,0.015128593040847202,0.001352404529409068,1.1865571497514322,0.011177024051877855,0.0007703564851398594,55,0.010759,568.0,365.0,484.0,488.0,562.0,493.4
重阳,15,0.0226928895612708,0.0006349424655022235,1.1717404357041472,0.009699060215004824,0.0010830575022618694,19,0.003717,473.5,518.0,511.0,517.0,451.0,494.1
溪水,13,0.019667170953101363,0.0009229969895627989,1.1940720173664823,0.00870786700753265,0.0009511584206567344,25,0.00489,516.0,451.0,468.0,539.0,497.0,494.2
杨柳,14,0.02118003025718608,0.0006502238726141903,1.1742443934959759,0.012540008299751451,0.0009509444686339062,49,0.009585,494.5,514.0,508.0,459.0,498.0,494.7
离别,11,0.01664145234493192,0.0009145922156512172,1.1928558932974125,0.013185713412082073,0.0007725262735734783,51,0.009977,551.0,454.0,474.0,436.0,561.0,495.2
年华,16,0.024205748865355523,0.000598267088433503,1.101848221871012,0.009087488508648644,0.0012768878197695647,6,0.001174,450.0,532.0,605.0,529.0,365.0,496.2
天下,11,0.01664145234493192,0.0015403658368862605,1.1811750306331756,0.008256868044264348,0.0007604000525098228,91,0.017801,551.0,324.5,498.0,544.0,564.0,496.3
草木,12,0.018154311649016642,0.0009581442259203228,1.1688509139306305,0.012969335718423465,0.0008160068235058813,66,0.012911,533.5,441.0,518.0,445.0,548.0,497.1
风景,16,0.024205748865355523,0.0003071562829505341,1.1786770481735545,0.01018883125585102,0.0011267836545723754,19,0.003717,450.0,602.0,502.0,507.0,428.0,497.8
吾道,14,0.02118003025718608,0.0010146854322346003,1.1838752034915356,0.00694893851454612,0.0009321878179927425,25,0.00489,494.5,427.0,490.0,577.0,504.0,498.5
海上,12,0.018154311649016642,0.0006051437216338881,1.215915758942784,0.012194836284584416,0.0007889299344242878,52,0.010172,533.5,529.0,414.0,465.0,553.0,498.9
百花,15,0.0226928895612708,0.0004286434694906707,1.1714082946978304,0.00985166002568479,0.0011293566413267842,18,0.003521,473.5,575.0,512.0,513.0,424.0,499.5
青云,11,0.01664145234493192,0.00032549397148489437,1.2068406312282607,0.018282576160219905,0.0007332563729148993,92,0.017997,551.0,597.0,436.0,341.0,573.0,499.6
春光,14,0.02118003025718608,0.00022692889561270804,1.1914483096405515,0.013623071086773119,0.0009250243038747525,22,0.004304,494.5,619.0,475.0,424.0,505.0,503.5
泉声,15,0.0226928895612708,0.0008931982456944635,1.1421345574951538,0.00684485857493903,0.0010739212517629575,15,0.002934,473.5,460.0,557.0,580.0,454.0,504.9
车马,13,0.019667170953101363,0.0007060010085728695,1.1820511466878783,0.010641230200882982,0.0009152899267063885,33,0.006455,516.0,503.5,496.0,497.0,514.0,505.3
明月,9,0.013615733736762482,0.0007197542749736396,1.1820954120496774,0.018094148832869923,0.0006318252612114405,128,0.025039,584.5,501.0,495.0,342.0,605.0,505.5
日暮,9,0.013615733736762482,0.0014578462384816394,1.167932142640708,0.010570003906941804,0.0006877389938775853,117,0.022887,584.5,342.0,519.0,502.0,589.0,507.3
山下,12,0.018154311649016642,0.0010085728693898135,1.182892721989822,0.00825595226494423,0.000832799882382592,34,0.006651,533.5,429.5,493.0,545.0,543.0,508.8
千年,12,0.018154311649016642,0.0010463943519919317,1.1830406106359506,0.008134479132835036,0.0008075178043151592,35,0.006847,533.5,421.0,492.0,549.0,549.0,508.9
分明,13,0.019667170953101363,0.0007388560338635983,1.1836554622127127,0.008888916212728994,0.000924580900204383,31,0.006064,516.0,499.0,491.0,534.0,506.0,509.2
今日,11,0.01664145234493192,0.0011461055333975153,1.175936070507718,0.00921722628385758,0.0007398597176554785,119,0.023279,551.0,405.0,506.0,525.0,569.0,511.2
苍梧,13,0.019667170953101363,0.0010131572915234035,1.1616246264814467,0.007088511552536107,0.0009159781000481191,36,0.007042,516.0,428.0,531.0,574.0,513.0,512.4
长江,13,0.019667170953101363,0.0011529821665979003,1.163656779211155,0.005146013026044507,0.0009021614060075758,30,0.005869,516.0,402.5,526.0,614.0,517.0,515.1
文字,13,0.019667170953101363,0.00037363040388759,1.1275367861221952,0.013676209473001475,0.0009946145445380986,7,0.001369,516.0,584.0,572.0,423.0,481.0,515.2
深山,14,0.02118003025718608,0.00048365653509375143,1.1532621788132555,0.010620865555739371,0.000951744004297762,23,0.004499,494.5,563.0,538.0,498.0,496.0,517.9
望乡,13,0.019667170953101363,0.0009615825425205154,1.1565925975785065,0.005929922481661689,0.0009407721152500457,20,0.003912,516.0,439.0,534.0,599.0,503.0,518.2
等闲,14,0.02118003025718608,0.00023838995094668317,1.014909268969206,0.011441996673767605,0.001293469183173565,3,0.000587,494.5,617.0,649.0,482.0,358.0,520.1
他日,12,0.018154311649016642,0.0006968321643056893,1.1885444867364494,0.008063919044743054,0.0008478871125176991,41,0.00802,533.5,507.0,481.0,551.0,537.0,521.9
微风,14,0.02118003025718608,0.0005745809074099544,1.1494642244650086,0.007449129697280038,0.0010445221069578477,18,0.003521,494.5,536.0,547.0,566.0,467.0,522.1
波涛,13,0.019667170953101363,0.0003552927153532297,1.1727109959631525,0.011336984264919714,0.0008860878903548832,24,0.004695,516.0,589.0,510.0,485.0,523.0,524.6
梅花,11,0.01664145234493192,0.0009852687235440642,1.1694664944806241,0.00774733076746147,0.0007570488786550678,32,0.00626,551.0,436.0,517.0,559.0,566.0,525.8
不归,12,0.018154311649016642,0.00042207246443252494,1.1671000554118272,0.012182533742534004,0.0008271556531562049,32,0.00626,533.5,576.0,520.0,466.0,545.0,528.1
明主,11,0.01664145234493192,0.0006234814101682483,1.177493774473734,0.01061597848727758,0.0007603035875758,80,0.015649,551.0,523.0,504.0,499.0,565.0,528.4
清净,11,0.01664145234493192,0.0007220464860404346,1.1847066983003072,0.00811986558136953,0.0007854723994049674,27,0.005282,551.0,500.0,489.0,550.0,555.0,529.0
行客,12,0.018154311649016642,0.0006173688473234617,1.1627999843646502,0.009036510812539254,0.0008685792211413002,21,0.004108,533.5,525.0,528.0,532.0,530.0,529.7
东南,12,0.018154311649016642,0.0010979691009948196,1.1421779836356893,0.00496827103707956,0.000858348699723573,48,0.00939,533.5,414.0,556.0,616.0,532.0,530.3
思量,13,0.019667170953101363,9.627286480539128e-05,0.9825761977733176,0.011946119077197915,0.0012441318818386898,2,0.000391,516.0,641.5,653.0,472.0,376.0,531.7
山水,10,0.015128593040847202,0.0010578554073259066,1.1712771306368266,0.006815838794575923,0.0007293279272412844,38,0.007433,568.0,420.0,513.0,583.0,575.0,531.8
山色,11,0.01664145234493192,0.0010956768899280246,1.1158114250062146,0.006475649868458902,0.0008888746658631462,19,0.003717,551.0,415.0,586.0,589.0,522.0,532.6
出入,10,0.015128593040847202,0.00034077537859686125,1.1850994580108092,0.012778215595457157,0.0007418763756708598,50,0.009781,568.0,592.0,487.0,450.0,568.0,533.0
草色,12,0.018154311649016642,0.0007724751295099254,1.1642898432243742,0.006451431193313035,0.0008580482185802563,33,0.006455,533.5,490.0,523.0,590.0,533.0,533.9
梦中,13,0.019667170953101363,0.000446981158025031,1.1435471602516545,0.008137039897609296,0.0009611896035363098,17,0.003326,516.0,571.0,553.0,548.0,494.0,536.4
花落,11,0.01664145234493192,0.0006418190987026085,1.150074478370845,0.009638828177823768,0.0007928566370959069,49,0.009585,551.0,517.0,546.0,518.0,551.0,536.6
神仙,10,0.015128593040847202,0.001123183422729565,1.1606345626367258,0.0059078224974052004,0.0007157597785835165,48,0.00939,568.0,410.0,532.0,600.0,579.0,537.8
桃花,11,0.01664145234493192,0.0006234814101682483,1.1660105120381166,0.008423420068832592,0.0007860667413243579,70,0.013693,551.0,523.0,522.0,542.0,554.0,538.4
人家,12,0.018154311649016642,0.0005180397010956769,1.1621668778311576,0.00777917366099512,0.0008765467959546732,29,0.005673,533.5,552.0,529.0,555.0,527.0,539.3
悠悠,10,0.015128593040847202,0.0007151698528400495,1.1562100106139028,0.009245175234208647,0.0007318934602466218,98,0.019171,568.0,502.0,535.0,523.0,574.0,540.4
丞相,11,0.01664145234493192,0.0006448753801250019,1.150625117218846,0.006885893228620077,0.000890431832184149,29,0.005673,551.0,516.0,544.0,578.0,521.0,542.0
天地,7,0.01059001512859304,0.0014440929720808693,1.1270571145349064,0.008155110483199442,0.0005877648056862775,134,0.026213,621.0,348.0,574.0,547.0,624.0,542.8
江流,9,0.013615733736762482,0.00015128593040847203,1.145711661051553,0.018064444586211228,0.0006300283916062274,36,0.007042,584.5,630.0,551.0,343.0,607.0,543.1
山路,12,0.018154311649016642,0.0005134552789620868,1.150942998243842,0.0070688087671394,0.00091608889800381,27,0.005282,533.5,556.0,541.0,575.0,511.0,543.3
归来,6,0.009077155824508321,0.001425755283546509,1.1062306553876236,0.010221531926129259,0.0005621785410403806,93,0.018192,634.5,350.0,599.0,506.0,631.0,544.1
青冥,12,0.018154311649016642,0.00046761105762618626,1.1454617371772216,0.007749737583600575,0.000895993640037767,37,0.007238,533.5,566.0,552.0,557.0,520.0,545.7
江南,10,0.015128593040847202,0.0009031311603172421,1.1470473487176216,0.005654884073142466,0.0007379823492847449,44,0.008607,568.0,456.0,549.0,603.0,572.0,549.6
依稀,13,0.019667170953101363,0.00026589648374822356,1.047536413213578,0.006987315251205588,0.0011683675335416067,5,0.000978,516.0,607.5,642.0,576.0,407.0,549.7
知音,11,0.01664145234493192,0.0006112562844786749,1.1527861178433219,0.006494037600488182,0.0008167518278371251,35,0.006847,551.0,528.0,539.0,588.0,547.0,550.6
天子,11,0.01664145234493192,0.00033466281575207445,1.1420191954663779,0.00992867131835664,0.0007949668737877094,121,0.02367,551.0,594.0,558.0,512.0,550.0,553.0
淹留,11,0.01664145234493192,0.0006784944757713291,1.110327694573611,0.006682316960103115,0.000851918467455838,45,0.008803,551.0,509.0,589.0,585.0,535.0,553.8
天涯,8,0.012102874432677761,0.000898546738183652,1.1551084462205876,0.006820894785226109,0.0006601075006922847,45,0.008803,604.5,458.0,536.0,582.0,594.0,554.9
故园,10,0.015128593040847202,0.000527208545362857,1.1509213971127819,0.008470266452496477,0.0007072360259925888,52,0.010172,568.0,547.5,542.0,541.0,582.0,556.1
烟波,11,0.01664145234493192,0.0007992175919558674,1.105639997755668,0.0044047470930626805,0.0008819792101529615,11,0.002152,551.0,482.0,600.0,624.0,524.0,556.2
斜阳,12,0.018154311649016642,0.00012377939760693164,1.0688553045928038,0.010532509280455215,0.0010177252917815327,5,0.000978,533.5,637.5,635.0,503.0,475.0,556.8
秋风,8,0.012102874432677761,0.0008068582955118508,1.1517179123696974,0.008060264127180528,0.0006143015990416497,109,0.021322,604.5,481.0,540.0,552.0,614.0,558.3
日出,10,0.015128593040847202,0.00047677990189336634,1.1501007342958203,0.007786171935173377,0.0007509653763232155,36,0.007042,568.0,564.0,545.0,554.0,567.0,559.6
闭门,11,0.01664145234493192,0.0003636974892648115,1.161779222591338,0.007140294366329521,0.000773194255993516,22,0.004304,551.0,587.0,530.0,573.0,559.0,560.0
春风,9,0.013615733736762482,8.25195984046211e-05,1.1319137488710058,0.014446538532949164,0.0006492178290240942,146,0.02856,584.5,646.0,565.0,407.0,599.0,560.3
武陵,11,0.01664145234493192,0.0005295007564296521,1.1301034387780764,0.005692855790342165,0.0008385860398721676,32,0.00626,551.0,545.0,566.0,602.0,538.0,560.4
寂寞,8,0.012102874432677761,0.0005180397010956769,1.1575124320249948,0.010948862505252626,0.0005969947525061382,77,0.015063,604.5,552.0,533.0,492.0,622.0,560.7
高楼,9,0.013615733736762482,0.0004905331682941366,1.140532702207743,0.009212969316086306,0.000718719463198105,47,0.009194,584.5,561.0,560.0,526.0,577.0,561.7
江水,10,0.015128593040847202,0.0007037087975060744,1.1253932174552996,0.005250843871916515,0.0007732304636211798,56,0.010955,568.0,505.0,576.0,609.0,558.0,563.2
归客,9,0.013615733736762482,0.00025443542841424837,1.1776871557310655,0.009228343896270362,0.0006595797710317446,29,0.005673,584.5,612.0,503.0,524.0,595.0,563.7
将军,11,0.01664145234493192,0.00026131206161463346,1.1430791694955353,0.007141388838748423,0.0008338381330177229,105,0.02054,551.0,609.0,555.0,572.0,542.0,565.8
鸡鸣,7,0.01059001512859304,9.627286480539128e-05,1.1465491232137643,0.01572079670395638,0.0005230583987686819,40,0.007825,621.0,641.5,550.0,384.0,641.0,567.5
萧萧,10,0.015128593040847202,0.00031632512721771423,1.1279697461790772,0.007753123502677054,0.0007890535185430227,57,0.01115,568.0,599.5,569.0,556.0,552.0,568.9
相思,8,0.012102874432677761,0.0006326502544354285,1.1276908450117962,0.008674614092285668,0.0006120301067240058,123,0.024061,604.5,519.5,570.0,540.0,615.0,569.8
春草,9,0.013615733736762482,0.00044468894695823594,1.147567217048353,0.007408329498713953,0.0006933089075238456,74,0.014476,584.5,572.5,548.0,569.0,588.0,572.4
春水,11,0.01664145234493192,0.00037133819282079495,1.1073287449002946,0.006021670904238036,0.0008518299146071546,34,0.006651,551.0,585.5,596.0,598.0,536.0,573.3
孤舟,9,0.013615733736762482,0.0005409618117636272,1.1232426815144327,0.007241305445580297,0.0006738758951838082,58,0.011346,584.5,542.0,579.0,571.0,592.0,573.7
秋月,8,0.012102874432677761,0.00012377939760693164,1.1640481547244497,0.010933145836820063,0.0006185128099696342,63,0.012324,604.5,637.5,524.0,493.0,611.0,574.0
春色,8,0.012102874432677761,0.0009260532709851923,1.1087403432049876,0.003668697898136308,0.0006407052447882234,59,0.011541,604.5,449.0,591.0,630.0,601.0,575.1
杏花,11,0.01664145234493192,0.00020629899601155274,1.0526246676144524,0.0068069967633337764,0.0009965571039489978,5,0.000978,551.0,623.0,640.0,584.0,478.0,575.2
东林,9,0.013615733736762482,0.00025596356912544507,1.1024703473379198,0.009467592062544081,0.0007731591526992874,17,0.003326,584.5,611.0,604.0,520.0,560.0,575.9
长沙,10,0.015128593040847202,0.00040113693668913036,1.1209703591559184,0.006299252940471528,0.0007742748443915058,39,0.007629,568.0,580.0,581.0,596.0,557.0,576.4
马上,8,0.012102874432677761,0.0005906263848775194,1.1276676915556654,0.007538659115505537,0.0006168595465469296,26,0.005086,604.5,533.0,571.0,564.0,613.0,577.1
思归,9,0.013615733736762482,0.0004523296505142194,1.1533998265017942,0.00516194091670681,0.0007005973569839131,28,0.005477,584.5,570.0,537.0,612.0,584.0,577.5
芳草,9,0.013615733736762482,0.0006693256315041489,1.1171269609163195,0.004907248223280215,0.0006828802465588816,39,0.007629,584.5,512.0,584.0,618.0,591.0,577.9
秋雨,10,0.015128593040847202,0.00011002613120616146,1.1287004900204511,0.007440922100005325,0.0007692162839494438,20,0.003912,568.0,640.0,568.0,567.0,563.0,581.2
白发,8,0.012102874432677761,0.0004217668362902856,1.1296008658218035,0.007651749026335906,0.0006280543126131347,72,0.014085,604.5,577.0,567.0,561.0,608.0,583.5
登临,9,0.013615733736762482,0.0004653188465593912,1.1073613091108125,0.006362636244248586,0.0007085836052566153,39,0.007629,584.5,567.5,595.0,592.0,581.0,584.0
江山,8,0.012102874432677761,0.00044468894695823594,1.1432997577558832,0.0066510728905656066,0.000625048155945191,51,0.009977,604.5,572.5,554.0,586.0,609.0,585.2
湖上,9,0.013615733736762482,0.0005172756307400786,1.1075702264117846,0.0052919812242236694,0.0007003848830841439,37,0.007238,584.5,554.0,594.0,608.0,586.0,585.3
千古,9,0.013615733736762482,8.611072907593332e-05,1.141246776813072,0.007749619136686301,0.000683016461740721,24,0.004695,584.5,645.0,559.0,558.0,590.0,587.3
相逢,8,0.012102874432677761,0.00035300050428643473,1.137175899556931,0.007534020023713152,0.0006114328967810299,96,0.018779,604.5,590.0,561.0,565.0,617.0,587.5
苍生,8,0.012102874432677761,0.0006234814101682483,1.1218287887950096,0.003821516878664786,0.0006304533713234873,56,0.010955,604.5,523.0,580.0,628.0,606.0,588.3
太守,8,0.012102874432677761,0.00030639221259493575,1.1509161407397785,0.006845661640578458,0.0006118048128896522,27,0.005282,604.5,603.0,543.0,579.0,616.0,589.1
芳菲,9,0.013615733736762482,0.00023380552881309313,1.1273437814054141,0.006440401758102348,0.0007005046347776503,21,0.004108,584.5,618.0,573.0,591.0,585.0,590.3
焚香,9,0.013615733736762482,0.00039426030348874527,1.099762614659029,0.005161757929118907,0.0007168981561527579,32,0.00626,584.5,581.5,609.0,613.0,578.0,593.2
才子,9,0.013615733736762482,0.0003140329161509192,1.1253291732541268,0.004796752500605693,0.000696574139913956,35,0.006847,584.5,601.0,577.0,620.0,587.0,593.9
北风,6,0.009077155824508321,0.0008710402053821116,1.0866395536343798,0.0044398603284265875,0.0005849533874641125,55,0.010759,634.5,466.0,621.0,623.0,626.0,594.1
古人,8,0.012102874432677761,0.00029798743868335396,1.1349273643997155,0.00635829203340013,0.000618394190997159,52,0.010172,604.5,605.0,564.0,593.0,612.0,595.7
水边,9,0.013615733736762482,0.00030257186081694405,1.1004258173448136,0.005384454963495175,0.0007106194190014916,14,0.002739,584.5,604.0,607.0,606.0,580.0,596.3
回首,8,0.012102874432677761,0.00039426030348874527,1.11897524808807,0.0048086084856210284,0.0006520517860926728,98,0.019171,604.5,581.5,583.0,619.0,598.0,597.2
沧洲,7,0.01059001512859304,0.0006143125659010682,1.0776224720914813,0.0039527499928775885,0.0006622686852910642,55,0.010759,621.0,526.0,631.0,626.0,593.0,599.4
江边,9,0.013615733736762482,0.0002475587952138633,1.0994238456862129,0.005297547566550877,0.0007006159575524443,36,0.007042,584.5,614.5,610.0,607.0,583.0,599.8
巫峡,8,0.012102874432677761,0.0004171824141566956,1.1102340486077498,0.0037428685268765033,0.0006425672303500922,45,0.008803,604.5,578.0,590.0,629.0,600.0,600.3
水清,8,0.012102874432677761,0.00022234447347911797,1.1208517936436764,0.006354687169950109,0.0006327137568716364,36,0.007042,604.5,620.0,582.0,594.0,604.0,600.9
清秋,7,0.01059001512859304,0.00013294824187411178,1.1366952493416178,0.007680767468258438,0.0005498670556582289,41,0.00802,621.0,634.5,563.0,560.0,634.0,602.5
携手,5,0.007564296520423601,0.0007426763856415899,1.0928204165332798,0.00404666068482433,0.0005201933553867139,72,0.014085,645.0,498.0,614.0,625.0,642.0,604.8
次第,9,0.013615733736762482,8.710402053821116e-05,0.997385943485306,0.0036274590333741515,0.0009108596745281106,3,0.000587,584.5,643.5,651.0,631.0,515.0,605.0
江上,7,0.01059001512859304,0.0006830788979049191,1.069916380936136,0.0033244212490743494,0.0005849020265042038,87,0.017019,621.0,508.0,634.0,637.0,627.0,605.4
相见,6,0.009077155824508321,0.00022005226241232292,1.1017311105917622,0.009345871218950735,0.0005097667090504794,93,0.018192,634.5,621.5,606.0,521.0,645.0,605.6
人间,8,0.012102874432677761,0.00044010452482464585,1.0846167623172303,0.0033553344754600496,0.0006583375075316787,61,0.011933,604.5,574.0,623.0,635.0,597.0,606.7
公子,7,0.01059001512859304,0.0001650391968092422,1.1262556487492632,0.006608713622325157,0.0005933257657873834,40,0.007825,621.0,629.0,575.0,587.0,623.0,607.0
归路,7,0.01059001512859304,0.0005226241232292669,1.0943615878433666,0.003347074543033849,0.0006094780483321319,37,0.007238,621.0,550.0,612.0,636.0,618.0,607.4
道路,8,0.012102874432677761,0.00017879246321001239,1.1077419370061985,0.004913215822693932,0.0006389248052576314,39,0.007629,604.5,626.0,593.0,617.0,602.0,608.5
山中,7,0.01059001512859304,0.00022005226241232292,1.1070368785788536,0.006831700860149902,0.0005862254999154769,47,0.009194,621.0,621.5,597.0,581.0,625.0,609.1
沧海,8,0.012102874432677761,0.0002017145738779627,1.1139010109133636,0.004443010983336216,0.0006211304585463734,55,0.010759,604.5,624.0,587.0,622.0,610.0,609.5
萧条,6,0.009077155824508321,0.0006326502544354285,1.0884293664882334,0.0025970255759082982,0.0005161809669386839,78,0.015258,634.5,519.5,619.0,651.0,643.0,613.4
家贫,8,0.012102874432677761,0.00014899371934167698,1.0962574437580377,0.0045096056959272515,0.0006327483679010054,23,0.004499,604.5,631.0,611.0,621.0,603.0,614.1
使君,7,0.01059001512859304,0.00016962361894283227,1.0940150615089281,0.006333329405528824,0.0006018568512053528,41,0.00802,621.0,627.5,613.0,595.0,621.0,615.5
今夜,7,0.01059001512859304,0.00034612387108604964,1.0902482819938497,0.0035421769415034405,0.0006064403581713309,17,0.003326,621.0,591.0,617.0,633.0,619.0,616.2
文章,7,0.01059001512859304,0.00031632512721771423,1.1077434759787346,0.003219252781782708,0.0005760237382222101,53,0.010368,621.0,599.5,592.0,639.0,630.0,616.3
草堂,6,0.009077155824508321,0.00024450251379146994,1.1132609529349378,0.005123658981070968,0.0005350713538639891,32,0.00626,634.5,616.0,588.0,615.0,637.0,618.1
水流,6,0.009077155824508321,0.00035758492642002477,1.1001963001530246,0.003559390744004933,0.000537104883636688,56,0.010955,634.5,588.0,608.0,632.0,636.0,619.7
西山,6,0.009077155824508321,8.710402053821116e-05,1.0808303471784049,0.007368254307757241,0.0005249372414953085,39,0.007629,634.5,643.5,627.0,570.0,640.0,623.0
风雨,6,0.009077155824508321,0.00033466281575207445,1.088126173276985,0.003257172906516288,0.0005399956997859934,47,0.009194,634.5,594.0,620.0,638.0,635.0,624.3
乔木,7,0.01059001512859304,5.959748773667079e-05,1.0902281312095792,0.005181903746079755,0.000584289366255516,32,0.00626,621.0,649.0,618.0,611.0,628.0,625.4
终日,6,0.009077155824508321,0.0003209095493513043,1.1039073926109537,0.0028674591202550196,0.0005123703140814643,61,0.011933,634.5,598.0,603.0,648.0,644.0,625.5
洞庭,7,0.01059001512859304,0.00014670150827488196,1.0576802990883067,0.0031087814385963447,0.0006594200143732411,79,0.015454,621.0,632.5,637.0,641.0,596.0,625.5
山河,6,0.009077155824508321,0.00032778618255168936,1.0810447206367422,0.002982672077904112,0.000530432941925429,42,0.008216,634.5,596.0,626.0,644.0,638.0,627.7
沧浪,6,0.009077155824508321,0.00033466281575207445,1.0842442814241886,0.002850348267595343,0.0005288788348969631,47,0.009194,634.5,594.0,624.0,649.0,639.0,628.1
明朝,6,0.009077155824508321,0.0001283638197405217,1.0737979691910435,0.005232986014197403,0.000553619571831591,44,0.008607,634.5,636.0,632.0,610.0,633.0,629.1
落日,3,0.0045385779122541605,0.0005684683445651676,0.9946212178599024,0.0011057589454492951,0.0004119910145750301,145,0.028365,656.0,537.5,652.0,660.0,652.0,631.5
主人,5,0.007564296520423601,0.0004034291477559254,1.06401429869096,0.0023575476753978247,0.0004860188862666812,101,0.019757,645.0,579.0,636.0,652.0,648.0,632.0
江海,6,0.009077155824508321,0.00014670150827488196,1.0794426745041195,0.0030521663896827386,0.0005563631767113905,61,0.011933,634.5,632.5,628.0,642.0,632.0,633.8
白日,5,0.007564296520423601,4.584422133590061e-06,1.0865324610481975,0.005734381970605715,0.0004594233142771691,142,0.027778,645.0,656.5,622.0,601.0,649.0,634.7
日夕,6,0.009077155824508321,0.0002704809058818136,1.026893316842514,0.0014652054681443794,0.000584222796203481,52,0.010172,634.5,606.0,647.0,658.0,629.0,634.9
牡丹,5,0.007564296520423601,0.0,0.8237511775747403,0.0027733000503104253,0.0007392208211640752,1,0.000196,645.0,660.0,660.0,650.0,570.0,637.0
红叶,5,0.007564296520423601,0.0,0.8266460078699926,0.002925292002959961,0.0007256739918856823,1,0.000196,645.0,660.0,659.0,646.0,576.0,637.2
闻道,4,0.006051437216338881,7.335075413744098e-05,1.0830830465231933,0.003900142418119262,0.0004376066881841566,69,0.013498,650.0,648.0,625.0,627.0,650.0,640.0
风吹,3,0.0045385779122541605,1.3753266400770183e-05,1.0787910181968445,0.005634400809425054,0.00036250929039336393,137,0.0268,656.0,653.5,629.0,604.0,660.0,640.5
惆怅,5,0.007564296520423601,0.0001879613074771925,1.0482582162887353,0.0029044242902547227,0.0005042056812481174,72,0.014085,645.0,625.0,641.0,647.0,646.0,640.8
流水,2,0.0030257186081694403,0.0,1.0409568733850847,0.005418536655025646,0.00031554298427654236,78,0.015258,661.0,660.0,643.0,605.0,661.0,646.0
夫子,5,0.007564296520423601,0.00011461055333975153,1.0328741351501491,0.00219860207493461,0.0004971187998025471,72,0.014085,645.0,639.0,645.0,654.0,647.0,646.0
深处,4,0.006051437216338881,0.0,0.8095795706071283,0.0030282847367182537,0.0006060990646540241,1,0.000196,650.0,660.0,661.0,643.0,620.0,646.8
平生,4,0.006051437216338881,0.00013294824187411178,1.0394760809068297,0.0016527131539495854,0.0004356727154008973,84,0.016432,650.0,634.5,644.0,655.0,651.0,646.9
游子,3,0.0045385779122541605,4.584422133590061e-06,1.0288517343012031,0.0034072563113672297,0.00037988240393559017,57,0.01115,656.0,656.5,646.0,634.0,658.0,650.1
洛阳,3,0.0045385779122541605,3.667537706872049e-05,0.9986899559854976,0.002959864526883933,0.00036640155855738256,111,0.021714,656.0,651.0,650.0,645.0,659.0,652.2
夕阳,3,0.0045385779122541605,4.125979920231055e-05,0.9757941146104349,0.0022229508693285696,0.00039547841013722615,50,0.009781,656.0,650.0,654.0,653.0,655.0,653.6
江湖,3,0.0045385779122541605,9.168844267180122e-06,1.0160285435096794,0.001562733412678657,0.0003841827596084409,59,0.011541,656.0,655.0,648.0,657.0,656.0,654.4
千里,3,0.0045385779122541605,7.793517627103103e-05,0.9537969694900666,0.0016043953231172348,0.0003824875357822296,214,0.041862,656.0,647.0,657.0,656.0,657.0,654.6
飞鸟,3,0.0045385779122541605,1.3753266400770183e-05,0.9570696296708404,0.0011745356621179536,0.0004066019780085805,44,0.008607,656.0,653.5,656.0,659.0,653.0,655.5
清风,3,0.0045385779122541605,3.209095493513043e-05,0.968554722160048,0.0009388295470804689,0.00039589912779737903,67,0.013106,656.0,652.0,655.0,661.0,654.0,655.6
白云,1,0.0015128593040847202,0.0,0.7060113995356256,7.392617258054946e-05,0.00030965497201522246,158,0.030908,662.0,660.0,662.0,662.0,662.0,661.6
