词1,词2,NPMI值,PMI值,共现文档数,词1文档频次,词2文档频次,词1概率,词2概率,联合概率
夜深,近来,1.0,7.743703,1,1,1,0.000433,0.000433,0.000433
出入,扁舟,0.910489,7.050556,1,2,1,0.000867,0.000433,0.000433
世人,扁舟,0.910489,7.050556,1,2,1,0.000867,0.000433,0.000433
感激,扁舟,0.910489,7.050556,1,2,1,0.000867,0.000433,0.000433
扁舟,楚水,0.910489,7.050556,1,1,2,0.000433,0.000867,0.000433
到处,当年,0.910489,7.050556,1,1,2,0.000433,0.000867,0.000433
微雨,愁人,0.858128,6.645091,1,1,3,0.000433,0.0013,0.000433
依稀,猿声,0.858128,6.645091,1,1,3,0.000433,0.0013,0.000433
他人,扁舟,0.858128,6.645091,1,3,1,0.0013,0.000433,0.000433
所思,扁舟,0.858128,6.645091,1,3,1,0.0013,0.000433,0.000433
归客,苍茫,0.858128,6.645091,1,1,3,0.000433,0.0013,0.000433
归客,白蘋,0.858128,6.645091,1,1,3,0.000433,0.0013,0.000433
新诗,老人,0.858128,6.645091,1,3,1,0.0013,0.000433,0.000433
宫中,自由,0.858128,6.645091,1,3,1,0.0013,0.000433,0.000433
他人,满眼,0.858128,6.645091,1,3,1,0.0013,0.000433,0.000433
楚水,青苔,0.844181,5.951944,2,2,6,0.000867,0.002601,0.000867
八月,凉风,0.834673,5.546479,3,3,9,0.0013,0.003901,0.0013
扬州,路岐,0.822317,5.797793,2,2,7,0.000867,0.003034,0.000867
扬州,花枝,0.822317,5.797793,2,2,7,0.000867,0.003034,0.000867
回头,家贫,0.820978,6.357409,1,2,2,0.000867,0.000867,0.000433
九天,千古,0.820978,6.357409,1,1,4,0.000433,0.001734,0.000433
世间,雨后,0.820978,6.357409,1,2,2,0.000867,0.000867,0.000433
往事,远山,0.820978,6.357409,1,1,4,0.000433,0.001734,0.000433
多情,来往,0.820978,6.357409,1,2,2,0.000867,0.000867,0.000433
扁舟,清净,0.820978,6.357409,1,1,4,0.000433,0.001734,0.000433
世人,出入,0.820978,6.357409,1,2,2,0.000867,0.000867,0.000433
出入,感激,0.820978,6.357409,1,2,2,0.000867,0.000867,0.000433
出入,楚水,0.820978,6.357409,1,2,2,0.000867,0.000867,0.000433
世人,感激,0.820978,6.357409,1,2,2,0.000867,0.000867,0.000433
世人,楚水,0.820978,6.357409,1,2,2,0.000867,0.000867,0.000433
感激,楚水,0.820978,6.357409,1,2,2,0.000867,0.000867,0.000433
扁舟,诸侯,0.820978,6.357409,1,1,4,0.000433,0.001734,0.000433
扁舟,玉堂,0.820978,6.357409,1,1,4,0.000433,0.001734,0.000433
乾坤,苍苔,0.820978,6.357409,1,4,1,0.001734,0.000433,0.000433
杜陵,近来,0.820978,6.357409,1,4,1,0.001734,0.000433,0.000433
夜深,杜陵,0.820978,6.357409,1,1,4,0.000433,0.001734,0.000433
到处,逢人,0.820978,6.357409,1,1,4,0.000433,0.001734,0.000433
眼前,道士,0.820978,6.357409,1,1,4,0.000433,0.001734,0.000433
颜色,黄昏,0.809105,5.37658,3,8,4,0.003468,0.001734,0.0013
须臾,黄昏,0.809105,5.37658,3,8,4,0.003468,0.001734,0.0013
月色,相对,0.803378,5.664262,2,4,4,0.001734,0.001734,0.000867
对酒,微雨,0.792162,6.134265,1,5,1,0.002167,0.000433,0.000433
十里,红叶,0.792162,6.134265,1,5,1,0.002167,0.000433,0.000433
梦魂,潇湘,0.792162,6.134265,1,1,5,0.000433,0.002167,0.000433
得意,扁舟,0.792162,6.134265,1,5,1,0.002167,0.000433,0.000433
扁舟,自古,0.792162,6.134265,1,1,5,0.000433,0.002167,0.000433
扁舟,衣裳,0.792162,6.134265,1,1,5,0.000433,0.002167,0.000433
王孙,黄昏,0.791381,5.258797,3,9,4,0.003901,0.001734,0.0013
公子,须臾,0.787481,4.565649,7,21,8,0.009103,0.003468,0.003034
须臾,颜色,0.78194,4.971115,4,8,8,0.003468,0.003468,0.001734
花前,黄昏,0.775525,5.153436,3,10,4,0.004335,0.001734,0.0013
古人,黄昏,0.775525,5.153436,3,10,4,0.004335,0.001734,0.0013
无力,看花,0.771729,5.441118,2,5,4,0.002167,0.001734,0.000867
使君,看花,0.771729,5.441118,2,5,4,0.002167,0.001734,0.000867
所以,独立,0.768617,5.951944,1,3,2,0.0013,0.000867,0.000433
东风,青冥,0.768617,5.951944,1,6,1,0.002601,0.000433,0.000433
孤舟,往事,0.768617,5.951944,1,6,1,0.002601,0.000433,0.000433
多情,消息,0.768617,5.951944,1,2,3,0.000867,0.0013,0.000433
来往,消息,0.768617,5.951944,1,2,3,0.000867,0.0013,0.000433
人情,君家,0.768617,5.951944,1,6,1,0.002601,0.000433,0.000433
人情,怜君,0.768617,5.951944,1,6,1,0.002601,0.000433,0.000433
扁舟,青苔,0.768617,5.951944,1,1,6,0.000433,0.002601,0.000433
他人,出入,0.768617,5.951944,1,3,2,0.0013,0.000867,0.000433
出入,所思,0.768617,5.951944,1,2,3,0.000867,0.0013,0.000433
世人,他人,0.768617,5.951944,1,2,3,0.000867,0.0013,0.000433
世人,所思,0.768617,5.951944,1,2,3,0.000867,0.0013,0.000433
他人,感激,0.768617,5.951944,1,3,2,0.0013,0.000867,0.000433
感激,所思,0.768617,5.951944,1,2,3,0.000867,0.0013,0.000433
忆昔,扁舟,0.768617,5.951944,1,6,1,0.002601,0.000433,0.000433
他人,楚水,0.768617,5.951944,1,3,2,0.0013,0.000867,0.000433
所思,楚水,0.768617,5.951944,1,3,2,0.0013,0.000867,0.000433
扁舟,茫茫,0.768617,5.951944,1,1,6,0.000433,0.002601,0.000433
咫尺,是非,0.768617,5.951944,1,2,3,0.000867,0.0013,0.000433
夜来,雨后,0.768617,5.951944,1,3,2,0.0013,0.000867,0.000433
台上,遥知,0.768617,5.951944,1,6,1,0.002601,0.000433,0.000433
圣朝,草色,0.768617,5.951944,1,2,3,0.000867,0.0013,0.000433
天台,闭门,0.768617,5.951944,1,6,1,0.002601,0.000433,0.000433
独自,阑干,0.768617,5.951944,1,3,2,0.0013,0.000867,0.000433
满眼,还家,0.768617,5.951944,1,1,6,0.000433,0.002601,0.000433
半夜,多情,0.768617,5.951944,1,3,2,0.0013,0.000867,0.000433
吾道,送客,0.768617,5.951944,1,1,6,0.000433,0.002601,0.000433
月出,石上,0.768617,5.951944,1,2,3,0.000867,0.0013,0.000433
婵娟,忆昔,0.768183,5.104646,3,7,6,0.003034,0.002601,0.0013
无情,汉宫,0.768183,5.104646,3,6,7,0.002601,0.003034,0.0013
松柏,黄昏,0.761182,5.058126,3,11,4,0.004768,0.001734,0.0013
阳城,黄昏,0.761182,5.058126,3,11,4,0.004768,0.001734,0.0013
九衢,车马,0.7578,5.035653,3,5,9,0.002167,0.003901,0.0013
咸阳,天寒,0.748711,5.797793,1,7,1,0.003034,0.000433,0.000433
梦魂,潺湲,0.748711,5.797793,1,1,7,0.000433,0.003034,0.000433
丞相,扁舟,0.748711,5.797793,1,7,1,0.003034,0.000433,0.000433
扁舟,骨肉,0.748711,5.797793,1,1,7,0.000433,0.003034,0.000433
咸阳,扁舟,0.748711,5.797793,1,7,1,0.003034,0.000433,0.000433
珍重,罗衣,0.748711,5.797793,1,1,7,0.000433,0.003034,0.000433
庭前,珍重,0.748711,5.797793,1,7,1,0.003034,0.000433,0.000433
闭门,风波,0.748711,5.797793,1,1,7,0.000433,0.003034,0.000433
江流,闭门,0.748711,5.797793,1,7,1,0.003034,0.000433,0.000433
功名,满眼,0.748711,5.797793,1,7,1,0.003034,0.000433,0.000433
吾道,帝城,0.748711,5.797793,1,1,7,0.000433,0.003034,0.000433
路岐,近来,0.748711,5.797793,1,7,1,0.003034,0.000433,0.000433
夜深,路岐,0.748711,5.797793,1,1,7,0.000433,0.003034,0.000433
行乐,黄昏,0.748088,4.971115,3,12,4,0.005202,0.001734,0.0013
玉堂,翡翠,0.748088,4.971115,3,4,12,0.001734,0.005202,0.0013
苍生,谢公,0.74587,5.258797,2,6,4,0.002601,0.001734,0.000867
游子,飞鸟,0.74587,5.258797,2,12,2,0.005202,0.000867,0.000867
九衢,经过,0.741945,4.930293,3,5,10,0.002167,0.004335,0.0013
使君,无力,0.74008,5.217975,2,5,5,0.002167,0.002167,0.000867
十里,水流,0.74008,5.217975,2,5,5,0.002167,0.002167,0.000867
家贫,逢人,0.731467,5.664262,1,2,4,0.000867,0.001734,0.000433
微雨,思归,0.731467,5.664262,1,1,8,0.000433,0.003468,0.000433
昨日,秋天,0.731467,5.664262,1,2,4,0.000867,0.001734,0.000433
万古,青冥,0.731467,5.664262,1,8,1,0.003468,0.000433,0.000433
君心,题诗,0.731467,5.664262,1,8,1,0.003468,0.000433,0.000433
从军,孤云,0.731467,5.664262,1,4,2,0.001734,0.000867,0.000433
读书,鬼神,0.731467,5.664262,1,2,4,0.000867,0.001734,0.000433
秋天,飞鸟,0.731467,5.664262,1,4,2,0.001734,0.000867,0.000433
扁舟,颜色,0.731467,5.664262,1,1,8,0.000433,0.003468,0.000433
出入,清净,0.731467,5.664262,1,2,4,0.000867,0.001734,0.000433
世人,清净,0.731467,5.664262,1,2,4,0.000867,0.001734,0.000433
感激,清净,0.731467,5.664262,1,2,4,0.000867,0.001734,0.000433
楚水,清净,0.731467,5.664262,1,2,4,0.000867,0.001734,0.000433
出入,诸侯,0.731467,5.664262,1,2,4,0.000867,0.001734,0.000433
出入,玉堂,0.731467,5.664262,1,2,4,0.000867,0.001734,0.000433
世人,诸侯,0.731467,5.664262,1,2,4,0.000867,0.001734,0.000433
世人,玉堂,0.731467,5.664262,1,2,4,0.000867,0.001734,0.000433
万物,扁舟,0.731467,5.664262,1,8,1,0.003468,0.000433,0.000433
感激,诸侯,0.731467,5.664262,1,2,4,0.000867,0.001734,0.000433
感激,玉堂,0.731467,5.664262,1,2,4,0.000867,0.001734,0.000433
单于,扁舟,0.731467,5.664262,1,8,1,0.003468,0.000433,0.000433
楚水,诸侯,0.731467,5.664262,1,2,4,0.000867,0.001734,0.000433
楚水,玉堂,0.731467,5.664262,1,2,4,0.000867,0.001734,0.000433
扁舟,须臾,0.731467,5.664262,1,1,8,0.000433,0.003468,0.000433
扁舟,昆仑,0.731467,5.664262,1,1,8,0.000433,0.003468,0.000433
扁舟,蹉跎,0.731467,5.664262,1,1,8,0.000433,0.003468,0.000433
相忆,阑干,0.731467,5.664262,1,4,2,0.001734,0.000867,0.000433
昆仑,苍苔,0.731467,5.664262,1,8,1,0.003468,0.000433,0.000433
吾道,城中,0.731467,5.664262,1,1,8,0.000433,0.003468,0.000433
子孙,山僧,0.731467,5.664262,1,4,2,0.001734,0.000867,0.000433
清秋,远山,0.731467,5.664262,1,2,4,0.000867,0.001734,0.000433
当年,逢人,0.731467,5.664262,1,2,4,0.000867,0.001734,0.000433
公卿,姓名,0.729164,5.141014,2,9,3,0.003901,0.0013,0.000867
九衢,日晚,0.727602,4.834982,3,5,11,0.002167,0.004768,0.0013
千万,烟波,0.724891,4.816964,3,8,7,0.003468,0.003034,0.0013
少年,黄昏,0.724891,4.816964,3,14,4,0.006068,0.001734,0.0013
今年,黄昏,0.724891,4.816964,3,14,4,0.006068,0.001734,0.0013
水声,马蹄,0.724006,5.104646,2,4,7,0.001734,0.003034,0.000867
月色,池上,0.724006,5.104646,2,4,7,0.001734,0.003034,0.000867
池上,相对,0.724006,5.104646,2,7,4,0.003034,0.001734,0.000867
中原,功名,0.724006,5.104646,2,4,7,0.001734,0.003034,0.000867
有情,看花,0.724006,5.104646,2,7,4,0.003034,0.001734,0.000867
从军,烟波,0.724006,5.104646,2,4,7,0.001734,0.003034,0.000867
咸阳,诸侯,0.724006,5.104646,2,7,4,0.003034,0.001734,0.000867
行乐,颜色,0.718162,4.565649,4,12,8,0.005202,0.003468,0.001734
先生,姓名,0.716257,5.546479,1,3,3,0.0013,0.0013,0.000433
先生,弟子,0.716257,5.546479,1,3,3,0.0013,0.0013,0.000433
姓名,弟子,0.716257,5.546479,1,3,3,0.0013,0.0013,0.000433
明日,杯酒,0.716257,5.546479,1,9,1,0.003901,0.000433,0.000433
江城,英雄,0.716257,5.546479,1,3,3,0.0013,0.0013,0.000433
天寒,渭水,0.716257,5.546479,1,1,9,0.000433,0.003901,0.000433
先生,心期,0.716257,5.546479,1,3,3,0.0013,0.0013,0.000433
他日,池塘,0.716257,5.546479,1,3,3,0.0013,0.0013,0.000433
心期,才子,0.716257,5.546479,1,3,3,0.0013,0.0013,0.000433
才子,猿声,0.716257,5.546479,1,3,3,0.0013,0.0013,0.000433
心期,猿声,0.716257,5.546479,1,3,3,0.0013,0.0013,0.000433
楚客,沧浪,0.716257,5.546479,1,3,3,0.0013,0.0013,0.000433
他人,所思,0.716257,5.546479,1,3,3,0.0013,0.0013,0.000433
怅望,扁舟,0.716257,5.546479,1,9,1,0.003901,0.000433,0.000433
白蘋,苍茫,0.716257,5.546479,1,3,3,0.0013,0.0013,0.000433
是非,苍茫,0.716257,5.546479,1,3,3,0.0013,0.0013,0.000433
寂寥,老人,0.716257,5.546479,1,9,1,0.003901,0.000433,0.000433
星辰,春水,0.716257,5.546479,1,3,3,0.0013,0.0013,0.000433
八月,自知,0.716257,5.546479,1,3,3,0.0013,0.0013,0.000433
苍苔,雨露,0.716257,5.546479,1,1,9,0.000433,0.003901,0.000433
干戈,近来,0.716257,5.546479,1,9,1,0.003901,0.000433,0.000433
夜深,干戈,0.716257,5.546479,1,1,9,0.000433,0.003901,0.000433
九衢,红尘,0.714508,4.747971,3,5,12,0.002167,0.005202,0.0013
使君,归去,0.714508,4.747971,3,5,12,0.002167,0.005202,0.0013
松风,萧索,0.714508,4.747971,3,10,6,0.004335,0.002601,0.0013
朱门,自言,0.714508,4.747971,3,6,10,0.002601,0.004335,0.0013
水边,花前,0.714221,5.035653,2,3,10,0.0013,0.004335,0.000867
叶落,蛟龙,0.714221,5.035653,2,5,6,0.002167,0.002601,0.000867
古木,深山,0.714221,5.035653,2,10,3,0.004335,0.0013,0.000867
万古,水声,0.705067,4.971115,2,8,4,0.003468,0.001734,0.000867
月色,玲珑,0.705067,4.971115,2,4,8,0.001734,0.003468,0.000867
玲珑,相对,0.705067,4.971115,2,8,4,0.003468,0.001734,0.000867
从军,行路,0.705067,4.971115,2,4,8,0.001734,0.003468,0.000867
从军,路难,0.705067,4.971115,2,4,8,0.001734,0.003468,0.000867
从军,千万,0.705067,4.971115,2,4,8,0.001734,0.003468,0.000867
夜长,歌声,0.705067,4.971115,2,8,4,0.003468,0.001734,0.000867
朝廷,诸侯,0.705067,4.971115,2,8,4,0.003468,0.001734,0.000867
玉堂,须臾,0.705067,4.971115,2,4,8,0.001734,0.003468,0.000867
白头,黄昏,0.704796,4.683432,3,16,4,0.006935,0.001734,0.0013
明年,黄昏,0.704796,4.683432,3,16,4,0.006935,0.001734,0.0013
山僧,旧游,0.702651,5.441118,1,2,5,0.000867,0.002167,0.000433
东西,山僧,0.702651,5.441118,1,5,2,0.002167,0.000867,0.000433
家贫,对酒,0.702651,5.441118,1,2,5,0.000867,0.002167,0.000433
梧桐,独立,0.702651,5.441118,1,5,2,0.002167,0.000867,0.000433
东方,阑干,0.702651,5.441118,1,5,2,0.002167,0.000867,0.000433
往事,殷勤,0.702651,5.441118,1,1,10,0.000433,0.004335,0.000433
旌旗,雨中,0.702651,5.441118,1,10,1,0.004335,0.000433,0.000433
去年,多情,0.702651,5.441118,1,5,2,0.002167,0.000867,0.000433
多情,残月,0.702651,5.441118,1,2,5,0.000867,0.002167,0.000433
去年,来往,0.702651,5.441118,1,5,2,0.002167,0.000867,0.000433
来往,残月,0.702651,5.441118,1,2,5,0.000867,0.002167,0.000433
浮生,青天,0.702651,5.441118,1,5,2,0.002167,0.000867,0.000433
梦魂,猿啼,0.702651,5.441118,1,1,10,0.000433,0.004335,0.000433
衣裳,飞鸟,0.702651,5.441118,1,5,2,0.002167,0.000867,0.000433
出入,得意,0.702651,5.441118,1,2,5,0.000867,0.002167,0.000433
世人,得意,0.702651,5.441118,1,2,5,0.000867,0.002167,0.000433
得意,感激,0.702651,5.441118,1,5,2,0.002167,0.000867,0.000433
得意,楚水,0.702651,5.441118,1,5,2,0.002167,0.000867,0.000433
封侯,扁舟,0.702651,5.441118,1,10,1,0.004335,0.000433,0.000433
出入,自古,0.702651,5.441118,1,2,5,0.000867,0.002167,0.000433
出入,衣裳,0.702651,5.441118,1,2,5,0.000867,0.002167,0.000433
世人,自古,0.702651,5.441118,1,2,5,0.000867,0.002167,0.000433
世人,衣裳,0.702651,5.441118,1,2,5,0.000867,0.002167,0.000433
感激,自古,0.702651,5.441118,1,2,5,0.000867,0.002167,0.000433
感激,衣裳,0.702651,5.441118,1,2,5,0.000867,0.002167,0.000433
扁舟,昔日,0.702651,5.441118,1,1,10,0.000433,0.004335,0.000433
楚水,自古,0.702651,5.441118,1,2,5,0.000867,0.002167,0.000433
楚水,衣裳,0.702651,5.441118,1,2,5,0.000867,0.002167,0.000433
扁舟,萧条,0.702651,5.441118,1,1,10,0.000433,0.004335,0.000433
扁舟,自言,0.702651,5.441118,1,1,10,0.000433,0.004335,0.000433
扁舟,湘水,0.702651,5.441118,1,1,10,0.000433,0.004335,0.000433
无力,老去,0.702651,5.441118,1,5,2,0.002167,0.000867,0.000433
孤云,得意,0.702651,5.441118,1,2,5,0.000867,0.002167,0.000433
沧海,闭门,0.702651,5.441118,1,10,1,0.004335,0.000433,0.000433
昔日,自由,0.702651,5.441118,1,10,1,0.004335,0.000433,0.000433
文章,苍苔,0.702651,5.441118,1,10,1,0.004335,0.000433,0.000433
北风,衣裳,0.702463,4.667928,3,13,5,0.005635,0.002167,0.0013
红尘,车马,0.699635,4.447866,4,12,9,0.005202,0.003901,0.001734
家贫,相逢,0.696468,4.91049,2,2,17,0.000867,0.007369,0.000867
不归,山头,0.695673,4.622808,3,17,4,0.007369,0.001734,0.0013
北阙,南宫,0.693915,4.411499,4,14,8,0.006068,0.003468,0.001734
无力,有情,0.692357,4.881502,2,5,7,0.002167,0.003034,0.000867
使君,有情,0.692357,4.881502,2,5,7,0.002167,0.003034,0.000867
叶落,阙下,0.692357,4.881502,2,5,7,0.002167,0.003034,0.000867
丞相,得意,0.692357,4.881502,2,7,5,0.003034,0.002167,0.000867
无力,相识,0.69131,4.59382,3,5,14,0.002167,0.006068,0.0013
使君,青楼,0.69131,4.59382,3,5,14,0.002167,0.006068,0.0013
今年,去年,0.69131,4.59382,3,14,5,0.006068,0.002167,0.0013
九天,松柏,0.690343,5.345808,1,1,11,0.000433,0.004768,0.000433
君家,高楼,0.690343,5.345808,1,1,11,0.000433,0.004768,0.000433
怜君,高楼,0.690343,5.345808,1,1,11,0.000433,0.004768,0.000433
扁舟,白玉,0.690343,5.345808,1,1,11,0.000433,0.004768,0.000433
扁舟,日晚,0.690343,5.345808,1,1,11,0.000433,0.004768,0.000433
天涯,满眼,0.690343,5.345808,1,11,1,0.004768,0.000433,0.000433
日斜,近来,0.690343,5.345808,1,11,1,0.004768,0.000433,0.000433
夜深,日斜,0.690343,5.345808,1,1,11,0.000433,0.004768,0.000433
日照,满地,0.690343,5.345808,1,11,1,0.004768,0.000433,0.000433
大道,月色,0.688362,4.853332,2,9,4,0.003901,0.001734,0.000867
佳期,月色,0.688362,4.853332,2,9,4,0.003901,0.001734,0.000867
大道,相对,0.688362,4.853332,2,9,4,0.003901,0.001734,0.000867
佳期,相对,0.688362,4.853332,2,9,4,0.003901,0.001734,0.000867
从军,绿水,0.688362,4.853332,2,4,9,0.001734,0.003901,0.000867
分明,歌声,0.688362,4.853332,2,9,4,0.003901,0.001734,0.000867
先生,清风,0.688362,4.853332,2,3,12,0.0013,0.005202,0.000867
丈夫,先生,0.688362,4.853332,2,12,3,0.005202,0.0013,0.000867
人情,送客,0.688362,4.853332,2,6,6,0.002601,0.002601,0.000867
丈夫,心期,0.688362,4.853332,2,12,3,0.005202,0.0013,0.000867
凄凉,生死,0.688362,4.853332,2,4,9,0.001734,0.003901,0.000867
王孙,颜色,0.687071,4.565649,3,9,8,0.003901,0.003468,0.0013
王孙,须臾,0.687071,4.565649,3,9,8,0.003901,0.003468,0.0013
桃李,须臾,0.686956,4.088725,6,29,8,0.01257,0.003468,0.002601
红尘,经过,0.683062,4.342506,4,12,10,0.005202,0.004335,0.001734
翡翠,鸳鸯,0.68126,4.054824,6,12,20,0.005202,0.008669,0.002601
南北,名利,0.679106,5.258797,1,4,3,0.001734,0.0013,0.000433
山僧,相看,0.679106,5.258797,1,2,6,0.000867,0.002601,0.000433
先生,诸侯,0.679106,5.258797,1,3,4,0.0013,0.001734,0.000433
姓名,诸侯,0.679106,5.258797,1,3,4,0.0013,0.001734,0.000433
弟子,诸侯,0.679106,5.258797,1,3,4,0.0013,0.001734,0.000433
夫子,秋天,0.679106,5.258797,1,3,4,0.0013,0.001734,0.000433
宫殿,萧索,0.679106,5.258797,1,2,6,0.000867,0.002601,0.000433
宫殿,苍生,0.679106,5.258797,1,2,6,0.000867,0.002601,0.000433
中原,英雄,0.679106,5.258797,1,4,3,0.001734,0.0013,0.000433
中原,江城,0.679106,5.258797,1,4,3,0.001734,0.0013,0.000433
白雪,青天,0.679106,5.258797,1,6,2,0.002601,0.000867,0.000433
秋日,鹧鸪,0.679106,5.258797,1,4,3,0.001734,0.0013,0.000433
梦里,烟雨,0.679106,5.258797,1,4,3,0.001734,0.0013,0.000433
南北,相随,0.679106,5.258797,1,4,3,0.001734,0.0013,0.000433
心期,道士,0.679106,5.258797,1,3,4,0.0013,0.001734,0.000433
先生,道士,0.679106,5.258797,1,3,4,0.0013,0.001734,0.000433
从容,远近,0.679106,5.258797,1,3,4,0.0013,0.001734,0.000433
摇落,秋声,0.679106,5.258797,1,12,1,0.005202,0.000433,0.000433
寥落,才子,0.679106,5.258797,1,4,3,0.001734,0.0013,0.000433
寥落,心期,0.679106,5.258797,1,4,3,0.001734,0.0013,0.000433
寥落,猿声,0.679106,5.258797,1,4,3,0.001734,0.0013,0.000433
多情,相亲,0.679106,5.258797,1,2,6,0.000867,0.002601,0.000433
多情,相寻,0.679106,5.258797,1,2,6,0.000867,0.002601,0.000433
来往,相亲,0.679106,5.258797,1,2,6,0.000867,0.002601,0.000433
来往,相寻,0.679106,5.258797,1,2,6,0.000867,0.002601,0.000433
楚客,武陵,0.679106,5.258797,1,3,4,0.0013,0.001734,0.000433
武陵,沧浪,0.679106,5.258797,1,4,3,0.001734,0.0013,0.000433
萧索,青天,0.679106,5.258797,1,6,2,0.002601,0.000867,0.000433
夜雨,心事,0.679106,5.258797,1,2,6,0.000867,0.002601,0.000433
东海,玉楼,0.679106,5.258797,1,4,3,0.001734,0.0013,0.000433
摇落,梦魂,0.679106,5.258797,1,12,1,0.005202,0.000433,0.000433
还家,飞鸟,0.679106,5.258797,1,6,2,0.002601,0.000867,0.000433
出入,青苔,0.679106,5.258797,1,2,6,0.000867,0.002601,0.000433
世人,青苔,0.679106,5.258797,1,2,6,0.000867,0.002601,0.000433
感激,青苔,0.679106,5.258797,1,2,6,0.000867,0.002601,0.000433
他人,清净,0.679106,5.258797,1,3,4,0.0013,0.001734,0.000433
所思,清净,0.679106,5.258797,1,3,4,0.0013,0.001734,0.000433
扁舟,游子,0.679106,5.258797,1,1,12,0.000433,0.005202,0.000433
扁舟,翡翠,0.679106,5.258797,1,1,12,0.000433,0.005202,0.000433
出入,忆昔,0.679106,5.258797,1,2,6,0.000867,0.002601,0.000433
出入,茫茫,0.679106,5.258797,1,2,6,0.000867,0.002601,0.000433
世人,忆昔,0.679106,5.258797,1,2,6,0.000867,0.002601,0.000433
世人,茫茫,0.679106,5.258797,1,2,6,0.000867,0.002601,0.000433
忆昔,感激,0.679106,5.258797,1,6,2,0.002601,0.000867,0.000433
感激,茫茫,0.679106,5.258797,1,2,6,0.000867,0.002601,0.000433
忆昔,楚水,0.679106,5.258797,1,6,2,0.002601,0.000867,0.000433
他人,诸侯,0.679106,5.258797,1,3,4,0.0013,0.001734,0.000433
所思,诸侯,0.679106,5.258797,1,3,4,0.0013,0.001734,0.000433
楚水,茫茫,0.679106,5.258797,1,2,6,0.000867,0.002601,0.000433
圣人,扁舟,0.679106,5.258797,1,12,1,0.005202,0.000433,0.000433
他人,玉堂,0.679106,5.258797,1,3,4,0.0013,0.001734,0.000433
扁舟,摇落,0.679106,5.258797,1,1,12,0.000433,0.005202,0.000433
扁舟,月满,0.679106,5.258797,1,1,12,0.000433,0.005202,0.000433
所思,玉堂,0.679106,5.258797,1,3,4,0.0013,0.001734,0.000433
雨后,青草,0.679106,5.258797,1,2,6,0.000867,0.002601,0.000433
寥落,弟子,0.679106,5.258797,1,4,3,0.001734,0.0013,0.000433
宫殿,焚香,0.679106,5.258797,1,2,6,0.000867,0.002601,0.000433
凄凉,永日,0.679106,5.258797,1,4,3,0.001734,0.0013,0.000433
秋草,马嘶,0.679106,5.258797,1,3,4,0.0013,0.001734,0.000433
红粉,自由,0.679106,5.258797,1,12,1,0.005202,0.000433,0.000433
独自,相忆,0.679106,5.258797,1,3,4,0.0013,0.001734,0.000433
苍苔,鹦鹉,0.679106,5.258797,1,1,12,0.000433,0.005202,0.000433
同心,水边,0.677009,4.773289,2,13,3,0.005635,0.0013,0.000867
天涯,烟波,0.676967,4.49851,3,11,7,0.004768,0.003034,0.0013
含情,婵娟,0.676967,4.49851,3,11,7,0.004768,0.003034,0.0013
有情,行人,0.676967,4.49851,3,7,11,0.003034,0.004768,0.0013
大道,青楼,0.675388,4.293716,4,9,14,0.003901,0.006068,0.001734
中原,古木,0.673418,4.747971,2,4,10,0.001734,0.004335,0.000867
孤城,黄河,0.673418,4.747971,2,5,8,0.002167,0.003468,0.000867
万古,叶落,0.673418,4.747971,2,8,5,0.003468,0.002167,0.000867
叶落,百尺,0.673418,4.747971,2,5,8,0.002167,0.003468,0.000867
叶落,须臾,0.673418,4.747971,2,5,8,0.002167,0.003468,0.000867
千万,叶落,0.673418,4.747971,2,8,5,0.003468,0.002167,0.000867
从军,封侯,0.673418,4.747971,2,4,10,0.001734,0.004335,0.000867
从军,江水,0.673418,4.747971,2,4,10,0.001734,0.004335,0.000867
夜长,衣裳,0.673418,4.747971,2,8,5,0.003468,0.002167,0.000867
歌声,知音,0.673418,4.747971,2,4,10,0.001734,0.004335,0.000867
封侯,诸侯,0.673418,4.747971,2,10,4,0.004335,0.001734,0.000867
玉堂,自言,0.673418,4.747971,2,4,10,0.001734,0.004335,0.000867
昆仑,梧桐,0.673418,4.747971,2,8,5,0.003468,0.002167,0.000867
去年,寒食,0.673418,4.747971,2,5,8,0.002167,0.003468,0.000867
圣朝,阳春,0.673418,4.747971,2,2,20,0.000867,0.008669,0.000867
白头,须臾,0.672911,4.277967,4,16,8,0.006935,0.003468,0.001734
东流,千万,0.672911,4.277967,4,16,8,0.006935,0.003468,0.001734
花前,颜色,0.671216,4.460289,3,10,8,0.004335,0.003468,0.0013
古人,颜色,0.671216,4.460289,3,10,8,0.004335,0.003468,0.0013
花前,须臾,0.671216,4.460289,3,10,8,0.004335,0.003468,0.0013
古人,须臾,0.671216,4.460289,3,10,8,0.004335,0.003468,0.0013
昔日,须臾,0.671216,4.460289,3,10,8,0.004335,0.003468,0.0013
千万,封侯,0.671216,4.460289,3,8,10,0.003468,0.004335,0.0013
自言,须臾,0.671216,4.460289,3,10,8,0.004335,0.003468,0.0013
寒食,清明,0.671216,4.460289,3,8,10,0.003468,0.004335,0.0013
北风,秋声,0.66877,5.178754,1,13,1,0.005635,0.000433,0.000433
君家,金谷,0.66877,5.178754,1,1,13,0.000433,0.005635,0.000433
怜君,金谷,0.66877,5.178754,1,1,13,0.000433,0.005635,0.000433
扁舟,西山,0.66877,5.178754,1,1,13,0.000433,0.005635,0.000433
归客,相送,0.66877,5.178754,1,1,13,0.000433,0.005635,0.000433
归客,江南,0.66877,5.178754,1,1,13,0.000433,0.005635,0.000433
人情,风波,0.666498,4.699181,2,6,7,0.002601,0.003034,0.000867
蛟龙,阙下,0.666498,4.699181,2,6,7,0.002601,0.003034,0.000867
暮雨,相亲,0.666498,4.699181,2,7,6,0.003034,0.002601,0.000867
相对,蛾眉,0.663873,4.411499,3,4,21,0.001734,0.009103,0.0013
蛾眉,黄昏,0.663873,4.411499,3,21,4,0.009103,0.001734,0.0013
公子,黄昏,0.663873,4.411499,3,21,4,0.009103,0.001734,0.0013
九衢,千门,0.662092,4.399664,3,5,17,0.002167,0.007369,0.0013
月色,高台,0.6599,4.652661,2,4,11,0.001734,0.004768,0.000867
相对,高台,0.6599,4.652661,2,4,11,0.001734,0.004768,0.000867
白玉,看花,0.6599,4.652661,2,11,4,0.004768,0.001734,0.000867
看花,行人,0.6599,4.652661,2,4,11,0.001734,0.004768,0.000867
从军,天涯,0.6599,4.652661,2,4,11,0.001734,0.004768,0.000867
日晚,玉堂,0.6599,4.652661,2,11,4,0.004768,0.001734,0.000867
凄凉,青松,0.6599,4.652661,2,4,11,0.001734,0.004768,0.000867
山僧,花枝,0.6592,5.104646,1,2,7,0.000867,0.003034,0.000433
微雨,花飞,0.6592,5.104646,1,1,14,0.000433,0.006068,0.000433
始知,日出,0.6592,5.104646,1,7,2,0.003034,0.000867,0.000433
天寒,山河,0.6592,5.104646,1,1,14,0.000433,0.006068,0.000433
丞相,细雨,0.6592,5.104646,1,7,2,0.003034,0.000867,0.000433
有情,雨后,0.6592,5.104646,1,7,2,0.003034,0.000867,0.000433
世间,有情,0.6592,5.104646,1,2,7,0.000867,0.003034,0.000433
少年,行客,0.6592,5.104646,1,14,1,0.006068,0.000433,0.000433
楼台,雨中,0.6592,5.104646,1,14,1,0.006068,0.000433,0.000433
日夜,楚水,0.6592,5.104646,1,7,2,0.003034,0.000867,0.000433
多情,风流,0.6592,5.104646,1,2,7,0.000867,0.003034,0.000433
来往,风流,0.6592,5.104646,1,2,7,0.000867,0.003034,0.000433
夜雨,潺湲,0.6592,5.104646,1,2,7,0.000867,0.003034,0.000433
有情,飞鸟,0.6592,5.104646,1,7,2,0.003034,0.000867,0.000433
丞相,出入,0.6592,5.104646,1,7,2,0.003034,0.000867,0.000433
世人,丞相,0.6592,5.104646,1,2,7,0.000867,0.003034,0.000433
丞相,感激,0.6592,5.104646,1,7,2,0.003034,0.000867,0.000433
丞相,楚水,0.6592,5.104646,1,7,2,0.003034,0.000867,0.000433
出入,骨肉,0.6592,5.104646,1,2,7,0.000867,0.003034,0.000433
出入,咸阳,0.6592,5.104646,1,2,7,0.000867,0.003034,0.000433
尘埃,扁舟,0.6592,5.104646,1,14,1,0.006068,0.000433,0.000433
世人,骨肉,0.6592,5.104646,1,2,7,0.000867,0.003034,0.000433
世人,咸阳,0.6592,5.104646,1,2,7,0.000867,0.003034,0.000433
感激,骨肉,0.6592,5.104646,1,2,7,0.000867,0.003034,0.000433
咸阳,感激,0.6592,5.104646,1,7,2,0.003034,0.000867,0.000433
楚水,骨肉,0.6592,5.104646,1,2,7,0.000867,0.003034,0.000433
咸阳,楚水,0.6592,5.104646,1,7,2,0.003034,0.000867,0.000433
扁舟,马上,0.6592,5.104646,1,1,14,0.000433,0.006068,0.000433
江流,雨后,0.6592,5.104646,1,7,2,0.003034,0.000867,0.000433
登楼,雨雪,0.6592,5.104646,1,2,7,0.000867,0.003034,0.000433
九重,罗衣,0.658815,4.188355,4,20,7,0.008669,0.003034,0.001734
千门,红尘,0.657784,4.035021,5,17,12,0.007369,0.005202,0.002167
千万,天涯,0.656873,4.364979,3,8,11,0.003468,0.004768,0.0013
松柏,颜色,0.656873,4.364979,3,11,8,0.004768,0.003468,0.0013
阳城,颜色,0.656873,4.364979,3,11,8,0.004768,0.003468,0.0013
松柏,须臾,0.656873,4.364979,3,11,8,0.004768,0.003468,0.0013
阳城,须臾,0.656873,4.364979,3,11,8,0.004768,0.003468,0.0013
公卿,叶落,0.656712,4.630188,2,9,5,0.003901,0.002167,0.000867
楼前,雨露,0.656712,4.630188,2,5,9,0.002167,0.003901,0.000867
楼上,消息,0.656712,4.630188,2,15,3,0.006502,0.0013,0.000867
明年,王孙,0.654384,4.160184,4,16,9,0.006935,0.003901,0.001734
古来,须臾,0.654384,4.160184,4,18,8,0.007802,0.003468,0.001734
经过,车马,0.653491,4.342506,3,10,9,0.004335,0.003901,0.0013
王孙,花前,0.653491,4.342506,3,9,10,0.003901,0.004335,0.0013
古人,王孙,0.653491,4.342506,3,10,9,0.004335,0.003901,0.0013
忆昔,无穷,0.653491,4.342506,3,6,15,0.002601,0.006502,0.0013
大道,自言,0.653491,4.342506,3,9,10,0.003901,0.004335,0.0013
对酒,愁人,0.65029,5.035653,1,5,3,0.002167,0.0013,0.000433
所以,梧桐,0.65029,5.035653,1,3,5,0.0013,0.002167,0.000433
沧浪,自古,0.65029,5.035653,1,3,5,0.0013,0.002167,0.000433
去年,猿声,0.65029,5.035653,1,5,3,0.002167,0.0013,0.000433
微风,林下,0.65029,5.035653,1,3,5,0.0013,0.002167,0.000433
月中,汉水,0.65029,5.035653,1,5,3,0.002167,0.0013,0.000433
世事,太守,0.65029,5.035653,1,3,5,0.0013,0.002167,0.000433
梧桐,楚客,0.65029,5.035653,1,5,3,0.002167,0.0013,0.000433
依稀,宛转,0.65029,5.035653,1,1,15,0.000433,0.006502,0.000433
先生,太守,0.65029,5.035653,1,3,5,0.0013,0.002167,0.000433
愁人,风飘,0.65029,5.035653,1,3,5,0.0013,0.002167,0.000433
往事,青云,0.65029,5.035653,1,1,15,0.000433,0.006502,0.000433
旧游,明时,0.65029,5.035653,1,5,3,0.002167,0.0013,0.000433
潇湘,白蘋,0.65029,5.035653,1,5,3,0.002167,0.0013,0.000433
万户,玉楼,0.65029,5.035653,1,5,3,0.002167,0.0013,0.000433
使君,玉楼,0.65029,5.035653,1,5,3,0.002167,0.0013,0.000433
叶落,才子,0.65029,5.035653,1,5,3,0.002167,0.0013,0.000433
叶落,心期,0.65029,5.035653,1,5,3,0.002167,0.0013,0.000433
叶落,猿声,0.65029,5.035653,1,5,3,0.002167,0.0013,0.000433
去年,消息,0.65029,5.035653,1,5,3,0.002167,0.0013,0.000433
残月,消息,0.65029,5.035653,1,5,3,0.002167,0.0013,0.000433
名利,秋水,0.65029,5.035653,1,3,5,0.0013,0.002167,0.000433
君家,离别,0.65029,5.035653,1,1,15,0.000433,0.006502,0.000433
怜君,离别,0.65029,5.035653,1,1,15,0.000433,0.006502,0.000433
寒山,烟雨,0.65029,5.035653,1,5,3,0.002167,0.0013,0.000433
他人,得意,0.65029,5.035653,1,3,5,0.0013,0.002167,0.000433
得意,所思,0.65029,5.035653,1,5,3,0.002167,0.0013,0.000433
他人,自古,0.65029,5.035653,1,3,5,0.0013,0.002167,0.000433
所思,自古,0.65029,5.035653,1,3,5,0.0013,0.002167,0.000433
他人,衣裳,0.65029,5.035653,1,3,5,0.0013,0.002167,0.000433
所思,衣裳,0.65029,5.035653,1,3,5,0.0013,0.002167,0.000433
扁舟,白首,0.65029,5.035653,1,1,15,0.000433,0.006502,0.000433
扁舟,无穷,0.65029,5.035653,1,1,15,0.000433,0.006502,0.000433
游人,相访,0.65029,5.035653,1,15,1,0.006502,0.000433,0.000433
得意,苍茫,0.65029,5.035653,1,5,3,0.002167,0.0013,0.000433
世上,石上,0.65029,5.035653,1,5,3,0.002167,0.0013,0.000433
浮生,至今,0.65029,5.035653,1,5,3,0.002167,0.0013,0.000433
万户,云深,0.65029,5.035653,1,5,3,0.002167,0.0013,0.000433
孤城,永日,0.65029,5.035653,1,5,3,0.002167,0.0013,0.000433
世上,八月,0.65029,5.035653,1,5,3,0.002167,0.0013,0.000433
八月,风动,0.65029,5.035653,1,3,5,0.0013,0.002167,0.000433
世上,自知,0.65029,5.035653,1,5,3,0.002167,0.0013,0.000433
自知,风动,0.65029,5.035653,1,3,5,0.0013,0.002167,0.000433
宛转,自由,0.65029,5.035653,1,15,1,0.006502,0.000433,0.000433
人家,深山,0.65029,5.035653,1,5,3,0.002167,0.0013,0.000433
东方,宫中,0.65029,5.035653,1,5,3,0.002167,0.0013,0.000433
万事,鹧鸪,0.65029,5.035653,1,5,3,0.002167,0.0013,0.000433
去年,相随,0.65029,5.035653,1,5,3,0.002167,0.0013,0.000433
心期,故山,0.65029,5.035653,1,3,5,0.0013,0.002167,0.000433
十里,半夜,0.65029,5.035653,1,5,3,0.002167,0.0013,0.000433
九衢,他人,0.65029,5.035653,1,5,3,0.002167,0.0013,0.000433
对酒,秋草,0.65029,5.035653,1,5,3,0.002167,0.0013,0.000433
今夜,月色,0.647559,4.565649,2,12,4,0.005202,0.001734,0.000867
今夜,相对,0.647559,4.565649,2,12,4,0.005202,0.001734,0.000867
月色,迢递,0.647559,4.565649,2,4,12,0.001734,0.005202,0.000867
相对,迢递,0.647559,4.565649,2,4,12,0.001734,0.005202,0.000867
中原,空山,0.647559,4.565649,2,4,12,0.001734,0.005202,0.000867
归去,看花,0.647559,4.565649,2,12,4,0.005202,0.001734,0.000867
万古,蛟龙,0.647559,4.565649,2,8,6,0.003468,0.002601,0.000867
百尺,蛟龙,0.647559,4.565649,2,8,6,0.003468,0.002601,0.000867
蛟龙,须臾,0.647559,4.565649,2,6,8,0.002601,0.003468,0.000867
千万,蛟龙,0.647559,4.565649,2,8,6,0.003468,0.002601,0.000867
从军,迢递,0.647559,4.565649,2,4,12,0.001734,0.005202,0.000867
从军,朝朝,0.647559,4.565649,2,4,12,0.001734,0.005202,0.000867
别后,逢人,0.647559,4.565649,2,12,4,0.005202,0.001734,0.000867
茫茫,颜色,0.647559,4.565649,2,6,8,0.002601,0.003468,0.000867
南宫,垂杨,0.647559,4.565649,2,8,6,0.003468,0.002601,0.000867
楚水,美人,0.647559,4.565649,2,2,24,0.000867,0.010403,0.000867
当时,朱门,0.647559,4.565649,2,8,6,0.003468,0.002601,0.000867
茫茫,蹉跎,0.647559,4.565649,2,6,8,0.002601,0.003468,0.000867
花枝,路岐,0.644634,4.54503,2,7,7,0.003034,0.003034,0.000867
行乐,须臾,0.643779,4.277967,3,12,8,0.005202,0.003468,0.0013
归去,须臾,0.643779,4.277967,3,12,8,0.005202,0.003468,0.0013
千万,归去,0.643779,4.277967,3,8,12,0.003468,0.005202,0.0013
巫峡,美人,0.643779,4.277967,3,4,24,0.001734,0.010403,0.0013
翡翠,陌上,0.643779,4.277967,3,12,8,0.005202,0.003468,0.0013
老去,门前,0.641956,4.971115,1,2,8,0.000867,0.003468,0.000433
子孙,道士,0.641956,4.971115,1,4,4,0.001734,0.001734,0.000433
丹砂,道士,0.641956,4.971115,1,4,4,0.001734,0.001734,0.000433
主人,家贫,0.641956,4.971115,1,8,2,0.003468,0.000867,0.000433
中原,玉堂,0.641956,4.971115,1,4,4,0.001734,0.001734,0.000433
日夕,独立,0.641956,4.971115,1,8,2,0.003468,0.000867,0.000433
思归,独立,0.641956,4.971115,1,8,2,0.003468,0.000867,0.000433
杜陵,玉堂,0.641956,4.971115,1,4,4,0.001734,0.001734,0.000433
万物,宫殿,0.641956,4.971115,1,8,2,0.003468,0.000867,0.000433
天寒,路长,0.641956,4.971115,1,1,16,0.000433,0.006935,0.000433
山头,相忆,0.641956,4.971115,1,4,4,0.001734,0.001734,0.000433
乾坤,诸侯,0.641956,4.971115,1,4,4,0.001734,0.001734,0.000433
细雨,莺啼,0.641956,4.971115,1,2,8,0.000867,0.003468,0.000433
多情,莺啼,0.641956,4.971115,1,2,8,0.000867,0.003468,0.000433
君心,多情,0.641956,4.971115,1,8,2,0.003468,0.000867,0.000433
来往,莺啼,0.641956,4.971115,1,2,8,0.000867,0.003468,0.000433
君心,来往,0.641956,4.971115,1,8,2,0.003468,0.000867,0.000433
路难,青天,0.641956,4.971115,1,8,2,0.003468,0.000867,0.000433
山路,新月,0.641956,4.971115,1,8,2,0.003468,0.000867,0.000433
千万,夜雨,0.641956,4.971115,1,8,2,0.003468,0.000867,0.000433
月出,笙歌,0.641956,4.971115,1,2,8,0.000867,0.003468,0.000433
出入,颜色,0.641956,4.971115,1,2,8,0.000867,0.003468,0.000433
世人,颜色,0.641956,4.971115,1,2,8,0.000867,0.003468,0.000433
感激,颜色,0.641956,4.971115,1,2,8,0.000867,0.003468,0.000433
楚水,颜色,0.641956,4.971115,1,2,8,0.000867,0.003468,0.000433
扁舟,逶迤,0.641956,4.971115,1,1,16,0.000433,0.006935,0.000433
清净,诸侯,0.641956,4.971115,1,4,4,0.001734,0.001734,0.000433
清净,玉堂,0.641956,4.971115,1,4,4,0.001734,0.001734,0.000433
万物,出入,0.641956,4.971115,1,8,2,0.003468,0.000867,0.000433
出入,单于,0.641956,4.971115,1,2,8,0.000867,0.003468,0.000433
出入,须臾,0.641956,4.971115,1,2,8,0.000867,0.003468,0.000433
出入,昆仑,0.641956,4.971115,1,2,8,0.000867,0.003468,0.000433
出入,蹉跎,0.641956,4.971115,1,2,8,0.000867,0.003468,0.000433
万物,世人,0.641956,4.971115,1,8,2,0.003468,0.000867,0.000433
世人,单于,0.641956,4.971115,1,2,8,0.000867,0.003468,0.000433
世人,须臾,0.641956,4.971115,1,2,8,0.000867,0.003468,0.000433
世人,昆仑,0.641956,4.971115,1,2,8,0.000867,0.003468,0.000433
世人,蹉跎,0.641956,4.971115,1,2,8,0.000867,0.003468,0.000433
万物,感激,0.641956,4.971115,1,8,2,0.003468,0.000867,0.000433
万物,楚水,0.641956,4.971115,1,8,2,0.003468,0.000867,0.000433
单于,感激,0.641956,4.971115,1,8,2,0.003468,0.000867,0.000433
感激,须臾,0.641956,4.971115,1,2,8,0.000867,0.003468,0.000433
感激,昆仑,0.641956,4.971115,1,2,8,0.000867,0.003468,0.000433
感激,蹉跎,0.641956,4.971115,1,2,8,0.000867,0.003468,0.000433
单于,楚水,0.641956,4.971115,1,8,2,0.003468,0.000867,0.000433
玉堂,诸侯,0.641956,4.971115,1,4,4,0.001734,0.001734,0.000433
楚水,须臾,0.641956,4.971115,1,2,8,0.000867,0.003468,0.000433
昆仑,楚水,0.641956,4.971115,1,8,2,0.003468,0.000867,0.000433
楚水,蹉跎,0.641956,4.971115,1,2,8,0.000867,0.003468,0.000433
扁舟,瑶池,0.641956,4.971115,1,1,16,0.000433,0.006935,0.000433
宫殿,笙歌,0.641956,4.971115,1,2,8,0.000867,0.003468,0.000433
山高,鬼神,0.641956,4.971115,1,4,4,0.001734,0.001734,0.000433
昨日,门前,0.641956,4.971115,1,2,8,0.000867,0.003468,0.000433
主人,山色,0.641956,4.971115,1,8,2,0.003468,0.000867,0.000433
叶落,零落,0.641769,4.524827,2,5,10,0.002167,0.004335,0.000867
叶落,昔日,0.641769,4.524827,2,5,10,0.002167,0.004335,0.000867
封侯,得意,0.641769,4.524827,2,10,5,0.004335,0.002167,0.000867
日晚,车马,0.639148,4.247196,3,11,9,0.004768,0.003901,0.0013
松柏,王孙,0.639148,4.247196,3,11,9,0.004768,0.003901,0.0013
王孙,阳城,0.639148,4.247196,3,9,11,0.003901,0.004768,0.0013
云雨,天外,0.637635,4.237145,3,10,10,0.004335,0.004335,0.0013
花开,黄昏,0.637635,4.237145,3,25,4,0.010837,0.001734,0.0013
芳树,黄昏,0.637635,4.237145,3,25,4,0.010837,0.001734,0.0013
叹息,黄昏,0.637635,4.237145,3,25,4,0.010837,0.001734,0.0013
古人,花前,0.637635,4.237145,3,10,10,0.004335,0.004335,0.0013
桃李,颜色,0.636817,3.906404,5,29,8,0.01257,0.003468,0.002167
中原,人生,0.636206,4.485607,2,4,13,0.001734,0.005635,0.000867
南北,知己,0.636206,4.485607,2,4,13,0.001734,0.005635,0.000867
从军,苦辛,0.636206,4.485607,2,4,13,0.001734,0.005635,0.000867
从军,昔时,0.636206,4.485607,2,4,13,0.001734,0.005635,0.000867
东海,西山,0.636206,4.485607,2,4,13,0.001734,0.005635,0.000867
君家,意气,0.634127,4.91049,1,1,17,0.000433,0.007369,0.000433
怜君,意气,0.634127,4.91049,1,1,17,0.000433,0.007369,0.000433
归来,梦魂,0.634127,4.91049,1,17,1,0.007369,0.000433,0.000433
不归,扁舟,0.634127,4.91049,1,17,1,0.007369,0.000433,0.000433
扁舟,携手,0.634127,4.91049,1,1,17,0.000433,0.007369,0.000433
意气,自由,0.634127,4.91049,1,17,1,0.007369,0.000433,0.000433
吾道,青门,0.634127,4.91049,1,1,17,0.000433,0.007369,0.000433
昔年,绮罗,0.631733,4.197925,3,8,13,0.003468,0.005635,0.0013
花落,黄昏,0.631733,4.197925,3,26,4,0.01127,0.001734,0.0013
万古,西山,0.631733,4.197925,3,8,13,0.003468,0.005635,0.0013
人生,须臾,0.631733,4.197925,3,13,8,0.005635,0.003468,0.0013
百尺,西山,0.631733,4.197925,3,8,13,0.003468,0.005635,0.0013
西山,须臾,0.631733,4.197925,3,13,8,0.005635,0.003468,0.0013
公卿,蛟龙,0.630853,4.447866,2,9,6,0.003901,0.002601,0.000867
怅望,相看,0.630853,4.447866,2,9,6,0.003901,0.002601,0.000867
萧索,鱼龙,0.630853,4.447866,2,6,9,0.002601,0.003901,0.000867
佳人,所思,0.630853,4.447866,2,18,3,0.007802,0.0013,0.000867
朱门,竹林,0.630853,4.447866,2,6,9,0.002601,0.003901,0.000867
白露,衣裳,0.630293,4.188355,3,21,5,0.009103,0.002167,0.0013
蛾眉,颜色,0.630136,4.006034,4,21,8,0.009103,0.003468,0.001734
公子,颜色,0.630136,4.006034,4,21,8,0.009103,0.003468,0.001734
蛾眉,须臾,0.630136,4.006034,4,21,8,0.009103,0.003468,0.001734
千门,经过,0.628275,3.994199,4,17,10,0.007369,0.004335,0.001734
无力,白玉,0.628251,4.429517,2,5,11,0.002167,0.004768,0.000867
无力,行人,0.628251,4.429517,2,5,11,0.002167,0.004768,0.000867
使君,白玉,0.628251,4.429517,2,5,11,0.002167,0.004768,0.000867
使君,行人,0.628251,4.429517,2,5,11,0.002167,0.004768,0.000867
潇湘,高楼,0.628251,4.429517,2,5,11,0.002167,0.004768,0.000867
衣裳,龙门,0.628251,4.429517,2,5,11,0.002167,0.004768,0.000867
衣裳,道路,0.628251,4.429517,2,5,11,0.002167,0.004768,0.000867
太平,楼前,0.628251,4.429517,2,11,5,0.004768,0.002167,0.000867
凉风,咫尺,0.626746,4.853332,1,9,2,0.003901,0.000867,0.000433
秋来,蛟龙,0.626746,4.853332,1,3,6,0.0013,0.002601,0.000433
今已,山僧,0.626746,4.853332,1,9,2,0.003901,0.000867,0.000433
微风,无情,0.626746,4.853332,1,3,6,0.0013,0.002601,0.000433
独立,飘飖,0.626746,4.853332,1,2,9,0.000867,0.003901,0.000433
愁人,无情,0.626746,4.853332,1,3,6,0.0013,0.002601,0.000433
九天,芙蓉,0.626746,4.853332,1,1,18,0.000433,0.007802,0.000433
人皆,圣主,0.626746,4.853332,1,2,9,0.000867,0.003901,0.000433
宫殿,鱼龙,0.626746,4.853332,1,2,9,0.000867,0.003901,0.000433
宫殿,风雨,0.626746,4.853332,1,2,9,0.000867,0.003901,0.000433
公卿,宫殿,0.626746,4.853332,1,9,2,0.003901,0.000867,0.000433
宫殿,明日,0.626746,4.853332,1,2,9,0.000867,0.003901,0.000433
日出,鸡鸣,0.626746,4.853332,1,2,9,0.000867,0.003901,0.000433
夕阳,湖上,0.626746,4.853332,1,9,2,0.003901,0.000867,0.000433
泉声,石上,0.626746,4.853332,1,6,3,0.002601,0.0013,0.000433
才子,焚香,0.626746,4.853332,1,3,6,0.0013,0.002601,0.000433
十载,明时,0.626746,4.853332,1,6,3,0.002601,0.0013,0.000433
心事,江城,0.626746,4.853332,1,6,3,0.002601,0.0013,0.000433
世事,焚香,0.626746,4.853332,1,3,6,0.0013,0.002601,0.000433
东风,永日,0.626746,4.853332,1,6,3,0.002601,0.0013,0.000433
月照,题诗,0.626746,4.853332,1,18,1,0.007802,0.000433,0.000433
花时,青苔,0.626746,4.853332,1,3,6,0.0013,0.002601,0.000433
楚水,花满,0.626746,4.853332,1,2,9,0.000867,0.003901,0.000433
玉楼,羽翼,0.626746,4.853332,1,3,6,0.0013,0.002601,0.000433
朱门,玉楼,0.626746,4.853332,1,6,3,0.002601,0.0013,0.000433
垂杨,玉楼,0.626746,4.853332,1,6,3,0.002601,0.0013,0.000433
玉楼,金陵,0.626746,4.853332,1,3,6,0.0013,0.002601,0.000433
才子,朱门,0.626746,4.853332,1,3,6,0.0013,0.002601,0.000433
心期,朱门,0.626746,4.853332,1,3,6,0.0013,0.002601,0.000433
朱门,猿声,0.626746,4.853332,1,6,3,0.002601,0.0013,0.000433
多情,大道,0.626746,4.853332,1,2,9,0.000867,0.003901,0.000433
消息,相亲,0.626746,4.853332,1,3,6,0.0013,0.002601,0.000433
消息,相寻,0.626746,4.853332,1,3,6,0.0013,0.002601,0.000433
大道,来往,0.626746,4.853332,1,9,2,0.003901,0.000867,0.000433
忆昔,玉楼,0.626746,4.853332,1,6,3,0.002601,0.0013,0.000433
春水,相亲,0.626746,4.853332,1,3,6,0.0013,0.002601,0.000433
他人,青苔,0.626746,4.853332,1,3,6,0.0013,0.002601,0.000433
所思,青苔,0.626746,4.853332,1,3,6,0.0013,0.002601,0.000433
佳人,扁舟,0.626746,4.853332,1,18,1,0.007802,0.000433,0.000433
出入,怅望,0.626746,4.853332,1,2,9,0.000867,0.003901,0.000433
世人,怅望,0.626746,4.853332,1,2,9,0.000867,0.003901,0.000433
怅望,感激,0.626746,4.853332,1,9,2,0.003901,0.000867,0.000433
古来,扁舟,0.626746,4.853332,1,18,1,0.007802,0.000433,0.000433
他人,忆昔,0.626746,4.853332,1,3,6,0.0013,0.002601,0.000433
忆昔,所思,0.626746,4.853332,1,6,3,0.002601,0.0013,0.000433
扁舟,故乡,0.626746,4.853332,1,1,18,0.000433,0.007802,0.000433
怅望,楚水,0.626746,4.853332,1,9,2,0.003901,0.000867,0.000433
扁舟,白发,0.626746,4.853332,1,1,18,0.000433,0.007802,0.000433
他人,茫茫,0.626746,4.853332,1,3,6,0.0013,0.002601,0.000433
所思,茫茫,0.626746,4.853332,1,3,6,0.0013,0.002601,0.000433
咫尺,风雨,0.626746,4.853332,1,2,9,0.000867,0.003901,0.000433
白蘋,青苔,0.626746,4.853332,1,3,6,0.0013,0.002601,0.000433
晚来,相寻,0.626746,4.853332,1,3,6,0.0013,0.002601,0.000433
人心,波涛,0.626746,4.853332,1,9,2,0.003901,0.000867,0.000433
夜来,青草,0.626746,4.853332,1,3,6,0.0013,0.002601,0.000433
凉风,夜雨,0.626746,4.853332,1,9,2,0.003901,0.000867,0.000433
所思,朱门,0.626746,4.853332,1,3,6,0.0013,0.002601,0.000433
云深,相寻,0.626746,4.853332,1,3,6,0.0013,0.002601,0.000433
云深,梦中,0.626746,4.853332,1,3,6,0.0013,0.002601,0.000433
双飞,月落,0.626746,4.853332,1,9,2,0.003901,0.000867,0.000433
春水,羽翼,0.626746,4.853332,1,3,6,0.0013,0.002601,0.000433
星辰,羽翼,0.626746,4.853332,1,3,6,0.0013,0.002601,0.000433
昨夜,阑干,0.626746,4.853332,1,9,2,0.003901,0.000867,0.000433
满眼,登高,0.626746,4.853332,1,1,18,0.000433,0.007802,0.000433
他人,还家,0.626746,4.853332,1,3,6,0.0013,0.002601,0.000433
曲江,相寻,0.626746,4.853332,1,3,6,0.0013,0.002601,0.000433
人心,月出,0.626746,4.853332,1,9,2,0.003901,0.000867,0.000433
秋草,还家,0.626746,4.853332,1,3,6,0.0013,0.002601,0.000433
登楼,高秋,0.626746,4.853332,1,2,9,0.000867,0.003901,0.000433
今夜,大道,0.626054,4.160184,3,12,9,0.005202,0.003901,0.0013
大道,迢递,0.626054,4.160184,3,9,12,0.003901,0.005202,0.0013
佳期,迢递,0.626054,4.160184,3,9,12,0.003901,0.005202,0.0013
王孙,行乐,0.626054,4.160184,3,9,12,0.003901,0.005202,0.0013
万古,马蹄,0.625695,4.411499,2,8,7,0.003468,0.003034,0.000867
月色,青楼,0.625695,4.411499,2,4,14,0.001734,0.006068,0.000867
相对,青楼,0.625695,4.411499,2,4,14,0.001734,0.006068,0.000867
池上,玲珑,0.625695,4.411499,2,7,8,0.003034,0.003468,0.000867
看花,青楼,0.625695,4.411499,2,4,14,0.001734,0.006068,0.000867
相识,看花,0.625695,4.411499,2,14,4,0.006068,0.001734,0.000867
南北,少年,0.625695,4.411499,2,4,14,0.001734,0.006068,0.000867
万古,阙下,0.625695,4.411499,2,8,7,0.003468,0.003034,0.000867
百尺,阙下,0.625695,4.411499,2,8,7,0.003468,0.003034,0.000867
阙下,须臾,0.625695,4.411499,2,7,8,0.003034,0.003468,0.000867
千万,阙下,0.625695,4.411499,2,8,7,0.003468,0.003034,0.000867
烟波,行路,0.625695,4.411499,2,7,8,0.003034,0.003468,0.000867
烟波,路难,0.625695,4.411499,2,7,8,0.003034,0.003468,0.000867
流水,青天,0.625695,4.411499,2,28,2,0.012137,0.000867,0.000867
相识,黄昏,0.625695,4.411499,2,14,4,0.006068,0.001734,0.000867
陌上,风流,0.625695,4.411499,2,8,7,0.003468,0.003034,0.000867
千万,潺湲,0.625695,4.411499,2,8,7,0.003468,0.003034,0.000867
日晚,经过,0.623292,4.141835,3,11,10,0.004768,0.004335,0.0013
松柏,花前,0.623292,4.141835,3,11,10,0.004768,0.004335,0.0013
花前,阳城,0.623292,4.141835,3,10,11,0.004335,0.004768,0.0013
古人,松柏,0.623292,4.141835,3,10,11,0.004335,0.004768,0.0013
古人,阳城,0.623292,4.141835,3,10,11,0.004335,0.004768,0.0013
少年,颜色,0.620581,4.123817,3,14,8,0.006068,0.003468,0.0013
少年,须臾,0.620581,4.123817,3,14,8,0.006068,0.003468,0.0013
今年,颜色,0.620581,4.123817,3,14,8,0.006068,0.003468,0.0013
今年,须臾,0.620581,4.123817,3,14,8,0.006068,0.003468,0.0013
相识,须臾,0.620581,4.123817,3,14,8,0.006068,0.003468,0.0013
依稀,月明,0.619763,4.799264,1,1,19,0.000433,0.008236,0.000433
扁舟,纵横,0.619763,4.799264,1,1,19,0.000433,0.008236,0.000433
大道,鸳鸯,0.619284,3.937041,4,9,20,0.003901,0.008669,0.001734
无穷,迢递,0.619284,3.937041,4,15,12,0.006502,0.005202,0.001734
叹息,相识,0.61787,3.67753,6,25,14,0.010837,0.006068,0.002601
云间,月色,0.61591,4.342506,2,15,4,0.006502,0.001734,0.000867
云间,相对,0.61591,4.342506,2,15,4,0.006502,0.001734,0.000867
人归,旌旗,0.61591,4.342506,2,6,10,0.002601,0.004335,0.000867
忆昔,湘水,0.61591,4.342506,2,6,10,0.002601,0.004335,0.000867
归去,无力,0.61591,4.342506,2,12,5,0.005202,0.002167,0.000867
楼上,看花,0.61591,4.342506,2,15,4,0.006502,0.001734,0.000867
孤城,月满,0.61591,4.342506,2,5,12,0.002167,0.005202,0.000867
孤城,辛苦,0.61591,4.342506,2,5,12,0.002167,0.005202,0.000867
宛转,黄昏,0.61591,4.342506,2,15,4,0.006502,0.001734,0.000867
蛟龙,零落,0.61591,4.342506,2,6,10,0.002601,0.004335,0.000867
昔日,蛟龙,0.61591,4.342506,2,10,6,0.004335,0.002601,0.000867
叶落,归去,0.61591,4.342506,2,5,12,0.002167,0.005202,0.000867
从军,无穷,0.61591,4.342506,2,4,15,0.001734,0.006502,0.000867
楼前,莲花,0.61591,4.342506,2,5,12,0.002167,0.005202,0.000867
萧萧,路傍,0.61591,4.342506,2,6,10,0.002601,0.004335,0.000867
兄弟,离别,0.61591,4.342506,2,4,15,0.001734,0.006502,0.000867
今夜,去年,0.61591,4.342506,2,12,5,0.005202,0.002167,0.000867
林下,芳草,0.61591,4.342506,2,5,12,0.002167,0.005202,0.000867
天台,沧海,0.61591,4.342506,2,6,10,0.002601,0.004335,0.000867
东山,沧洲,0.61591,4.342506,2,15,4,0.006502,0.001734,0.000867
摇落,潇湘,0.61591,4.342506,2,12,5,0.005202,0.002167,0.000867
白蘋,阳春,0.61591,4.342506,2,3,20,0.0013,0.008669,0.000867
朱门,经过,0.61591,4.342506,2,6,10,0.002601,0.004335,0.000867
游子,衣裳,0.61591,4.342506,2,12,5,0.005202,0.002167,0.000867
得意,月满,0.61591,4.342506,2,5,12,0.002167,0.005202,0.000867
桃李,黄昏,0.6153,4.088725,3,29,4,0.01257,0.001734,0.0013
佳期,江南,0.614008,4.080142,3,9,13,0.003901,0.005635,0.0013
云飞,文字,0.61314,4.747971,1,10,2,0.004335,0.000867,0.000433
水声,风飘,0.61314,4.747971,1,4,5,0.001734,0.002167,0.000433
回头,生涯,0.61314,4.747971,1,2,10,0.000867,0.004335,0.000433
家贫,生涯,0.61314,4.747971,1,2,10,0.000867,0.004335,0.000433
山僧,萧条,0.61314,4.747971,1,2,10,0.000867,0.004335,0.000433
殷勤,老去,0.61314,4.747971,1,10,2,0.004335,0.000867,0.000433
故园,老去,0.61314,4.747971,1,10,2,0.004335,0.000867,0.000433
对酒,逢人,0.61314,4.747971,1,5,4,0.002167,0.001734,0.000433
楼前,玉堂,0.61314,4.747971,1,5,4,0.002167,0.001734,0.000433
杜陵,楼前,0.61314,4.747971,1,4,5,0.001734,0.002167,0.000433
宫殿,清明,0.61314,4.747971,1,2,10,0.000867,0.004335,0.000433
巫峡,百里,0.61314,4.747971,1,4,5,0.001734,0.002167,0.000433
巫峡,莓苔,0.61314,4.747971,1,4,5,0.001734,0.002167,0.000433
往来,清净,0.61314,4.747971,1,5,4,0.002167,0.001734,0.000433
经年,霄汉,0.61314,4.747971,1,5,4,0.002167,0.001734,0.000433
东海,旧游,0.61314,4.747971,1,4,5,0.001734,0.002167,0.000433
憔悴,秋雨,0.61314,4.747971,1,10,2,0.004335,0.000867,0.000433
乾坤,残月,0.61314,4.747971,1,4,5,0.001734,0.002167,0.000433
残月,诸侯,0.61314,4.747971,1,5,4,0.002167,0.001734,0.000433
使君,向东,0.61314,4.747971,1,5,4,0.002167,0.001734,0.000433
人家,南北,0.61314,4.747971,1,5,4,0.002167,0.001734,0.000433
叶落,寥落,0.61314,4.747971,1,5,4,0.002167,0.001734,0.000433
多情,自言,0.61314,4.747971,1,2,10,0.000867,0.004335,0.000433
来往,自言,0.61314,4.747971,1,2,10,0.000867,0.004335,0.000433
今来,青天,0.61314,4.747971,1,10,2,0.004335,0.000867,0.000433
松风,青天,0.61314,4.747971,1,10,2,0.004335,0.000867,0.000433
白马,青天,0.61314,4.747971,1,10,2,0.004335,0.000867,0.000433
封侯,新月,0.61314,4.747971,1,10,2,0.004335,0.000867,0.000433
得意,相对,0.61314,4.747971,1,5,4,0.002167,0.001734,0.000433
凄凉,得意,0.61314,4.747971,1,4,5,0.001734,0.002167,0.000433
今来,月出,0.61314,4.747971,1,10,2,0.004335,0.000867,0.000433
古人,读书,0.61314,4.747971,1,10,2,0.004335,0.000867,0.000433
秋天,衣裳,0.61314,4.747971,1,4,5,0.001734,0.002167,0.000433
得意,清净,0.61314,4.747971,1,5,4,0.002167,0.001734,0.000433
得意,诸侯,0.61314,4.747971,1,5,4,0.002167,0.001734,0.000433
得意,玉堂,0.61314,4.747971,1,5,4,0.002167,0.001734,0.000433
出入,封侯,0.61314,4.747971,1,2,10,0.000867,0.004335,0.000433
世人,封侯,0.61314,4.747971,1,2,10,0.000867,0.004335,0.000433
封侯,感激,0.61314,4.747971,1,10,2,0.004335,0.000867,0.000433
封侯,楚水,0.61314,4.747971,1,10,2,0.004335,0.000867,0.000433
清净,自古,0.61314,4.747971,1,4,5,0.001734,0.002167,0.000433
清净,衣裳,0.61314,4.747971,1,4,5,0.001734,0.002167,0.000433
出入,昔日,0.61314,4.747971,1,2,10,0.000867,0.004335,0.000433
出入,萧条,0.61314,4.747971,1,2,10,0.000867,0.004335,0.000433
出入,自言,0.61314,4.747971,1,2,10,0.000867,0.004335,0.000433
出入,湘水,0.61314,4.747971,1,2,10,0.000867,0.004335,0.000433
世人,昔日,0.61314,4.747971,1,2,10,0.000867,0.004335,0.000433
世人,萧条,0.61314,4.747971,1,2,10,0.000867,0.004335,0.000433
世人,自言,0.61314,4.747971,1,2,10,0.000867,0.004335,0.000433
世人,湘水,0.61314,4.747971,1,2,10,0.000867,0.004335,0.000433
感激,昔日,0.61314,4.747971,1,2,10,0.000867,0.004335,0.000433
感激,萧条,0.61314,4.747971,1,2,10,0.000867,0.004335,0.000433
感激,自言,0.61314,4.747971,1,2,10,0.000867,0.004335,0.000433
感激,湘水,0.61314,4.747971,1,2,10,0.000867,0.004335,0.000433
昔日,楚水,0.61314,4.747971,1,10,2,0.004335,0.000867,0.000433
自古,诸侯,0.61314,4.747971,1,5,4,0.002167,0.001734,0.000433
衣裳,诸侯,0.61314,4.747971,1,5,4,0.002167,0.001734,0.000433
玉堂,自古,0.61314,4.747971,1,4,5,0.001734,0.002167,0.000433
玉堂,衣裳,0.61314,4.747971,1,4,5,0.001734,0.002167,0.000433
楚水,萧条,0.61314,4.747971,1,2,10,0.000867,0.004335,0.000433
楚水,自言,0.61314,4.747971,1,2,10,0.000867,0.004335,0.000433
楚水,湘水,0.61314,4.747971,1,2,10,0.000867,0.004335,0.000433
扁舟,海上,0.61314,4.747971,1,1,20,0.000433,0.008669,0.000433
扁舟,青春,0.61314,4.747971,1,1,20,0.000433,0.008669,0.000433
承恩,细雨,0.61314,4.747971,1,10,2,0.004335,0.000867,0.000433
清明,细雨,0.61314,4.747971,1,10,2,0.004335,0.000867,0.000433
兄弟,潇湘,0.61314,4.747971,1,4,5,0.001734,0.002167,0.000433
兄弟,莓苔,0.61314,4.747971,1,4,5,0.001734,0.002167,0.000433
寒山,远近,0.61314,4.747971,1,5,4,0.002167,0.001734,0.000433
万事,马嘶,0.61314,4.747971,1,5,4,0.002167,0.001734,0.000433
春日,月落,0.61314,4.747971,1,10,2,0.004335,0.000867,0.000433
从军,百里,0.61314,4.747971,1,4,5,0.001734,0.002167,0.000433
岁寒,水清,0.61314,4.747971,1,10,2,0.004335,0.000867,0.000433
落叶,阑干,0.61314,4.747971,1,10,2,0.004335,0.000867,0.000433
使君,梦里,0.61314,4.747971,1,5,4,0.002167,0.001734,0.000433
旌旗,秋雨,0.61314,4.747971,1,10,2,0.004335,0.000867,0.000433
凄凉,太守,0.61314,4.747971,1,4,5,0.001734,0.002167,0.000433
武陵,莓苔,0.61314,4.747971,1,4,5,0.001734,0.002167,0.000433
岐路,满眼,0.61314,4.747971,1,20,1,0.008669,0.000433,0.000433
昨日,路傍,0.61314,4.747971,1,2,10,0.000867,0.004335,0.000433
昨日,花发,0.61314,4.747971,1,2,10,0.000867,0.004335,0.000433
公子,王孙,0.611609,3.888251,4,21,9,0.009103,0.003901,0.001734
出入,芳菲,0.611259,4.309716,2,2,31,0.000867,0.013437,0.000867
纵横,自言,0.610779,3.882974,4,19,10,0.008236,0.004335,0.001734
花前,行乐,0.610198,4.054824,3,10,12,0.004335,0.005202,0.0013
古人,行乐,0.610198,4.054824,3,10,12,0.004335,0.005202,0.0013
洞庭,潇湘,0.610198,4.054824,3,24,5,0.010403,0.002167,0.0013
蛟龙,鸳鸯,0.610198,4.054824,3,6,20,0.002601,0.008669,0.0013
春来,迢递,0.609132,3.872502,4,16,12,0.006935,0.005202,0.001734
功名,干戈,0.60899,4.293716,2,7,9,0.003034,0.003901,0.000867
大道,池上,0.60899,4.293716,2,9,7,0.003901,0.003034,0.000867
佳期,池上,0.60899,4.293716,2,9,7,0.003901,0.003034,0.000867
公卿,阙下,0.60899,4.293716,2,9,7,0.003901,0.003034,0.000867
烟波,绿水,0.60899,4.293716,2,7,9,0.003034,0.003901,0.000867
阙下,鱼龙,0.60899,4.293716,2,7,9,0.003034,0.003901,0.000867
怅望,骨肉,0.60899,4.293716,2,9,7,0.003901,0.003034,0.000867
富贵,骨肉,0.60899,4.293716,2,9,7,0.003901,0.003034,0.000867
松柏,阳城,0.60895,4.046525,3,11,11,0.004768,0.004768,0.0013
愁人,罗衣,0.606839,4.699181,1,3,7,0.0013,0.003034,0.000433
消息,风流,0.606839,4.699181,1,3,7,0.0013,0.003034,0.000433
春水,相见,0.606839,4.699181,1,3,7,0.0013,0.003034,0.000433
公子,扁舟,0.606839,4.699181,1,21,1,0.009103,0.000433,0.000433
丞相,他人,0.606839,4.699181,1,7,3,0.003034,0.0013,0.000433
丞相,所思,0.606839,4.699181,1,7,3,0.003034,0.0013,0.000433
扁舟,白露,0.606839,4.699181,1,1,21,0.000433,0.009103,0.000433
他人,骨肉,0.606839,4.699181,1,3,7,0.0013,0.003034,0.000433
所思,骨肉,0.606839,4.699181,1,3,7,0.0013,0.003034,0.000433
他人,咸阳,0.606839,4.699181,1,3,7,0.0013,0.003034,0.000433
咸阳,所思,0.606839,4.699181,1,7,3,0.003034,0.0013,0.000433
扁舟,蛾眉,0.606839,4.699181,1,1,21,0.000433,0.009103,0.000433
丞相,苍茫,0.606839,4.699181,1,7,3,0.003034,0.0013,0.000433
夜来,江流,0.606839,4.699181,1,3,7,0.0013,0.003034,0.000433
有情,石上,0.606839,4.699181,1,7,3,0.003034,0.0013,0.000433
所以,阳台,0.606839,4.699181,1,3,7,0.0013,0.003034,0.000433
至今,风波,0.606839,4.699181,1,3,7,0.0013,0.003034,0.000433
八月,池上,0.606839,4.699181,1,3,7,0.0013,0.003034,0.000433
池上,自知,0.606839,4.699181,1,7,3,0.003034,0.0013,0.000433
骨肉,鹧鸪,0.606839,4.699181,1,7,3,0.003034,0.0013,0.000433
姓名,马蹄,0.606839,4.699181,1,3,7,0.0013,0.003034,0.000433
他人,功名,0.606839,4.699181,1,3,7,0.0013,0.003034,0.000433
吾道,归路,0.606839,4.699181,1,1,21,0.000433,0.009103,0.000433
西风,骨肉,0.606839,4.699181,1,3,7,0.0013,0.003034,0.000433
御沟,月色,0.606756,4.277967,2,16,4,0.006935,0.001734,0.000867
御沟,相对,0.606756,4.277967,2,16,4,0.006935,0.001734,0.000867
回首,看花,0.606756,4.277967,2,16,4,0.006935,0.001734,0.000867
万古,百尺,0.606756,4.277967,2,8,8,0.003468,0.003468,0.000867
万古,须臾,0.606756,4.277967,2,8,8,0.003468,0.003468,0.000867
百尺,须臾,0.606756,4.277967,2,8,8,0.003468,0.003468,0.000867
千万,百尺,0.606756,4.277967,2,8,8,0.003468,0.003468,0.000867
千万,须臾,0.606756,4.277967,2,8,8,0.003468,0.003468,0.000867
从军,春来,0.606756,4.277967,2,4,16,0.001734,0.006935,0.000867
千万,行路,0.606756,4.277967,2,8,8,0.003468,0.003468,0.000867
千万,路难,0.606756,4.277967,2,8,8,0.003468,0.003468,0.000867
东流,从军,0.606756,4.277967,2,16,4,0.006935,0.001734,0.000867
杜陵,相望,0.606756,4.277967,2,4,16,0.001734,0.006935,0.000867
单于,颜色,0.606756,4.277967,2,8,8,0.003468,0.003468,0.000867
神仙,须臾,0.606161,3.718352,5,35,8,0.015171,0.003468,0.002167
孤城,西山,0.604557,4.262463,2,5,13,0.002167,0.005635,0.000867
人生,叶落,0.604557,4.262463,2,13,5,0.005635,0.002167,0.000867
叶落,西山,0.604557,4.262463,2,5,13,0.002167,0.005635,0.000867
自古,西山,0.604557,4.262463,2,5,13,0.002167,0.005635,0.000867
叶落,客心,0.604557,4.262463,2,5,13,0.002167,0.005635,0.000867
叹息,无力,0.604055,4.014002,3,25,5,0.010837,0.002167,0.0013
肠断,花飞,0.602856,4.006034,3,9,14,0.003901,0.006068,0.0013
少年,王孙,0.602856,4.006034,3,14,9,0.006068,0.003901,0.0013
今年,王孙,0.602856,4.006034,3,14,9,0.006068,0.003901,0.0013
古来,骨肉,0.602856,4.006034,3,18,7,0.007802,0.003034,0.0013
芳树,颜色,0.602711,3.83168,4,25,8,0.010837,0.003468,0.001734
叹息,颜色,0.602711,3.83168,4,25,8,0.010837,0.003468,0.001734
叹息,须臾,0.602711,3.83168,4,25,8,0.010837,0.003468,0.001734
浮云,知己,0.602705,3.697149,5,22,13,0.009536,0.005635,0.002167
日斜,萧索,0.602392,4.247196,2,11,6,0.004768,0.002601,0.000867
咫尺,秋色,0.600831,4.652661,1,2,11,0.000867,0.004768,0.000433
回头,独坐,0.600831,4.652661,1,2,11,0.000867,0.004768,0.000433
家贫,独坐,0.600831,4.652661,1,2,11,0.000867,0.004768,0.000433
独立,道路,0.600831,4.652661,1,2,11,0.000867,0.004768,0.000433
人皆,太平,0.600831,4.652661,1,2,11,0.000867,0.004768,0.000433
望乡,秋雨,0.600831,4.652661,1,11,2,0.004768,0.000867,0.000433
长江,黄叶,0.600831,4.652661,1,2,11,0.000867,0.004768,0.000433
行客,闻道,0.600831,4.652661,1,1,22,0.000433,0.009536,0.000433
多情,日照,0.600831,4.652661,1,2,11,0.000867,0.004768,0.000433
日照,来往,0.600831,4.652661,1,11,2,0.004768,0.000867,0.000433
梦魂,落日,0.600831,4.652661,1,1,22,0.000433,0.009536,0.000433
巫山,梦魂,0.600831,4.652661,1,22,1,0.009536,0.000433,0.000433
春草,飞鸟,0.600831,4.652661,1,11,2,0.004768,0.000867,0.000433
行人,飞鸟,0.600831,4.652661,1,11,2,0.004768,0.000867,0.000433
出入,白玉,0.600831,4.652661,1,2,11,0.000867,0.004768,0.000433
世人,白玉,0.600831,4.652661,1,2,11,0.000867,0.004768,0.000433
感激,白玉,0.600831,4.652661,1,2,11,0.000867,0.004768,0.000433
楚水,白玉,0.600831,4.652661,1,2,11,0.000867,0.004768,0.000433
出入,日晚,0.600831,4.652661,1,2,11,0.000867,0.004768,0.000433
世人,日晚,0.600831,4.652661,1,2,11,0.000867,0.004768,0.000433
感激,日晚,0.600831,4.652661,1,2,11,0.000867,0.004768,0.000433
日晚,楚水,0.600831,4.652661,1,11,2,0.004768,0.000867,0.000433
扁舟,闻道,0.600831,4.652661,1,1,22,0.000433,0.009536,0.000433
扁舟,黄金,0.600831,4.652661,1,1,22,0.000433,0.009536,0.000433
巫山,扁舟,0.600831,4.652661,1,22,1,0.009536,0.000433,0.000433
松柏,波涛,0.600831,4.652661,1,11,2,0.004768,0.000867,0.000433
汉家,珍重,0.600831,4.652661,1,22,1,0.009536,0.000433,0.000433
来往,阳城,0.600831,4.652661,1,2,11,0.000867,0.004768,0.000433
仙人,自由,0.600831,4.652661,1,22,1,0.009536,0.000433,0.000433
吾道,落日,0.600831,4.652661,1,1,22,0.000433,0.009536,0.000433
清秋,高楼,0.600831,4.652661,1,2,11,0.000867,0.004768,0.000433
东流,昔年,0.600486,3.990285,3,16,8,0.006935,0.003468,0.0013
白头,颜色,0.600486,3.990285,3,16,8,0.006935,0.003468,0.0013
明年,颜色,0.600486,3.990285,3,16,8,0.006935,0.003468,0.0013
明年,须臾,0.600486,3.990285,3,16,8,0.006935,0.003468,0.0013
当时,春来,0.600486,3.990285,3,8,16,0.003468,0.006935,0.0013
中原,意气,0.598157,4.217343,2,4,17,0.001734,0.007369,0.000867
相逢,看花,0.598157,4.217343,2,17,4,0.007369,0.001734,0.000867
可怜,楚水,0.598157,4.217343,2,34,2,0.014738,0.000867,0.000867
昔日,西山,0.598153,3.974781,3,10,13,0.004335,0.005635,0.0013
日晚,红尘,0.595855,3.959514,3,11,12,0.004768,0.005202,0.0013
落花,黄昏,0.595855,3.959514,3,33,4,0.014304,0.001734,0.0013
年年,黄昏,0.595855,3.959514,3,33,4,0.014304,0.001734,0.0013
松柏,行乐,0.595855,3.959514,3,11,12,0.004768,0.005202,0.0013
行乐,阳城,0.595855,3.959514,3,12,11,0.005202,0.004768,0.0013
天涯,迢递,0.595855,3.959514,3,11,12,0.004768,0.005202,0.0013
天涯,朝朝,0.595855,3.959514,3,11,12,0.004768,0.005202,0.0013
白玉,翡翠,0.595855,3.959514,3,11,12,0.004768,0.005202,0.0013
南山,玉堂,0.595855,3.959514,3,33,4,0.014304,0.001734,0.0013
天地,扁舟,0.595091,4.608209,1,23,1,0.00997,0.000433,0.000433
桃花,眼前,0.595091,4.608209,1,23,1,0.00997,0.000433,0.000433
功名,古木,0.594046,4.188355,2,7,10,0.003034,0.004335,0.000867
沧海,风波,0.594046,4.188355,2,10,7,0.004335,0.003034,0.000867
婵娟,湘水,0.594046,4.188355,2,7,10,0.003034,0.004335,0.000867
无力,青楼,0.594046,4.188355,2,5,14,0.002167,0.006068,0.000867
使君,相识,0.594046,4.188355,2,5,14,0.002167,0.006068,0.000867
庭前,春日,0.594046,4.188355,2,7,10,0.003034,0.004335,0.000867
阙下,零落,0.594046,4.188355,2,7,10,0.003034,0.004335,0.000867
昔日,阙下,0.594046,4.188355,2,10,7,0.004335,0.003034,0.000867
封侯,烟波,0.594046,4.188355,2,10,7,0.004335,0.003034,0.000867
江水,烟波,0.594046,4.188355,2,10,7,0.004335,0.003034,0.000867
秋水,风霜,0.594046,4.188355,2,5,14,0.002167,0.006068,0.000867
万户,北阙,0.594046,4.188355,2,5,14,0.002167,0.006068,0.000867
万户,山河,0.594046,4.188355,2,5,14,0.002167,0.006068,0.000867
故园,日夜,0.594046,4.188355,2,10,7,0.004335,0.003034,0.000867
昔日,骨肉,0.594046,4.188355,2,10,7,0.004335,0.003034,0.000867
宛转,王孙,0.592474,3.937041,3,15,9,0.006502,0.003901,0.0013
可怜,黄昏,0.591363,3.929661,3,34,4,0.014738,0.001734,0.0013
大道,玲珑,0.590051,4.160184,2,9,8,0.003901,0.003468,0.000867
佳期,玲珑,0.590051,4.160184,2,9,8,0.003901,0.003468,0.000867
忆昔,翡翠,0.590051,4.160184,2,6,12,0.002601,0.005202,0.000867
万古,公卿,0.590051,4.160184,2,8,9,0.003468,0.003901,0.000867
公卿,百尺,0.590051,4.160184,2,9,8,0.003901,0.003468,0.000867
公卿,须臾,0.590051,4.160184,2,9,8,0.003901,0.003468,0.000867
公卿,千万,0.590051,4.160184,2,9,8,0.003901,0.003468,0.000867
归去,蛟龙,0.590051,4.160184,2,12,6,0.005202,0.002601,0.000867
绿水,行路,0.590051,4.160184,2,9,8,0.003901,0.003468,0.000867
绿水,路难,0.590051,4.160184,2,9,8,0.003901,0.003468,0.000867
千万,绿水,0.590051,4.160184,2,8,9,0.003468,0.003901,0.000867
从军,月照,0.590051,4.160184,2,4,18,0.001734,0.007802,0.000867
佳人,歌声,0.590051,4.160184,2,18,4,0.007802,0.001734,0.000867
分明,夜长,0.590051,4.160184,2,9,8,0.003901,0.003468,0.000867
佳人,玉堂,0.590051,4.160184,2,18,4,0.007802,0.001734,0.000867
大道,须臾,0.590051,4.160184,2,9,8,0.003901,0.003468,0.000867
寒食,明朝,0.590051,4.160184,2,8,9,0.003468,0.003901,0.000867
古来,黄昏,0.590051,4.160184,2,18,4,0.007802,0.001734,0.000867
寒食,肠断,0.590051,4.160184,2,8,9,0.003468,0.003901,0.000867
当时,衣冠,0.590051,4.160184,2,8,9,0.003468,0.003901,0.000867
花间,风景,0.590051,4.160184,2,6,12,0.002601,0.005202,0.000867
洞庭,白蘋,0.590051,4.160184,2,24,3,0.010403,0.0013,0.000867
草绿,还家,0.590051,4.160184,2,12,6,0.005202,0.002601,0.000867
可惜,白雪,0.589595,4.565649,1,4,6,0.001734,0.002601,0.000433
人情,鸟飞,0.589595,4.565649,1,6,4,0.002601,0.001734,0.000433
忆昔,鸟飞,0.589595,4.565649,1,6,4,0.002601,0.001734,0.000433
秋来,黄河,0.589595,4.565649,1,3,8,0.0013,0.003468,0.000433
回头,朝朝,0.589595,4.565649,1,2,12,0.000867,0.005202,0.000433
家贫,朝朝,0.589595,4.565649,1,2,12,0.000867,0.005202,0.000433
子孙,霓裳,0.589595,4.565649,1,4,6,0.001734,0.002601,0.000433
道士,霓裳,0.589595,4.565649,1,4,6,0.001734,0.002601,0.000433
还家,道士,0.589595,4.565649,1,6,4,0.002601,0.001734,0.000433
丹砂,还家,0.589595,4.565649,1,4,6,0.001734,0.002601,0.000433
别后,家贫,0.589595,4.565649,1,12,2,0.005202,0.000867,0.000433
中原,萧萧,0.589595,4.565649,1,4,6,0.001734,0.002601,0.000433
玉堂,萧萧,0.589595,4.565649,1,4,6,0.001734,0.002601,0.000433
思归,愁人,0.589595,4.565649,1,8,3,0.003468,0.0013,0.000433
人归,巫峡,0.589595,4.565649,1,6,4,0.002601,0.001734,0.000433
先生,朝廷,0.589595,4.565649,1,3,8,0.0013,0.003468,0.000433
姓名,朝廷,0.589595,4.565649,1,3,8,0.0013,0.003468,0.000433
弟子,朝廷,0.589595,4.565649,1,3,8,0.0013,0.003468,0.000433
所以,日夕,0.589595,4.565649,1,3,8,0.0013,0.003468,0.000433
思归,所以,0.589595,4.565649,1,8,3,0.003468,0.0013,0.000433
愁人,河汉,0.589595,4.565649,1,3,8,0.0013,0.003468,0.000433
才子,河汉,0.589595,4.565649,1,3,8,0.0013,0.003468,0.000433
山路,英雄,0.589595,4.565649,1,8,3,0.003468,0.0013,0.000433
山路,江城,0.589595,4.565649,1,8,3,0.003468,0.0013,0.000433
寒食,猿声,0.589595,4.565649,1,8,3,0.003468,0.0013,0.000433
思归,猿声,0.589595,4.565649,1,8,3,0.003468,0.0013,0.000433
八月,河汉,0.589595,4.565649,1,3,8,0.0013,0.003468,0.000433
万物,微风,0.589595,4.565649,1,8,3,0.003468,0.0013,0.000433
相忆,萧索,0.589595,4.565649,1,4,6,0.001734,0.002601,0.000433
江城,蹉跎,0.589595,4.565649,1,3,8,0.0013,0.003468,0.000433
泉声,远近,0.589595,4.565649,1,6,4,0.002601,0.001734,0.000433
人归,高树,0.589595,4.565649,1,6,4,0.002601,0.001734,0.000433
花间,高树,0.589595,4.565649,1,6,4,0.002601,0.001734,0.000433
台上,高树,0.589595,4.565649,1,6,4,0.002601,0.001734,0.000433
城中,池塘,0.589595,4.565649,1,8,3,0.003468,0.0013,0.000433
他日,城中,0.589595,4.565649,1,3,8,0.0013,0.003468,0.000433
欢娱,钓鱼,0.589595,4.565649,1,24,1,0.010403,0.000433,0.000433
英雄,颜色,0.589595,4.565649,1,3,8,0.0013,0.003468,0.000433
孤舟,远山,0.589595,4.565649,1,6,4,0.002601,0.001734,0.000433
永日,行路,0.589595,4.565649,1,3,8,0.0013,0.003468,0.000433
断肠,花时,0.589595,4.565649,1,8,3,0.003468,0.0013,0.000433
南北,白雪,0.589595,4.565649,1,4,6,0.001734,0.002601,0.000433
当时,玉楼,0.589595,4.565649,1,8,3,0.003468,0.0013,0.000433
南宫,玉楼,0.589595,4.565649,1,8,3,0.003468,0.0013,0.000433
玉楼,须臾,0.589595,4.565649,1,3,8,0.0013,0.003468,0.000433
当时,才子,0.589595,4.565649,1,8,3,0.003468,0.0013,0.000433
当时,心期,0.589595,4.565649,1,8,3,0.003468,0.0013,0.000433
当时,猿声,0.589595,4.565649,1,8,3,0.003468,0.0013,0.000433
寥落,朱门,0.589595,4.565649,1,4,6,0.001734,0.002601,0.000433
今夜,多情,0.589595,4.565649,1,12,2,0.005202,0.000867,0.000433
今夜,来往,0.589595,4.565649,1,12,2,0.005202,0.000867,0.000433
多情,迢递,0.589595,4.565649,1,2,12,0.000867,0.005202,0.000433
多情,鹦鹉,0.589595,4.565649,1,2,12,0.000867,0.005202,0.000433
多情,朝朝,0.589595,4.565649,1,2,12,0.000867,0.005202,0.000433
消息,莺啼,0.589595,4.565649,1,3,8,0.0013,0.003468,0.000433
君心,消息,0.589595,4.565649,1,8,3,0.003468,0.0013,0.000433
来往,迢递,0.589595,4.565649,1,2,12,0.000867,0.005202,0.000433
来往,鹦鹉,0.589595,4.565649,1,2,12,0.000867,0.005202,0.000433
朝朝,来往,0.589595,4.565649,1,12,2,0.005202,0.000867,0.000433
心事,相忆,0.589595,4.565649,1,6,4,0.002601,0.001734,0.000433
相忆,相看,0.589595,4.565649,1,4,6,0.001734,0.002601,0.000433
十载,相对,0.589595,4.565649,1,6,4,0.002601,0.001734,0.000433
东海,忆昔,0.589595,4.565649,1,4,6,0.001734,0.002601,0.000433
烟雨,颜色,0.589595,4.565649,1,3,8,0.0013,0.003468,0.000433
月光,读书,0.589595,4.565649,1,12,2,0.005202,0.000867,0.000433
草绿,飞鸟,0.589595,4.565649,1,12,2,0.005202,0.000867,0.000433
东南,飞鸟,0.589595,4.565649,1,12,2,0.005202,0.000867,0.000433
月下,飞鸟,0.589595,4.565649,1,12,2,0.005202,0.000867,0.000433
秋天,还家,0.589595,4.565649,1,4,6,0.001734,0.002601,0.000433
万古,春水,0.589595,4.565649,1,8,3,0.003468,0.0013,0.000433
断肠,春水,0.589595,4.565649,1,8,3,0.003468,0.0013,0.000433
清净,青苔,0.589595,4.565649,1,4,6,0.001734,0.002601,0.000433
诸侯,青苔,0.589595,4.565649,1,4,6,0.001734,0.002601,0.000433
玉堂,青苔,0.589595,4.565649,1,4,6,0.001734,0.002601,0.000433
他人,颜色,0.589595,4.565649,1,3,8,0.0013,0.003468,0.000433
所思,颜色,0.589595,4.565649,1,3,8,0.0013,0.003468,0.000433
忆昔,清净,0.589595,4.565649,1,6,4,0.002601,0.001734,0.000433
清净,茫茫,0.589595,4.565649,1,4,6,0.001734,0.002601,0.000433
出入,游子,0.589595,4.565649,1,2,12,0.000867,0.005202,0.000433
世人,游子,0.589595,4.565649,1,2,12,0.000867,0.005202,0.000433
感激,游子,0.589595,4.565649,1,2,12,0.000867,0.005202,0.000433
楚水,游子,0.589595,4.565649,1,2,12,0.000867,0.005202,0.000433
出入,翡翠,0.589595,4.565649,1,2,12,0.000867,0.005202,0.000433
世人,翡翠,0.589595,4.565649,1,2,12,0.000867,0.005202,0.000433
感激,翡翠,0.589595,4.565649,1,2,12,0.000867,0.005202,0.000433
楚水,翡翠,0.589595,4.565649,1,2,12,0.000867,0.005202,0.000433
出入,圣人,0.589595,4.565649,1,2,12,0.000867,0.005202,0.000433
出入,摇落,0.589595,4.565649,1,2,12,0.000867,0.005202,0.000433
出入,月满,0.589595,4.565649,1,2,12,0.000867,0.005202,0.000433
世人,圣人,0.589595,4.565649,1,2,12,0.000867,0.005202,0.000433
世人,摇落,0.589595,4.565649,1,2,12,0.000867,0.005202,0.000433
世人,月满,0.589595,4.565649,1,2,12,0.000867,0.005202,0.000433
万物,他人,0.589595,4.565649,1,8,3,0.003468,0.0013,0.000433
万物,所思,0.589595,4.565649,1,8,3,0.003468,0.0013,0.000433
圣人,感激,0.589595,4.565649,1,12,2,0.005202,0.000867,0.000433
感激,摇落,0.589595,4.565649,1,2,12,0.000867,0.005202,0.000433
感激,月满,0.589595,4.565649,1,2,12,0.000867,0.005202,0.000433
忆昔,诸侯,0.589595,4.565649,1,6,4,0.002601,0.001734,0.000433
忆昔,玉堂,0.589595,4.565649,1,6,4,0.002601,0.001734,0.000433
他人,单于,0.589595,4.565649,1,3,8,0.0013,0.003468,0.000433
单于,所思,0.589595,4.565649,1,8,3,0.003468,0.0013,0.000433
扁舟,美人,0.589595,4.565649,1,1,24,0.000433,0.010403,0.000433
茫茫,诸侯,0.589595,4.565649,1,6,4,0.002601,0.001734,0.000433
圣人,楚水,0.589595,4.565649,1,12,2,0.005202,0.000867,0.000433
摇落,楚水,0.589595,4.565649,1,12,2,0.005202,0.000867,0.000433
月满,楚水,0.589595,4.565649,1,12,2,0.005202,0.000867,0.000433
他人,须臾,0.589595,4.565649,1,3,8,0.0013,0.003468,0.000433
所思,须臾,0.589595,4.565649,1,3,8,0.0013,0.003468,0.000433
他人,昆仑,0.589595,4.565649,1,3,8,0.0013,0.003468,0.000433
所思,昆仑,0.589595,4.565649,1,3,8,0.0013,0.003468,0.000433
他人,蹉跎,0.589595,4.565649,1,3,8,0.0013,0.003468,0.000433
所思,蹉跎,0.589595,4.565649,1,3,8,0.0013,0.003468,0.000433
玉堂,茫茫,0.589595,4.565649,1,4,6,0.001734,0.002601,0.000433
两相,茫茫,0.589595,4.565649,1,4,6,0.001734,0.002601,0.000433
两相,苍生,0.589595,4.565649,1,4,6,0.001734,0.002601,0.000433
万古,八月,0.589595,4.565649,1,8,3,0.003468,0.0013,0.000433
昆仑,流年,0.589595,4.565649,1,8,3,0.003468,0.0013,0.000433
归客,洞庭,0.589595,4.565649,1,1,24,0.000433,0.010403,0.000433
新诗,朝廷,0.589595,4.565649,1,3,8,0.0013,0.003468,0.000433
长沙,雨后,0.589595,4.565649,1,12,2,0.005202,0.000867,0.000433
空山,随风,0.589595,4.565649,1,12,2,0.005202,0.000867,0.000433
两相,人情,0.589595,4.565649,1,4,6,0.001734,0.002601,0.000433
两相,送客,0.589595,4.565649,1,4,6,0.001734,0.002601,0.000433
氛氲,江边,0.589595,4.565649,1,24,1,0.010403,0.000433,0.000433
他日,断肠,0.589595,4.565649,1,3,8,0.0013,0.003468,0.000433
思归,楚客,0.589595,4.565649,1,8,3,0.003468,0.0013,0.000433
莺啼,连天,0.589595,4.565649,1,8,3,0.003468,0.0013,0.000433
日出,长沙,0.589595,4.565649,1,2,12,0.000867,0.005202,0.000433
梦里,黄花,0.589595,4.565649,1,4,6,0.001734,0.002601,0.000433
月落,红粉,0.589595,4.565649,1,2,12,0.000867,0.005202,0.000433
氛氲,自由,0.589595,4.565649,1,24,1,0.010403,0.000433,0.000433
梦里,焚香,0.589595,4.565649,1,4,6,0.001734,0.002601,0.000433
流年,蹉跎,0.589595,4.565649,1,3,8,0.0013,0.003468,0.000433
秋雨,莲花,0.589595,4.565649,1,2,12,0.000867,0.005202,0.000433
凄凉,相看,0.589595,4.565649,1,4,6,0.001734,0.002601,0.000433
天台,武陵,0.589595,4.565649,1,6,4,0.002601,0.001734,0.000433
当时,水边,0.589595,4.565649,1,8,3,0.003468,0.0013,0.000433
云雨,巫山,0.587719,3.73637,4,10,22,0.004335,0.009536,0.001734
天外,巫山,0.587719,3.73637,4,10,22,0.004335,0.009536,0.001734
人间,天上,0.587238,3.495208,6,15,28,0.006502,0.012137,0.002601
柳色,梅花,0.587006,3.731835,4,13,17,0.005635,0.007369,0.001734
少年,花前,0.587001,3.900673,3,14,10,0.006068,0.004335,0.0013
古人,少年,0.587001,3.900673,3,10,14,0.004335,0.006068,0.0013
神仙,黄昏,0.587001,3.900673,3,35,4,0.015171,0.001734,0.0013
今年,花前,0.587001,3.900673,3,14,10,0.006068,0.004335,0.0013
今年,古人,0.587001,3.900673,3,14,10,0.006068,0.004335,0.0013
御沟,青楼,0.584885,3.718352,4,16,14,0.006935,0.006068,0.001734
今年,明年,0.584885,3.718352,4,14,16,0.006068,0.006935,0.001734
东西,旧游,0.584323,4.524827,1,5,5,0.002167,0.002167,0.000433
百里,莓苔,0.584323,4.524827,1,5,5,0.002167,0.002167,0.000433
东方,水流,0.584323,4.524827,1,5,5,0.002167,0.002167,0.000433
寒山,秋水,0.584323,4.524827,1,5,5,0.002167,0.002167,0.000433
人家,十里,0.584323,4.524827,1,5,5,0.002167,0.002167,0.000433
东方,使君,0.584323,4.524827,1,5,5,0.002167,0.002167,0.000433
万户,使君,0.584323,4.524827,1,5,5,0.002167,0.002167,0.000433
去年,残月,0.584323,4.524827,1,5,5,0.002167,0.002167,0.000433
得意,自古,0.584323,4.524827,1,5,5,0.002167,0.002167,0.000433
得意,衣裳,0.584323,4.524827,1,5,5,0.002167,0.002167,0.000433
自古,衣裳,0.584323,4.524827,1,5,5,0.002167,0.002167,0.000433
潇湘,莓苔,0.584323,4.524827,1,5,5,0.002167,0.002167,0.000433
故山,梧桐,0.584323,4.524827,1,5,5,0.002167,0.002167,0.000433
世上,风动,0.584323,4.524827,1,5,5,0.002167,0.002167,0.000433
千载,扁舟,0.584323,4.524827,1,25,1,0.010837,0.000433,0.000433
叹息,扁舟,0.584323,4.524827,1,25,1,0.010837,0.000433,0.000433
无力,楼上,0.584261,4.119362,2,5,15,0.002167,0.006502,0.000867
使君,楼上,0.584261,4.119362,2,5,15,0.002167,0.006502,0.000867
云间,叶落,0.584261,4.119362,2,15,5,0.006502,0.002167,0.000867
叶落,游人,0.584261,4.119362,2,5,15,0.002167,0.006502,0.000867
世上,人间,0.584261,4.119362,2,5,15,0.002167,0.006502,0.000867
万事,平生,0.584184,3.713897,4,5,45,0.002167,0.019506,0.001734
夕阳,山下,0.582761,3.872502,3,9,16,0.003901,0.006935,0.0013
今夜,迢递,0.582761,3.872502,3,12,12,0.005202,0.005202,0.0013
大道,御沟,0.582761,3.872502,3,9,16,0.003901,0.006935,0.0013
将军,黄昏,0.582761,3.872502,3,36,4,0.015605,0.001734,0.0013
王孙,白头,0.582761,3.872502,3,9,16,0.003901,0.006935,0.0013
朝朝,迢递,0.582761,3.872502,3,12,12,0.005202,0.005202,0.0013
古来,颜色,0.582761,3.872502,3,18,8,0.007802,0.003468,0.0013
美人,青苔,0.582761,3.872502,3,24,6,0.010403,0.002601,0.0013
丹砂,烟霞,0.582382,4.106117,2,4,19,0.001734,0.008236,0.000867
中原,纵横,0.582382,4.106117,2,4,19,0.001734,0.008236,0.000867
南北,纵横,0.582382,4.106117,2,4,19,0.001734,0.008236,0.000867
玉堂,纵横,0.582382,4.106117,2,4,19,0.001734,0.008236,0.000867
夜雨,风吹,0.582382,4.106117,2,2,38,0.000867,0.016472,0.000867
千年,水流,0.58172,3.865582,3,29,5,0.01257,0.002167,0.0013
池上,高台,0.580528,4.093045,2,7,11,0.003034,0.004768,0.000867
有情,白玉,0.580528,4.093045,2,7,11,0.003034,0.004768,0.000867
罗衣,高台,0.580528,4.093045,2,7,11,0.003034,0.004768,0.000867
罗衣,青松,0.580528,4.093045,2,7,11,0.003034,0.004768,0.000867
罗衣,黄叶,0.580528,4.093045,2,7,11,0.003034,0.004768,0.000867
日照,风流,0.580528,4.093045,2,11,7,0.004768,0.003034,0.000867
可怜,桃李,0.579409,3.152632,10,34,29,0.014738,0.01257,0.004335
人生,山僧,0.579259,4.485607,1,13,2,0.005635,0.000867,0.000433
昨日,黄鹤,0.579259,4.485607,1,2,13,0.000867,0.005635,0.000433
独立,绮罗,0.579259,4.485607,1,2,13,0.000867,0.005635,0.000433
西山,长江,0.579259,4.485607,1,13,2,0.005635,0.000867,0.000433
杏花,金谷,0.579259,4.485607,1,2,13,0.000867,0.005635,0.000433
知己,细雨,0.579259,4.485607,1,13,2,0.005635,0.000867,0.000433
客心,新月,0.579259,4.485607,1,13,2,0.005635,0.000867,0.000433
夜雨,相送,0.579259,4.485607,1,2,13,0.000867,0.005635,0.000433
君家,百年,0.579259,4.485607,1,1,26,0.000433,0.01127,0.000433
怜君,百年,0.579259,4.485607,1,1,26,0.000433,0.01127,0.000433
昔时,飞鸟,0.579259,4.485607,1,13,2,0.005635,0.000867,0.000433
北风,飞鸟,0.579259,4.485607,1,13,2,0.005635,0.000867,0.000433
出入,西山,0.579259,4.485607,1,2,13,0.000867,0.005635,0.000433
世人,西山,0.579259,4.485607,1,2,13,0.000867,0.005635,0.000433
感激,西山,0.579259,4.485607,1,2,13,0.000867,0.005635,0.000433
楚水,西山,0.579259,4.485607,1,2,13,0.000867,0.005635,0.000433
江南,波涛,0.579259,4.485607,1,13,2,0.005635,0.000867,0.000433
宫殿,蓬莱,0.579259,4.485607,1,2,13,0.000867,0.005635,0.000433
客心,来往,0.579259,4.485607,1,13,2,0.005635,0.000867,0.000433
窈窕,苍苔,0.579259,4.485607,1,26,1,0.01127,0.000433,0.000433
客心,山色,0.579259,4.485607,1,13,2,0.005635,0.000867,0.000433
眼前,花落,0.579259,4.485607,1,1,26,0.000433,0.01127,0.000433
孤舟,黄鹤,0.578698,4.080142,2,6,13,0.002601,0.005635,0.000867
人生,蛟龙,0.578698,4.080142,2,13,6,0.005635,0.002601,0.000867
蛟龙,西山,0.578698,4.080142,2,6,13,0.002601,0.005635,0.000867
人生,羽翼,0.578698,4.080142,2,13,6,0.005635,0.002601,0.000867
同心,垂杨,0.578698,4.080142,2,13,6,0.005635,0.002601,0.000867
忆昔,西山,0.578698,4.080142,2,6,13,0.002601,0.005635,0.000867
昔日,游人,0.576618,3.83168,3,10,15,0.004335,0.006502,0.0013
封侯,无穷,0.576618,3.83168,3,10,15,0.004335,0.006502,0.0013
无穷,自言,0.576618,3.83168,3,15,10,0.006502,0.004335,0.0013
月色,未央,0.575107,4.054824,2,4,20,0.001734,0.008669,0.000867
月色,鸳鸯,0.575107,4.054824,2,4,20,0.001734,0.008669,0.000867
未央,相对,0.575107,4.054824,2,20,4,0.008669,0.001734,0.000867
相对,鸳鸯,0.575107,4.054824,2,4,20,0.001734,0.008669,0.000867
回首,无力,0.575107,4.054824,2,16,5,0.006935,0.002167,0.000867
使君,回首,0.575107,4.054824,2,5,16,0.002167,0.006935,0.000867
当时,湘水,0.575107,4.054824,2,8,10,0.003468,0.004335,0.000867
万古,零落,0.575107,4.054824,2,8,10,0.003468,0.004335,0.000867
万古,昔日,0.575107,4.054824,2,8,10,0.003468,0.004335,0.000867
百尺,零落,0.575107,4.054824,2,8,10,0.003468,0.004335,0.000867
零落,须臾,0.575107,4.054824,2,10,8,0.004335,0.003468,0.000867
千万,零落,0.575107,4.054824,2,8,10,0.003468,0.004335,0.000867
东流,叶落,0.575107,4.054824,2,16,5,0.006935,0.002167,0.000867
昔日,百尺,0.575107,4.054824,2,10,8,0.004335,0.003468,0.000867
千万,昔日,0.575107,4.054824,2,8,10,0.003468,0.004335,0.000867
封侯,行路,0.575107,4.054824,2,10,8,0.004335,0.003468,0.000867
江水,行路,0.575107,4.054824,2,10,8,0.004335,0.003468,0.000867
封侯,路难,0.575107,4.054824,2,10,8,0.004335,0.003468,0.000867
江水,路难,0.575107,4.054824,2,10,8,0.004335,0.003468,0.000867
千万,江水,0.575107,4.054824,2,8,10,0.003468,0.004335,0.000867
衣裳,路长,0.575107,4.054824,2,5,16,0.002167,0.006935,0.000867
相望,衣裳,0.575107,4.054824,2,16,5,0.006935,0.002167,0.000867
夜长,知音,0.575107,4.054824,2,8,10,0.003468,0.004335,0.000867
夜长,落叶,0.575107,4.054824,2,8,10,0.003468,0.004335,0.000867
玉堂,鸳鸯,0.575107,4.054824,2,4,20,0.001734,0.008669,0.000867
花发,门前,0.575107,4.054824,2,10,8,0.004335,0.003468,0.000867
君心,封侯,0.575107,4.054824,2,8,10,0.003468,0.004335,0.000867
萧条,颜色,0.575107,4.054824,2,10,8,0.004335,0.003468,0.000867
单于,萧条,0.575107,4.054824,2,8,10,0.003468,0.004335,0.000867
江上,霄汉,0.575107,4.054824,2,20,4,0.008669,0.001734,0.000867
零落,颜色,0.575107,4.054824,2,10,8,0.004335,0.003468,0.000867
当时,自言,0.575107,4.054824,2,8,10,0.003468,0.004335,0.000867
当时,经过,0.575107,4.054824,2,8,10,0.003468,0.004335,0.000867
千秋,昔年,0.574625,3.818435,3,19,8,0.008236,0.003468,0.0013
池塘,清晨,0.574385,4.447866,1,3,9,0.0013,0.003901,0.000433
独自,飘飖,0.574385,4.447866,1,3,9,0.0013,0.003901,0.000433
王孙,秋来,0.574385,4.447866,1,9,3,0.003901,0.0013,0.000433
先生,公卿,0.574385,4.447866,1,3,9,0.0013,0.003901,0.000433
先生,干戈,0.574385,4.447866,1,3,9,0.0013,0.003901,0.000433
姓名,干戈,0.574385,4.447866,1,3,9,0.0013,0.003901,0.000433
公卿,弟子,0.574385,4.447866,1,9,3,0.003901,0.0013,0.000433
干戈,弟子,0.574385,4.447866,1,9,3,0.003901,0.0013,0.000433
所以,飘飖,0.574385,4.447866,1,3,9,0.0013,0.003901,0.000433
姓名,车马,0.574385,4.447866,1,3,9,0.0013,0.003901,0.000433
姓名,生死,0.574385,4.447866,1,3,9,0.0013,0.003901,0.000433
夫子,王孙,0.574385,4.447866,1,3,9,0.0013,0.003901,0.000433
寂寥,晚来,0.574385,4.447866,1,9,3,0.003901,0.0013,0.000433
流年,清晨,0.574385,4.447866,1,3,9,0.0013,0.003901,0.000433
明朝,猿声,0.574385,4.447866,1,9,3,0.003901,0.0013,0.000433
至今,鱼龙,0.574385,4.447866,1,3,9,0.0013,0.003901,0.000433
世事,富贵,0.574385,4.447866,1,3,9,0.0013,0.003901,0.000433
从容,绿水,0.574385,4.447866,1,3,9,0.0013,0.003901,0.000433
愁人,高秋,0.574385,4.447866,1,3,9,0.0013,0.003901,0.000433
登临,连天,0.574385,4.447866,1,9,3,0.003901,0.0013,0.000433
寂寥,白蘋,0.574385,4.447866,1,9,3,0.003901,0.0013,0.000433
大道,玉楼,0.574385,4.447866,1,9,3,0.003901,0.0013,0.000433
才子,衣冠,0.574385,4.447866,1,3,9,0.0013,0.003901,0.000433
才子,飘飖,0.574385,4.447866,1,3,9,0.0013,0.003901,0.000433
才子,高秋,0.574385,4.447866,1,3,9,0.0013,0.003901,0.000433
才子,竹林,0.574385,4.447866,1,3,9,0.0013,0.003901,0.000433
佳期,才子,0.574385,4.447866,1,9,3,0.003901,0.0013,0.000433
才子,昨夜,0.574385,4.447866,1,3,9,0.0013,0.003901,0.000433
心期,衣冠,0.574385,4.447866,1,3,9,0.0013,0.003901,0.000433
猿声,衣冠,0.574385,4.447866,1,3,9,0.0013,0.003901,0.000433
心期,飘飖,0.574385,4.447866,1,3,9,0.0013,0.003901,0.000433
猿声,飘飖,0.574385,4.447866,1,3,9,0.0013,0.003901,0.000433
心期,高秋,0.574385,4.447866,1,3,9,0.0013,0.003901,0.000433
猿声,高秋,0.574385,4.447866,1,3,9,0.0013,0.003901,0.000433
心期,竹林,0.574385,4.447866,1,3,9,0.0013,0.003901,0.000433
佳期,心期,0.574385,4.447866,1,9,3,0.003901,0.0013,0.000433
心期,昨夜,0.574385,4.447866,1,3,9,0.0013,0.003901,0.000433
猿声,竹林,0.574385,4.447866,1,3,9,0.0013,0.003901,0.000433
佳期,猿声,0.574385,4.447866,1,9,3,0.003901,0.0013,0.000433
昨夜,猿声,0.574385,4.447866,1,9,3,0.003901,0.0013,0.000433
大道,消息,0.574385,4.447866,1,9,3,0.003901,0.0013,0.000433
富贵,玉楼,0.574385,4.447866,1,9,3,0.003901,0.0013,0.000433
他人,怅望,0.574385,4.447866,1,3,9,0.0013,0.003901,0.000433
扁舟,日月,0.574385,4.447866,1,1,27,0.000433,0.011704,0.000433
怅望,所思,0.574385,4.447866,1,9,3,0.003901,0.0013,0.000433
是非,风雨,0.574385,4.447866,1,3,9,0.0013,0.003901,0.000433
八月,高秋,0.574385,4.447866,1,3,9,0.0013,0.003901,0.000433
富贵,白蘋,0.574385,4.447866,1,9,3,0.003901,0.0013,0.000433
圣主,新诗,0.574385,4.447866,1,9,3,0.003901,0.0013,0.000433
所思,竹林,0.574385,4.447866,1,3,9,0.0013,0.003901,0.000433
寂寥,新诗,0.574385,4.447866,1,9,3,0.003901,0.0013,0.000433
春水,花满,0.574385,4.447866,1,3,9,0.0013,0.003901,0.000433
凉风,自知,0.574385,4.447866,1,9,3,0.003901,0.0013,0.000433
深山,鸡鸣,0.574385,4.447866,1,3,9,0.0013,0.003901,0.000433
昨夜,独自,0.574385,4.447866,1,9,3,0.003901,0.0013,0.000433
宫中,明朝,0.574385,4.447866,1,3,9,0.0013,0.003901,0.000433
渭水,英雄,0.574385,4.447866,1,9,3,0.003901,0.0013,0.000433
明日,曲江,0.574385,4.447866,1,9,3,0.003901,0.0013,0.000433
人心,石上,0.574385,4.447866,1,9,3,0.003901,0.0013,0.000433
富贵,西风,0.574385,4.447866,1,9,3,0.003901,0.0013,0.000433
无穷,春来,0.574032,3.649359,4,15,16,0.006502,0.006935,0.001734
千门,车马,0.573638,3.811878,3,17,9,0.007369,0.003901,0.0013
佳期,大道,0.573345,4.042401,2,9,9,0.003901,0.003901,0.000867
怅望,绿水,0.573345,4.042401,2,9,9,0.003901,0.003901,0.000867
今已,绿水,0.573345,4.042401,2,9,9,0.003901,0.003901,0.000867
佳期,绿水,0.573345,4.042401,2,9,9,0.003901,0.003901,0.000867
今已,怅望,0.573345,4.042401,2,9,9,0.003901,0.003901,0.000867
佳期,怅望,0.573345,4.042401,2,9,9,0.003901,0.003901,0.000867
今已,佳期,0.573345,4.042401,2,9,9,0.003901,0.003901,0.000867
渭水,雨露,0.573345,4.042401,2,9,9,0.003901,0.003901,0.000867
白玉,相识,0.572658,3.805363,3,11,14,0.004768,0.006068,0.0013
汉家,罗衣,0.572658,3.805363,3,22,7,0.009536,0.003034,0.0013
少年,松柏,0.572658,3.805363,3,14,11,0.006068,0.004768,0.0013
少年,阳城,0.572658,3.805363,3,14,11,0.006068,0.004768,0.0013
今年,松柏,0.572658,3.805363,3,14,11,0.006068,0.004768,0.0013
今年,阳城,0.572658,3.805363,3,14,11,0.006068,0.004768,0.0013
月满,西山,0.570716,3.79246,3,12,13,0.005202,0.005635,0.0013
清风,相送,0.570716,3.79246,3,12,13,0.005202,0.005635,0.0013
人生,归去,0.570716,3.79246,3,13,12,0.005635,0.005202,0.0013
昔时,朝朝,0.570716,3.79246,3,13,12,0.005635,0.005202,0.0013
风波,鸟飞,0.569689,4.411499,1,7,4,0.003034,0.001734,0.000433
烟波,鸟飞,0.569689,4.411499,1,7,4,0.003034,0.001734,0.000433
婵娟,鸟飞,0.569689,4.411499,1,7,4,0.003034,0.001734,0.000433
少年,山僧,0.569689,4.411499,1,14,2,0.006068,0.000867,0.000433
独立,风霜,0.569689,4.411499,1,2,14,0.000867,0.006068,0.000433
巫峡,风波,0.569689,4.411499,1,4,7,0.001734,0.003034,0.000433
楼台,青天,0.569689,4.411499,1,14,2,0.006068,0.000867,0.000433
无限,湖上,0.569689,4.411499,1,14,2,0.006068,0.000867,0.000433
兄弟,造化,0.569689,4.411499,1,4,7,0.001734,0.003034,0.000433
日夜,逢人,0.569689,4.411499,1,7,4,0.003034,0.001734,0.000433
山头,阙下,0.569689,4.411499,1,4,7,0.001734,0.003034,0.000433
相忆,阙下,0.569689,4.411499,1,4,7,0.001734,0.003034,0.000433
谢公,风流,0.569689,4.411499,1,4,7,0.001734,0.003034,0.000433
相忆,马蹄,0.569689,4.411499,1,4,7,0.001734,0.003034,0.000433
相忆,雨雪,0.569689,4.411499,1,4,7,0.001734,0.003034,0.000433
惆怅,霄汉,0.569689,4.411499,1,7,4,0.003034,0.001734,0.000433
东海,阙下,0.569689,4.411499,1,4,7,0.001734,0.003034,0.000433
帝城,逢人,0.569689,4.411499,1,7,4,0.003034,0.001734,0.000433
多情,青楼,0.569689,4.411499,1,2,14,0.000867,0.006068,0.000433
多情,尘埃,0.569689,4.411499,1,2,14,0.000867,0.006068,0.000433
多情,无限,0.569689,4.411499,1,2,14,0.000867,0.006068,0.000433
多情,淹留,0.569689,4.411499,1,2,14,0.000867,0.006068,0.000433
来往,青楼,0.569689,4.411499,1,2,14,0.000867,0.006068,0.000433
尘埃,来往,0.569689,4.411499,1,14,2,0.006068,0.000867,0.000433
无限,来往,0.569689,4.411499,1,14,2,0.006068,0.000867,0.000433
来往,淹留,0.569689,4.411499,1,2,14,0.000867,0.006068,0.000433
潺湲,相对,0.569689,4.411499,1,7,4,0.003034,0.001734,0.000433
读书,青楼,0.569689,4.411499,1,2,14,0.000867,0.006068,0.000433
读书,风霜,0.569689,4.411499,1,2,14,0.000867,0.006068,0.000433
有情,秋天,0.569689,4.411499,1,7,4,0.003034,0.001734,0.000433
丞相,清净,0.569689,4.411499,1,7,4,0.003034,0.001734,0.000433
清净,骨肉,0.569689,4.411499,1,4,7,0.001734,0.003034,0.000433
咸阳,清净,0.569689,4.411499,1,7,4,0.003034,0.001734,0.000433
宁知,扁舟,0.569689,4.411499,1,28,1,0.012137,0.000433,0.000433
丞相,诸侯,0.569689,4.411499,1,7,4,0.003034,0.001734,0.000433
丞相,玉堂,0.569689,4.411499,1,7,4,0.003034,0.001734,0.000433
出入,尘埃,0.569689,4.411499,1,2,14,0.000867,0.006068,0.000433
出入,马上,0.569689,4.411499,1,2,14,0.000867,0.006068,0.000433
世人,尘埃,0.569689,4.411499,1,2,14,0.000867,0.006068,0.000433
尘埃,感激,0.569689,4.411499,1,14,2,0.006068,0.000867,0.000433
尘埃,楚水,0.569689,4.411499,1,14,2,0.006068,0.000867,0.000433
世人,马上,0.569689,4.411499,1,2,14,0.000867,0.006068,0.000433
感激,马上,0.569689,4.411499,1,2,14,0.000867,0.006068,0.000433
诸侯,骨肉,0.569689,4.411499,1,4,7,0.001734,0.003034,0.000433
玉堂,骨肉,0.569689,4.411499,1,4,7,0.001734,0.003034,0.000433
咸阳,玉堂,0.569689,4.411499,1,7,4,0.003034,0.001734,0.000433
楚水,马上,0.569689,4.411499,1,2,14,0.000867,0.006068,0.000433
天下,扁舟,0.569689,4.411499,1,28,1,0.012137,0.000433,0.000433
咫尺,山河,0.569689,4.411499,1,2,14,0.000867,0.006068,0.000433
惆怅,鸟飞,0.569689,4.411499,1,7,4,0.003034,0.001734,0.000433
相识,老去,0.569689,4.411499,1,14,2,0.006068,0.000867,0.000433
空馀,老去,0.569689,4.411499,1,14,2,0.006068,0.000867,0.000433
丞相,凄凉,0.569689,4.411499,1,7,4,0.003034,0.001734,0.000433
造化,鬼神,0.569689,4.411499,1,7,4,0.003034,0.001734,0.000433
天下,珍重,0.569689,4.411499,1,28,1,0.012137,0.000433,0.000433
山中,湖上,0.569689,4.411499,1,14,2,0.006068,0.000867,0.000433
梦里,造化,0.569689,4.411499,1,4,7,0.001734,0.003034,0.000433
天上,自由,0.569689,4.411499,1,28,1,0.012137,0.000433,0.000433
阳台,鬼神,0.569689,4.411499,1,7,4,0.003034,0.001734,0.000433
山高,阳台,0.569689,4.411499,1,4,7,0.001734,0.003034,0.000433
交亲,骨肉,0.569689,4.411499,1,4,7,0.001734,0.003034,0.000433
杜陵,路岐,0.569689,4.411499,1,4,7,0.001734,0.003034,0.000433
今夜,池上,0.568187,4.006034,2,12,7,0.005202,0.003034,0.000867
池上,迢递,0.568187,4.006034,2,7,12,0.003034,0.005202,0.000867
月色,蛾眉,0.568187,4.006034,2,4,21,0.001734,0.009103,0.000867
帝乡,月色,0.568187,4.006034,2,21,4,0.009103,0.001734,0.000867
帝乡,相对,0.568187,4.006034,2,21,4,0.009103,0.001734,0.000867
功名,空山,0.568187,4.006034,2,7,12,0.003034,0.005202,0.000867
归去,有情,0.568187,4.006034,2,12,7,0.005202,0.003034,0.000867
月光,罗衣,0.568187,4.006034,2,12,7,0.005202,0.003034,0.000867
寂寞,罗衣,0.568187,4.006034,2,12,7,0.005202,0.003034,0.000867
婵娟,空山,0.568187,4.006034,2,7,12,0.003034,0.005202,0.000867
归去,阙下,0.568187,4.006034,2,12,7,0.005202,0.003034,0.000867
从军,风光,0.568187,4.006034,2,4,21,0.001734,0.009103,0.000867
烟波,迢递,0.568187,4.006034,2,7,12,0.003034,0.005202,0.000867
朝朝,烟波,0.568187,4.006034,2,12,7,0.005202,0.003034,0.000867
天下,英雄,0.568187,4.006034,2,28,3,0.012137,0.0013,0.000867
北阙,垂杨,0.568187,4.006034,2,14,6,0.006068,0.002601,0.000867
东风,北阙,0.568187,4.006034,2,6,14,0.002601,0.006068,0.000867
草绿,风流,0.568187,4.006034,2,12,7,0.005202,0.003034,0.000867
翡翠,风流,0.568187,4.006034,2,12,7,0.005202,0.003034,0.000867
丞相,月满,0.568187,4.006034,2,7,12,0.003034,0.005202,0.000867
圣人,骨肉,0.568187,4.006034,2,12,7,0.005202,0.003034,0.000867
长沙,风波,0.568187,4.006034,2,12,7,0.005202,0.003034,0.000867
花前,花开,0.567611,3.608537,4,10,25,0.004335,0.010837,0.001734
白头,花前,0.566906,3.767142,3,16,10,0.006935,0.004335,0.0013
明年,花前,0.566906,3.767142,3,16,10,0.006935,0.004335,0.0013
古人,白头,0.566906,3.767142,3,10,16,0.004335,0.006935,0.0013
古人,明年,0.566906,3.767142,3,10,16,0.004335,0.006935,0.0013
万古,鸳鸯,0.566906,3.767142,3,8,20,0.003468,0.008669,0.0013
东流,零落,0.566906,3.767142,3,16,10,0.006935,0.004335,0.0013
须臾,鸳鸯,0.566906,3.767142,3,8,20,0.003468,0.008669,0.0013
海上,须臾,0.566906,3.767142,3,20,8,0.008669,0.003468,0.0013
陌上,鸳鸯,0.566906,3.767142,3,8,20,0.003468,0.008669,0.0013
春来,自言,0.566906,3.767142,3,16,10,0.006935,0.004335,0.0013
无力,相逢,0.566508,3.994199,2,5,17,0.002167,0.007369,0.000867
使君,相逢,0.566508,3.994199,2,5,17,0.002167,0.007369,0.000867
不归,自古,0.566508,3.994199,2,17,5,0.007369,0.002167,0.000867
林下,翠微,0.566508,3.994199,2,5,17,0.002167,0.007369,0.000867
蛾眉,迢递,0.566358,3.600569,4,21,12,0.009103,0.005202,0.001734
迢递,风光,0.566358,3.600569,4,12,21,0.005202,0.009103,0.001734
朝朝,风光,0.566358,3.600569,4,12,21,0.005202,0.009103,0.001734
扁舟,桃李,0.565157,4.376407,1,1,29,0.000433,0.01257,0.000433
佳人,怅望,0.565037,3.754719,3,18,9,0.007802,0.003901,0.0013
迢递,长安,0.564803,3.361677,6,12,40,0.005202,0.017339,0.002601
岁月,风尘,0.563756,3.355446,6,21,23,0.009103,0.00997,0.002601
桃李,玉楼,0.56321,3.970942,2,29,3,0.01257,0.0013,0.000867
天涯,无穷,0.562275,3.73637,3,11,15,0.004768,0.006502,0.0013
单于,道路,0.561589,3.959514,2,8,11,0.003468,0.004768,0.000867
玲珑,高台,0.561589,3.959514,2,8,11,0.003468,0.004768,0.000867
看花,落日,0.561589,3.959514,2,4,22,0.001734,0.009536,0.000867
南北,浮云,0.561589,3.959514,2,4,22,0.001734,0.009536,0.000867
君心,龙门,0.561589,3.959514,2,8,11,0.003468,0.004768,0.000867
从军,闻道,0.561589,3.959514,2,4,22,0.001734,0.009536,0.000867
天涯,行路,0.561589,3.959514,2,11,8,0.004768,0.003468,0.000867
天涯,路难,0.561589,3.959514,2,11,8,0.004768,0.003468,0.000867
夜长,龙门,0.561589,3.959514,2,8,11,0.003468,0.004768,0.000867
夜长,道路,0.561589,3.959514,2,8,11,0.003468,0.004768,0.000867
仙人,道士,0.561589,3.959514,2,22,4,0.009536,0.001734,0.000867
白玉,须臾,0.561589,3.959514,2,11,8,0.004768,0.003468,0.000867
太平,寒食,0.561589,3.959514,2,11,8,0.004768,0.003468,0.000867
君恩,山路,0.561589,3.959514,2,11,8,0.004768,0.003468,0.000867
西山,鸳鸯,0.561442,3.569316,4,13,20,0.005635,0.008669,0.001734
大道,桃李,0.560838,3.565477,4,9,29,0.003901,0.01257,0.001734
野花,风动,0.560779,4.342506,1,6,5,0.002601,0.002167,0.000433
岁寒,秋来,0.560779,4.342506,1,10,3,0.004335,0.0013,0.000433
秋来,自言,0.560779,4.342506,1,3,10,0.0013,0.004335,0.000433
旧游,相看,0.560779,4.342506,1,5,6,0.002167,0.002601,0.000433
东西,相看,0.560779,4.342506,1,5,6,0.002167,0.002601,0.000433
壮士,天外,0.560779,4.342506,1,3,10,0.0013,0.004335,0.000433
微风,自然,0.560779,4.342506,1,3,10,0.0013,0.004335,0.000433
南国,微风,0.560779,4.342506,1,10,3,0.004335,0.0013,0.000433
先生,封侯,0.560779,4.342506,1,3,10,0.0013,0.004335,0.000433
姓名,封侯,0.560779,4.342506,1,3,10,0.0013,0.004335,0.000433
封侯,弟子,0.560779,4.342506,1,10,3,0.004335,0.0013,0.000433
云雨,夫子,0.560779,4.342506,1,10,3,0.004335,0.0013,0.000433
夫子,白马,0.560779,4.342506,1,3,10,0.0013,0.004335,0.000433
夫子,湘水,0.560779,4.342506,1,3,10,0.0013,0.004335,0.000433
东西,功成,0.560779,4.342506,1,5,6,0.002167,0.002601,0.000433
山阴,茫茫,0.560779,4.342506,1,5,6,0.002167,0.002601,0.000433
垂杨,山阴,0.560779,4.342506,1,6,5,0.002601,0.002167,0.000433
故园,曲江,0.560779,4.342506,1,10,3,0.004335,0.0013,0.000433
南国,秋来,0.560779,4.342506,1,10,3,0.004335,0.0013,0.000433
人世,南国,0.560779,4.342506,1,3,10,0.0013,0.004335,0.000433
天台,月中,0.560779,4.342506,1,6,5,0.002601,0.002167,0.000433
林下,青苔,0.560779,4.342506,1,5,6,0.002167,0.002601,0.000433
苍梧,鹧鸪,0.560779,4.342506,1,10,3,0.004335,0.0013,0.000433
明时,路傍,0.560779,4.342506,1,3,10,0.0013,0.004335,0.000433
江城,落叶,0.560779,4.342506,1,3,10,0.0013,0.004335,0.000433
太守,焚香,0.560779,4.342506,1,5,6,0.002167,0.002601,0.000433
世事,昔日,0.560779,4.342506,1,3,10,0.0013,0.004335,0.000433
花发,草色,0.560779,4.342506,1,10,3,0.004335,0.0013,0.000433
英雄,零落,0.560779,4.342506,1,3,10,0.0013,0.004335,0.000433
文章,英雄,0.560779,4.342506,1,10,3,0.004335,0.0013,0.000433
明时,知音,0.560779,4.342506,1,3,10,0.0013,0.004335,0.000433
终日,萧条,0.560779,4.342506,1,3,10,0.0013,0.004335,0.000433
人家,白雪,0.560779,4.342506,1,5,6,0.002167,0.002601,0.000433
白蘋,知音,0.560779,4.342506,1,3,10,0.0013,0.004335,0.000433
白蘋,风月,0.560779,4.342506,1,3,10,0.0013,0.004335,0.000433
玉楼,自言,0.560779,4.342506,1,3,10,0.0013,0.004335,0.000433
万户,羽翼,0.560779,4.342506,1,5,6,0.002167,0.002601,0.000433
万户,朱门,0.560779,4.342506,1,5,6,0.002167,0.002601,0.000433
万户,垂杨,0.560779,4.342506,1,5,6,0.002167,0.002601,0.000433
万户,金陵,0.560779,4.342506,1,5,6,0.002167,0.002601,0.000433
使君,羽翼,0.560779,4.342506,1,5,6,0.002167,0.002601,0.000433
使君,朱门,0.560779,4.342506,1,5,6,0.002167,0.002601,0.000433
使君,垂杨,0.560779,4.342506,1,5,6,0.002167,0.002601,0.000433
使君,金陵,0.560779,4.342506,1,5,6,0.002167,0.002601,0.000433
玉楼,经过,0.560779,4.342506,1,3,10,0.0013,0.004335,0.000433
才子,知音,0.560779,4.342506,1,3,10,0.0013,0.004335,0.000433
心期,知音,0.560779,4.342506,1,3,10,0.0013,0.004335,0.000433
猿声,知音,0.560779,4.342506,1,3,10,0.0013,0.004335,0.000433
才子,故园,0.560779,4.342506,1,3,10,0.0013,0.004335,0.000433
才子,自言,0.560779,4.342506,1,3,10,0.0013,0.004335,0.000433
才子,花发,0.560779,4.342506,1,3,10,0.0013,0.004335,0.000433
才子,白马,0.560779,4.342506,1,3,10,0.0013,0.004335,0.000433
才子,风月,0.560779,4.342506,1,3,10,0.0013,0.004335,0.000433
憔悴,才子,0.560779,4.342506,1,10,3,0.004335,0.0013,0.000433
才子,经过,0.560779,4.342506,1,3,10,0.0013,0.004335,0.000433
心期,故园,0.560779,4.342506,1,3,10,0.0013,0.004335,0.000433
故园,猿声,0.560779,4.342506,1,10,3,0.004335,0.0013,0.000433
叶落,朱门,0.560779,4.342506,1,5,6,0.002167,0.002601,0.000433
心期,自言,0.560779,4.342506,1,3,10,0.0013,0.004335,0.000433
心期,花发,0.560779,4.342506,1,3,10,0.0013,0.004335,0.000433
心期,白马,0.560779,4.342506,1,3,10,0.0013,0.004335,0.000433
心期,风月,0.560779,4.342506,1,3,10,0.0013,0.004335,0.000433
心期,憔悴,0.560779,4.342506,1,3,10,0.0013,0.004335,0.000433
心期,经过,0.560779,4.342506,1,3,10,0.0013,0.004335,0.000433
猿声,自言,0.560779,4.342506,1,3,10,0.0013,0.004335,0.000433
猿声,花发,0.560779,4.342506,1,3,10,0.0013,0.004335,0.000433
猿声,白马,0.560779,4.342506,1,3,10,0.0013,0.004335,0.000433
猿声,风月,0.560779,4.342506,1,3,10,0.0013,0.004335,0.000433
憔悴,猿声,0.560779,4.342506,1,10,3,0.004335,0.0013,0.000433
猿声,经过,0.560779,4.342506,1,3,10,0.0013,0.004335,0.000433
多情,楼上,0.560779,4.342506,1,2,15,0.000867,0.006502,0.000433
多情,无穷,0.560779,4.342506,1,2,15,0.000867,0.006502,0.000433
人间,多情,0.560779,4.342506,1,15,2,0.006502,0.000867,0.000433
来往,楼上,0.560779,4.342506,1,2,15,0.000867,0.006502,0.000433
消息,自言,0.560779,4.342506,1,3,10,0.0013,0.004335,0.000433
无穷,来往,0.560779,4.342506,1,15,2,0.006502,0.000867,0.000433
去年,相亲,0.560779,4.342506,1,5,6,0.002167,0.002601,0.000433
残月,相亲,0.560779,4.342506,1,5,6,0.002167,0.002601,0.000433
人间,来往,0.560779,4.342506,1,15,2,0.006502,0.000867,0.000433
去年,相寻,0.560779,4.342506,1,5,6,0.002167,0.002601,0.000433
残月,相寻,0.560779,4.342506,1,5,6,0.002167,0.002601,0.000433
浮生,萧索,0.560779,4.342506,1,5,6,0.002167,0.002601,0.000433
古木,名利,0.560779,4.342506,1,10,3,0.004335,0.0013,0.000433
十载,得意,0.560779,4.342506,1,6,5,0.002601,0.002167,0.000433
江水,玉楼,0.560779,4.342506,1,10,3,0.004335,0.0013,0.000433
烟雨,零落,0.560779,4.342506,1,3,10,0.0013,0.004335,0.000433
烟雨,知音,0.560779,4.342506,1,3,10,0.0013,0.004335,0.000433
人家,天台,0.560779,4.342506,1,5,6,0.002167,0.002601,0.000433
青云,飞鸟,0.560779,4.342506,1,15,2,0.006502,0.000867,0.000433
衣裳,还家,0.560779,4.342506,1,5,6,0.002167,0.002601,0.000433
得意,青苔,0.560779,4.342506,1,5,6,0.002167,0.002601,0.000433
自古,青苔,0.560779,4.342506,1,5,6,0.002167,0.002601,0.000433
衣裳,青苔,0.560779,4.342506,1,5,6,0.002167,0.002601,0.000433
得意,忆昔,0.560779,4.342506,1,5,6,0.002167,0.002601,0.000433
得意,茫茫,0.560779,4.342506,1,5,6,0.002167,0.002601,0.000433
他人,封侯,0.560779,4.342506,1,3,10,0.0013,0.004335,0.000433
封侯,所思,0.560779,4.342506,1,10,3,0.004335,0.0013,0.000433
出入,白首,0.560779,4.342506,1,2,15,0.000867,0.006502,0.000433
出入,无穷,0.560779,4.342506,1,2,15,0.000867,0.006502,0.000433
世人,白首,0.560779,4.342506,1,2,15,0.000867,0.006502,0.000433
世人,无穷,0.560779,4.342506,1,2,15,0.000867,0.006502,0.000433
感激,白首,0.560779,4.342506,1,2,15,0.000867,0.006502,0.000433
感激,无穷,0.560779,4.342506,1,2,15,0.000867,0.006502,0.000433
忆昔,自古,0.560779,4.342506,1,6,5,0.002601,0.002167,0.000433
忆昔,衣裳,0.560779,4.342506,1,6,5,0.002601,0.002167,0.000433
他人,昔日,0.560779,4.342506,1,3,10,0.0013,0.004335,0.000433
所思,昔日,0.560779,4.342506,1,3,10,0.0013,0.004335,0.000433
自古,茫茫,0.560779,4.342506,1,5,6,0.002167,0.002601,0.000433
茫茫,衣裳,0.560779,4.342506,1,6,5,0.002601,0.002167,0.000433
他人,萧条,0.560779,4.342506,1,3,10,0.0013,0.004335,0.000433
所思,萧条,0.560779,4.342506,1,3,10,0.0013,0.004335,0.000433
楚水,白首,0.560779,4.342506,1,2,15,0.000867,0.006502,0.000433
无穷,楚水,0.560779,4.342506,1,15,2,0.006502,0.000867,0.000433
他人,自言,0.560779,4.342506,1,3,10,0.0013,0.004335,0.000433
所思,自言,0.560779,4.342506,1,3,10,0.0013,0.004335,0.000433
他人,湘水,0.560779,4.342506,1,3,10,0.0013,0.004335,0.000433
所思,湘水,0.560779,4.342506,1,3,10,0.0013,0.004335,0.000433
岁寒,烟雨,0.560779,4.342506,1,10,3,0.004335,0.0013,0.000433
江海,苍茫,0.560779,4.342506,1,10,3,0.004335,0.0013,0.000433
经过,苍茫,0.560779,4.342506,1,10,3,0.004335,0.0013,0.000433
是非,江海,0.560779,4.342506,1,3,10,0.0013,0.004335,0.000433
是非,经过,0.560779,4.342506,1,3,10,0.0013,0.004335,0.000433
经年,茫茫,0.560779,4.342506,1,5,6,0.002167,0.002601,0.000433
云间,波涛,0.560779,4.342506,1,15,2,0.006502,0.000867,0.000433
人间,波涛,0.560779,4.342506,1,15,2,0.006502,0.000867,0.000433
世上,天台,0.560779,4.342506,1,5,6,0.002167,0.002601,0.000433
万事,青苔,0.560779,4.342506,1,5,6,0.002167,0.002601,0.000433
花发,西风,0.560779,4.342506,1,10,3,0.004335,0.0013,0.000433
万户,相寻,0.560779,4.342506,1,5,6,0.002167,0.002601,0.000433
万户,梦中,0.560779,4.342506,1,5,6,0.002167,0.002601,0.000433
云深,湘水,0.560779,4.342506,1,3,10,0.0013,0.004335,0.000433
云深,猿啼,0.560779,4.342506,1,3,10,0.0013,0.004335,0.000433
关河,秋草,0.560779,4.342506,1,10,3,0.004335,0.0013,0.000433
永日,萧条,0.560779,4.342506,1,3,10,0.0013,0.004335,0.000433
江水,终日,0.560779,4.342506,1,10,3,0.004335,0.0013,0.000433
去年,还家,0.560779,4.342506,1,5,6,0.002167,0.002601,0.000433
宫中,昔日,0.560779,4.342506,1,3,10,0.0013,0.004335,0.000433
深山,自言,0.560779,4.342506,1,3,10,0.0013,0.004335,0.000433
独自,落叶,0.560779,4.342506,1,3,10,0.0013,0.004335,0.000433
归心,相寻,0.560779,4.342506,1,5,6,0.002167,0.002601,0.000433
太守,相看,0.560779,4.342506,1,5,6,0.002167,0.002601,0.000433
天台,莓苔,0.560779,4.342506,1,6,5,0.002601,0.002167,0.000433
世事,路傍,0.560779,4.342506,1,3,10,0.0013,0.004335,0.000433
世事,花前,0.560779,4.342506,1,3,10,0.0013,0.004335,0.000433
今夜,青楼,0.559564,3.718352,3,12,14,0.005202,0.006068,0.0013
迢递,青楼,0.559564,3.718352,3,12,14,0.005202,0.006068,0.0013
玲珑,蛾眉,0.559564,3.718352,3,8,21,0.003468,0.009103,0.0013
归去,青楼,0.559564,3.718352,3,12,14,0.005202,0.006068,0.0013
归去,相识,0.559564,3.718352,3,12,14,0.005202,0.006068,0.0013
少年,行乐,0.559564,3.718352,3,14,12,0.006068,0.005202,0.0013
今年,行乐,0.559564,3.718352,3,14,12,0.006068,0.005202,0.0013
万古,公子,0.559564,3.718352,3,8,21,0.003468,0.009103,0.0013
落花,颜色,0.55904,3.554049,4,33,8,0.014304,0.003468,0.001734
年年,须臾,0.55904,3.554049,4,33,8,0.014304,0.003468,0.001734
江南,相送,0.558671,3.712417,3,13,13,0.005635,0.005635,0.0013
江南,金谷,0.558671,3.712417,3,13,13,0.005635,0.005635,0.0013
云雨,夕阳,0.558401,3.937041,2,10,9,0.004335,0.003901,0.000867
夕阳,天外,0.558401,3.937041,2,9,10,0.003901,0.004335,0.000867
人情,离别,0.558401,3.937041,2,6,15,0.002601,0.006502,0.000867
潇湘,登高,0.558401,3.937041,2,5,18,0.002167,0.007802,0.000867
公卿,零落,0.558401,3.937041,2,9,10,0.003901,0.004335,0.000867
公卿,昔日,0.558401,3.937041,2,9,10,0.003901,0.004335,0.000867
云间,蛟龙,0.558401,3.937041,2,15,6,0.006502,0.002601,0.000867
游人,蛟龙,0.558401,3.937041,2,15,6,0.006502,0.002601,0.000867
封侯,绿水,0.558401,3.937041,2,10,9,0.004335,0.003901,0.000867
江水,绿水,0.558401,3.937041,2,10,9,0.004335,0.003901,0.000867
分明,知音,0.558401,3.937041,2,9,10,0.003901,0.004335,0.000867
月照,水流,0.558401,3.937041,2,18,5,0.007802,0.002167,0.000867
故园,肠断,0.558401,3.937041,2,10,9,0.004335,0.003901,0.000867
苍梧,衣冠,0.558401,3.937041,2,10,9,0.004335,0.003901,0.000867
十里,古来,0.558401,3.937041,2,5,18,0.002167,0.007802,0.000867
古来,水流,0.558401,3.937041,2,18,5,0.007802,0.002167,0.000867
竹林,风月,0.558401,3.937041,2,9,10,0.003901,0.004335,0.000867
佳期,自言,0.558401,3.937041,2,9,10,0.003901,0.004335,0.000867
富贵,江水,0.558401,3.937041,2,9,10,0.003901,0.004335,0.000867
佳人,衣裳,0.558401,3.937041,2,18,5,0.007802,0.002167,0.000867
古木,意气,0.557783,3.706517,3,10,17,0.004335,0.007369,0.0013
意气,自言,0.557783,3.706517,3,17,10,0.007369,0.004335,0.0013
公子,古来,0.557238,3.418247,5,21,18,0.009103,0.007802,0.002167
千秋,鱼龙,0.5569,3.700652,3,19,9,0.008236,0.003901,0.0013
人生,功名,0.556834,3.925991,2,13,7,0.005635,0.003034,0.000867
北风,罗衣,0.556834,3.925991,2,13,7,0.005635,0.003034,0.000867
人生,阙下,0.556834,3.925991,2,13,7,0.005635,0.003034,0.000867
西山,阙下,0.556834,3.925991,2,13,7,0.005635,0.003034,0.000867
烟波,苦辛,0.556834,3.925991,2,7,13,0.003034,0.005635,0.000867
昔时,烟波,0.556834,3.925991,2,13,7,0.005635,0.003034,0.000867
微雨,芳菲,0.556545,4.309716,1,1,31,0.000433,0.013437,0.000433
扁舟,芳菲,0.556545,4.309716,1,1,31,0.000433,0.013437,0.000433
珍重,芳菲,0.556545,4.309716,1,1,31,0.000433,0.013437,0.000433
春色,珍重,0.556545,4.309716,1,31,1,0.013437,0.000433,0.000433
从军,明主,0.555284,3.915062,2,4,23,0.001734,0.00997,0.000867
凤凰,鹦鹉,0.554646,3.215723,7,54,12,0.023407,0.005202,0.003034
可怜,颜色,0.554345,3.524196,4,34,8,0.014738,0.003468,0.001734
可怜,须臾,0.554345,3.524196,4,34,8,0.014738,0.003468,0.001734
北风,白露,0.553767,3.520526,4,13,21,0.005635,0.009103,0.001734
公子,西山,0.553767,3.520526,4,21,13,0.009103,0.005635,0.001734
回首,行人,0.552563,3.671832,3,16,11,0.006935,0.004768,0.0013
松柏,白头,0.552563,3.671832,3,11,16,0.004768,0.006935,0.0013
白头,阳城,0.552563,3.671832,3,16,11,0.006935,0.004768,0.0013
明年,松柏,0.552563,3.671832,3,16,11,0.006935,0.004768,0.0013
明年,阳城,0.552563,3.671832,3,16,11,0.006935,0.004768,0.0013
汉家,须臾,0.552563,3.671832,3,22,8,0.009536,0.003468,0.0013
天涯,春来,0.552563,3.671832,3,11,16,0.004768,0.006935,0.0013
双阙,可惜,0.552445,4.277967,1,8,4,0.003468,0.001734,0.000433
千万,鸟飞,0.552445,4.277967,1,8,4,0.003468,0.001734,0.000433
思归,水声,0.552445,4.277967,1,8,4,0.003468,0.001734,0.000433
回头,山下,0.552445,4.277967,1,2,16,0.000867,0.006935,0.000433
家贫,山下,0.552445,4.277967,1,2,16,0.000867,0.006935,0.000433
主人,逢人,0.552445,4.277967,1,8,4,0.003468,0.001734,0.000433
独立,路长,0.552445,4.277967,1,2,16,0.000867,0.006935,0.000433
玉堂,门前,0.552445,4.277967,1,4,8,0.001734,0.003468,0.000433
玉堂,陌上,0.552445,4.277967,1,4,8,0.001734,0.003468,0.000433
玉堂,相知,0.552445,4.277967,1,4,8,0.001734,0.003468,0.000433
双阙,玉堂,0.552445,4.277967,1,8,4,0.003468,0.001734,0.000433
杜陵,门前,0.552445,4.277967,1,4,8,0.001734,0.003468,0.000433
杜陵,须臾,0.552445,4.277967,1,4,8,0.001734,0.003468,0.000433
杜陵,陌上,0.552445,4.277967,1,4,8,0.001734,0.003468,0.000433
杜陵,相知,0.552445,4.277967,1,4,8,0.001734,0.003468,0.000433
双阙,杜陵,0.552445,4.277967,1,8,4,0.003468,0.001734,0.000433
人皆,逶迤,0.552445,4.277967,1,2,16,0.000867,0.006935,0.000433
中原,山路,0.552445,4.277967,1,4,8,0.001734,0.003468,0.000433
杜陵,走马,0.552445,4.277967,1,4,8,0.001734,0.003468,0.000433
山头,笙歌,0.552445,4.277967,1,4,8,0.001734,0.003468,0.000433
相忆,笙歌,0.552445,4.277967,1,4,8,0.001734,0.003468,0.000433
乔木,沧洲,0.552445,4.277967,1,8,4,0.003468,0.001734,0.000433
相忆,颜色,0.552445,4.277967,1,4,8,0.001734,0.003468,0.000433
单于,相忆,0.552445,4.277967,1,8,4,0.003468,0.001734,0.000433
城中,相对,0.552445,4.277967,1,8,4,0.003468,0.001734,0.000433
乾坤,朝廷,0.552445,4.277967,1,4,8,0.001734,0.003468,0.000433
回首,细雨,0.552445,4.277967,1,16,2,0.006935,0.000867,0.000433
寥落,当时,0.552445,4.277967,1,4,8,0.001734,0.003468,0.000433
当时,逢人,0.552445,4.277967,1,8,4,0.003468,0.001734,0.000433
多情,春来,0.552445,4.277967,1,2,16,0.000867,0.006935,0.000433
多情,御沟,0.552445,4.277967,1,2,16,0.000867,0.006935,0.000433
御沟,来往,0.552445,4.277967,1,16,2,0.006935,0.000867,0.000433
山下,新月,0.552445,4.277967,1,16,2,0.006935,0.000867,0.000433
孤云,逶迤,0.552445,4.277967,1,2,16,0.000867,0.006935,0.000433
君心,相对,0.552445,4.277967,1,8,4,0.003468,0.001734,0.000433
千万,相对,0.552445,4.277967,1,8,4,0.003468,0.001734,0.000433
秋天,黄河,0.552445,4.277967,1,4,8,0.001734,0.003468,0.000433
思君,飞鸟,0.552445,4.277967,1,16,2,0.006935,0.000867,0.000433
明年,飞鸟,0.552445,4.277967,1,16,2,0.006935,0.000867,0.000433
清净,颜色,0.552445,4.277967,1,4,8,0.001734,0.003468,0.000433
诸侯,颜色,0.552445,4.277967,1,4,8,0.001734,0.003468,0.000433
玉堂,颜色,0.552445,4.277967,1,4,8,0.001734,0.003468,0.000433
出入,逶迤,0.552445,4.277967,1,2,16,0.000867,0.006935,0.000433
世人,逶迤,0.552445,4.277967,1,2,16,0.000867,0.006935,0.000433
感激,逶迤,0.552445,4.277967,1,2,16,0.000867,0.006935,0.000433
楚水,逶迤,0.552445,4.277967,1,2,16,0.000867,0.006935,0.000433
万物,清净,0.552445,4.277967,1,8,4,0.003468,0.001734,0.000433
单于,清净,0.552445,4.277967,1,8,4,0.003468,0.001734,0.000433
清净,须臾,0.552445,4.277967,1,4,8,0.001734,0.003468,0.000433
昆仑,清净,0.552445,4.277967,1,8,4,0.003468,0.001734,0.000433
清净,蹉跎,0.552445,4.277967,1,4,8,0.001734,0.003468,0.000433
出入,瑶池,0.552445,4.277967,1,2,16,0.000867,0.006935,0.000433
世人,瑶池,0.552445,4.277967,1,2,16,0.000867,0.006935,0.000433
万物,诸侯,0.552445,4.277967,1,8,4,0.003468,0.001734,0.000433
万物,玉堂,0.552445,4.277967,1,8,4,0.003468,0.001734,0.000433
感激,瑶池,0.552445,4.277967,1,2,16,0.000867,0.006935,0.000433
单于,诸侯,0.552445,4.277967,1,8,4,0.003468,0.001734,0.000433
单于,玉堂,0.552445,4.277967,1,8,4,0.003468,0.001734,0.000433
诸侯,须臾,0.552445,4.277967,1,4,8,0.001734,0.003468,0.000433
昆仑,诸侯,0.552445,4.277967,1,8,4,0.003468,0.001734,0.000433
诸侯,蹉跎,0.552445,4.277967,1,4,8,0.001734,0.003468,0.000433
楚水,瑶池,0.552445,4.277967,1,2,16,0.000867,0.006935,0.000433
昆仑,玉堂,0.552445,4.277967,1,8,4,0.003468,0.001734,0.000433
玉堂,蹉跎,0.552445,4.277967,1,4,8,0.001734,0.003468,0.000433
两相,蹉跎,0.552445,4.277967,1,4,8,0.001734,0.003468,0.000433
春来,细雨,0.552445,4.277967,1,16,2,0.006935,0.000867,0.000433
波涛,白头,0.552445,4.277967,1,2,16,0.000867,0.006935,0.000433
从军,单于,0.552445,4.277967,1,4,8,0.001734,0.003468,0.000433
城中,梦里,0.552445,4.277967,1,8,4,0.003468,0.001734,0.000433
乾坤,昔年,0.552445,4.277967,1,4,8,0.001734,0.003468,0.000433
乾坤,昆仑,0.552445,4.277967,1,4,8,0.001734,0.003468,0.000433
千金,满眼,0.552445,4.277967,1,32,1,0.013871,0.000433,0.000433
清秋,瑶池,0.552445,4.277967,1,2,16,0.000867,0.006935,0.000433
月明,衣裳,0.550733,3.882974,2,19,5,0.008236,0.002167,0.000867
千秋,太守,0.550733,3.882974,2,19,5,0.008236,0.002167,0.000867
得意,纵横,0.550733,3.882974,2,5,19,0.002167,0.008236,0.000867
关山,绿水,0.550348,3.498786,4,31,9,0.013437,0.003901,0.001734
落花,行乐,0.549655,3.371727,5,33,12,0.014304,0.005202,0.002167
孤舟,路长,0.549248,3.872502,2,6,16,0.002601,0.006935,0.000867
今夜,玲珑,0.549248,3.872502,2,12,8,0.005202,0.003468,0.000867
玲珑,迢递,0.549248,3.872502,2,8,12,0.003468,0.005202,0.000867
月满,黄河,0.549248,3.872502,2,12,8,0.005202,0.003468,0.000867
辛苦,黄河,0.549248,3.872502,2,12,8,0.005202,0.003468,0.000867
丈夫,黄河,0.549248,3.872502,2,12,8,0.005202,0.003468,0.000867
万古,归去,0.549248,3.872502,2,8,12,0.003468,0.005202,0.000867
东流,蛟龙,0.549248,3.872502,2,16,6,0.006935,0.002601,0.000867
归去,百尺,0.549248,3.872502,2,12,8,0.005202,0.003468,0.000867
行路,迢递,0.549248,3.872502,2,8,12,0.003468,0.005202,0.000867
朝朝,行路,0.549248,3.872502,2,12,8,0.005202,0.003468,0.000867
路难,迢递,0.549248,3.872502,2,8,12,0.003468,0.005202,0.000867
千万,迢递,0.549248,3.872502,2,8,12,0.003468,0.005202,0.000867
朝朝,路难,0.549248,3.872502,2,12,8,0.005202,0.003468,0.000867
从军,君王,0.549248,3.872502,2,4,24,0.001734,0.010403,0.000867
千万,朝朝,0.549248,3.872502,2,8,12,0.003468,0.005202,0.000867
夜长,月光,0.549248,3.872502,2,8,12,0.003468,0.005202,0.000867
南宫,红尘,0.549248,3.872502,2,8,12,0.003468,0.005202,0.000867
红尘,须臾,0.549248,3.872502,2,12,8,0.005202,0.003468,0.000867
翡翠,须臾,0.549248,3.872502,2,12,8,0.005202,0.003468,0.000867
草绿,陌上,0.549248,3.872502,2,12,8,0.005202,0.003468,0.000867
欢娱,相对,0.549248,3.872502,2,24,4,0.010403,0.001734,0.000867
美人,诸侯,0.549248,3.872502,2,24,4,0.010403,0.001734,0.000867
春来,朱门,0.549248,3.872502,2,16,6,0.006935,0.002601,0.000867
御沟,相亲,0.549248,3.872502,2,16,6,0.006935,0.002601,0.000867
圣人,昆仑,0.549248,3.872502,2,12,8,0.005202,0.003468,0.000867
摇落,蹉跎,0.549248,3.872502,2,12,8,0.005202,0.003468,0.000867
叶落,春风,0.549181,3.649359,3,5,36,0.002167,0.015605,0.0013
无穷,朝朝,0.549181,3.649359,3,15,12,0.006502,0.005202,0.0013
封侯,月照,0.549181,3.649359,3,10,18,0.004335,0.007802,0.0013
微雨,落花,0.548471,4.247196,1,1,33,0.000433,0.014304,0.000433
云深,伤心,0.548471,4.247196,1,3,11,0.0013,0.004768,0.000433
所以,道路,0.548471,4.247196,1,3,11,0.0013,0.004768,0.000433
名利,桃源,0.548471,4.247196,1,3,11,0.0013,0.004768,0.000433
夫子,青松,0.548471,4.247196,1,3,11,0.0013,0.004768,0.000433
消息,行人,0.548471,4.247196,1,3,11,0.0013,0.004768,0.000433
春草,猿声,0.548471,4.247196,1,11,3,0.004768,0.0013,0.000433
八月,阳城,0.548471,4.247196,1,3,11,0.0013,0.004768,0.000433
明时,阳城,0.548471,4.247196,1,3,11,0.0013,0.004768,0.000433
日照,鹧鸪,0.548471,4.247196,1,11,3,0.004768,0.0013,0.000433
天涯,才子,0.548471,4.247196,1,11,3,0.004768,0.0013,0.000433
天涯,心期,0.548471,4.247196,1,11,3,0.004768,0.0013,0.000433
天涯,猿声,0.548471,4.247196,1,11,3,0.004768,0.0013,0.000433
伤心,才子,0.548471,4.247196,1,11,3,0.004768,0.0013,0.000433
才子,桃源,0.548471,4.247196,1,3,11,0.0013,0.004768,0.000433
才子,龙门,0.548471,4.247196,1,3,11,0.0013,0.004768,0.000433
伤心,猿声,0.548471,4.247196,1,11,3,0.004768,0.0013,0.000433
心期,桃源,0.548471,4.247196,1,3,11,0.0013,0.004768,0.000433
心期,龙门,0.548471,4.247196,1,3,11,0.0013,0.004768,0.000433
桃源,猿声,0.548471,4.247196,1,11,3,0.004768,0.0013,0.000433
猿声,龙门,0.548471,4.247196,1,3,11,0.0013,0.004768,0.000433
日照,消息,0.548471,4.247196,1,11,3,0.004768,0.0013,0.000433
春草,楚客,0.548471,4.247196,1,11,3,0.004768,0.0013,0.000433
春草,沧浪,0.548471,4.247196,1,11,3,0.004768,0.0013,0.000433
名利,秋色,0.548471,4.247196,1,3,11,0.0013,0.004768,0.000433
春草,玉楼,0.548471,4.247196,1,11,3,0.004768,0.0013,0.000433
夜月,烟雨,0.548471,4.247196,1,11,3,0.004768,0.0013,0.000433
伤心,春水,0.548471,4.247196,1,11,3,0.004768,0.0013,0.000433
他人,白玉,0.548471,4.247196,1,3,11,0.0013,0.004768,0.000433
所思,白玉,0.548471,4.247196,1,3,11,0.0013,0.004768,0.000433
他人,日晚,0.548471,4.247196,1,3,11,0.0013,0.004768,0.000433
所思,日晚,0.548471,4.247196,1,3,11,0.0013,0.004768,0.000433
南山,扁舟,0.548471,4.247196,1,33,1,0.014304,0.000433,0.000433
八月,独坐,0.548471,4.247196,1,3,11,0.0013,0.004768,0.000433
白蘋,高台,0.548471,4.247196,1,3,11,0.0013,0.004768,0.000433
深山,道路,0.548471,4.247196,1,3,11,0.0013,0.004768,0.000433
伤心,永日,0.548471,4.247196,1,11,3,0.004768,0.0013,0.000433
永日,青松,0.548471,4.247196,1,3,11,0.0013,0.004768,0.000433
春光,连天,0.548471,4.247196,1,11,3,0.004768,0.0013,0.000433
秋色,至今,0.548471,4.247196,1,11,3,0.004768,0.0013,0.000433
夜月,永日,0.548471,4.247196,1,11,3,0.004768,0.0013,0.000433
八月,君恩,0.548471,4.247196,1,3,11,0.0013,0.004768,0.000433
八月,含情,0.548471,4.247196,1,3,11,0.0013,0.004768,0.000433
君恩,自知,0.548471,4.247196,1,11,3,0.004768,0.0013,0.000433
含情,自知,0.548471,4.247196,1,11,3,0.004768,0.0013,0.000433
他人,天涯,0.548471,4.247196,1,3,11,0.0013,0.004768,0.000433
世事,日晚,0.548471,4.247196,1,3,11,0.0013,0.004768,0.000433
伤心,秋草,0.548471,4.247196,1,11,3,0.004768,0.0013,0.000433
未央,鸳鸯,0.548016,3.361677,5,20,20,0.008669,0.008669,0.002167
少年,知己,0.547518,3.638309,3,14,13,0.006068,0.005635,0.0013
池上,青楼,0.546323,3.851883,2,7,14,0.003034,0.006068,0.000867
有情,青楼,0.546323,3.851883,2,7,14,0.003034,0.006068,0.000867
有情,相识,0.546323,3.851883,2,7,14,0.003034,0.006068,0.000867
今年,庭前,0.546323,3.851883,2,14,7,0.006068,0.003034,0.000867
庭前,无限,0.546323,3.851883,2,7,14,0.003034,0.006068,0.000867
将军,颜色,0.545354,3.467037,4,36,8,0.015605,0.003468,0.001734
将军,须臾,0.545354,3.467037,4,36,8,0.015605,0.003468,0.001734
君王,月光,0.545354,3.467037,4,24,12,0.010403,0.005202,0.001734
大道,高台,0.544883,3.841731,2,9,11,0.003901,0.004768,0.000867
佳期,高台,0.544883,3.841731,2,9,11,0.003901,0.004768,0.000867
水边,落花,0.544883,3.841731,2,3,33,0.0013,0.014304,0.000867
名利,相思,0.544883,3.841731,2,3,33,0.0013,0.014304,0.000867
天涯,绿水,0.544883,3.841731,2,11,9,0.004768,0.003901,0.000867
太平,雨露,0.544883,3.841731,2,11,9,0.004768,0.003901,0.000867
人心,松柏,0.544883,3.841731,2,9,11,0.003901,0.004768,0.000867
回头,意气,0.544616,4.217343,1,2,17,0.000867,0.007369,0.000433
家贫,意气,0.544616,4.217343,1,2,17,0.000867,0.007369,0.000433
回头,相逢,0.544616,4.217343,1,2,17,0.000867,0.007369,0.000433
山僧,携手,0.544616,4.217343,1,2,17,0.000867,0.007369,0.000433
不归,昨日,0.544616,4.217343,1,17,2,0.007369,0.000867,0.000433
万国,人皆,0.544616,4.217343,1,17,2,0.007369,0.000867,0.000433
千门,宫殿,0.544616,4.217343,1,17,2,0.007369,0.000867,0.000433
多情,梅花,0.544616,4.217343,1,2,17,0.000867,0.007369,0.000433
别离,多情,0.544616,4.217343,1,17,2,0.007369,0.000867,0.000433
来往,梅花,0.544616,4.217343,1,2,17,0.000867,0.007369,0.000433
别离,来往,0.544616,4.217343,1,17,2,0.007369,0.000867,0.000433
别离,夜雨,0.544616,4.217343,1,17,2,0.007369,0.000867,0.000433
可怜,君家,0.544616,4.217343,1,34,1,0.014738,0.000433,0.000433
不归,出入,0.544616,4.217343,1,17,2,0.007369,0.000867,0.000433
出入,携手,0.544616,4.217343,1,2,17,0.000867,0.007369,0.000433
不归,世人,0.544616,4.217343,1,17,2,0.007369,0.000867,0.000433
世人,携手,0.544616,4.217343,1,2,17,0.000867,0.007369,0.000433
不归,感激,0.544616,4.217343,1,17,2,0.007369,0.000867,0.000433
感激,携手,0.544616,4.217343,1,2,17,0.000867,0.007369,0.000433
不归,楚水,0.544616,4.217343,1,17,2,0.007369,0.000867,0.000433
携手,楚水,0.544616,4.217343,1,17,2,0.007369,0.000867,0.000433
可怜,扁舟,0.544616,4.217343,1,34,1,0.014738,0.000433,0.000433
别离,咫尺,0.544616,4.217343,1,17,2,0.007369,0.000867,0.000433
孤云,相逢,0.544616,4.217343,1,2,17,0.000867,0.007369,0.000433
别离,水清,0.544616,4.217343,1,17,2,0.007369,0.000867,0.000433
出入,千门,0.544616,4.217343,1,2,17,0.000867,0.007369,0.000433
归来,秋雨,0.544616,4.217343,1,17,2,0.007369,0.000867,0.000433
叹息,看花,0.543458,3.83168,2,25,4,0.010837,0.001734,0.000867
昔日,零落,0.543458,3.83168,2,10,10,0.004335,0.004335,0.000867
叶落,鸳鸯,0.543458,3.83168,2,5,20,0.002167,0.008669,0.000867
叶落,海上,0.543458,3.83168,2,5,20,0.002167,0.008669,0.000867
封侯,江水,0.543458,3.83168,2,10,10,0.004335,0.004335,0.000867
未央,衣裳,0.543458,3.83168,2,20,5,0.008669,0.002167,0.000867
衣裳,鸳鸯,0.543458,3.83168,2,5,20,0.002167,0.008669,0.000867
千载,诸侯,0.543458,3.83168,2,25,4,0.010837,0.001734,0.000867
千载,玉堂,0.543458,3.83168,2,25,4,0.010837,0.001734,0.000867
自言,花发,0.543458,3.83168,2,10,10,0.004335,0.004335,0.000867
白马,自言,0.543458,3.83168,2,10,10,0.004335,0.004335,0.000867
白马,花发,0.543458,3.83168,2,10,10,0.004335,0.004335,0.000867
天外,猿啼,0.543458,3.83168,2,10,10,0.004335,0.004335,0.000867
云雨,猿啼,0.543458,3.83168,2,10,10,0.004335,0.004335,0.000867
万户,九重,0.543458,3.83168,2,5,20,0.002167,0.008669,0.000867
知音,风月,0.543458,3.83168,2,10,10,0.004335,0.004335,0.000867
经过,自言,0.543458,3.83168,2,10,10,0.004335,0.004335,0.000867
千门,日晚,0.54344,3.611207,3,17,11,0.007369,0.004768,0.0013
白玉,相逢,0.54344,3.611207,3,11,17,0.004768,0.007369,0.0013
年年,风光,0.543066,3.148583,7,33,21,0.014304,0.009103,0.003034
少年,蛾眉,0.54211,3.446418,4,14,21,0.006068,0.009103,0.001734
今年,公子,0.54211,3.446418,4,14,21,0.006068,0.009103,0.001734
相识,蛾眉,0.54211,3.446418,4,14,21,0.006068,0.009103,0.001734
大道,蛾眉,0.541839,3.600569,3,9,21,0.003901,0.009103,0.0013
佳期,蛾眉,0.541839,3.600569,3,9,21,0.003901,0.009103,0.0013
佳期,帝乡,0.541839,3.600569,3,9,21,0.003901,0.009103,0.0013
王孙,蛾眉,0.541839,3.600569,3,9,21,0.003901,0.009103,0.0013
旧游,花枝,0.540872,4.188355,1,5,7,0.002167,0.003034,0.000433
东西,花枝,0.540872,4.188355,1,5,7,0.002167,0.003034,0.000433
惆怅,无力,0.540872,4.188355,1,7,5,0.003034,0.002167,0.000433
百里,风波,0.540872,4.188355,1,5,7,0.002167,0.003034,0.000433
莓苔,风波,0.540872,4.188355,1,5,7,0.002167,0.003034,0.000433
残月,潺湲,0.540872,4.188355,1,5,7,0.002167,0.003034,0.000433
罗衣,风飘,0.540872,4.188355,1,7,5,0.003034,0.002167,0.000433
去年,风流,0.540872,4.188355,1,5,7,0.002167,0.003034,0.000433
残月,风流,0.540872,4.188355,1,5,7,0.002167,0.003034,0.000433
东西,阳台,0.540872,4.188355,1,5,7,0.002167,0.003034,0.000433
得意,潺湲,0.540872,4.188355,1,5,7,0.002167,0.003034,0.000433
潇湘,潺湲,0.540872,4.188355,1,5,7,0.002167,0.003034,0.000433
有情,衣裳,0.540872,4.188355,1,7,5,0.003034,0.002167,0.000433
得意,骨肉,0.540872,4.188355,1,5,7,0.002167,0.003034,0.000433
咸阳,得意,0.540872,4.188355,1,7,5,0.003034,0.002167,0.000433
丞相,自古,0.540872,4.188355,1,7,5,0.003034,0.002167,0.000433
丞相,衣裳,0.540872,4.188355,1,7,5,0.003034,0.002167,0.000433
自古,骨肉,0.540872,4.188355,1,5,7,0.002167,0.003034,0.000433
咸阳,自古,0.540872,4.188355,1,7,5,0.003034,0.002167,0.000433
衣裳,骨肉,0.540872,4.188355,1,5,7,0.002167,0.003034,0.000433
咸阳,衣裳,0.540872,4.188355,1,7,5,0.003034,0.002167,0.000433
世上,有情,0.540872,4.188355,1,5,7,0.002167,0.003034,0.000433
浮生,风波,0.540872,4.188355,1,5,7,0.002167,0.003034,0.000433
世上,池上,0.540872,4.188355,1,5,7,0.002167,0.003034,0.000433
池上,风动,0.540872,4.188355,1,7,5,0.003034,0.002167,0.000433
万事,骨肉,0.540872,4.188355,1,5,7,0.002167,0.003034,0.000433
归心,造化,0.540872,4.188355,1,5,7,0.002167,0.003034,0.000433
功名,故山,0.540872,4.188355,1,7,5,0.003034,0.002167,0.000433
东西,马蹄,0.540872,4.188355,1,5,7,0.002167,0.003034,0.000433
眼前,神仙,0.540872,4.188355,1,1,35,0.000433,0.015171,0.000433
忆昔,携手,0.540649,3.811878,2,6,17,0.002601,0.007369,0.000867
泉声,翠微,0.540649,3.811878,2,6,17,0.002601,0.007369,0.000867
朱门,青门,0.540649,3.811878,2,6,17,0.002601,0.007369,0.000867
意气,朱门,0.540649,3.811878,2,17,6,0.007369,0.002601,0.000867
梅花,相亲,0.540649,3.811878,2,17,6,0.007369,0.002601,0.000867
携手,茫茫,0.540649,3.811878,2,17,6,0.007369,0.002601,0.000867
相思,绿水,0.540514,3.436265,4,33,9,0.014304,0.003901,0.001734
今夜,御沟,0.539469,3.58482,3,12,16,0.005202,0.006935,0.0013
御沟,迢递,0.539469,3.58482,3,16,12,0.006935,0.005202,0.0013
白头,行乐,0.539469,3.58482,3,16,12,0.006935,0.005202,0.0013
明年,行乐,0.539469,3.58482,3,16,12,0.006935,0.005202,0.0013
春来,朝朝,0.539469,3.58482,3,16,12,0.006935,0.005202,0.0013
云间,鸳鸯,0.538933,3.426215,4,15,20,0.006502,0.008669,0.001734
可怜,蛾眉,0.537917,3.11873,7,34,21,0.014738,0.009103,0.003034
西山,黄河,0.537895,3.79246,2,13,8,0.005635,0.003468,0.000867
年华,当时,0.537895,3.79246,2,13,8,0.005635,0.003468,0.000867
知己,走马,0.537895,3.79246,2,13,8,0.005635,0.003468,0.000867
万古,人生,0.537895,3.79246,2,8,13,0.003468,0.005635,0.000867
人生,百尺,0.537895,3.79246,2,13,8,0.005635,0.003468,0.000867
人生,千万,0.537895,3.79246,2,13,8,0.005635,0.003468,0.000867
千万,西山,0.537895,3.79246,2,8,13,0.003468,0.005635,0.000867
苦辛,行路,0.537895,3.79246,2,13,8,0.005635,0.003468,0.000867
昔时,行路,0.537895,3.79246,2,13,8,0.005635,0.003468,0.000867
苦辛,路难,0.537895,3.79246,2,13,8,0.005635,0.003468,0.000867
千万,苦辛,0.537895,3.79246,2,8,13,0.003468,0.005635,0.000867
昔时,路难,0.537895,3.79246,2,13,8,0.005635,0.003468,0.000867
千万,昔时,0.537895,3.79246,2,8,13,0.003468,0.005635,0.000867
从军,他乡,0.537895,3.79246,2,4,26,0.001734,0.01127,0.000867
北风,夜长,0.537895,3.79246,2,13,8,0.005635,0.003468,0.000867
寥落,百年,0.537895,3.79246,2,4,26,0.001734,0.01127,0.000867
笙歌,蓬莱,0.537895,3.79246,2,8,13,0.003468,0.005635,0.000867
当时,金谷,0.537895,3.79246,2,8,13,0.003468,0.005635,0.000867
圣主,江湖,0.537234,4.160184,1,9,4,0.003901,0.001734,0.000433
人情,忆昔,0.537234,4.160184,1,6,6,0.002601,0.002601,0.000433
丈夫,秋来,0.537234,4.160184,1,12,3,0.005202,0.0013,0.000433
临水,游子,0.537234,4.160184,1,3,12,0.0013,0.005202,0.000433
池塘,芳草,0.537234,4.160184,1,3,12,0.0013,0.005202,0.000433
月下,秋来,0.537234,4.160184,1,12,3,0.005202,0.0013,0.000433
东南,秋来,0.537234,4.160184,1,12,3,0.005202,0.0013,0.000433
功成,朱门,0.537234,4.160184,1,6,6,0.002601,0.002601,0.000433
从容,归去,0.537234,4.160184,1,3,12,0.0013,0.005202,0.000433
故乡,老去,0.537234,4.160184,1,18,2,0.007802,0.000867,0.000433
中原,清晨,0.537234,4.160184,1,4,9,0.001734,0.003901,0.000433
清晨,玉堂,0.537234,4.160184,1,9,4,0.003901,0.001734,0.000433
壮士,草绿,0.537234,4.160184,1,3,12,0.0013,0.005202,0.000433
微风,红尘,0.537234,4.160184,1,3,12,0.0013,0.005202,0.000433
姓名,清风,0.537234,4.160184,1,3,12,0.0013,0.005202,0.000433
丈夫,姓名,0.537234,4.160184,1,12,3,0.005202,0.0013,0.000433
弟子,清风,0.537234,4.160184,1,3,12,0.0013,0.005202,0.000433
公卿,诸侯,0.537234,4.160184,1,9,4,0.003901,0.001734,0.000433
丈夫,弟子,0.537234,4.160184,1,12,3,0.005202,0.0013,0.000433
干戈,诸侯,0.537234,4.160184,1,9,4,0.003901,0.001734,0.000433
故乡,独立,0.537234,4.160184,1,18,2,0.007802,0.000867,0.000433
双飞,玉堂,0.537234,4.160184,1,9,4,0.003901,0.001734,0.000433
双飞,杜陵,0.537234,4.160184,1,9,4,0.003901,0.001734,0.000433
大道,玉堂,0.537234,4.160184,1,9,4,0.003901,0.001734,0.000433
寂寥,玉堂,0.537234,4.160184,1,9,4,0.003901,0.001734,0.000433
大道,杜陵,0.537234,4.160184,1,9,4,0.003901,0.001734,0.000433
寂寥,杜陵,0.537234,4.160184,1,9,4,0.003901,0.001734,0.000433
名利,辛苦,0.537234,4.160184,1,3,12,0.0013,0.005202,0.000433
王孙,秋天,0.537234,4.160184,1,9,4,0.003901,0.001734,0.000433
晚来,风景,0.537234,4.160184,1,3,12,0.0013,0.005202,0.000433
苍生,萧索,0.537234,4.160184,1,6,6,0.002601,0.002601,0.000433
分明,巫峡,0.537234,4.160184,1,9,4,0.003901,0.001734,0.000433
丹砂,草木,0.537234,4.160184,1,4,9,0.001734,0.003901,0.000433
昨夜,杜陵,0.537234,4.160184,1,9,4,0.003901,0.001734,0.000433
今夜,猿声,0.537234,4.160184,1,12,3,0.005202,0.0013,0.000433
今夜,八月,0.537234,4.160184,1,12,3,0.005202,0.0013,0.000433
微风,芳草,0.537234,4.160184,1,3,12,0.0013,0.005202,0.000433
垂杨,茫茫,0.537234,4.160184,1,6,6,0.002601,0.002601,0.000433
登临,霄汉,0.537234,4.160184,1,9,4,0.003901,0.001734,0.000433
秋来,长沙,0.537234,4.160184,1,3,12,0.0013,0.005202,0.000433
独立,芙蓉,0.537234,4.160184,1,2,18,0.000867,0.007802,0.000433
夕阳,沧洲,0.537234,4.160184,1,9,4,0.003901,0.001734,0.000433
相忆,鱼龙,0.537234,4.160184,1,4,9,0.001734,0.003901,0.000433
寥落,草木,0.537234,4.160184,1,4,9,0.001734,0.003901,0.000433
江山,烟雨,0.537234,4.160184,1,12,3,0.005202,0.0013,0.000433
依然,霄汉,0.537234,4.160184,1,9,4,0.003901,0.001734,0.000433
心事,梦中,0.537234,4.160184,1,6,6,0.002601,0.002601,0.000433
人归,花间,0.537234,4.160184,1,6,6,0.002601,0.002601,0.000433
人归,台上,0.537234,4.160184,1,6,6,0.002601,0.002601,0.000433
台上,花间,0.537234,4.160184,1,6,6,0.002601,0.002601,0.000433
世事,寂寞,0.537234,4.160184,1,3,12,0.0013,0.005202,0.000433
先生,翡翠,0.537234,4.160184,1,3,12,0.0013,0.005202,0.000433
绿水,远近,0.537234,4.160184,1,9,4,0.003901,0.001734,0.000433
从容,物外,0.537234,4.160184,1,3,12,0.0013,0.005202,0.000433
池塘,物外,0.537234,4.160184,1,3,12,0.0013,0.005202,0.000433
他日,物外,0.537234,4.160184,1,3,12,0.0013,0.005202,0.000433
汉水,风景,0.537234,4.160184,1,3,12,0.0013,0.005202,0.000433
乾坤,风雨,0.537234,4.160184,1,4,9,0.001734,0.003901,0.000433
诸侯,风雨,0.537234,4.160184,1,4,9,0.001734,0.003901,0.000433
乾坤,草木,0.537234,4.160184,1,4,9,0.001734,0.003901,0.000433
草木,诸侯,0.537234,4.160184,1,9,4,0.003901,0.001734,0.000433
英雄,莲花,0.537234,4.160184,1,3,12,0.0013,0.005202,0.000433
千古,草木,0.537234,4.160184,1,4,9,0.001734,0.003901,0.000433
南北,生死,0.537234,4.160184,1,4,9,0.001734,0.003901,0.000433
摇落,白蘋,0.537234,4.160184,1,12,3,0.005202,0.0013,0.000433
沧浪,物外,0.537234,4.160184,1,3,12,0.0013,0.005202,0.000433
归去,玉楼,0.537234,4.160184,1,12,3,0.005202,0.0013,0.000433
玉楼,红尘,0.537234,4.160184,1,3,12,0.0013,0.005202,0.000433
玉楼,长沙,0.537234,4.160184,1,3,12,0.0013,0.005202,0.000433
朱门,羽翼,0.537234,4.160184,1,6,6,0.002601,0.002601,0.000433
垂杨,羽翼,0.537234,4.160184,1,6,6,0.002601,0.002601,0.000433
羽翼,金陵,0.537234,4.160184,1,6,6,0.002601,0.002601,0.000433
垂杨,朱门,0.537234,4.160184,1,6,6,0.002601,0.002601,0.000433
朱门,金陵,0.537234,4.160184,1,6,6,0.002601,0.002601,0.000433
垂杨,金陵,0.537234,4.160184,1,6,6,0.002601,0.002601,0.000433
丈夫,才子,0.537234,4.160184,1,12,3,0.005202,0.0013,0.000433
才子,迢递,0.537234,4.160184,1,3,12,0.0013,0.005202,0.000433
寂寞,才子,0.537234,4.160184,1,12,3,0.005202,0.0013,0.000433
东南,才子,0.537234,4.160184,1,12,3,0.005202,0.0013,0.000433
丈夫,猿声,0.537234,4.160184,1,12,3,0.005202,0.0013,0.000433
心期,迢递,0.537234,4.160184,1,3,12,0.0013,0.005202,0.000433
猿声,迢递,0.537234,4.160184,1,3,12,0.0013,0.005202,0.000433
寂寞,心期,0.537234,4.160184,1,12,3,0.005202,0.0013,0.000433
寂寞,猿声,0.537234,4.160184,1,12,3,0.005202,0.0013,0.000433
寥落,衣冠,0.537234,4.160184,1,4,9,0.001734,0.003901,0.000433
寥落,飘飖,0.537234,4.160184,1,4,9,0.001734,0.003901,0.000433
寥落,高秋,0.537234,4.160184,1,4,9,0.001734,0.003901,0.000433
东南,心期,0.537234,4.160184,1,12,3,0.005202,0.0013,0.000433
东南,猿声,0.537234,4.160184,1,12,3,0.005202,0.0013,0.000433
寥落,竹林,0.537234,4.160184,1,4,9,0.001734,0.003901,0.000433
佳期,寥落,0.537234,4.160184,1,9,4,0.003901,0.001734,0.000433
寥落,昨夜,0.537234,4.160184,1,4,9,0.001734,0.003901,0.000433
肠断,逢人,0.537234,4.160184,1,9,4,0.003901,0.001734,0.000433
富贵,逢人,0.537234,4.160184,1,9,4,0.003901,0.001734,0.000433
分明,逢人,0.537234,4.160184,1,9,4,0.003901,0.001734,0.000433
今夜,消息,0.537234,4.160184,1,12,3,0.005202,0.0013,0.000433
消息,迢递,0.537234,4.160184,1,3,12,0.0013,0.005202,0.000433
消息,鹦鹉,0.537234,4.160184,1,3,12,0.0013,0.005202,0.000433
朝朝,消息,0.537234,4.160184,1,12,3,0.005202,0.0013,0.000433
相亲,相寻,0.537234,4.160184,1,6,6,0.002601,0.002601,0.000433
楚客,风景,0.537234,4.160184,1,3,12,0.0013,0.005202,0.000433
沧浪,风景,0.537234,4.160184,1,3,12,0.0013,0.005202,0.000433
寂寥,相忆,0.537234,4.160184,1,9,4,0.003901,0.001734,0.000433
心事,相看,0.537234,4.160184,1,6,6,0.002601,0.002601,0.000433
丈夫,名利,0.537234,4.160184,1,12,3,0.005202,0.0013,0.000433
东南,名利,0.537234,4.160184,1,12,3,0.005202,0.0013,0.000433
夜雨,故乡,0.537234,4.160184,1,2,18,0.000867,0.007802,0.000433
今已,相对,0.537234,4.160184,1,9,4,0.003901,0.001734,0.000433
东海,富贵,0.537234,4.160184,1,4,9,0.001734,0.003901,0.000433
玉楼,草绿,0.537234,4.160184,1,3,12,0.0013,0.005202,0.000433
双飞,秋天,0.537234,4.160184,1,9,4,0.003901,0.001734,0.000433
佳人,飞鸟,0.537234,4.160184,1,18,2,0.007802,0.000867,0.000433
春水,红粉,0.537234,4.160184,1,3,12,0.0013,0.005202,0.000433
忆昔,青苔,0.537234,4.160184,1,6,6,0.002601,0.002601,0.000433
茫茫,青苔,0.537234,4.160184,1,6,6,0.002601,0.002601,0.000433
佳人,出入,0.537234,4.160184,1,18,2,0.007802,0.000867,0.000433
世人,佳人,0.537234,4.160184,1,2,18,0.000867,0.007802,0.000433
佳人,感激,0.537234,4.160184,1,18,2,0.007802,0.000867,0.000433
佳人,楚水,0.537234,4.160184,1,18,2,0.007802,0.000867,0.000433
怅望,清净,0.537234,4.160184,1,9,4,0.003901,0.001734,0.000433
他人,游子,0.537234,4.160184,1,3,12,0.0013,0.005202,0.000433
所思,游子,0.537234,4.160184,1,3,12,0.0013,0.005202,0.000433
他人,翡翠,0.537234,4.160184,1,3,12,0.0013,0.005202,0.000433
所思,翡翠,0.537234,4.160184,1,3,12,0.0013,0.005202,0.000433
出入,古来,0.537234,4.160184,1,2,18,0.000867,0.007802,0.000433
出入,故乡,0.537234,4.160184,1,2,18,0.000867,0.007802,0.000433
出入,白发,0.537234,4.160184,1,2,18,0.000867,0.007802,0.000433
世人,古来,0.537234,4.160184,1,2,18,0.000867,0.007802,0.000433
世人,故乡,0.537234,4.160184,1,2,18,0.000867,0.007802,0.000433
世人,白发,0.537234,4.160184,1,2,18,0.000867,0.007802,0.000433
古来,感激,0.537234,4.160184,1,18,2,0.007802,0.000867,0.000433
感激,故乡,0.537234,4.160184,1,2,18,0.000867,0.007802,0.000433
感激,白发,0.537234,4.160184,1,2,18,0.000867,0.007802,0.000433
古来,楚水,0.537234,4.160184,1,18,2,0.007802,0.000867,0.000433
忆昔,茫茫,0.537234,4.160184,1,6,6,0.002601,0.002601,0.000433
故乡,楚水,0.537234,4.160184,1,18,2,0.007802,0.000867,0.000433
怅望,诸侯,0.537234,4.160184,1,9,4,0.003901,0.001734,0.000433
楚水,白发,0.537234,4.160184,1,2,18,0.000867,0.007802,0.000433
他人,圣人,0.537234,4.160184,1,3,12,0.0013,0.005202,0.000433
圣人,所思,0.537234,4.160184,1,12,3,0.005202,0.0013,0.000433
他人,摇落,0.537234,4.160184,1,3,12,0.0013,0.005202,0.000433
他人,月满,0.537234,4.160184,1,3,12,0.0013,0.005202,0.000433
所思,摇落,0.537234,4.160184,1,3,12,0.0013,0.005202,0.000433
怅望,玉堂,0.537234,4.160184,1,9,4,0.003901,0.001734,0.000433
所思,月满,0.537234,4.160184,1,3,12,0.0013,0.005202,0.000433
苍生,茫茫,0.537234,4.160184,1,6,6,0.002601,0.002601,0.000433
归客,春风,0.537234,4.160184,1,1,36,0.000433,0.015605,0.000433
相访,裴回,0.537234,4.160184,1,1,36,0.000433,0.015605,0.000433
昨夜,武陵,0.537234,4.160184,1,9,4,0.003901,0.001734,0.000433
月满,苍茫,0.537234,4.160184,1,12,3,0.005202,0.0013,0.000433
寂寞,苍茫,0.537234,4.160184,1,12,3,0.005202,0.0013,0.000433
羽翼,霓裳,0.537234,4.160184,1,6,6,0.002601,0.002601,0.000433
临水,行乐,0.537234,4.160184,1,3,12,0.0013,0.005202,0.000433
临水,风景,0.537234,4.160184,1,3,12,0.0013,0.005202,0.000433
白发,雨后,0.537234,4.160184,1,18,2,0.007802,0.000867,0.000433
夜来,长沙,0.537234,4.160184,1,3,12,0.0013,0.005202,0.000433
闲居,鬼神,0.537234,4.160184,1,9,4,0.003901,0.001734,0.000433
草木,鬼神,0.537234,4.160184,1,9,4,0.003901,0.001734,0.000433
两相,富贵,0.537234,4.160184,1,4,9,0.001734,0.003901,0.000433
两相,大道,0.537234,4.160184,1,4,9,0.001734,0.003901,0.000433
兄弟,双飞,0.537234,4.160184,1,4,9,0.001734,0.003901,0.000433
渭水,远近,0.537234,4.160184,1,9,4,0.003901,0.001734,0.000433
所思,行乐,0.537234,4.160184,1,3,12,0.0013,0.005202,0.000433
至今,长沙,0.537234,4.160184,1,3,12,0.0013,0.005202,0.000433
梦中,相寻,0.537234,4.160184,1,6,6,0.002601,0.002601,0.000433
秋草,长沙,0.537234,4.160184,1,3,12,0.0013,0.005202,0.000433
人归,功成,0.537234,4.160184,1,6,6,0.002601,0.002601,0.000433
八月,摇落,0.537234,4.160184,1,3,12,0.0013,0.005202,0.000433
摇落,自知,0.537234,4.160184,1,12,3,0.005202,0.0013,0.000433
宫中,红粉,0.537234,4.160184,1,3,12,0.0013,0.005202,0.000433
看花,飘飖,0.537234,4.160184,1,4,9,0.001734,0.003901,0.000433
风雨,鬼神,0.537234,4.160184,1,9,4,0.003901,0.001734,0.000433
山高,风雨,0.537234,4.160184,1,4,9,0.001734,0.003901,0.000433
昨夜,相忆,0.537234,4.160184,1,9,4,0.003901,0.001734,0.000433
凉风,秋日,0.537234,4.160184,1,9,4,0.003901,0.001734,0.000433
今夜,宫中,0.537234,4.160184,1,12,3,0.005202,0.0013,0.000433
明朝,高树,0.537234,4.160184,1,9,4,0.003901,0.001734,0.000433
鹦鹉,鹧鸪,0.537234,4.160184,1,12,3,0.005202,0.0013,0.000433
乾坤,雨露,0.537234,4.160184,1,4,9,0.001734,0.003901,0.000433
圣主,武陵,0.537234,4.160184,1,9,4,0.003901,0.001734,0.000433
台上,还家,0.537234,4.160184,1,6,6,0.002601,0.002601,0.000433
城下,高秋,0.537234,4.160184,1,4,9,0.001734,0.003901,0.000433
心期,辛苦,0.537234,4.160184,1,3,12,0.0013,0.005202,0.000433
月出,芙蓉,0.537234,4.160184,1,2,18,0.000867,0.007802,0.000433
花时,芳草,0.537234,4.160184,1,3,12,0.0013,0.005202,0.000433
交亲,富贵,0.537234,4.160184,1,4,9,0.001734,0.003901,0.000433
干戈,杜陵,0.537234,4.160184,1,9,4,0.003901,0.001734,0.000433
云间,池上,0.536538,3.78289,2,15,7,0.006502,0.003034,0.000867
有情,楼上,0.536538,3.78289,2,7,15,0.003034,0.006502,0.000867
宛转,罗衣,0.536538,3.78289,2,15,7,0.006502,0.003034,0.000867
婵娟,无穷,0.536538,3.78289,2,7,15,0.003034,0.006502,0.000867
公子,叶落,0.536538,3.78289,2,21,5,0.009103,0.002167,0.000867
云间,阙下,0.536538,3.78289,2,15,7,0.006502,0.003034,0.000867
游人,阙下,0.536538,3.78289,2,15,7,0.006502,0.003034,0.000867
无穷,烟波,0.536538,3.78289,2,15,7,0.006502,0.003034,0.000867
人间,阙下,0.536538,3.78289,2,15,7,0.006502,0.003034,0.000867
日夜,青云,0.536538,3.78289,2,7,15,0.003034,0.006502,0.000867
丞相,白首,0.536538,3.78289,2,7,15,0.003034,0.006502,0.000867
得意,蛾眉,0.536538,3.78289,2,5,21,0.002167,0.009103,0.000867
得意,白露,0.536538,3.78289,2,5,21,0.002167,0.009103,0.000867
今年,少年,0.536366,3.564201,3,14,14,0.006068,0.006068,0.0013
歌舞,黄昏,0.536366,3.564201,3,49,4,0.02124,0.001734,0.0013
无限,淹留,0.536366,3.564201,3,14,14,0.006068,0.006068,0.0013
丈夫,将军,0.53547,3.284716,5,12,36,0.005202,0.015605,0.002167
夕阳,巫山,0.534838,3.554049,3,9,22,0.003901,0.009536,0.0013
今朝,昨夜,0.534838,3.554049,3,22,9,0.009536,0.003901,0.0013
归客,杨柳,0.533696,4.132785,1,1,37,0.000433,0.016038,0.000433
花开,颜色,0.533326,3.543998,3,25,8,0.010837,0.003468,0.0013
花开,须臾,0.533326,3.543998,3,25,8,0.010837,0.003468,0.0013
芳树,须臾,0.533326,3.543998,3,25,8,0.010837,0.003468,0.0013
昔日,海上,0.533326,3.543998,3,10,20,0.004335,0.008669,0.0013
楼前,长安,0.533326,3.543998,3,5,40,0.002167,0.017339,0.0013
千载,须臾,0.533326,3.543998,3,25,8,0.010837,0.003468,0.0013
故山,长安,0.533326,3.543998,3,5,40,0.002167,0.017339,0.0013
凤凰,鸳鸯,0.532989,2.956212,9,54,20,0.023407,0.008669,0.003901
月光,窈窕,0.532763,3.386994,4,12,26,0.005202,0.01127,0.001734
今夜,佳期,0.532542,3.754719,2,12,9,0.005202,0.003901,0.000867
双飞,清风,0.532542,3.754719,2,9,12,0.003901,0.005202,0.000867
绿水,莲花,0.532542,3.754719,2,9,12,0.003901,0.005202,0.000867
怅望,莲花,0.532542,3.754719,2,9,12,0.003901,0.005202,0.000867
今已,莲花,0.532542,3.754719,2,9,12,0.003901,0.005202,0.000867
佳期,莲花,0.532542,3.754719,2,9,12,0.003901,0.005202,0.000867
公卿,归去,0.532542,3.754719,2,9,12,0.003901,0.005202,0.000867
绿水,迢递,0.532542,3.754719,2,9,12,0.003901,0.005202,0.000867
朝朝,绿水,0.532542,3.754719,2,12,9,0.005202,0.003901,0.000867
莲花,雨露,0.532542,3.754719,2,12,9,0.005202,0.003901,0.000867
日月,诸侯,0.532542,3.754719,2,27,4,0.011704,0.001734,0.000867
大道,红尘,0.532542,3.754719,2,9,12,0.003901,0.005202,0.000867
大道,鹦鹉,0.532542,3.754719,2,9,12,0.003901,0.005202,0.000867
大道,朝朝,0.532542,3.754719,2,9,12,0.003901,0.005202,0.000867
消息,裴回,0.532542,3.754719,2,3,36,0.0013,0.015605,0.000867
今夜,明朝,0.532542,3.754719,2,12,9,0.005202,0.003901,0.000867
佳人,茫茫,0.532542,3.754719,2,18,6,0.007802,0.002601,0.000867
佳人,垂杨,0.532542,3.754719,2,18,6,0.007802,0.002601,0.000867
明日,菊花,0.532542,3.754719,2,9,12,0.003901,0.005202,0.000867
寂寥,摇落,0.532542,3.754719,2,9,12,0.003901,0.005202,0.000867
单于,天子,0.532479,3.266366,5,8,55,0.003468,0.02384,0.002167
无穷,风光,0.531258,3.377425,4,15,21,0.006502,0.009103,0.001734
岁月,白首,0.531258,3.377425,4,21,15,0.009103,0.006502,0.001734
人情,可怜,0.530346,3.524196,3,6,34,0.002601,0.014738,0.0013
洛阳,黄昏,0.530346,3.524196,3,51,4,0.022107,0.001734,0.0013
东南,意气,0.530346,3.524196,3,12,17,0.005202,0.007369,0.0013
人皆,千秋,0.530252,4.106117,1,2,19,0.000867,0.008236,0.000433
千秋,宫殿,0.530252,4.106117,1,19,2,0.008236,0.000867,0.000433
北斗,阑干,0.530252,4.106117,1,19,2,0.008236,0.000867,0.000433
世人,秋月,0.530252,4.106117,1,2,19,0.000867,0.008236,0.000433
白日,红叶,0.530252,4.106117,1,38,1,0.016472,0.000433,0.000433
秋声,风吹,0.530252,4.106117,1,1,38,0.000433,0.016472,0.000433
千秋,青天,0.530252,4.106117,1,19,2,0.008236,0.000867,0.000433
月出,月明,0.530252,4.106117,1,2,19,0.000867,0.008236,0.000433
秋月,飞鸟,0.530252,4.106117,1,19,2,0.008236,0.000867,0.000433
扁舟,白日,0.530252,4.106117,1,1,38,0.000433,0.016472,0.000433
扁舟,风吹,0.530252,4.106117,1,1,38,0.000433,0.016472,0.000433
出入,纵横,0.530252,4.106117,1,2,19,0.000867,0.008236,0.000433
世人,纵横,0.530252,4.106117,1,2,19,0.000867,0.008236,0.000433
感激,纵横,0.530252,4.106117,1,2,19,0.000867,0.008236,0.000433
楚水,纵横,0.530252,4.106117,1,2,19,0.000867,0.008236,0.000433
波涛,秋月,0.530252,4.106117,1,2,19,0.000867,0.008236,0.000433
年少,风吹,0.530252,4.106117,1,1,38,0.000433,0.016472,0.000433
月明,清秋,0.530252,4.106117,1,19,2,0.008236,0.000867,0.000433
满地,风吹,0.530252,4.106117,1,1,38,0.000433,0.016472,0.000433
关河,望乡,0.52994,3.73637,2,10,11,0.004335,0.004768,0.000867
无力,落日,0.52994,3.73637,2,5,22,0.002167,0.009536,0.000867
使君,落日,0.52994,3.73637,2,5,22,0.002167,0.009536,0.000867
日斜,松风,0.52994,3.73637,2,11,10,0.004768,0.004335,0.000867
君恩,春日,0.52994,3.73637,2,11,10,0.004768,0.004335,0.000867
浮云,潇湘,0.52994,3.73637,2,22,5,0.009536,0.002167,0.000867
叶落,汉家,0.52994,3.73637,2,5,22,0.002167,0.009536,0.000867
天涯,封侯,0.52994,3.73637,2,11,10,0.004768,0.004335,0.000867
天涯,江水,0.52994,3.73637,2,11,10,0.004768,0.004335,0.000867
日晚,路傍,0.52994,3.73637,2,11,10,0.004768,0.004335,0.000867
桃源,风月,0.52994,3.73637,2,11,10,0.004768,0.004335,0.000867
白马,青松,0.52994,3.73637,2,10,11,0.004335,0.004768,0.000867
白玉,自言,0.52994,3.73637,2,11,10,0.004768,0.004335,0.000867
巫山,得意,0.52994,3.73637,2,22,5,0.009536,0.002167,0.000867
得意,黄金,0.52994,3.73637,2,5,22,0.002167,0.009536,0.000867
岁寒,黄叶,0.52994,3.73637,2,10,11,0.004335,0.004768,0.000867
衣裳,闻道,0.52994,3.73637,2,5,22,0.002167,0.009536,0.000867
得意,闻道,0.52994,3.73637,2,5,22,0.002167,0.009536,0.000867
桃李,阳城,0.529273,3.364807,4,29,11,0.01257,0.004768,0.001734
千万,长安,0.528781,3.361677,4,8,40,0.003468,0.017339,0.001734
路难,长安,0.528781,3.361677,4,8,40,0.003468,0.017339,0.001734
相望,鸳鸯,0.528781,3.361677,4,16,20,0.006935,0.008669,0.001734
春水,杨柳,0.528656,3.72732,2,3,37,0.0013,0.016038,0.000867
东流,绮罗,0.527424,3.504777,3,16,13,0.006935,0.005635,0.0013
花落,颜色,0.527424,3.504777,3,26,8,0.01127,0.003468,0.0013
花落,须臾,0.527424,3.504777,3,26,8,0.01127,0.003468,0.0013
东流,西山,0.527424,3.504777,3,16,13,0.006935,0.005635,0.0013
昔时,春来,0.527424,3.504777,3,13,16,0.005635,0.006935,0.0013
玲珑,青楼,0.527384,3.718352,2,8,14,0.003468,0.006068,0.000867
御沟,池上,0.527384,3.718352,2,16,7,0.006935,0.003034,0.000867
回首,有情,0.527384,3.718352,2,16,7,0.006935,0.003034,0.000867
东流,阙下,0.527384,3.718352,2,16,7,0.006935,0.003034,0.000867
春来,烟波,0.527384,3.718352,2,16,7,0.006935,0.003034,0.000867
东流,烟波,0.527384,3.718352,2,16,7,0.006935,0.003034,0.000867
夜长,徘徊,0.527384,3.718352,2,8,14,0.003468,0.006068,0.000867
天下,诸侯,0.527384,3.718352,2,28,4,0.012137,0.001734,0.000867
今年,寒食,0.527384,3.718352,2,14,8,0.006068,0.003468,0.000867
相识,颜色,0.527384,3.718352,2,14,8,0.006068,0.003468,0.000867
婵娟,思君,0.527384,3.718352,2,7,16,0.003034,0.006935,0.000867
意气,纵横,0.527313,3.352345,4,17,19,0.007369,0.008236,0.001734
云间,长安,0.527312,3.138533,6,15,40,0.006502,0.017339,0.002601
名利,知己,0.526898,4.080142,1,3,13,0.0013,0.005635,0.000433
壮士,月夜,0.526898,4.080142,1,3,13,0.0013,0.005635,0.000433
先生,相送,0.526898,4.080142,1,3,13,0.0013,0.005635,0.000433
姓名,相送,0.526898,4.080142,1,3,13,0.0013,0.005635,0.000433
弟子,相送,0.526898,4.080142,1,3,13,0.0013,0.005635,0.000433
沧浪,西山,0.526898,4.080142,1,3,13,0.0013,0.005635,0.000433
人世,客心,0.526898,4.080142,1,3,13,0.0013,0.005635,0.000433
八月,西山,0.526898,4.080142,1,3,13,0.0013,0.005635,0.000433
曲江,金谷,0.526898,4.080142,1,3,13,0.0013,0.005635,0.000433
天寒,故人,0.526898,4.080142,1,1,39,0.000433,0.016905,0.000433
苦辛,鹧鸪,0.526898,4.080142,1,13,3,0.005635,0.0013,0.000433
世事,昔时,0.526898,4.080142,1,3,13,0.0013,0.005635,0.000433
消息,苦辛,0.526898,4.080142,1,3,13,0.0013,0.005635,0.000433
同心,明时,0.526898,4.080142,1,13,3,0.005635,0.0013,0.000433
故人,行客,0.526898,4.080142,1,39,1,0.016905,0.000433,0.000433
白蘋,苦辛,0.526898,4.080142,1,3,13,0.0013,0.005635,0.000433
人生,玉楼,0.526898,4.080142,1,13,3,0.005635,0.0013,0.000433
同心,玉楼,0.526898,4.080142,1,13,3,0.005635,0.0013,0.000433
才子,金谷,0.526898,4.080142,1,3,13,0.0013,0.005635,0.000433
才子,知己,0.526898,4.080142,1,3,13,0.0013,0.005635,0.000433
才子,江南,0.526898,4.080142,1,3,13,0.0013,0.005635,0.000433
心期,金谷,0.526898,4.080142,1,3,13,0.0013,0.005635,0.000433
猿声,金谷,0.526898,4.080142,1,3,13,0.0013,0.005635,0.000433
心期,知己,0.526898,4.080142,1,3,13,0.0013,0.005635,0.000433
猿声,知己,0.526898,4.080142,1,3,13,0.0013,0.005635,0.000433
心期,江南,0.526898,4.080142,1,3,13,0.0013,0.005635,0.000433
江南,猿声,0.526898,4.080142,1,13,3,0.005635,0.0013,0.000433
壮士,昔时,0.526898,4.080142,1,3,13,0.0013,0.005635,0.000433
玉楼,西山,0.526898,4.080142,1,3,13,0.0013,0.005635,0.000433
春水,西山,0.526898,4.080142,1,3,13,0.0013,0.005635,0.000433
他人,西山,0.526898,4.080142,1,3,13,0.0013,0.005635,0.000433
所思,西山,0.526898,4.080142,1,3,13,0.0013,0.005635,0.000433
相送,苍茫,0.526898,4.080142,1,13,3,0.005635,0.0013,0.000433
江南,苍茫,0.526898,4.080142,1,13,3,0.005635,0.0013,0.000433
归客,故人,0.526898,4.080142,1,1,39,0.000433,0.016905,0.000433
白蘋,相送,0.526898,4.080142,1,3,13,0.0013,0.005635,0.000433
江南,白蘋,0.526898,4.080142,1,13,3,0.005635,0.0013,0.000433
月夜,楚客,0.526898,4.080142,1,13,3,0.005635,0.0013,0.000433
同心,西风,0.526898,4.080142,1,13,3,0.005635,0.0013,0.000433
八月,昔时,0.526898,4.080142,1,3,13,0.0013,0.005635,0.000433
昔时,自知,0.526898,4.080142,1,13,3,0.005635,0.0013,0.000433
参差,苍苔,0.526898,4.080142,1,39,1,0.016905,0.000433,0.000433
姓名,苦辛,0.526898,4.080142,1,3,13,0.0013,0.005635,0.000433
所以,苦辛,0.526898,4.080142,1,3,13,0.0013,0.005635,0.000433
将军,干戈,0.526827,3.349254,4,36,9,0.015605,0.003901,0.001734
凤凰,蛟龙,0.526827,3.349254,4,54,6,0.023407,0.002601,0.001734
花前,蛾眉,0.525983,3.495208,3,10,21,0.004335,0.009103,0.0013
公子,花前,0.525983,3.495208,3,21,10,0.009103,0.004335,0.0013
古人,蛾眉,0.525983,3.495208,3,10,21,0.004335,0.009103,0.0013
公子,古人,0.525983,3.495208,3,21,10,0.009103,0.004335,0.0013
公子,昔日,0.525983,3.495208,3,21,10,0.009103,0.004335,0.0013
自言,风光,0.525983,3.495208,3,10,21,0.004335,0.009103,0.0013
自言,蛾眉,0.525983,3.495208,3,10,21,0.004335,0.009103,0.0013
纵横,蛟龙,0.524874,3.700652,2,19,6,0.008236,0.002601,0.000867
千秋,萧索,0.524874,3.700652,2,19,6,0.008236,0.002601,0.000867
北斗,羽翼,0.524874,3.700652,2,19,6,0.008236,0.002601,0.000867
桃李,蛾眉,0.524811,3.123644,6,29,21,0.01257,0.009103,0.002601
公子,桃李,0.524811,3.123644,6,21,29,0.009103,0.01257,0.002601
天地,自古,0.523635,3.691918,2,23,5,0.00997,0.002167,0.000867
丹砂,风月,0.523629,4.054824,1,4,10,0.001734,0.004335,0.000433
沧海,鸟飞,0.523629,4.054824,1,10,4,0.004335,0.001734,0.000433
湘水,鸟飞,0.523629,4.054824,1,10,4,0.004335,0.001734,0.000433
思归,风飘,0.523629,4.054824,1,8,5,0.003468,0.002167,0.000433
水声,知音,0.523629,4.054824,1,4,10,0.001734,0.004335,0.000433
南国,江湖,0.523629,4.054824,1,10,4,0.004335,0.001734,0.000433
子孙,萧条,0.523629,4.054824,1,4,10,0.001734,0.004335,0.000433
萧条,道士,0.523629,4.054824,1,10,4,0.004335,0.001734,0.000433
主人,对酒,0.523629,4.054824,1,8,5,0.003468,0.002167,0.000433
中原,路傍,0.523629,4.054824,1,4,10,0.001734,0.004335,0.000433
玉堂,路傍,0.523629,4.054824,1,4,10,0.001734,0.004335,0.000433
对酒,思归,0.523629,4.054824,1,5,8,0.002167,0.003468,0.000433
日夕,梧桐,0.523629,4.054824,1,8,5,0.003468,0.002167,0.000433
思归,梧桐,0.523629,4.054824,1,8,5,0.003468,0.002167,0.000433
楼前,门前,0.523629,4.054824,1,5,8,0.002167,0.003468,0.000433
楼前,须臾,0.523629,4.054824,1,5,8,0.002167,0.003468,0.000433
楼前,陌上,0.523629,4.054824,1,5,8,0.002167,0.003468,0.000433
楼前,相知,0.523629,4.054824,1,5,8,0.002167,0.003468,0.000433
双阙,楼前,0.523629,4.054824,1,8,5,0.003468,0.002167,0.000433
玉堂,花发,0.523629,4.054824,1,4,10,0.001734,0.004335,0.000433
玉堂,白马,0.523629,4.054824,1,4,10,0.001734,0.004335,0.000433
杜陵,自言,0.523629,4.054824,1,4,10,0.001734,0.004335,0.000433
杜陵,花发,0.523629,4.054824,1,4,10,0.001734,0.004335,0.000433
杜陵,白马,0.523629,4.054824,1,4,10,0.001734,0.004335,0.000433
白马,秋天,0.523629,4.054824,1,10,4,0.004335,0.001734,0.000433
湘水,秋天,0.523629,4.054824,1,10,4,0.004335,0.001734,0.000433
人皆,未央,0.523629,4.054824,1,2,20,0.000867,0.008669,0.000433
山阴,百尺,0.523629,4.054824,1,5,8,0.002167,0.003468,0.000433
丹砂,今来,0.523629,4.054824,1,4,10,0.001734,0.004335,0.000433
去年,思归,0.523629,4.054824,1,5,8,0.002167,0.003468,0.000433
万物,林下,0.523629,4.054824,1,8,5,0.003468,0.002167,0.000433
山阴,黄河,0.523629,4.054824,1,5,8,0.002167,0.003468,0.000433
山阴,颜色,0.523629,4.054824,1,5,8,0.002167,0.003468,0.000433
山阴,思归,0.523629,4.054824,1,5,8,0.002167,0.003468,0.000433
南宫,山阴,0.523629,4.054824,1,8,5,0.003468,0.002167,0.000433
主人,山阴,0.523629,4.054824,1,8,5,0.003468,0.002167,0.000433
天外,逢人,0.523629,4.054824,1,10,4,0.004335,0.001734,0.000433
清明,逢人,0.523629,4.054824,1,10,4,0.004335,0.001734,0.000433
故园,逢人,0.523629,4.054824,1,10,4,0.004335,0.001734,0.000433
云飞,山头,0.523629,4.054824,1,10,4,0.004335,0.001734,0.000433
云飞,相忆,0.523629,4.054824,1,10,4,0.004335,0.001734,0.000433
江海,谢公,0.523629,4.054824,1,10,4,0.004335,0.001734,0.000433
秋日,苍梧,0.523629,4.054824,1,4,10,0.001734,0.004335,0.000433
百花,相忆,0.523629,4.054824,1,10,4,0.004335,0.001734,0.000433
相忆,萧条,0.523629,4.054824,1,4,10,0.001734,0.004335,0.000433
今来,山高,0.523629,4.054824,1,10,4,0.004335,0.001734,0.000433
相对,路傍,0.523629,4.054824,1,4,10,0.001734,0.004335,0.000433
故园,相对,0.523629,4.054824,1,10,4,0.004335,0.001734,0.000433
朝廷,残月,0.523629,4.054824,1,8,5,0.003468,0.002167,0.000433
乾坤,江海,0.523629,4.054824,1,4,10,0.001734,0.004335,0.000433
乾坤,关河,0.523629,4.054824,1,4,10,0.001734,0.004335,0.000433
江海,诸侯,0.523629,4.054824,1,10,4,0.004335,0.001734,0.000433
关河,诸侯,0.523629,4.054824,1,10,4,0.004335,0.001734,0.000433
殷勤,远山,0.523629,4.054824,1,10,4,0.004335,0.001734,0.000433
东海,自然,0.523629,4.054824,1,4,10,0.001734,0.004335,0.000433
南北,江海,0.523629,4.054824,1,4,10,0.001734,0.004335,0.000433
南北,风月,0.523629,4.054824,1,4,10,0.001734,0.004335,0.000433
万户,当时,0.523629,4.054824,1,5,8,0.002167,0.003468,0.000433
使君,当时,0.523629,4.054824,1,5,8,0.002167,0.003468,0.000433
万户,南宫,0.523629,4.054824,1,5,8,0.002167,0.003468,0.000433
使君,南宫,0.523629,4.054824,1,5,8,0.002167,0.003468,0.000433
万户,须臾,0.523629,4.054824,1,5,8,0.002167,0.003468,0.000433
使君,须臾,0.523629,4.054824,1,5,8,0.002167,0.003468,0.000433
叶落,当时,0.523629,4.054824,1,5,8,0.002167,0.003468,0.000433
寥落,知音,0.523629,4.054824,1,4,10,0.001734,0.004335,0.000433
寥落,故园,0.523629,4.054824,1,4,10,0.001734,0.004335,0.000433
寥落,自言,0.523629,4.054824,1,4,10,0.001734,0.004335,0.000433
寥落,花发,0.523629,4.054824,1,4,10,0.001734,0.004335,0.000433
寥落,白马,0.523629,4.054824,1,4,10,0.001734,0.004335,0.000433
寥落,风月,0.523629,4.054824,1,4,10,0.001734,0.004335,0.000433
寥落,憔悴,0.523629,4.054824,1,4,10,0.001734,0.004335,0.000433
寥落,经过,0.523629,4.054824,1,4,10,0.001734,0.004335,0.000433
去年,莺啼,0.523629,4.054824,1,5,8,0.002167,0.003468,0.000433
去年,君心,0.523629,4.054824,1,5,8,0.002167,0.003468,0.000433
残月,莺啼,0.523629,4.054824,1,5,8,0.002167,0.003468,0.000433
君心,残月,0.523629,4.054824,1,8,5,0.003468,0.002167,0.000433
浮生,路难,0.523629,4.054824,1,5,8,0.002167,0.003468,0.000433
君心,得意,0.523629,4.054824,1,8,5,0.003468,0.002167,0.000433
千万,得意,0.523629,4.054824,1,8,5,0.003468,0.002167,0.000433
今来,相对,0.523629,4.054824,1,10,4,0.004335,0.001734,0.000433
封侯,相对,0.523629,4.054824,1,10,4,0.004335,0.001734,0.000433
岁寒,相对,0.523629,4.054824,1,10,4,0.004335,0.001734,0.000433
凄凉,古木,0.523629,4.054824,1,4,10,0.001734,0.004335,0.000433
百里,走马,0.523629,4.054824,1,5,8,0.002167,0.003468,0.000433
东海,江水,0.523629,4.054824,1,4,10,0.001734,0.004335,0.000433
寒山,颜色,0.523629,4.054824,1,5,8,0.002167,0.003468,0.000433
太守,朝廷,0.523629,4.054824,1,5,8,0.002167,0.003468,0.000433
古人,鬼神,0.523629,4.054824,1,10,4,0.004335,0.001734,0.000433
沧洲,落叶,0.523629,4.054824,1,4,10,0.001734,0.004335,0.000433
沧洲,萧条,0.523629,4.054824,1,4,10,0.001734,0.004335,0.000433
得意,颜色,0.523629,4.054824,1,5,8,0.002167,0.003468,0.000433
自古,颜色,0.523629,4.054824,1,5,8,0.002167,0.003468,0.000433
衣裳,颜色,0.523629,4.054824,1,5,8,0.002167,0.003468,0.000433
万物,得意,0.523629,4.054824,1,8,5,0.003468,0.002167,0.000433
单于,得意,0.523629,4.054824,1,8,5,0.003468,0.002167,0.000433
得意,须臾,0.523629,4.054824,1,5,8,0.002167,0.003468,0.000433
得意,昆仑,0.523629,4.054824,1,5,8,0.002167,0.003468,0.000433
得意,蹉跎,0.523629,4.054824,1,5,8,0.002167,0.003468,0.000433
封侯,清净,0.523629,4.054824,1,10,4,0.004335,0.001734,0.000433
封侯,玉堂,0.523629,4.054824,1,10,4,0.004335,0.001734,0.000433
昔日,清净,0.523629,4.054824,1,10,4,0.004335,0.001734,0.000433
清净,萧条,0.523629,4.054824,1,4,10,0.001734,0.004335,0.000433
清净,自言,0.523629,4.054824,1,4,10,0.001734,0.004335,0.000433
清净,湘水,0.523629,4.054824,1,4,10,0.001734,0.004335,0.000433
出入,海上,0.523629,4.054824,1,2,20,0.000867,0.008669,0.000433
出入,青春,0.523629,4.054824,1,2,20,0.000867,0.008669,0.000433
世人,海上,0.523629,4.054824,1,2,20,0.000867,0.008669,0.000433
世人,青春,0.523629,4.054824,1,2,20,0.000867,0.008669,0.000433
万物,自古,0.523629,4.054824,1,8,5,0.003468,0.002167,0.000433
万物,衣裳,0.523629,4.054824,1,8,5,0.003468,0.002167,0.000433
感激,海上,0.523629,4.054824,1,2,20,0.000867,0.008669,0.000433
感激,青春,0.523629,4.054824,1,2,20,0.000867,0.008669,0.000433
昔日,诸侯,0.523629,4.054824,1,10,4,0.004335,0.001734,0.000433
昔日,玉堂,0.523629,4.054824,1,10,4,0.004335,0.001734,0.000433
单于,自古,0.523629,4.054824,1,8,5,0.003468,0.002167,0.000433
单于,衣裳,0.523629,4.054824,1,8,5,0.003468,0.002167,0.000433
萧条,诸侯,0.523629,4.054824,1,10,4,0.004335,0.001734,0.000433
自言,诸侯,0.523629,4.054824,1,10,4,0.004335,0.001734,0.000433
湘水,诸侯,0.523629,4.054824,1,10,4,0.004335,0.001734,0.000433
自古,须臾,0.523629,4.054824,1,5,8,0.002167,0.003468,0.000433
昆仑,自古,0.523629,4.054824,1,8,5,0.003468,0.002167,0.000433
自古,蹉跎,0.523629,4.054824,1,5,8,0.002167,0.003468,0.000433
衣裳,须臾,0.523629,4.054824,1,5,8,0.002167,0.003468,0.000433
昆仑,衣裳,0.523629,4.054824,1,8,5,0.003468,0.002167,0.000433
衣裳,蹉跎,0.523629,4.054824,1,5,8,0.002167,0.003468,0.000433
玉堂,萧条,0.523629,4.054824,1,4,10,0.001734,0.004335,0.000433
楚水,海上,0.523629,4.054824,1,2,20,0.000867,0.008669,0.000433
楚水,青春,0.523629,4.054824,1,2,20,0.000867,0.008669,0.000433
湘水,玉堂,0.523629,4.054824,1,10,4,0.004335,0.001734,0.000433
交亲,江海,0.523629,4.054824,1,4,10,0.001734,0.004335,0.000433
子孙,承恩,0.523629,4.054824,1,4,10,0.001734,0.004335,0.000433
九重,波涛,0.523629,4.054824,1,20,2,0.008669,0.000867,0.000433
花发,谢公,0.523629,4.054824,1,10,4,0.004335,0.001734,0.000433
自然,鬼神,0.523629,4.054824,1,10,4,0.004335,0.001734,0.000433
两相,关河,0.523629,4.054824,1,4,10,0.001734,0.004335,0.000433
故山,昆仑,0.523629,4.054824,1,5,8,0.002167,0.003468,0.000433
九重,春雨,0.523629,4.054824,1,20,2,0.008669,0.000867,0.000433
松风,马嘶,0.523629,4.054824,1,10,4,0.004335,0.001734,0.000433
路傍,马嘶,0.523629,4.054824,1,10,4,0.004335,0.001734,0.000433
关河,马嘶,0.523629,4.054824,1,10,4,0.004335,0.001734,0.000433
单于,百里,0.523629,4.054824,1,8,5,0.003468,0.002167,0.000433
九衢,玲珑,0.523629,4.054824,1,5,8,0.002167,0.003468,0.000433
梦里,白马,0.523629,4.054824,1,4,10,0.001734,0.004335,0.000433
相忆,落叶,0.523629,4.054824,1,4,10,0.001734,0.004335,0.000433
天外,梦里,0.523629,4.054824,1,10,4,0.004335,0.001734,0.000433
凄凉,文章,0.523629,4.054824,1,4,10,0.001734,0.004335,0.000433
乾坤,文章,0.523629,4.054824,1,4,10,0.001734,0.004335,0.000433
交亲,江水,0.523629,4.054824,1,4,10,0.001734,0.004335,0.000433
江上,清秋,0.523629,4.054824,1,20,2,0.008669,0.000867,0.000433
月色,桃李,0.522407,3.68326,2,4,29,0.001734,0.01257,0.000867
桃李,相对,0.522407,3.68326,2,29,4,0.01257,0.001734,0.000867
从军,桃李,0.522407,3.68326,2,4,29,0.001734,0.01257,0.000867
桃李,玉堂,0.522407,3.68326,2,29,4,0.01257,0.001734,0.000867
凤凰,相对,0.521744,3.467037,3,54,4,0.023407,0.001734,0.0013
君王,绿水,0.521744,3.467037,3,24,9,0.010403,0.003901,0.0013
双飞,相送,0.52119,3.674677,2,9,13,0.003901,0.005635,0.000867
双飞,金谷,0.52119,3.674677,2,9,13,0.003901,0.005635,0.000867
双飞,江南,0.52119,3.674677,2,9,13,0.003901,0.005635,0.000867
江南,绿水,0.52119,3.674677,2,13,9,0.005635,0.003901,0.000867
怅望,江南,0.52119,3.674677,2,9,13,0.003901,0.005635,0.000867
今已,江南,0.52119,3.674677,2,9,13,0.003901,0.005635,0.000867
人生,公卿,0.52119,3.674677,2,13,9,0.005635,0.003901,0.000867
公卿,西山,0.52119,3.674677,2,9,13,0.003901,0.005635,0.000867
绿水,苦辛,0.52119,3.674677,2,9,13,0.003901,0.005635,0.000867
昔时,绿水,0.52119,3.674677,2,13,9,0.005635,0.003901,0.000867
双飞,昔时,0.52119,3.674677,2,9,13,0.003901,0.005635,0.000867
故人,白蘋,0.52119,3.674677,2,39,3,0.016905,0.0013,0.000867
公子,白头,0.521106,3.312886,4,21,16,0.009103,0.006935,0.001734
公子,明年,0.521106,3.312886,4,21,16,0.009103,0.006935,0.001734
春来,风光,0.521106,3.312886,4,16,21,0.006935,0.009103,0.001734
关山,烟波,0.521049,3.462418,3,31,7,0.013437,0.003034,0.0013
天寒,悠悠,0.52044,4.030131,1,1,41,0.000433,0.017772,0.000433
悠悠,扁舟,0.52044,4.030131,1,41,1,0.017772,0.000433,0.000433
今年,可怜,0.519659,3.187723,5,14,34,0.006068,0.014738,0.002167
九重,青松,0.518983,3.448688,3,20,11,0.008669,0.004768,0.0013
昔日,汉家,0.518983,3.448688,3,10,22,0.004335,0.009536,0.0013
封侯,闻道,0.518983,3.448688,3,10,22,0.004335,0.009536,0.0013
天涯,岐路,0.518983,3.448688,3,11,20,0.004768,0.008669,0.0013
巫山,猿啼,0.518983,3.448688,3,22,10,0.009536,0.004335,0.0013
功名,意气,0.518786,3.657727,2,7,17,0.003034,0.007369,0.000867
有情,相逢,0.518786,3.657727,2,7,17,0.003034,0.007369,0.000867
关山,天涯,0.518783,3.298115,4,31,11,0.013437,0.004768,0.001734
人生,意气,0.5183,3.444153,3,13,17,0.005635,0.007369,0.0013
不归,西山,0.5183,3.444153,3,17,13,0.007369,0.005635,0.0013
云间,玲珑,0.517599,3.649359,2,15,8,0.006502,0.003468,0.000867
断肠,离别,0.517599,3.649359,2,8,15,0.003468,0.006502,0.000867
古木,空山,0.517599,3.649359,2,10,12,0.004335,0.005202,0.000867
湘水,翡翠,0.517599,3.649359,2,10,12,0.004335,0.005202,0.000867
宛转,颜色,0.517599,3.649359,2,15,8,0.006502,0.003468,0.000867
宛转,须臾,0.517599,3.649359,2,15,8,0.006502,0.003468,0.000867
君王,潇湘,0.517599,3.649359,2,24,5,0.010403,0.002167,0.000867
万古,云间,0.517599,3.649359,2,8,15,0.003468,0.006502,0.000867
万古,游人,0.517599,3.649359,2,8,15,0.003468,0.006502,0.000867
归去,零落,0.517599,3.649359,2,12,10,0.005202,0.004335,0.000867
海上,蛟龙,0.517599,3.649359,2,20,6,0.008669,0.002601,0.000867
归去,昔日,0.517599,3.649359,2,12,10,0.005202,0.004335,0.000867
云间,百尺,0.517599,3.649359,2,15,8,0.006502,0.003468,0.000867
游人,百尺,0.517599,3.649359,2,15,8,0.006502,0.003468,0.000867
云间,须臾,0.517599,3.649359,2,15,8,0.006502,0.003468,0.000867
云间,千万,0.517599,3.649359,2,15,8,0.006502,0.003468,0.000867
游人,须臾,0.517599,3.649359,2,15,8,0.006502,0.003468,0.000867
千万,游人,0.517599,3.649359,2,8,15,0.003468,0.006502,0.000867
无穷,行路,0.517599,3.649359,2,15,8,0.006502,0.003468,0.000867
封侯,迢递,0.517599,3.649359,2,10,12,0.004335,0.005202,0.000867
江水,迢递,0.517599,3.649359,2,10,12,0.004335,0.005202,0.000867
无穷,路难,0.517599,3.649359,2,15,8,0.006502,0.003468,0.000867
千万,无穷,0.517599,3.649359,2,8,15,0.003468,0.006502,0.000867
封侯,朝朝,0.517599,3.649359,2,10,12,0.004335,0.005202,0.000867
朝朝,江水,0.517599,3.649359,2,12,10,0.005202,0.004335,0.000867
月光,落叶,0.517599,3.649359,2,12,10,0.005202,0.004335,0.000867
东南,自言,0.517599,3.649359,2,12,10,0.005202,0.004335,0.000867
丈夫,封侯,0.517599,3.649359,2,12,10,0.005202,0.004335,0.000867
红尘,自言,0.517599,3.649359,2,12,10,0.005202,0.004335,0.000867
自言,鹦鹉,0.517599,3.649359,2,10,12,0.004335,0.005202,0.000867
朝朝,自言,0.517599,3.649359,2,12,10,0.005202,0.004335,0.000867
翡翠,自言,0.517599,3.649359,2,12,10,0.005202,0.004335,0.000867
洞庭,自古,0.517599,3.649359,2,24,5,0.010403,0.002167,0.000867
相亲,阳春,0.517599,3.649359,2,6,20,0.002601,0.008669,0.000867
清明,行乐,0.517599,3.649359,2,10,12,0.004335,0.005202,0.000867
自言,迢递,0.517599,3.649359,2,10,12,0.004335,0.005202,0.000867
憔悴,迢递,0.517599,3.649359,2,10,12,0.004335,0.005202,0.000867
无穷,莺啼,0.517599,3.649359,2,15,8,0.006502,0.003468,0.000867
人间,君心,0.517599,3.649359,2,15,8,0.006502,0.003468,0.000867
海上,青苔,0.517599,3.649359,2,20,6,0.008669,0.002601,0.000867
青春,青苔,0.517599,3.649359,2,20,6,0.008669,0.002601,0.000867
圣人,昔日,0.517599,3.649359,2,12,10,0.005202,0.004335,0.000867
白首,蹉跎,0.517599,3.649359,2,15,8,0.006502,0.003468,0.000867
海上,茫茫,0.517599,3.649359,2,20,6,0.008669,0.002601,0.000867
茫茫,青春,0.517599,3.649359,2,6,20,0.002601,0.008669,0.000867
文章,鹦鹉,0.517599,3.649359,2,10,12,0.004335,0.005202,0.000867
人情,烟波,0.517328,4.006034,1,6,7,0.002601,0.003034,0.000433
人情,婵娟,0.517328,4.006034,1,6,7,0.002601,0.003034,0.000433
忆昔,风波,0.517328,4.006034,1,6,7,0.002601,0.003034,0.000433
忆昔,烟波,0.517328,4.006034,1,6,7,0.002601,0.003034,0.000433
名利,少年,0.517328,4.006034,1,3,14,0.0013,0.006068,0.000433
暮雨,霓裳,0.517328,4.006034,1,7,6,0.003034,0.002601,0.000433
相看,花枝,0.517328,4.006034,1,6,7,0.002601,0.003034,0.000433
愁人,花飞,0.517328,4.006034,1,3,14,0.0013,0.006068,0.000433
微风,青楼,0.517328,4.006034,1,3,14,0.0013,0.006068,0.000433
所以,风霜,0.517328,4.006034,1,3,14,0.0013,0.006068,0.000433
愁人,淹留,0.517328,4.006034,1,3,14,0.0013,0.006068,0.000433
相看,骨肉,0.517328,4.006034,1,6,7,0.002601,0.003034,0.000433
名利,淹留,0.517328,4.006034,1,3,14,0.0013,0.006068,0.000433
忆昔,相见,0.517328,4.006034,1,6,7,0.002601,0.003034,0.000433
今年,猿声,0.517328,4.006034,1,14,3,0.006068,0.0013,0.000433
人归,相见,0.517328,4.006034,1,6,7,0.002601,0.003034,0.000433
山中,微风,0.517328,4.006034,1,14,3,0.006068,0.0013,0.000433
微风,淹留,0.517328,4.006034,1,3,14,0.0013,0.006068,0.000433
微风,楼台,0.517328,4.006034,1,3,14,0.0013,0.006068,0.000433
山河,微风,0.517328,4.006034,1,14,3,0.006068,0.0013,0.000433
垂杨,帝城,0.517328,4.006034,1,6,7,0.002601,0.003034,0.000433
孤舟,江流,0.517328,4.006034,1,6,7,0.002601,0.003034,0.000433
金陵,骨肉,0.517328,4.006034,1,6,7,0.002601,0.003034,0.000433
苍生,风流,0.517328,4.006034,1,6,7,0.002601,0.003034,0.000433
萧索,马蹄,0.517328,4.006034,1,6,7,0.002601,0.003034,0.000433
萧索,雨雪,0.517328,4.006034,1,6,7,0.002601,0.003034,0.000433
相见,茫茫,0.517328,4.006034,1,7,6,0.003034,0.002601,0.000433
世事,青楼,0.517328,4.006034,1,3,14,0.0013,0.006068,0.000433
相随,风霜,0.517328,4.006034,1,3,14,0.0013,0.006068,0.000433
消息,空馀,0.517328,4.006034,1,3,14,0.0013,0.006068,0.000433
消息,风霜,0.517328,4.006034,1,3,14,0.0013,0.006068,0.000433
尘埃,汉水,0.517328,4.006034,1,14,3,0.006068,0.0013,0.000433
尘埃,是非,0.517328,4.006034,1,14,3,0.006068,0.0013,0.000433
花时,青楼,0.517328,4.006034,1,3,14,0.0013,0.006068,0.000433
日夜,青苔,0.517328,4.006034,1,7,6,0.003034,0.002601,0.000433
玉楼,青楼,0.517328,4.006034,1,3,14,0.0013,0.006068,0.000433
北阙,玉楼,0.517328,4.006034,1,14,3,0.006068,0.0013,0.000433
山河,玉楼,0.517328,4.006034,1,14,3,0.006068,0.0013,0.000433
少年,才子,0.517328,4.006034,1,14,3,0.006068,0.0013,0.000433
少年,心期,0.517328,4.006034,1,14,3,0.006068,0.0013,0.000433
少年,猿声,0.517328,4.006034,1,14,3,0.006068,0.0013,0.000433
才子,无限,0.517328,4.006034,1,3,14,0.0013,0.006068,0.000433
山中,才子,0.517328,4.006034,1,14,3,0.006068,0.0013,0.000433
才子,淹留,0.517328,4.006034,1,3,14,0.0013,0.006068,0.000433
心期,无限,0.517328,4.006034,1,3,14,0.0013,0.006068,0.000433
无限,猿声,0.517328,4.006034,1,14,3,0.006068,0.0013,0.000433
山中,心期,0.517328,4.006034,1,14,3,0.006068,0.0013,0.000433
山中,猿声,0.517328,4.006034,1,14,3,0.006068,0.0013,0.000433
心期,淹留,0.517328,4.006034,1,3,14,0.0013,0.006068,0.000433
淹留,猿声,0.517328,4.006034,1,14,3,0.006068,0.0013,0.000433
多情,风光,0.517328,4.006034,1,2,21,0.000867,0.009103,0.000433
多情,蛾眉,0.517328,4.006034,1,2,21,0.000867,0.009103,0.000433
消息,青楼,0.517328,4.006034,1,3,14,0.0013,0.006068,0.000433
尘埃,消息,0.517328,4.006034,1,14,3,0.006068,0.0013,0.000433
无限,消息,0.517328,4.006034,1,14,3,0.006068,0.0013,0.000433
消息,淹留,0.517328,4.006034,1,3,14,0.0013,0.006068,0.000433
来往,风光,0.517328,4.006034,1,2,21,0.000867,0.009103,0.000433
相亲,风流,0.517328,4.006034,1,6,7,0.002601,0.003034,0.000433
来往,蛾眉,0.517328,4.006034,1,2,21,0.000867,0.009103,0.000433
相寻,风流,0.517328,4.006034,1,6,7,0.002601,0.003034,0.000433
山中,楚客,0.517328,4.006034,1,14,3,0.006068,0.0013,0.000433
山中,沧浪,0.517328,4.006034,1,14,3,0.006068,0.0013,0.000433
名利,风霜,0.517328,4.006034,1,3,14,0.0013,0.006068,0.000433
心事,潺湲,0.517328,4.006034,1,6,7,0.002601,0.003034,0.000433
十载,潺湲,0.517328,4.006034,1,6,7,0.002601,0.003034,0.000433
台上,尚书,0.517328,4.006034,1,6,7,0.002601,0.003034,0.000433
岁月,读书,0.517328,4.006034,1,21,2,0.009103,0.000867,0.000433
有情,还家,0.517328,4.006034,1,7,6,0.003034,0.002601,0.000433
相亲,相见,0.517328,4.006034,1,6,7,0.002601,0.003034,0.000433
丞相,青苔,0.517328,4.006034,1,7,6,0.003034,0.002601,0.000433
青苔,骨肉,0.517328,4.006034,1,6,7,0.002601,0.003034,0.000433
咸阳,青苔,0.517328,4.006034,1,7,6,0.003034,0.002601,0.000433
公子,出入,0.517328,4.006034,1,21,2,0.009103,0.000867,0.000433
世人,公子,0.517328,4.006034,1,2,21,0.000867,0.009103,0.000433
公子,感激,0.517328,4.006034,1,21,2,0.009103,0.000867,0.000433
公子,楚水,0.517328,4.006034,1,21,2,0.009103,0.000867,0.000433
丞相,忆昔,0.517328,4.006034,1,7,6,0.003034,0.002601,0.000433
丞相,茫茫,0.517328,4.006034,1,7,6,0.003034,0.002601,0.000433
出入,白露,0.517328,4.006034,1,2,21,0.000867,0.009103,0.000433
出入,蛾眉,0.517328,4.006034,1,2,21,0.000867,0.009103,0.000433
他人,尘埃,0.517328,4.006034,1,3,14,0.0013,0.006068,0.000433
尘埃,所思,0.517328,4.006034,1,14,3,0.006068,0.0013,0.000433
世人,白露,0.517328,4.006034,1,2,21,0.000867,0.009103,0.000433
感激,白露,0.517328,4.006034,1,2,21,0.000867,0.009103,0.000433
楚水,白露,0.517328,4.006034,1,2,21,0.000867,0.009103,0.000433
世人,蛾眉,0.517328,4.006034,1,2,21,0.000867,0.009103,0.000433
感激,蛾眉,0.517328,4.006034,1,2,21,0.000867,0.009103,0.000433
忆昔,骨肉,0.517328,4.006034,1,6,7,0.002601,0.003034,0.000433
咸阳,忆昔,0.517328,4.006034,1,7,6,0.003034,0.002601,0.000433
茫茫,骨肉,0.517328,4.006034,1,6,7,0.002601,0.003034,0.000433
咸阳,茫茫,0.517328,4.006034,1,7,6,0.003034,0.002601,0.000433
楚水,蛾眉,0.517328,4.006034,1,2,21,0.000867,0.009103,0.000433
他人,马上,0.517328,4.006034,1,3,14,0.0013,0.006068,0.000433
所思,马上,0.517328,4.006034,1,3,14,0.0013,0.006068,0.000433
山河,是非,0.517328,4.006034,1,14,3,0.006068,0.0013,0.000433
无限,深山,0.517328,4.006034,1,14,3,0.006068,0.0013,0.000433
江流,青草,0.517328,4.006034,1,7,6,0.003034,0.002601,0.000433
送客,风波,0.517328,4.006034,1,6,7,0.002601,0.003034,0.000433
北阙,连天,0.517328,4.006034,1,14,3,0.006068,0.0013,0.000433
徘徊,秋草,0.517328,4.006034,1,14,3,0.006068,0.0013,0.000433
造化,黄花,0.517328,4.006034,1,7,6,0.003034,0.002601,0.000433
天台,风波,0.517328,4.006034,1,6,7,0.002601,0.003034,0.000433
天台,江流,0.517328,4.006034,1,6,7,0.002601,0.003034,0.000433
岁月,秋雨,0.517328,4.006034,1,21,2,0.009103,0.000867,0.000433
人情,尚书,0.517328,4.006034,1,6,7,0.002601,0.003034,0.000433
日夜,萧萧,0.517328,4.006034,1,7,6,0.003034,0.002601,0.000433
相寻,造化,0.517328,4.006034,1,6,7,0.002601,0.003034,0.000433
姓名,山中,0.517328,4.006034,1,3,14,0.0013,0.006068,0.000433
功名,还家,0.517328,4.006034,1,7,6,0.003034,0.002601,0.000433
帝城,送客,0.517328,4.006034,1,7,6,0.003034,0.002601,0.000433
昨日,蛾眉,0.517328,4.006034,1,2,21,0.000867,0.009103,0.000433
相识,秋草,0.517328,4.006034,1,14,3,0.006068,0.0013,0.000433
歌舞,绮罗,0.517258,3.078693,6,49,13,0.02124,0.005635,0.002601
白玉,行人,0.516422,3.64106,2,11,11,0.004768,0.004768,0.000867
青松,高台,0.516422,3.64106,2,11,11,0.004768,0.004768,0.000867
道路,龙门,0.516422,3.64106,2,11,11,0.004768,0.004768,0.000867
日晚,白玉,0.516422,3.64106,2,11,11,0.004768,0.004768,0.000867
伤心,青松,0.516422,3.64106,2,11,11,0.004768,0.004768,0.000867
少年,白头,0.516271,3.430669,3,14,16,0.006068,0.006935,0.0013
少年,明年,0.516271,3.430669,3,14,16,0.006068,0.006935,0.0013
今年,白头,0.516271,3.430669,3,14,16,0.006068,0.006935,0.0013
君心,流水,0.516271,3.430669,3,8,28,0.003468,0.012137,0.0013
千万,流水,0.516271,3.430669,3,8,28,0.003468,0.012137,0.0013
万物,天下,0.516271,3.430669,3,8,28,0.003468,0.012137,0.0013
山河,白头,0.516271,3.430669,3,14,16,0.006068,0.006935,0.0013
凤凰,大道,0.516269,3.166933,5,54,9,0.023407,0.003901,0.002167
王孙,花开,0.515601,3.426215,3,9,25,0.003901,0.010837,0.0013
王孙,芳树,0.515601,3.426215,3,9,25,0.003901,0.010837,0.0013
叹息,王孙,0.515601,3.426215,3,25,9,0.010837,0.003901,0.0013
桃李,迢递,0.515587,3.277795,4,29,12,0.01257,0.005202,0.001734
叹息,青楼,0.514685,3.272064,4,25,14,0.010837,0.006068,0.001734
忆昔,白日,0.513608,3.41297,3,6,38,0.002601,0.016472,0.0013
寂寞,纵横,0.513608,3.41297,3,12,19,0.005202,0.008236,0.0013
芳树,落花,0.512993,2.97423,7,25,33,0.010837,0.014304,0.003034
春色,看花,0.512948,3.616569,2,31,4,0.013437,0.001734,0.000867
从军,关山,0.512948,3.616569,2,4,31,0.001734,0.013437,0.000867
十年,自言,0.512293,3.404236,3,23,10,0.00997,0.004335,0.0013
十年,经过,0.512293,3.404236,3,23,10,0.00997,0.004335,0.0013
使君,叹息,0.511809,3.608537,2,5,25,0.002167,0.010837,0.000867
千载,自古,0.511809,3.608537,2,25,5,0.010837,0.002167,0.000867
叹息,得意,0.511809,3.608537,2,25,5,0.010837,0.002167,0.000867
松柏,蛾眉,0.511641,3.399898,3,11,21,0.004768,0.009103,0.0013
蛾眉,阳城,0.511641,3.399898,3,21,11,0.009103,0.004768,0.0013
公子,松柏,0.511641,3.399898,3,21,11,0.009103,0.004768,0.0013
公子,阳城,0.511641,3.399898,3,21,11,0.009103,0.004768,0.0013
天涯,风光,0.511641,3.399898,3,11,21,0.004768,0.009103,0.0013
携手,白露,0.51157,3.252262,4,17,21,0.007369,0.009103,0.001734
文字,闻道,0.51132,3.959514,1,2,22,0.000867,0.009536,0.000433
天涯,鸟飞,0.51132,3.959514,1,11,4,0.004768,0.001734,0.000433
含情,鸟飞,0.51132,3.959514,1,11,4,0.004768,0.001734,0.000433
日照,鸟飞,0.51132,3.959514,1,11,4,0.004768,0.001734,0.000433
子孙,桃源,0.51132,3.959514,1,4,11,0.001734,0.004768,0.000433
桃源,道士,0.51132,3.959514,1,11,4,0.004768,0.001734,0.000433
家贫,黄金,0.51132,3.959514,1,2,22,0.000867,0.009536,0.000433
中原,白玉,0.51132,3.959514,1,4,11,0.001734,0.004768,0.000433
中原,日晚,0.51132,3.959514,1,4,11,0.001734,0.004768,0.000433
玉堂,青松,0.51132,3.959514,1,4,11,0.001734,0.004768,0.000433
杜陵,青松,0.51132,3.959514,1,4,11,0.001734,0.004768,0.000433
杜陵,白玉,0.51132,3.959514,1,4,11,0.001734,0.004768,0.000433
千古,松柏,0.51132,3.959514,1,4,11,0.001734,0.004768,0.000433
秋天,青松,0.51132,3.959514,1,4,11,0.001734,0.004768,0.000433
可惜,含情,0.51132,3.959514,1,4,11,0.001734,0.004768,0.000433
千古,太平,0.51132,3.959514,1,4,11,0.001734,0.004768,0.000433
相忆,行人,0.51132,3.959514,1,4,11,0.001734,0.004768,0.000433
山头,桃源,0.51132,3.959514,1,4,11,0.001734,0.004768,0.000433
乾坤,松柏,0.51132,3.959514,1,4,11,0.001734,0.004768,0.000433
松柏,诸侯,0.51132,3.959514,1,11,4,0.004768,0.001734,0.000433
乾坤,道路,0.51132,3.959514,1,4,11,0.001734,0.004768,0.000433
诸侯,道路,0.51132,3.959514,1,4,11,0.001734,0.004768,0.000433
汉家,细雨,0.51132,3.959514,1,22,2,0.009536,0.000867,0.000433
细雨,落日,0.51132,3.959514,1,2,22,0.000867,0.009536,0.000433
天涯,寥落,0.51132,3.959514,1,11,4,0.004768,0.001734,0.000433
伤心,寥落,0.51132,3.959514,1,11,4,0.004768,0.001734,0.000433
寥落,桃源,0.51132,3.959514,1,4,11,0.001734,0.004768,0.000433
寥落,龙门,0.51132,3.959514,1,4,11,0.001734,0.004768,0.000433
独坐,逢人,0.51132,3.959514,1,11,4,0.004768,0.001734,0.000433
春草,武陵,0.51132,3.959514,1,11,4,0.004768,0.001734,0.000433
春光,相对,0.51132,3.959514,1,11,4,0.004768,0.001734,0.000433
相对,黄叶,0.51132,3.959514,1,4,11,0.001734,0.004768,0.000433
东海,春草,0.51132,3.959514,1,4,11,0.001734,0.004768,0.000433
仙人,月出,0.51132,3.959514,1,22,2,0.009536,0.000867,0.000433
闻道,飞鸟,0.51132,3.959514,1,22,2,0.009536,0.000867,0.000433
春草,秋天,0.51132,3.959514,1,11,4,0.004768,0.001734,0.000433
秋天,行人,0.51132,3.959514,1,4,11,0.001734,0.004768,0.000433
清净,白玉,0.51132,3.959514,1,4,11,0.001734,0.004768,0.000433
白玉,诸侯,0.51132,3.959514,1,11,4,0.004768,0.001734,0.000433
日晚,清净,0.51132,3.959514,1,11,4,0.004768,0.001734,0.000433
日晚,诸侯,0.51132,3.959514,1,11,4,0.004768,0.001734,0.000433
出入,闻道,0.51132,3.959514,1,2,22,0.000867,0.009536,0.000433
世人,闻道,0.51132,3.959514,1,2,22,0.000867,0.009536,0.000433
感激,闻道,0.51132,3.959514,1,2,22,0.000867,0.009536,0.000433
楚水,闻道,0.51132,3.959514,1,2,22,0.000867,0.009536,0.000433
出入,黄金,0.51132,3.959514,1,2,22,0.000867,0.009536,0.000433
出入,巫山,0.51132,3.959514,1,2,22,0.000867,0.009536,0.000433
世人,黄金,0.51132,3.959514,1,2,22,0.000867,0.009536,0.000433
世人,巫山,0.51132,3.959514,1,2,22,0.000867,0.009536,0.000433
感激,黄金,0.51132,3.959514,1,2,22,0.000867,0.009536,0.000433
巫山,感激,0.51132,3.959514,1,22,2,0.009536,0.000867,0.000433
楚水,黄金,0.51132,3.959514,1,2,22,0.000867,0.009536,0.000433
巫山,楚水,0.51132,3.959514,1,22,2,0.009536,0.000867,0.000433
两相,高楼,0.51132,3.959514,1,4,11,0.001734,0.004768,0.000433
今朝,波涛,0.51132,3.959514,1,22,2,0.009536,0.000867,0.000433
伤心,凄凉,0.51132,3.959514,1,11,4,0.004768,0.001734,0.000433
日出,自怜,0.51132,3.959514,1,2,22,0.000867,0.009536,0.000433
梦里,重阳,0.51132,3.959514,1,4,11,0.001734,0.004768,0.000433
闻道,阑干,0.51132,3.959514,1,22,2,0.009536,0.000867,0.000433
汉家,阑干,0.51132,3.959514,1,22,2,0.009536,0.000867,0.000433
仙人,溪水,0.51132,3.959514,1,22,2,0.009536,0.000867,0.000433
日斜,杜陵,0.51132,3.959514,1,11,4,0.004768,0.001734,0.000433
佳期,青楼,0.510679,3.600569,2,9,14,0.003901,0.006068,0.000867
无情,蛾眉,0.510679,3.600569,2,6,21,0.002601,0.009103,0.000867
徘徊,绿水,0.510679,3.600569,2,14,9,0.006068,0.003901,0.000867
佳人,庭前,0.510679,3.600569,2,18,7,0.007802,0.003034,0.000867
公子,蛟龙,0.510679,3.600569,2,21,6,0.009103,0.002601,0.000867
月照,烟波,0.510679,3.600569,2,18,7,0.007802,0.003034,0.000867
王孙,相识,0.510679,3.600569,2,9,14,0.003901,0.006068,0.000867
公子,垂杨,0.510679,3.600569,2,21,6,0.009103,0.002601,0.000867
生死,相识,0.510679,3.600569,2,9,14,0.003901,0.006068,0.000867
白露,茫茫,0.510679,3.600569,2,21,6,0.009103,0.002601,0.000867
春风,青楼,0.510341,3.130565,5,36,14,0.015605,0.006068,0.002167
君子,美人,0.510254,3.243894,4,15,24,0.006502,0.010403,0.001734
大道,长安,0.510254,3.243894,4,9,40,0.003901,0.017339,0.001734
江南,芙蓉,0.509699,3.386994,3,13,18,0.005635,0.007802,0.0013
王孙,花落,0.509699,3.386994,3,9,26,0.003901,0.01127,0.0013
佳人,金谷,0.509699,3.386994,3,18,13,0.007802,0.005635,0.0013
少年,花落,0.508516,3.232844,4,14,26,0.006068,0.01127,0.001734
淹留,花落,0.508516,3.232844,4,14,26,0.006068,0.01127,0.001734
御沟,玲珑,0.508445,3.58482,2,16,8,0.006935,0.003468,0.000867
东流,君心,0.508445,3.58482,2,16,8,0.006935,0.003468,0.000867
万古,东流,0.508445,3.58482,2,8,16,0.003468,0.006935,0.000867
东流,百尺,0.508445,3.58482,2,16,8,0.006935,0.003468,0.000867
东流,须臾,0.508445,3.58482,2,16,8,0.006935,0.003468,0.000867
春来,行路,0.508445,3.58482,2,16,8,0.006935,0.003468,0.000867
春来,路难,0.508445,3.58482,2,16,8,0.006935,0.003468,0.000867
千万,春来,0.508445,3.58482,2,8,16,0.003468,0.006935,0.000867
东流,行路,0.508445,3.58482,2,16,8,0.006935,0.003468,0.000867
东流,路难,0.508445,3.58482,2,16,8,0.006935,0.003468,0.000867
夜长,路长,0.508445,3.58482,2,8,16,0.003468,0.006935,0.000867
夜长,相望,0.508445,3.58482,2,8,16,0.003468,0.006935,0.000867
思君,路难,0.508445,3.58482,2,16,8,0.006935,0.003468,0.000867
万物,瑶池,0.508445,3.58482,2,8,16,0.003468,0.006935,0.000867
昆仑,瑶池,0.508445,3.58482,2,8,16,0.003468,0.006935,0.000867
往来,鸡鸣,0.508418,3.937041,1,5,9,0.002167,0.003901,0.000433
宛转,秋来,0.508418,3.937041,1,15,3,0.006502,0.0013,0.000433
今已,旧游,0.508418,3.937041,1,9,5,0.003901,0.002167,0.000433
东西,今已,0.508418,3.937041,1,5,9,0.002167,0.003901,0.000433
浮生,竹林,0.508418,3.937041,1,5,9,0.002167,0.003901,0.000433
梧桐,飘飖,0.508418,3.937041,1,5,9,0.002167,0.003901,0.000433
双飞,楼前,0.508418,3.937041,1,9,5,0.003901,0.002167,0.000433
大道,楼前,0.508418,3.937041,1,9,5,0.003901,0.002167,0.000433
寂寥,楼前,0.508418,3.937041,1,9,5,0.003901,0.002167,0.000433
人间,名利,0.508418,3.937041,1,15,3,0.006502,0.0013,0.000433
寒山,怅望,0.508418,3.937041,1,5,9,0.002167,0.003901,0.000433
分明,百里,0.508418,3.937041,1,9,5,0.003901,0.002167,0.000433
分明,莓苔,0.508418,3.937041,1,9,5,0.003901,0.002167,0.000433
去年,明朝,0.508418,3.937041,1,5,9,0.002167,0.003901,0.000433
山阴,肠断,0.508418,3.937041,1,5,9,0.002167,0.003901,0.000433
山阴,登临,0.508418,3.937041,1,5,9,0.002167,0.003901,0.000433
登临,经年,0.508418,3.937041,1,9,5,0.003901,0.002167,0.000433
万事,衣冠,0.508418,3.937041,1,5,9,0.002167,0.003901,0.000433
寂寥,月中,0.508418,3.937041,1,9,5,0.003901,0.002167,0.000433
古今,草木,0.508418,3.937041,1,5,9,0.002167,0.003901,0.000433
太守,富贵,0.508418,3.937041,1,5,9,0.002167,0.003901,0.000433
宛转,猿声,0.508418,3.937041,1,15,3,0.006502,0.0013,0.000433
风飘,高秋,0.508418,3.937041,1,5,9,0.002167,0.003901,0.000433
残月,风雨,0.508418,3.937041,1,5,9,0.002167,0.003901,0.000433
残月,草木,0.508418,3.937041,1,5,9,0.002167,0.003901,0.000433
君子,英雄,0.508418,3.937041,1,15,3,0.006502,0.0013,0.000433
宫中,管弦,0.508418,3.937041,1,3,15,0.0013,0.006502,0.000433
人家,生死,0.508418,3.937041,1,5,9,0.002167,0.003901,0.000433
寂寥,潇湘,0.508418,3.937041,1,9,5,0.003901,0.002167,0.000433
万户,大道,0.508418,3.937041,1,5,9,0.002167,0.003901,0.000433
使君,大道,0.508418,3.937041,1,5,9,0.002167,0.003901,0.000433
才子,无穷,0.508418,3.937041,1,3,15,0.0013,0.006502,0.000433
才子,白首,0.508418,3.937041,1,3,15,0.0013,0.006502,0.000433
心期,无穷,0.508418,3.937041,1,3,15,0.0013,0.006502,0.000433
无穷,猿声,0.508418,3.937041,1,15,3,0.006502,0.0013,0.000433
叶落,衣冠,0.508418,3.937041,1,5,9,0.002167,0.003901,0.000433
叶落,飘飖,0.508418,3.937041,1,5,9,0.002167,0.003901,0.000433
叶落,高秋,0.508418,3.937041,1,5,9,0.002167,0.003901,0.000433
叶落,竹林,0.508418,3.937041,1,5,9,0.002167,0.003901,0.000433
佳期,叶落,0.508418,3.937041,1,9,5,0.003901,0.002167,0.000433
叶落,昨夜,0.508418,3.937041,1,5,9,0.002167,0.003901,0.000433
心期,白首,0.508418,3.937041,1,3,15,0.0013,0.006502,0.000433
猿声,白首,0.508418,3.937041,1,3,15,0.0013,0.006502,0.000433
无穷,消息,0.508418,3.937041,1,15,3,0.006502,0.0013,0.000433
人间,消息,0.508418,3.937041,1,15,3,0.006502,0.0013,0.000433
去年,大道,0.508418,3.937041,1,5,9,0.002167,0.003901,0.000433
大道,残月,0.508418,3.937041,1,9,5,0.003901,0.002167,0.000433
怅望,百里,0.508418,3.937041,1,9,5,0.003901,0.002167,0.000433
今已,得意,0.508418,3.937041,1,9,5,0.003901,0.002167,0.000433
得意,生死,0.508418,3.937041,1,5,9,0.002167,0.003901,0.000433
干戈,百里,0.508418,3.937041,1,9,5,0.003901,0.002167,0.000433
双飞,衣裳,0.508418,3.937041,1,9,5,0.003901,0.002167,0.000433
春水,青云,0.508418,3.937041,1,3,15,0.0013,0.006502,0.000433
平生,扁舟,0.508418,3.937041,1,45,1,0.019506,0.000433,0.000433
得意,怅望,0.508418,3.937041,1,5,9,0.002167,0.003901,0.000433
怅望,自古,0.508418,3.937041,1,9,5,0.003901,0.002167,0.000433
怅望,衣裳,0.508418,3.937041,1,9,5,0.003901,0.002167,0.000433
他人,白首,0.508418,3.937041,1,3,15,0.0013,0.006502,0.000433
他人,无穷,0.508418,3.937041,1,3,15,0.0013,0.006502,0.000433
所思,白首,0.508418,3.937041,1,3,15,0.0013,0.006502,0.000433
所思,无穷,0.508418,3.937041,1,3,15,0.0013,0.006502,0.000433
白蘋,青云,0.508418,3.937041,1,3,15,0.0013,0.006502,0.000433
日落,深山,0.508418,3.937041,1,15,3,0.006502,0.0013,0.000433
世上,闲居,0.508418,3.937041,1,5,9,0.002167,0.003901,0.000433
世上,衣冠,0.508418,3.937041,1,5,9,0.002167,0.003901,0.000433
古今,寂寥,0.508418,3.937041,1,5,9,0.002167,0.003901,0.000433
经年,逍遥,0.508418,3.937041,1,5,9,0.002167,0.003901,0.000433
双飞,潇湘,0.508418,3.937041,1,9,5,0.003901,0.002167,0.000433
双飞,莓苔,0.508418,3.937041,1,9,5,0.003901,0.002167,0.000433
寒山,渭水,0.508418,3.937041,1,5,9,0.002167,0.003901,0.000433
依然,孤城,0.508418,3.937041,1,9,5,0.003901,0.002167,0.000433
往来,生死,0.508418,3.937041,1,5,9,0.002167,0.003901,0.000433
无穷,连天,0.508418,3.937041,1,15,3,0.006502,0.0013,0.000433
世上,凉风,0.508418,3.937041,1,5,9,0.002167,0.003901,0.000433
宛转,宫中,0.508418,3.937041,1,15,3,0.006502,0.0013,0.000433
人家,鸡鸣,0.508418,3.937041,1,5,9,0.002167,0.003901,0.000433
东方,明朝,0.508418,3.937041,1,5,9,0.002167,0.003901,0.000433
云间,弟子,0.508418,3.937041,1,15,3,0.006502,0.0013,0.000433
太守,生死,0.508418,3.937041,1,5,9,0.002167,0.003901,0.000433
圣主,莓苔,0.508418,3.937041,1,9,5,0.003901,0.002167,0.000433
故山,高秋,0.508418,3.937041,1,5,9,0.002167,0.003901,0.000433
世事,楼上,0.508418,3.937041,1,3,15,0.0013,0.006502,0.000433
凉风,故山,0.508418,3.937041,1,9,5,0.003901,0.002167,0.000433
日落,花时,0.508418,3.937041,1,15,3,0.006502,0.0013,0.000433
离别,西风,0.508418,3.937041,1,15,3,0.006502,0.0013,0.000433
相识,相逢,0.507148,3.370045,3,14,17,0.006068,0.007369,0.0013
人生,古木,0.506246,3.569316,2,13,10,0.005635,0.004335,0.000867
同心,花前,0.506246,3.569316,2,13,10,0.005635,0.004335,0.000867
他乡,潇湘,0.506246,3.569316,2,26,5,0.01127,0.002167,0.000867
年华,湘水,0.506246,3.569316,2,13,10,0.005635,0.004335,0.000867
人生,零落,0.506246,3.569316,2,13,10,0.005635,0.004335,0.000867
人生,昔日,0.506246,3.569316,2,13,10,0.005635,0.004335,0.000867
西山,零落,0.506246,3.569316,2,13,10,0.005635,0.004335,0.000867
封侯,苦辛,0.506246,3.569316,2,10,13,0.004335,0.005635,0.000867
江水,苦辛,0.506246,3.569316,2,10,13,0.004335,0.005635,0.000867
封侯,昔时,0.506246,3.569316,2,10,13,0.004335,0.005635,0.000867
昔时,江水,0.506246,3.569316,2,13,10,0.005635,0.004335,0.000867
他乡,衣裳,0.506246,3.569316,2,26,5,0.01127,0.002167,0.000867
南国,金谷,0.506246,3.569316,2,10,13,0.004335,0.005635,0.000867
故园,金谷,0.506246,3.569316,2,10,13,0.004335,0.005635,0.000867
今夜,鸳鸯,0.505889,3.361677,3,12,20,0.005202,0.008669,0.0013
未央,迢递,0.505889,3.361677,3,20,12,0.008669,0.005202,0.0013
宛转,明年,0.505889,3.361677,3,15,16,0.006502,0.006935,0.0013
蛟龙,长安,0.505889,3.361677,3,6,40,0.002601,0.017339,0.0013
东流,游人,0.505889,3.361677,3,16,15,0.006935,0.006502,0.0013
天地,山僧,0.50558,3.915062,1,23,2,0.00997,0.000867,0.000433
十年,昨日,0.50558,3.915062,1,23,2,0.00997,0.000867,0.000433
天地,宫殿,0.50558,3.915062,1,23,2,0.00997,0.000867,0.000433
细雨,风尘,0.50558,3.915062,1,2,23,0.000867,0.00997,0.000433
多情,风尘,0.50558,3.915062,1,2,23,0.000867,0.00997,0.000433
来往,风尘,0.50558,3.915062,1,2,23,0.000867,0.00997,0.000433
十年,夜雨,0.50558,3.915062,1,23,2,0.00997,0.000867,0.000433
出入,天地,0.50558,3.915062,1,2,23,0.000867,0.00997,0.000433
世人,天地,0.50558,3.915062,1,2,23,0.000867,0.00997,0.000433
天地,感激,0.50558,3.915062,1,23,2,0.00997,0.000867,0.000433
天地,楚水,0.50558,3.915062,1,23,2,0.00997,0.000867,0.000433
咫尺,天地,0.50558,3.915062,1,2,23,0.000867,0.00997,0.000433
天地,波涛,0.50558,3.915062,1,23,2,0.00997,0.000867,0.000433
古来,桃李,0.50462,3.095474,5,18,29,0.007802,0.01257,0.002167
可怜,阳城,0.504253,3.205742,4,34,11,0.014738,0.004768,0.001734
今夜,高台,0.504081,3.554049,2,12,11,0.005202,0.004768,0.000867
迢递,高台,0.504081,3.554049,2,12,11,0.005202,0.004768,0.000867
落花,鸟飞,0.504081,3.554049,2,33,4,0.014304,0.001734,0.000867
归去,白玉,0.504081,3.554049,2,12,11,0.005202,0.004768,0.000867
归去,行人,0.504081,3.554049,2,12,11,0.005202,0.004768,0.000867
月光,黄叶,0.504081,3.554049,2,12,11,0.005202,0.004768,0.000867
寂寞,黄叶,0.504081,3.554049,2,12,11,0.005202,0.004768,0.000867
含情,空山,0.504081,3.554049,2,11,12,0.004768,0.005202,0.000867
汉家,蛟龙,0.504081,3.554049,2,22,6,0.009536,0.002601,0.000867
从军,相思,0.504081,3.554049,2,4,33,0.001734,0.014304,0.000867
从军,年年,0.504081,3.554049,2,4,33,0.001734,0.014304,0.000867
太平,莲花,0.504081,3.554049,2,11,12,0.004768,0.005202,0.000867
日晚,翡翠,0.504081,3.554049,2,11,12,0.004768,0.005202,0.000867
相亲,落日,0.504081,3.554049,2,6,22,0.002601,0.009536,0.000867
忆昔,自怜,0.504081,3.554049,2,6,22,0.002601,0.009536,0.000867
今朝,花间,0.504081,3.554049,2,22,6,0.009536,0.002601,0.000867
朱门,浮云,0.504081,3.554049,2,6,22,0.002601,0.009536,0.000867
丈夫,天涯,0.504081,3.554049,2,12,11,0.005202,0.004768,0.000867
丈夫,秋色,0.504081,3.554049,2,12,11,0.005202,0.004768,0.000867
巫山,忆昔,0.504081,3.554049,2,22,6,0.009536,0.002601,0.000867
功名,纵横,0.50301,3.546501,2,7,19,0.003034,0.008236,0.000867
千秋,阙下,0.50301,3.546501,2,19,7,0.008236,0.003034,0.000867
丞相,纵横,0.50301,3.546501,2,7,19,0.003034,0.008236,0.000867
神仙,阙下,0.502786,3.341057,3,35,7,0.015171,0.003034,0.0013
千秋,绮罗,0.501562,3.332927,3,19,13,0.008236,0.005635,0.0013
知己,纵横,0.501562,3.332927,3,13,19,0.005635,0.008236,0.0013
关山,千万,0.500954,3.328887,3,31,8,0.013437,0.003468,0.0013
云间,大道,0.500893,3.531576,2,15,9,0.006502,0.003901,0.000867
云间,佳期,0.500893,3.531576,2,15,9,0.006502,0.003901,0.000867
云间,公卿,0.500893,3.531576,2,15,9,0.006502,0.003901,0.000867
公卿,游人,0.500893,3.531576,2,9,15,0.003901,0.006502,0.000867
无穷,绿水,0.500893,3.531576,2,15,9,0.006502,0.003901,0.000867
人间,鱼龙,0.500893,3.531576,2,15,9,0.006502,0.003901,0.000867
东山,夕阳,0.500893,3.531576,2,15,9,0.006502,0.003901,0.000867
白首,高秋,0.500893,3.531576,2,15,9,0.006502,0.003901,0.000867
富贵,离别,0.500893,3.531576,2,9,15,0.003901,0.006502,0.000867
故山,风起,0.500893,3.531576,2,5,27,0.002167,0.011704,0.000867
可惜,玉树,0.500084,3.872502,1,4,12,0.001734,0.005202,0.000433
可惜,清风,0.500084,3.872502,1,4,12,0.001734,0.005202,0.000433
双阙,白雪,0.500084,3.872502,1,8,6,0.003468,0.002601,0.000433
人情,千万,0.500084,3.872502,1,6,8,0.002601,0.003468,0.000433
千万,忆昔,0.500084,3.872502,1,8,6,0.003468,0.002601,0.000433
翡翠,鸟飞,0.500084,3.872502,1,12,4,0.005202,0.001734,0.000433
明年,秋来,0.500084,3.872502,1,16,3,0.006935,0.0013,0.000433
相望,秋来,0.500084,3.872502,1,16,3,0.006935,0.0013,0.000433
相随,路长,0.500084,3.872502,1,3,16,0.0013,0.006935,0.000433
菊花,道士,0.500084,3.872502,1,12,4,0.005202,0.001734,0.000433
丹砂,菊花,0.500084,3.872502,1,4,12,0.001734,0.005202,0.000433
中原,翡翠,0.500084,3.872502,1,4,12,0.001734,0.005202,0.000433
云深,白头,0.500084,3.872502,1,3,16,0.0013,0.006935,0.000433
巫峡,翡翠,0.500084,3.872502,1,4,12,0.001734,0.005202,0.000433
微风,逶迤,0.500084,3.872502,1,3,16,0.0013,0.006935,0.000433
御沟,微风,0.500084,3.872502,1,16,3,0.006935,0.0013,0.000433
清风,诸侯,0.500084,3.872502,1,12,4,0.005202,0.001734,0.000433
丈夫,诸侯,0.500084,3.872502,1,12,4,0.005202,0.001734,0.000433
所以,路长,0.500084,3.872502,1,3,16,0.0013,0.006935,0.000433
玉堂,红尘,0.500084,3.872502,1,4,12,0.001734,0.005202,0.000433
玉堂,鹦鹉,0.500084,3.872502,1,4,12,0.001734,0.005202,0.000433
朝朝,玉堂,0.500084,3.872502,1,12,4,0.005202,0.001734,0.000433
杜陵,红尘,0.500084,3.872502,1,4,12,0.001734,0.005202,0.000433
杜陵,鹦鹉,0.500084,3.872502,1,4,12,0.001734,0.005202,0.000433
朝朝,杜陵,0.500084,3.872502,1,12,4,0.005202,0.001734,0.000433
杜陵,翡翠,0.500084,3.872502,1,4,12,0.001734,0.005202,0.000433
无情,河汉,0.500084,3.872502,1,6,8,0.002601,0.003468,0.000433
思君,愁人,0.500084,3.872502,1,16,3,0.006935,0.0013,0.000433
东流,沧浪,0.500084,3.872502,1,16,3,0.006935,0.0013,0.000433
夫子,白头,0.500084,3.872502,1,3,16,0.0013,0.006935,0.000433
万物,萧索,0.500084,3.872502,1,8,6,0.003468,0.002601,0.000433
万物,苍生,0.500084,3.872502,1,8,6,0.003468,0.002601,0.000433
忆昔,笙歌,0.500084,3.872502,1,6,8,0.002601,0.003468,0.000433
八月,逶迤,0.500084,3.872502,1,3,16,0.0013,0.006935,0.000433
微风,瑶池,0.500084,3.872502,1,3,16,0.0013,0.006935,0.000433
茫茫,黄河,0.500084,3.872502,1,6,8,0.002601,0.003468,0.000433
垂杨,黄河,0.500084,3.872502,1,6,8,0.002601,0.003468,0.000433
垂杨,颜色,0.500084,3.872502,1,6,8,0.002601,0.003468,0.000433
思归,茫茫,0.500084,3.872502,1,8,6,0.003468,0.002601,0.000433
南宫,茫茫,0.500084,3.872502,1,8,6,0.003468,0.002601,0.000433
主人,茫茫,0.500084,3.872502,1,8,6,0.003468,0.002601,0.000433
垂杨,思归,0.500084,3.872502,1,6,8,0.002601,0.003468,0.000433
主人,垂杨,0.500084,3.872502,1,8,6,0.003468,0.002601,0.000433
物外,看花,0.500084,3.872502,1,12,4,0.005202,0.001734,0.000433
武陵,空山,0.500084,3.872502,1,4,12,0.001734,0.005202,0.000433
东南,谢公,0.500084,3.872502,1,12,4,0.005202,0.001734,0.000433
萧索,颜色,0.500084,3.872502,1,6,8,0.002601,0.003468,0.000433
单于,萧索,0.500084,3.872502,1,8,6,0.003468,0.002601,0.000433
东流,晚来,0.500084,3.872502,1,16,3,0.006935,0.0013,0.000433
心事,蹉跎,0.500084,3.872502,1,6,8,0.002601,0.003468,0.000433
梦里,江山,0.500084,3.872502,1,4,12,0.001734,0.005202,0.000433
丹青,可惜,0.500084,3.872502,1,12,4,0.005202,0.001734,0.000433
丈夫,道士,0.500084,3.872502,1,12,4,0.005202,0.001734,0.000433
物外,远近,0.500084,3.872502,1,12,4,0.005202,0.001734,0.000433
万古,东风,0.500084,3.872502,1,8,6,0.003468,0.002601,0.000433
向东,红粉,0.500084,3.872502,1,4,12,0.001734,0.005202,0.000433
朱门,笙歌,0.500084,3.872502,1,6,8,0.002601,0.003468,0.000433
东风,行路,0.500084,3.872502,1,6,8,0.002601,0.003468,0.000433
断肠,青苔,0.500084,3.872502,1,8,6,0.003468,0.002601,0.000433
春来,玉楼,0.500084,3.872502,1,16,3,0.006935,0.0013,0.000433
当时,羽翼,0.500084,3.872502,1,8,6,0.003468,0.002601,0.000433
垂杨,当时,0.500084,3.872502,1,6,8,0.002601,0.003468,0.000433
当时,金陵,0.500084,3.872502,1,8,6,0.003468,0.002601,0.000433
玉楼,白头,0.500084,3.872502,1,3,16,0.0013,0.006935,0.000433
南宫,羽翼,0.500084,3.872502,1,8,6,0.003468,0.002601,0.000433
南宫,朱门,0.500084,3.872502,1,8,6,0.003468,0.002601,0.000433
南宫,金陵,0.500084,3.872502,1,8,6,0.003468,0.002601,0.000433
羽翼,须臾,0.500084,3.872502,1,6,8,0.002601,0.003468,0.000433
朱门,须臾,0.500084,3.872502,1,6,8,0.002601,0.003468,0.000433
垂杨,须臾,0.500084,3.872502,1,6,8,0.002601,0.003468,0.000433
金陵,须臾,0.500084,3.872502,1,6,8,0.002601,0.003468,0.000433
才子,春来,0.500084,3.872502,1,3,16,0.0013,0.006935,0.000433
心期,春来,0.500084,3.872502,1,3,16,0.0013,0.006935,0.000433
春来,猿声,0.500084,3.872502,1,16,3,0.006935,0.0013,0.000433
丈夫,寥落,0.500084,3.872502,1,12,4,0.005202,0.001734,0.000433
寥落,迢递,0.500084,3.872502,1,4,12,0.001734,0.005202,0.000433
寂寞,寥落,0.500084,3.872502,1,12,4,0.005202,0.001734,0.000433
东南,寥落,0.500084,3.872502,1,12,4,0.005202,0.001734,0.000433
春来,消息,0.500084,3.872502,1,16,3,0.006935,0.0013,0.000433
御沟,消息,0.500084,3.872502,1,16,3,0.006935,0.0013,0.000433
相亲,莺啼,0.500084,3.872502,1,6,8,0.002601,0.003468,0.000433
君心,相亲,0.500084,3.872502,1,8,6,0.003468,0.002601,0.000433
相寻,莺啼,0.500084,3.872502,1,6,8,0.002601,0.003468,0.000433
君心,相寻,0.500084,3.872502,1,8,6,0.003468,0.002601,0.000433
思君,楚客,0.500084,3.872502,1,16,3,0.006935,0.0013,0.000433
武陵,风景,0.500084,3.872502,1,4,12,0.001734,0.005202,0.000433
思君,沧浪,0.500084,3.872502,1,16,3,0.006935,0.0013,0.000433
别后,相忆,0.500084,3.872502,1,12,4,0.005202,0.001734,0.000433
摇落,相忆,0.500084,3.872502,1,12,4,0.005202,0.001734,0.000433
月色,物外,0.500084,3.872502,1,4,12,0.001734,0.005202,0.000433
萧索,路难,0.500084,3.872502,1,6,8,0.002601,0.003468,0.000433
千万,心事,0.500084,3.872502,1,8,6,0.003468,0.002601,0.000433
十载,君心,0.500084,3.872502,1,6,8,0.002601,0.003468,0.000433
十载,千万,0.500084,3.872502,1,6,8,0.002601,0.003468,0.000433
丈夫,相对,0.500084,3.872502,1,12,4,0.005202,0.001734,0.000433
归去,相对,0.500084,3.872502,1,12,4,0.005202,0.001734,0.000433
丈夫,秋天,0.500084,3.872502,1,12,4,0.005202,0.001734,0.000433
东海,草绿,0.500084,3.872502,1,4,12,0.001734,0.005202,0.000433
东流,烟雨,0.500084,3.872502,1,16,3,0.006935,0.0013,0.000433
烟雨,相望,0.500084,3.872502,1,3,16,0.0013,0.006935,0.000433
月光,鬼神,0.500084,3.872502,1,12,4,0.005202,0.001734,0.000433
秋天,草绿,0.500084,3.872502,1,4,12,0.001734,0.005202,0.000433
东南,秋天,0.500084,3.872502,1,12,4,0.005202,0.001734,0.000433
月下,秋天,0.500084,3.872502,1,12,4,0.005202,0.001734,0.000433
游子,秋天,0.500084,3.872502,1,12,4,0.005202,0.001734,0.000433
万古,相亲,0.500084,3.872502,1,8,6,0.003468,0.002601,0.000433
断肠,相亲,0.500084,3.872502,1,8,6,0.003468,0.002601,0.000433
青苔,颜色,0.500084,3.872502,1,6,8,0.002601,0.003468,0.000433
万物,青苔,0.500084,3.872502,1,8,6,0.003468,0.002601,0.000433
单于,青苔,0.500084,3.872502,1,8,6,0.003468,0.002601,0.000433
青苔,须臾,0.500084,3.872502,1,6,8,0.002601,0.003468,0.000433
昆仑,青苔,0.500084,3.872502,1,8,6,0.003468,0.002601,0.000433
蹉跎,青苔,0.500084,3.872502,1,8,6,0.003468,0.002601,0.000433
忆昔,颜色,0.500084,3.872502,1,6,8,0.002601,0.003468,0.000433
他人,逶迤,0.500084,3.872502,1,3,16,0.0013,0.006935,0.000433
所思,逶迤,0.500084,3.872502,1,3,16,0.0013,0.006935,0.000433
清净,游子,0.500084,3.872502,1,4,12,0.001734,0.005202,0.000433
清净,翡翠,0.500084,3.872502,1,4,12,0.001734,0.005202,0.000433
圣人,清净,0.500084,3.872502,1,12,4,0.005202,0.001734,0.000433
摇落,清净,0.500084,3.872502,1,12,4,0.005202,0.001734,0.000433
月满,清净,0.500084,3.872502,1,12,4,0.005202,0.001734,0.000433
游子,诸侯,0.500084,3.872502,1,12,4,0.005202,0.001734,0.000433
游子,玉堂,0.500084,3.872502,1,12,4,0.005202,0.001734,0.000433
翡翠,诸侯,0.500084,3.872502,1,12,4,0.005202,0.001734,0.000433
出入,美人,0.500084,3.872502,1,2,24,0.000867,0.010403,0.000433
世人,美人,0.500084,3.872502,1,2,24,0.000867,0.010403,0.000433
万物,忆昔,0.500084,3.872502,1,8,6,0.003468,0.002601,0.000433
万物,茫茫,0.500084,3.872502,1,8,6,0.003468,0.002601,0.000433
感激,美人,0.500084,3.872502,1,2,24,0.000867,0.010403,0.000433
单于,忆昔,0.500084,3.872502,1,8,6,0.003468,0.002601,0.000433
忆昔,须臾,0.500084,3.872502,1,6,8,0.002601,0.003468,0.000433
忆昔,昆仑,0.500084,3.872502,1,6,8,0.002601,0.003468,0.000433
忆昔,蹉跎,0.500084,3.872502,1,6,8,0.002601,0.003468,0.000433
单于,茫茫,0.500084,3.872502,1,8,6,0.003468,0.002601,0.000433
圣人,诸侯,0.500084,3.872502,1,12,4,0.005202,0.001734,0.000433
摇落,诸侯,0.500084,3.872502,1,12,4,0.005202,0.001734,0.000433
月满,诸侯,0.500084,3.872502,1,12,4,0.005202,0.001734,0.000433
圣人,玉堂,0.500084,3.872502,1,12,4,0.005202,0.001734,0.000433
茫茫,须臾,0.500084,3.872502,1,6,8,0.002601,0.003468,0.000433
昆仑,茫茫,0.500084,3.872502,1,8,6,0.003468,0.002601,0.000433
他人,瑶池,0.500084,3.872502,1,3,16,0.0013,0.006935,0.000433
所思,瑶池,0.500084,3.872502,1,3,16,0.0013,0.006935,0.000433
摇落,玉堂,0.500084,3.872502,1,12,4,0.005202,0.001734,0.000433
月满,玉堂,0.500084,3.872502,1,12,4,0.005202,0.001734,0.000433
苍生,蹉跎,0.500084,3.872502,1,6,8,0.002601,0.003468,0.000433
丹青,武陵,0.500084,3.872502,1,12,4,0.005202,0.001734,0.000433
两相,圣人,0.500084,3.872502,1,4,12,0.001734,0.005202,0.000433
两相,红粉,0.500084,3.872502,1,4,12,0.001734,0.005202,0.000433
两相,今夜,0.500084,3.872502,1,4,12,0.001734,0.005202,0.000433
清净,莲花,0.500084,3.872502,1,4,12,0.001734,0.005202,0.000433
焚香,笙歌,0.500084,3.872502,1,6,8,0.002601,0.003468,0.000433
思归,梦中,0.500084,3.872502,1,8,6,0.003468,0.002601,0.000433
送客,陌上,0.500084,3.872502,1,6,8,0.002601,0.003468,0.000433
杜陵,玉树,0.500084,3.872502,1,4,12,0.001734,0.005202,0.000433
回首,永日,0.500084,3.872502,1,16,3,0.006935,0.0013,0.000433
蹉跎,黄花,0.500084,3.872502,1,8,6,0.003468,0.002601,0.000433
长沙,马嘶,0.500084,3.872502,1,12,4,0.005202,0.001734,0.000433
日出,洞庭,0.500084,3.872502,1,2,24,0.000867,0.010403,0.000433
春水,逶迤,0.500084,3.872502,1,3,16,0.0013,0.006935,0.000433
寒食,还家,0.500084,3.872502,1,8,6,0.003468,0.002601,0.000433
八月,春来,0.500084,3.872502,1,3,16,0.0013,0.006935,0.000433
春来,自知,0.500084,3.872502,1,16,3,0.006935,0.0013,0.000433
城中,焚香,0.500084,3.872502,1,8,6,0.003468,0.002601,0.000433
梦里,莲花,0.500084,3.872502,1,4,12,0.001734,0.005202,0.000433
乾坤,归去,0.500084,3.872502,1,4,12,0.001734,0.005202,0.000433
乾坤,圣人,0.500084,3.872502,1,4,12,0.001734,0.005202,0.000433
寒食,青草,0.500084,3.872502,1,8,6,0.003468,0.002601,0.000433
山下,弟子,0.500084,3.872502,1,16,3,0.006935,0.0013,0.000433
凄凉,长沙,0.500084,3.872502,1,4,12,0.001734,0.005202,0.000433
乾坤,鹦鹉,0.500084,3.872502,1,4,12,0.001734,0.005202,0.000433
走马,还家,0.500084,3.872502,1,8,6,0.003468,0.002601,0.000433
台上,走马,0.500084,3.872502,1,6,8,0.002601,0.003468,0.000433
城中,送客,0.500084,3.872502,1,8,6,0.003468,0.002601,0.000433
白头,秋草,0.500084,3.872502,1,16,3,0.006935,0.0013,0.000433
双阙,翠微,0.499846,3.524196,2,8,17,0.003468,0.007369,0.000867
可怜,月色,0.499846,3.524196,2,34,4,0.014738,0.001734,0.000867
可怜,相对,0.499846,3.524196,2,34,4,0.014738,0.001734,0.000867
归来,走马,0.499846,3.524196,2,17,8,0.007369,0.003468,0.000867
千门,须臾,0.499846,3.524196,2,17,8,0.007369,0.003468,0.000867
意气,须臾,0.499846,3.524196,2,17,8,0.007369,0.003468,0.000867
不归,河汉,0.499846,3.524196,2,17,8,0.007369,0.003468,0.000867
当时,青门,0.499846,3.524196,2,8,17,0.003468,0.007369,0.000867
当时,意气,0.499846,3.524196,2,8,17,0.003468,0.007369,0.000867
携手,蹉跎,0.499846,3.524196,2,17,8,0.007369,0.003468,0.000867
花前,芳树,0.499746,3.320855,3,10,25,0.004335,0.010837,0.0013
叹息,花前,0.499746,3.320855,3,25,10,0.010837,0.004335,0.0013
古人,花开,0.499746,3.320855,3,10,25,0.004335,0.010837,0.0013
古人,芳树,0.499746,3.320855,3,10,25,0.004335,0.010837,0.0013
古人,叹息,0.499746,3.320855,3,10,25,0.004335,0.010837,0.0013
千载,自言,0.499746,3.320855,3,25,10,0.010837,0.004335,0.0013
松柏,神仙,0.499693,3.176754,4,11,35,0.004768,0.015171,0.001734
万里,黄河,0.498557,2.967385,6,89,8,0.038578,0.003468,0.002601
今夜,蛾眉,0.498546,3.312886,3,12,21,0.005202,0.009103,0.0013
帝乡,迢递,0.498546,3.312886,3,21,12,0.009103,0.005202,0.0013
寂寞,白露,0.498546,3.312886,3,12,21,0.005202,0.009103,0.0013
蛾眉,行乐,0.498546,3.312886,3,21,12,0.009103,0.005202,0.0013
公子,行乐,0.498546,3.312886,3,21,12,0.009103,0.005202,0.0013
徘徊,芙蓉,0.498546,3.312886,3,14,18,0.006068,0.007802,0.0013
公子,归去,0.498546,3.312886,3,21,12,0.009103,0.005202,0.0013
东南,岁月,0.498546,3.312886,3,12,21,0.005202,0.009103,0.0013
圣主,天上,0.498546,3.312886,3,9,28,0.003901,0.012137,0.0013
古来,相识,0.498546,3.312886,3,18,14,0.007802,0.006068,0.0013
人归,明主,0.497776,3.509597,2,6,23,0.002601,0.00997,0.000867
桃花,金陵,0.497776,3.509597,2,23,6,0.00997,0.002601,0.000867
十年,朱门,0.497776,3.509597,2,23,6,0.00997,0.002601,0.000867
天地,茫茫,0.497776,3.509597,2,23,6,0.00997,0.002601,0.000867
烟波,风波,0.497421,3.851883,1,7,7,0.003034,0.003034,0.000433
婵娟,风波,0.497421,3.851883,1,7,7,0.003034,0.003034,0.000433
婵娟,烟波,0.497421,3.851883,1,7,7,0.003034,0.003034,0.000433
惆怅,潺湲,0.497421,3.851883,1,7,7,0.003034,0.003034,0.000433
雨雪,马蹄,0.497421,3.851883,1,7,7,0.003034,0.003034,0.000433
丞相,尚书,0.497421,3.851883,1,7,7,0.003034,0.003034,0.000433
君家,歌舞,0.497421,3.851883,1,1,49,0.000433,0.02124,0.000433
怜君,歌舞,0.497421,3.851883,1,1,49,0.000433,0.02124,0.000433
梦魂,秋风,0.497421,3.851883,1,1,49,0.000433,0.02124,0.000433
丞相,骨肉,0.497421,3.851883,1,7,7,0.003034,0.003034,0.000433
丞相,咸阳,0.497421,3.851883,1,7,7,0.003034,0.003034,0.000433
咸阳,骨肉,0.497421,3.851883,1,7,7,0.003034,0.003034,0.000433
扁舟,秋风,0.497421,3.851883,1,1,49,0.000433,0.02124,0.000433
庭前,罗衣,0.497421,3.851883,1,7,7,0.003034,0.003034,0.000433
暮雨,江流,0.497421,3.851883,1,7,7,0.003034,0.003034,0.000433
年少,歌舞,0.497421,3.851883,1,1,49,0.000433,0.02124,0.000433
江流,风波,0.497421,3.851883,1,7,7,0.003034,0.003034,0.000433
功名,路岐,0.497421,3.851883,1,7,7,0.003034,0.003034,0.000433
歌舞,须臾,0.496859,3.158736,4,49,8,0.02124,0.003468,0.001734
明年,白头,0.496177,3.297138,3,16,16,0.006935,0.006935,0.0013
未央,池上,0.495735,3.495208,2,20,7,0.008669,0.003034,0.000867
池上,鸳鸯,0.495735,3.495208,2,7,20,0.003034,0.008669,0.000867
山头,神仙,0.495735,3.495208,2,4,35,0.001734,0.015171,0.000867
万年,叶落,0.495735,3.495208,2,28,5,0.012137,0.002167,0.000867
叶落,流水,0.495735,3.495208,2,5,28,0.002167,0.012137,0.000867
阙下,鸳鸯,0.495735,3.495208,2,7,20,0.003034,0.008669,0.000867
海上,阙下,0.495735,3.495208,2,20,7,0.008669,0.003034,0.000867
徘徊,落叶,0.495735,3.495208,2,14,10,0.006068,0.004335,0.000867
相识,花前,0.495735,3.495208,2,14,10,0.006068,0.004335,0.000867
古人,相识,0.495735,3.495208,2,10,14,0.004335,0.006068,0.000867
岐路,马蹄,0.495735,3.495208,2,20,7,0.008669,0.003034,0.000867
风流,鸳鸯,0.495735,3.495208,2,7,20,0.003034,0.008669,0.000867
自言,青楼,0.495735,3.495208,2,10,14,0.004335,0.006068,0.000867
无限,自言,0.495735,3.495208,2,14,10,0.006068,0.004335,0.000867
淹留,自言,0.495735,3.495208,2,14,10,0.006068,0.004335,0.000867
尘埃,自言,0.495735,3.495208,2,14,10,0.006068,0.004335,0.000867
宁知,得意,0.495735,3.495208,2,28,5,0.012137,0.002167,0.000867
朝朝,相思,0.495262,3.148583,4,12,33,0.005202,0.014304,0.001734
春风,杨柳,0.495177,2.746491,9,36,37,0.015605,0.016038,0.003901
古木,往来,0.494812,3.83168,1,10,5,0.004335,0.002167,0.000433
百花,风动,0.494812,3.83168,1,10,5,0.004335,0.002167,0.000433
知音,风飘,0.494812,3.83168,1,10,5,0.004335,0.002167,0.000433
旧游,萧条,0.494812,3.83168,1,5,10,0.002167,0.004335,0.000433
东西,萧条,0.494812,3.83168,1,5,10,0.002167,0.004335,0.000433
无力,湘水,0.494812,3.83168,1,5,10,0.002167,0.004335,0.000433
楼前,自言,0.494812,3.83168,1,5,10,0.002167,0.004335,0.000433
楼前,花发,0.494812,3.83168,1,5,10,0.002167,0.004335,0.000433
楼前,白马,0.494812,3.83168,1,5,10,0.002167,0.004335,0.000433
云飞,风动,0.494812,3.83168,1,10,5,0.004335,0.002167,0.000433
南国,自古,0.494812,3.83168,1,10,5,0.004335,0.002167,0.000433
云雨,秋水,0.494812,3.83168,1,10,5,0.004335,0.002167,0.000433
关河,秋水,0.494812,3.83168,1,10,5,0.004335,0.002167,0.000433
云雨,寒山,0.494812,3.83168,1,10,5,0.004335,0.002167,0.000433
关河,寒山,0.494812,3.83168,1,10,5,0.004335,0.002167,0.000433
东西,苍梧,0.494812,3.83168,1,5,10,0.002167,0.004335,0.000433
东西,落叶,0.494812,3.83168,1,5,10,0.002167,0.004335,0.000433
古今,江海,0.494812,3.83168,1,5,10,0.002167,0.004335,0.000433
山阴,故园,0.494812,3.83168,1,5,10,0.002167,0.004335,0.000433
天外,归心,0.494812,3.83168,1,10,5,0.004335,0.002167,0.000433
故园,残月,0.494812,3.83168,1,10,5,0.004335,0.002167,0.000433
月中,沧海,0.494812,3.83168,1,5,10,0.002167,0.004335,0.000433
古今,萧条,0.494812,3.83168,1,5,10,0.002167,0.004335,0.000433
苍梧,衣裳,0.494812,3.83168,1,10,5,0.004335,0.002167,0.000433
太守,昔日,0.494812,3.83168,1,5,10,0.002167,0.004335,0.000433
东西,殷勤,0.494812,3.83168,1,5,10,0.002167,0.004335,0.000433
东西,路傍,0.494812,3.83168,1,5,10,0.002167,0.004335,0.000433
古今,知音,0.494812,3.83168,1,5,10,0.002167,0.004335,0.000433
残月,江海,0.494812,3.83168,1,5,10,0.002167,0.004335,0.000433
关河,残月,0.494812,3.83168,1,10,5,0.004335,0.002167,0.000433
旧游,知音,0.494812,3.83168,1,5,10,0.002167,0.004335,0.000433
人家,江海,0.494812,3.83168,1,5,10,0.002167,0.004335,0.000433
人家,风月,0.494812,3.83168,1,5,10,0.002167,0.004335,0.000433
潇湘,知音,0.494812,3.83168,1,5,10,0.002167,0.004335,0.000433
潇湘,风月,0.494812,3.83168,1,5,10,0.002167,0.004335,0.000433
承恩,残月,0.494812,3.83168,1,10,5,0.004335,0.002167,0.000433
万户,自言,0.494812,3.83168,1,5,10,0.002167,0.004335,0.000433
使君,自言,0.494812,3.83168,1,5,10,0.002167,0.004335,0.000433
万户,经过,0.494812,3.83168,1,5,10,0.002167,0.004335,0.000433
使君,经过,0.494812,3.83168,1,5,10,0.002167,0.004335,0.000433
叶落,知音,0.494812,3.83168,1,5,10,0.002167,0.004335,0.000433
叶落,故园,0.494812,3.83168,1,5,10,0.002167,0.004335,0.000433
叶落,自言,0.494812,3.83168,1,5,10,0.002167,0.004335,0.000433
叶落,花发,0.494812,3.83168,1,5,10,0.002167,0.004335,0.000433
叶落,白马,0.494812,3.83168,1,5,10,0.002167,0.004335,0.000433
叶落,风月,0.494812,3.83168,1,5,10,0.002167,0.004335,0.000433
叶落,憔悴,0.494812,3.83168,1,5,10,0.002167,0.004335,0.000433
叶落,经过,0.494812,3.83168,1,5,10,0.002167,0.004335,0.000433
去年,自言,0.494812,3.83168,1,5,10,0.002167,0.004335,0.000433
残月,自言,0.494812,3.83168,1,5,10,0.002167,0.004335,0.000433
今来,浮生,0.494812,3.83168,1,10,5,0.004335,0.002167,0.000433
松风,浮生,0.494812,3.83168,1,10,5,0.004335,0.002167,0.000433
浮生,白马,0.494812,3.83168,1,5,10,0.002167,0.004335,0.000433
古木,秋水,0.494812,3.83168,1,10,5,0.004335,0.002167,0.000433
今来,得意,0.494812,3.83168,1,10,5,0.004335,0.002167,0.000433
岁寒,得意,0.494812,3.83168,1,10,5,0.004335,0.002167,0.000433
古木,得意,0.494812,3.83168,1,10,5,0.004335,0.002167,0.000433
寒山,零落,0.494812,3.83168,1,5,10,0.002167,0.004335,0.000433
寒山,知音,0.494812,3.83168,1,5,10,0.002167,0.004335,0.000433
秋水,自然,0.494812,3.83168,1,5,10,0.002167,0.004335,0.000433
潇湘,猿啼,0.494812,3.83168,1,5,10,0.002167,0.004335,0.000433
得意,昔日,0.494812,3.83168,1,5,10,0.002167,0.004335,0.000433
得意,萧条,0.494812,3.83168,1,5,10,0.002167,0.004335,0.000433
得意,自言,0.494812,3.83168,1,5,10,0.002167,0.004335,0.000433
得意,湘水,0.494812,3.83168,1,5,10,0.002167,0.004335,0.000433
封侯,自古,0.494812,3.83168,1,10,5,0.004335,0.002167,0.000433
封侯,衣裳,0.494812,3.83168,1,10,5,0.004335,0.002167,0.000433
昔日,自古,0.494812,3.83168,1,10,5,0.004335,0.002167,0.000433
昔日,衣裳,0.494812,3.83168,1,10,5,0.004335,0.002167,0.000433
自古,萧条,0.494812,3.83168,1,5,10,0.002167,0.004335,0.000433
自古,自言,0.494812,3.83168,1,5,10,0.002167,0.004335,0.000433
湘水,自古,0.494812,3.83168,1,10,5,0.004335,0.002167,0.000433
萧条,衣裳,0.494812,3.83168,1,10,5,0.004335,0.002167,0.000433
自言,衣裳,0.494812,3.83168,1,10,5,0.004335,0.002167,0.000433
湘水,衣裳,0.494812,3.83168,1,10,5,0.004335,0.002167,0.000433
文章,梧桐,0.494812,3.83168,1,10,5,0.004335,0.002167,0.000433
世上,生涯,0.494812,3.83168,1,5,10,0.002167,0.004335,0.000433
古木,孤城,0.494812,3.83168,1,10,5,0.004335,0.002167,0.000433
万事,松风,0.494812,3.83168,1,5,10,0.002167,0.004335,0.000433
万事,路傍,0.494812,3.83168,1,5,10,0.002167,0.004335,0.000433
春日,楼前,0.494812,3.83168,1,10,5,0.004335,0.002167,0.000433
春日,月中,0.494812,3.83168,1,10,5,0.004335,0.002167,0.000433
万户,湘水,0.494812,3.83168,1,5,10,0.002167,0.004335,0.000433
万户,猿啼,0.494812,3.83168,1,5,10,0.002167,0.004335,0.000433
孤城,萧条,0.494812,3.83168,1,5,10,0.002167,0.004335,0.000433
人家,自言,0.494812,3.83168,1,5,10,0.002167,0.004335,0.000433
秋水,落叶,0.494812,3.83168,1,5,10,0.002167,0.004335,0.000433
使君,天外,0.494812,3.83168,1,5,10,0.002167,0.004335,0.000433
太守,文章,0.494812,3.83168,1,5,10,0.002167,0.004335,0.000433
故山,文章,0.494812,3.83168,1,5,10,0.002167,0.004335,0.000433
故山,清明,0.494812,3.83168,1,5,10,0.002167,0.004335,0.000433
千载,当年,0.494812,3.83168,1,25,2,0.010837,0.000867,0.000433
千载,青天,0.494812,3.83168,1,25,2,0.010837,0.000867,0.000433
出入,千载,0.494812,3.83168,1,2,25,0.000867,0.010837,0.000433
世人,千载,0.494812,3.83168,1,2,25,0.000867,0.010837,0.000433
千载,感激,0.494812,3.83168,1,25,2,0.010837,0.000867,0.000433
千载,楚水,0.494812,3.83168,1,25,2,0.010837,0.000867,0.000433
出入,叹息,0.494812,3.83168,1,2,25,0.000867,0.010837,0.000433
世人,叹息,0.494812,3.83168,1,2,25,0.000867,0.010837,0.000433
叹息,感激,0.494812,3.83168,1,25,2,0.010837,0.000867,0.000433
叹息,楚水,0.494812,3.83168,1,25,2,0.010837,0.000867,0.000433
叹息,老去,0.494812,3.83168,1,25,2,0.010837,0.000867,0.000433
千载,宫殿,0.494812,3.83168,1,25,2,0.010837,0.000867,0.000433
湖上,芳树,0.494812,3.83168,1,2,25,0.000867,0.010837,0.000433
岁月,纵横,0.494075,3.141036,4,21,19,0.009103,0.008236,0.001734
花前,花落,0.493843,3.281634,3,10,26,0.004335,0.01127,0.0013
古人,花落,0.493843,3.281634,3,10,26,0.004335,0.01127,0.0013
春日,窈窕,0.493843,3.281634,3,10,26,0.004335,0.01127,0.0013
海上,西山,0.493843,3.281634,3,20,13,0.008669,0.005635,0.0013
百年,自言,0.493843,3.281634,3,26,10,0.01127,0.004335,0.0013
桃李,王孙,0.493266,3.277795,3,29,9,0.01257,0.003901,0.0013
功名,千里,0.493165,3.025204,5,7,80,0.003034,0.034677,0.002167
天涯,江南,0.492728,3.474006,2,11,13,0.004768,0.005635,0.000867
绮罗,高台,0.492728,3.474006,2,13,11,0.005635,0.004768,0.000867
绮罗,青松,0.492728,3.474006,2,13,11,0.005635,0.004768,0.000867
北风,黄叶,0.492728,3.474006,2,13,11,0.005635,0.004768,0.000867
日斜,金谷,0.492728,3.474006,2,11,13,0.004768,0.005635,0.000867
天涯,苦辛,0.492728,3.474006,2,11,13,0.004768,0.005635,0.000867
天涯,昔时,0.492728,3.474006,2,11,13,0.004768,0.005635,0.000867
北风,龙门,0.492728,3.474006,2,13,11,0.005635,0.004768,0.000867
北风,道路,0.492728,3.474006,2,13,11,0.005635,0.004768,0.000867
天涯,知己,0.492728,3.474006,2,11,13,0.004768,0.005635,0.000867
昔时,春草,0.492728,3.474006,2,13,11,0.005635,0.004768,0.000867
关山,江南,0.492506,3.131061,4,31,13,0.013437,0.005635,0.001734
洛阳,相访,0.492255,3.811878,1,51,1,0.022107,0.000433,0.000433
不归,云深,0.492255,3.811878,1,17,3,0.007369,0.0013,0.000433
先生,归来,0.492255,3.811878,1,3,17,0.0013,0.007369,0.000433
姓名,归来,0.492255,3.811878,1,3,17,0.0013,0.007369,0.000433
弟子,归来,0.492255,3.811878,1,3,17,0.0013,0.007369,0.000433
不归,愁人,0.492255,3.811878,1,17,3,0.007369,0.0013,0.000433
不归,沧浪,0.492255,3.811878,1,17,3,0.007369,0.0013,0.000433
姓名,梅花,0.492255,3.811878,1,3,17,0.0013,0.007369,0.000433
名利,归来,0.492255,3.811878,1,3,17,0.0013,0.007369,0.000433
八月,千门,0.492255,3.811878,1,3,17,0.0013,0.007369,0.000433
不归,八月,0.492255,3.811878,1,17,3,0.007369,0.0013,0.000433
人世,翠微,0.492255,3.811878,1,3,17,0.0013,0.007369,0.000433
明时,青门,0.492255,3.811878,1,3,17,0.0013,0.007369,0.000433
世事,意气,0.492255,3.811878,1,3,17,0.0013,0.007369,0.000433
别离,愁人,0.492255,3.811878,1,17,3,0.007369,0.0013,0.000433
万国,临水,0.492255,3.811878,1,17,3,0.007369,0.0013,0.000433
别离,白蘋,0.492255,3.811878,1,17,3,0.007369,0.0013,0.000433
千门,玉楼,0.492255,3.811878,1,17,3,0.007369,0.0013,0.000433
玉楼,青门,0.492255,3.811878,1,3,17,0.0013,0.007369,0.000433
意气,玉楼,0.492255,3.811878,1,17,3,0.007369,0.0013,0.000433
意气,才子,0.492255,3.811878,1,17,3,0.007369,0.0013,0.000433
才子,青门,0.492255,3.811878,1,3,17,0.0013,0.007369,0.000433
才子,梅花,0.492255,3.811878,1,3,17,0.0013,0.007369,0.000433
心期,意气,0.492255,3.811878,1,3,17,0.0013,0.007369,0.000433
意气,猿声,0.492255,3.811878,1,17,3,0.007369,0.0013,0.000433
心期,青门,0.492255,3.811878,1,3,17,0.0013,0.007369,0.000433
猿声,青门,0.492255,3.811878,1,3,17,0.0013,0.007369,0.000433
心期,梅花,0.492255,3.811878,1,3,17,0.0013,0.007369,0.000433
梅花,猿声,0.492255,3.811878,1,17,3,0.007369,0.0013,0.000433
梅花,消息,0.492255,3.811878,1,17,3,0.007369,0.0013,0.000433
别离,消息,0.492255,3.811878,1,17,3,0.007369,0.0013,0.000433
名利,意气,0.492255,3.811878,1,3,17,0.0013,0.007369,0.000433
不归,他人,0.492255,3.811878,1,17,3,0.007369,0.0013,0.000433
不归,所思,0.492255,3.811878,1,17,3,0.007369,0.0013,0.000433
他人,携手,0.492255,3.811878,1,3,17,0.0013,0.007369,0.000433
所思,携手,0.492255,3.811878,1,3,17,0.0013,0.007369,0.000433
携手,烟雨,0.492255,3.811878,1,17,3,0.007369,0.0013,0.000433
别离,是非,0.492255,3.811878,1,17,3,0.007369,0.0013,0.000433
归来,白蘋,0.492255,3.811878,1,17,3,0.007369,0.0013,0.000433
宫中,意气,0.492255,3.811878,1,3,17,0.0013,0.007369,0.000433
万国,宫中,0.492255,3.811878,1,17,3,0.007369,0.0013,0.000433
英雄,青门,0.492255,3.811878,1,3,17,0.0013,0.007369,0.000433
携手,秋草,0.492255,3.811878,1,17,3,0.007369,0.0013,0.000433
秋草,青门,0.492255,3.811878,1,3,17,0.0013,0.007369,0.000433
春风,月色,0.49174,3.467037,2,36,4,0.015605,0.001734,0.000867
佳期,御沟,0.49174,3.467037,2,9,16,0.003901,0.006935,0.000867
春风,相对,0.49174,3.467037,2,36,4,0.015605,0.001734,0.000867
春风,看花,0.49174,3.467037,2,36,4,0.015605,0.001734,0.000867
月满,辛苦,0.49174,3.467037,2,12,12,0.005202,0.005202,0.000867
寂寞,月光,0.49174,3.467037,2,12,12,0.005202,0.005202,0.000867
洞庭,金陵,0.49174,3.467037,2,24,6,0.010403,0.002601,0.000867
白发,颜色,0.49174,3.467037,2,18,8,0.007802,0.003468,0.000867
白发,须臾,0.49174,3.467037,2,18,8,0.007802,0.003468,0.000867
东流,公卿,0.49174,3.467037,2,16,9,0.006935,0.003901,0.000867
春来,绿水,0.49174,3.467037,2,16,9,0.006935,0.003901,0.000867
东流,绿水,0.49174,3.467037,2,16,9,0.006935,0.003901,0.000867
月照,行路,0.49174,3.467037,2,18,8,0.007802,0.003468,0.000867
月照,路难,0.49174,3.467037,2,18,8,0.007802,0.003468,0.000867
千万,月照,0.49174,3.467037,2,8,18,0.003468,0.007802,0.000867
从军,将军,0.49174,3.467037,2,4,36,0.001734,0.015605,0.000867
夜长,月照,0.49174,3.467037,2,8,18,0.003468,0.007802,0.000867
佳人,夜长,0.49174,3.467037,2,18,8,0.007802,0.003468,0.000867
夜长,芙蓉,0.49174,3.467037,2,8,18,0.003468,0.007802,0.000867
东南,月下,0.49174,3.467037,2,12,12,0.005202,0.005202,0.000867
思归,故乡,0.49174,3.467037,2,8,18,0.003468,0.007802,0.000867
朝朝,鹦鹉,0.49174,3.467037,2,12,12,0.005202,0.005202,0.000867
寥落,裴回,0.49174,3.467037,2,4,36,0.001734,0.015605,0.000867
功成,洞庭,0.49174,3.467037,2,6,24,0.002601,0.010403,0.000867
佳人,颜色,0.49174,3.467037,2,18,8,0.007802,0.003468,0.000867
翡翠,草绿,0.49174,3.467037,2,12,12,0.005202,0.005202,0.000867
清风,翡翠,0.49174,3.467037,2,12,12,0.005202,0.005202,0.000867
大道,春来,0.49174,3.467037,2,9,16,0.003901,0.006935,0.000867
丈夫,东南,0.49174,3.467037,2,12,12,0.005202,0.005202,0.000867
春来,肠断,0.49174,3.467037,2,16,9,0.006935,0.003901,0.000867
依然,御沟,0.49174,3.467037,2,9,16,0.003901,0.006935,0.000867
圣人,月满,0.49174,3.467037,2,12,12,0.005202,0.005202,0.000867
行乐,风景,0.49174,3.467037,2,12,12,0.005202,0.005202,0.000867
寂寞,汉家,0.491546,3.266366,3,12,22,0.005202,0.009536,0.0013
落花,须臾,0.491546,3.266366,3,33,8,0.014304,0.003468,0.0013
年年,颜色,0.491546,3.266366,3,33,8,0.014304,0.003468,0.0013
自怜,草绿,0.491546,3.266366,3,22,12,0.009536,0.005202,0.0013
归去,汉家,0.491546,3.266366,3,12,22,0.005202,0.009536,0.0013
千万,相思,0.491546,3.266366,3,8,33,0.003468,0.014304,0.0013
万事,千年,0.490758,3.460117,2,5,29,0.002167,0.01257,0.000867
十里,千年,0.490758,3.460117,2,5,29,0.002167,0.01257,0.000867
洛阳,颜色,0.490566,3.11873,4,51,8,0.022107,0.003468,0.001734
洛阳,须臾,0.490566,3.11873,4,51,8,0.022107,0.003468,0.001734
今夜,可怜,0.490566,3.11873,4,12,34,0.005202,0.014738,0.001734
淹留,烟霞,0.49041,3.258819,3,14,19,0.006068,0.008236,0.0013
婵娟,白日,0.49041,3.258819,3,7,38,0.003034,0.016472,0.0013
少年,纵横,0.49041,3.258819,3,14,19,0.006068,0.008236,0.0013
封侯,悠悠,0.489797,3.11384,4,10,41,0.004335,0.017772,0.001734
江南,鸟飞,0.489748,3.79246,1,13,4,0.005635,0.001734,0.000433
相送,诸侯,0.489748,3.79246,1,13,4,0.005635,0.001734,0.000433
昔时,玉堂,0.489748,3.79246,1,13,4,0.005635,0.001734,0.000433
昔时,杜陵,0.489748,3.79246,1,13,4,0.005635,0.001734,0.000433
秋天,黄鹤,0.489748,3.79246,1,4,13,0.001734,0.005635,0.000433
可惜,相送,0.489748,3.79246,1,4,13,0.001734,0.005635,0.000433
山头,蓬莱,0.489748,3.79246,1,4,13,0.001734,0.005635,0.000433
相忆,蓬莱,0.489748,3.79246,1,4,13,0.001734,0.005635,0.000433
相忆,黄鹤,0.489748,3.79246,1,4,13,0.001734,0.005635,0.000433
山头,黄鹤,0.489748,3.79246,1,4,13,0.001734,0.005635,0.000433
城下,江南,0.489748,3.79246,1,4,13,0.001734,0.005635,0.000433
寥落,金谷,0.489748,3.79246,1,4,13,0.001734,0.005635,0.000433
寥落,知己,0.489748,3.79246,1,4,13,0.001734,0.005635,0.000433
寥落,江南,0.489748,3.79246,1,4,13,0.001734,0.005635,0.000433
逢人,金谷,0.489748,3.79246,1,4,13,0.001734,0.005635,0.000433
多情,百年,0.489748,3.79246,1,2,26,0.000867,0.01127,0.000433
来往,百年,0.489748,3.79246,1,2,26,0.000867,0.01127,0.000433
百年,青天,0.489748,3.79246,1,26,2,0.01127,0.000867,0.000433
同心,相对,0.489748,3.79246,1,13,4,0.005635,0.001734,0.000433
昔时,秋天,0.489748,3.79246,1,13,4,0.005635,0.001734,0.000433
北风,秋天,0.489748,3.79246,1,13,4,0.005635,0.001734,0.000433
江南,沧洲,0.489748,3.79246,1,13,4,0.005635,0.001734,0.000433
清净,西山,0.489748,3.79246,1,4,13,0.001734,0.005635,0.000433
西山,诸侯,0.489748,3.79246,1,13,4,0.005635,0.001734,0.000433
玉堂,西山,0.489748,3.79246,1,4,13,0.001734,0.005635,0.000433
咫尺,窈窕,0.489748,3.79246,1,2,26,0.000867,0.01127,0.000433
蓬莱,谢公,0.489748,3.79246,1,13,4,0.005635,0.001734,0.000433
山水,雨后,0.489748,3.79246,1,26,2,0.01127,0.000867,0.000433
丹砂,同心,0.489748,3.79246,1,4,13,0.001734,0.005635,0.000433
宫殿,窈窕,0.489748,3.79246,1,2,26,0.000867,0.01127,0.000433
东海,相送,0.489748,3.79246,1,4,13,0.001734,0.005635,0.000433
月落,窈窕,0.489748,3.79246,1,2,26,0.000867,0.01127,0.000433
凄凉,月夜,0.489748,3.79246,1,4,13,0.001734,0.005635,0.000433
他乡,浮云,0.489709,3.004002,5,26,22,0.01127,0.009536,0.002167
池上,蛾眉,0.488815,3.446418,2,7,21,0.003034,0.009103,0.000867
帝乡,池上,0.488815,3.446418,2,21,7,0.009103,0.003034,0.000867
汉宫,蛾眉,0.488815,3.446418,2,7,21,0.003034,0.009103,0.000867
白露,罗衣,0.488815,3.446418,2,21,7,0.009103,0.003034,0.000867
公子,阙下,0.488815,3.446418,2,21,7,0.009103,0.003034,0.000867
烟波,风光,0.488815,3.446418,2,7,21,0.003034,0.009103,0.000867
蛾眉,阳台,0.488815,3.446418,2,21,7,0.009103,0.003034,0.000867
帝城,归路,0.488815,3.446418,2,7,21,0.003034,0.009103,0.000867
丞相,白露,0.488815,3.446418,2,7,21,0.003034,0.009103,0.000867
将军,明年,0.488573,2.997034,5,36,16,0.015605,0.006935,0.002167
公子,将军,0.488483,2.907421,6,21,36,0.009103,0.015605,0.002601
光辉,凉风,0.488164,3.243894,3,30,9,0.013004,0.003901,0.0013
白发,白首,0.488164,3.243894,3,18,15,0.007802,0.006502,0.0013
杨柳,看花,0.487853,3.439638,2,37,4,0.016038,0.001734,0.000867
从军,杨柳,0.487853,3.439638,2,4,37,0.001734,0.016038,0.000867
白日,青春,0.487596,2.902144,6,38,20,0.016472,0.008669,0.002601
他乡,春来,0.487512,3.099312,4,26,16,0.01127,0.006935,0.001734
他乡,相望,0.487512,3.099312,4,26,16,0.01127,0.006935,0.001734
人生,公子,0.486501,3.232844,3,13,21,0.005635,0.009103,0.0013
昔时,风光,0.486501,3.232844,3,13,21,0.005635,0.009103,0.0013
流水,游人,0.486007,3.089743,4,28,15,0.012137,0.006502,0.001734
孤舟,花开,0.48595,3.426215,2,6,25,0.002601,0.010837,0.000867
光辉,孤城,0.48595,3.426215,2,30,5,0.013004,0.002167,0.000867
宛转,花前,0.48595,3.426215,2,15,10,0.006502,0.004335,0.000867
古人,宛转,0.48595,3.426215,2,10,15,0.004335,0.006502,0.000867
云间,零落,0.48595,3.426215,2,15,10,0.006502,0.004335,0.000867
游人,零落,0.48595,3.426215,2,15,10,0.006502,0.004335,0.000867
云间,昔日,0.48595,3.426215,2,15,10,0.006502,0.004335,0.000867
无穷,江水,0.48595,3.426215,2,15,10,0.006502,0.004335,0.000867
天外,管弦,0.48595,3.426215,2,10,15,0.004335,0.006502,0.000867
君子,岁寒,0.48595,3.426215,2,15,10,0.006502,0.004335,0.000867
君子,文章,0.48595,3.426215,2,15,10,0.006502,0.004335,0.000867
古木,日落,0.48595,3.426215,2,10,15,0.004335,0.006502,0.000867
白首,自言,0.48595,3.426215,2,15,10,0.006502,0.004335,0.000867
楼上,路傍,0.48595,3.426215,2,15,10,0.006502,0.004335,0.000867
叹息,白玉,0.485403,3.225544,3,25,11,0.010837,0.004768,0.0013
松柏,花开,0.485403,3.225544,3,11,25,0.004768,0.010837,0.0013
花开,阳城,0.485403,3.225544,3,25,11,0.010837,0.004768,0.0013
松柏,芳树,0.485403,3.225544,3,11,25,0.004768,0.010837,0.0013
叹息,松柏,0.485403,3.225544,3,25,11,0.010837,0.004768,0.0013
芳树,阳城,0.485403,3.225544,3,25,11,0.010837,0.004768,0.0013
叹息,阳城,0.485403,3.225544,3,25,11,0.010837,0.004768,0.0013
王孙,蛟龙,0.484874,3.754719,1,9,6,0.003901,0.002601,0.000433
今已,相看,0.484874,3.754719,1,9,6,0.003901,0.002601,0.000433
昨夜,梦中,0.484874,3.754719,1,9,6,0.003901,0.002601,0.000433
清晨,萧萧,0.484874,3.754719,1,9,6,0.003901,0.002601,0.000433
所以,故乡,0.484874,3.754719,1,3,18,0.0013,0.007802,0.000433
十载,竹林,0.484874,3.754719,1,6,9,0.002601,0.003901,0.000433
干戈,萧索,0.484874,3.754719,1,9,6,0.003901,0.002601,0.000433
萧索,风雨,0.484874,3.754719,1,6,9,0.002601,0.003901,0.000433
公卿,萧索,0.484874,3.754719,1,9,6,0.003901,0.002601,0.000433
明日,萧索,0.484874,3.754719,1,9,6,0.003901,0.002601,0.000433
苍生,鱼龙,0.484874,3.754719,1,6,9,0.002601,0.003901,0.000433
宫殿,日月,0.484874,3.754719,1,2,27,0.000867,0.011704,0.000433
苍生,风雨,0.484874,3.754719,1,6,9,0.002601,0.003901,0.000433
公卿,苍生,0.484874,3.754719,1,9,6,0.003901,0.002601,0.000433
明日,苍生,0.484874,3.754719,1,9,6,0.003901,0.002601,0.000433
日月,阑干,0.484874,3.754719,1,27,2,0.011704,0.000867,0.000433
相亲,衣冠,0.484874,3.754719,1,6,9,0.002601,0.003901,0.000433
故乡,猿声,0.484874,3.754719,1,18,3,0.007802,0.0013,0.000433
微风,登高,0.484874,3.754719,1,3,18,0.0013,0.007802,0.000433
肠断,茫茫,0.484874,3.754719,1,9,6,0.003901,0.002601,0.000433
垂杨,肠断,0.484874,3.754719,1,6,9,0.002601,0.003901,0.000433
登临,茫茫,0.484874,3.754719,1,9,6,0.003901,0.002601,0.000433
垂杨,登临,0.484874,3.754719,1,6,9,0.002601,0.003901,0.000433
十载,鸡鸣,0.484874,3.754719,1,6,9,0.002601,0.003901,0.000433
天台,寂寥,0.484874,3.754719,1,6,9,0.002601,0.003901,0.000433
清晨,金陵,0.484874,3.754719,1,9,6,0.003901,0.002601,0.000433
相寻,竹林,0.484874,3.754719,1,6,9,0.002601,0.003901,0.000433
相寻,花满,0.484874,3.754719,1,6,9,0.002601,0.003901,0.000433
富贵,焚香,0.484874,3.754719,1,9,6,0.003901,0.002601,0.000433
夫子,芙蓉,0.484874,3.754719,1,3,18,0.0013,0.007802,0.000433
消息,白发,0.484874,3.754719,1,3,18,0.0013,0.007802,0.000433
池塘,芙蓉,0.484874,3.754719,1,3,18,0.0013,0.007802,0.000433
他日,芙蓉,0.484874,3.754719,1,3,18,0.0013,0.007802,0.000433
花满,青苔,0.484874,3.754719,1,9,6,0.003901,0.002601,0.000433
生死,白雪,0.484874,3.754719,1,9,6,0.003901,0.002601,0.000433
大道,羽翼,0.484874,3.754719,1,9,6,0.003901,0.002601,0.000433
大道,朱门,0.484874,3.754719,1,9,6,0.003901,0.002601,0.000433
垂杨,大道,0.484874,3.754719,1,6,9,0.002601,0.003901,0.000433
大道,金陵,0.484874,3.754719,1,9,6,0.003901,0.002601,0.000433
古来,玉楼,0.484874,3.754719,1,18,3,0.007802,0.0013,0.000433
才子,白发,0.484874,3.754719,1,3,18,0.0013,0.007802,0.000433
才子,登高,0.484874,3.754719,1,3,18,0.0013,0.007802,0.000433
朱门,衣冠,0.484874,3.754719,1,6,9,0.002601,0.003901,0.000433
朱门,飘飖,0.484874,3.754719,1,6,9,0.002601,0.003901,0.000433
朱门,高秋,0.484874,3.754719,1,6,9,0.002601,0.003901,0.000433
心期,白发,0.484874,3.754719,1,3,18,0.0013,0.007802,0.000433
心期,登高,0.484874,3.754719,1,3,18,0.0013,0.007802,0.000433
猿声,白发,0.484874,3.754719,1,3,18,0.0013,0.007802,0.000433
猿声,登高,0.484874,3.754719,1,3,18,0.0013,0.007802,0.000433
佳期,朱门,0.484874,3.754719,1,9,6,0.003901,0.002601,0.000433
昨夜,朱门,0.484874,3.754719,1,9,6,0.003901,0.002601,0.000433
大道,相亲,0.484874,3.754719,1,9,6,0.003901,0.002601,0.000433
大道,相寻,0.484874,3.754719,1,9,6,0.003901,0.002601,0.000433
寂寥,心事,0.484874,3.754719,1,9,6,0.003901,0.002601,0.000433
寂寥,相看,0.484874,3.754719,1,9,6,0.003901,0.002601,0.000433
名利,月照,0.484874,3.754719,1,3,18,0.0013,0.007802,0.000433
今已,十载,0.484874,3.754719,1,9,6,0.003901,0.002601,0.000433
富贵,忆昔,0.484874,3.754719,1,9,6,0.003901,0.002601,0.000433
双飞,还家,0.484874,3.754719,1,9,6,0.003901,0.002601,0.000433
古来,春水,0.484874,3.754719,1,18,3,0.007802,0.0013,0.000433
怅望,青苔,0.484874,3.754719,1,9,6,0.003901,0.002601,0.000433
他人,佳人,0.484874,3.754719,1,3,18,0.0013,0.007802,0.000433
出入,日月,0.484874,3.754719,1,2,27,0.000867,0.011704,0.000433
世人,日月,0.484874,3.754719,1,2,27,0.000867,0.011704,0.000433
感激,日月,0.484874,3.754719,1,2,27,0.000867,0.011704,0.000433
他人,古来,0.484874,3.754719,1,3,18,0.0013,0.007802,0.000433
古来,所思,0.484874,3.754719,1,18,3,0.007802,0.0013,0.000433
忆昔,怅望,0.484874,3.754719,1,6,9,0.002601,0.003901,0.000433
他人,故乡,0.484874,3.754719,1,3,18,0.0013,0.007802,0.000433
所思,故乡,0.484874,3.754719,1,3,18,0.0013,0.007802,0.000433
日月,楚水,0.484874,3.754719,1,27,2,0.011704,0.000867,0.000433
他人,白发,0.484874,3.754719,1,3,18,0.0013,0.007802,0.000433
所思,白发,0.484874,3.754719,1,3,18,0.0013,0.007802,0.000433
怅望,茫茫,0.484874,3.754719,1,9,6,0.003901,0.002601,0.000433
咫尺,日月,0.484874,3.754719,1,2,27,0.000867,0.011704,0.000433
富贵,青苔,0.484874,3.754719,1,9,6,0.003901,0.002601,0.000433
登高,白蘋,0.484874,3.754719,1,18,3,0.007802,0.0013,0.000433
故乡,深山,0.484874,3.754719,1,18,3,0.007802,0.0013,0.000433
茫茫,逍遥,0.484874,3.754719,1,6,9,0.002601,0.003901,0.000433
夜来,白发,0.484874,3.754719,1,3,18,0.0013,0.007802,0.000433
所以,登高,0.484874,3.754719,1,3,18,0.0013,0.007802,0.000433
明日,梦中,0.484874,3.754719,1,9,6,0.003901,0.002601,0.000433
青草,鱼龙,0.484874,3.754719,1,6,9,0.002601,0.003901,0.000433
芙蓉,连天,0.484874,3.754719,1,18,3,0.007802,0.0013,0.000433
逍遥,黄花,0.484874,3.754719,1,9,6,0.003901,0.002601,0.000433
大道,黄花,0.484874,3.754719,1,9,6,0.003901,0.002601,0.000433
日月,来往,0.484874,3.754719,1,27,2,0.011704,0.000867,0.000433
春水,镜中,0.484874,3.754719,1,3,18,0.0013,0.007802,0.000433
泉声,花满,0.484874,3.754719,1,6,9,0.002601,0.003901,0.000433
古来,微风,0.484874,3.754719,1,18,3,0.007802,0.0013,0.000433
微风,镜中,0.484874,3.754719,1,3,18,0.0013,0.007802,0.000433
心事,高秋,0.484874,3.754719,1,6,9,0.002601,0.003901,0.000433
古来,鹧鸪,0.484874,3.754719,1,18,3,0.007802,0.0013,0.000433
生死,相看,0.484874,3.754719,1,9,6,0.003901,0.002601,0.000433
凤凰,苍苔,0.484874,3.754719,1,54,1,0.023407,0.000433,0.000433
圣主,天台,0.484874,3.754719,1,9,6,0.003901,0.002601,0.000433
东风,高秋,0.484874,3.754719,1,6,9,0.002601,0.003901,0.000433
他人,登高,0.484874,3.754719,1,3,18,0.0013,0.007802,0.000433
半夜,白发,0.484874,3.754719,1,3,18,0.0013,0.007802,0.000433
明日,相寻,0.484874,3.754719,1,9,6,0.003901,0.002601,0.000433
石上,芙蓉,0.484874,3.754719,1,3,18,0.0013,0.007802,0.000433
古来,秋草,0.484874,3.754719,1,18,3,0.007802,0.0013,0.000433
故乡,秋草,0.484874,3.754719,1,18,3,0.007802,0.0013,0.000433
临风,人心,0.484874,3.754719,1,6,9,0.002601,0.003901,0.000433
十年,寂寞,0.484856,3.221915,3,23,12,0.00997,0.005202,0.0013
明主,迢递,0.484856,3.221915,3,23,12,0.00997,0.005202,0.0013
断肠,秋月,0.484071,3.41297,2,8,19,0.003468,0.008236,0.000867
断肠,月明,0.484071,3.41297,2,8,19,0.003468,0.008236,0.000867
夜长,月明,0.484071,3.41297,2,8,19,0.003468,0.008236,0.000867
北斗,夜长,0.484071,3.41297,2,19,8,0.008236,0.003468,0.000867
纵横,须臾,0.484071,3.41297,2,19,8,0.008236,0.003468,0.000867
当时,纵横,0.484071,3.41297,2,8,19,0.003468,0.008236,0.000867
万古,千秋,0.484071,3.41297,2,8,19,0.003468,0.008236,0.000867
佳期,关山,0.483229,3.211104,3,9,31,0.003901,0.013437,0.0013
相逢,绿水,0.483141,3.406413,2,17,9,0.007369,0.003901,0.000867
别离,绿水,0.483141,3.406413,2,17,9,0.007369,0.003901,0.000867
怅望,相逢,0.483141,3.406413,2,9,17,0.003901,0.007369,0.000867
别离,怅望,0.483141,3.406413,2,17,9,0.007369,0.003901,0.000867
今已,相逢,0.483141,3.406413,2,9,17,0.003901,0.007369,0.000867
今已,别离,0.483141,3.406413,2,9,17,0.003901,0.007369,0.000867
佳期,相逢,0.483141,3.406413,2,9,17,0.003901,0.007369,0.000867
佳期,别离,0.483141,3.406413,2,9,17,0.003901,0.007369,0.000867
千门,大道,0.483141,3.406413,2,17,9,0.007369,0.003901,0.000867
大道,意气,0.483141,3.406413,2,9,17,0.003901,0.007369,0.000867
意气,飘飖,0.483141,3.406413,2,17,9,0.007369,0.003901,0.000867
神仙,颜色,0.482691,3.207526,3,35,8,0.015171,0.003468,0.0013
流水,零落,0.482691,3.207526,3,28,10,0.012137,0.004335,0.0013
宁知,自言,0.482691,3.207526,3,28,10,0.012137,0.004335,0.0013
江南,相思,0.482672,3.068541,4,13,33,0.005635,0.014304,0.001734
年年,苦辛,0.482672,3.068541,4,33,13,0.014304,0.005635,0.001734
年年,昔时,0.482672,3.068541,4,33,13,0.014304,0.005635,0.001734
东方,日斜,0.482504,3.73637,1,5,11,0.002167,0.004768,0.000433
梧桐,道路,0.482504,3.73637,1,5,11,0.002167,0.004768,0.000433
水流,道路,0.482504,3.73637,1,5,11,0.002167,0.004768,0.000433
楼前,青松,0.482504,3.73637,1,5,11,0.002167,0.004768,0.000433
楼前,白玉,0.482504,3.73637,1,5,11,0.002167,0.004768,0.000433
桃源,梧桐,0.482504,3.73637,1,11,5,0.004768,0.002167,0.000433
去年,春草,0.482504,3.73637,1,5,11,0.002167,0.004768,0.000433
林下,桃源,0.482504,3.73637,1,5,11,0.002167,0.004768,0.000433
天涯,衣裳,0.482504,3.73637,1,11,5,0.004768,0.002167,0.000433
山阴,高台,0.482504,3.73637,1,5,11,0.002167,0.004768,0.000433
往来,春光,0.482504,3.73637,1,5,11,0.002167,0.004768,0.000433
松柏,残月,0.482504,3.73637,1,11,5,0.004768,0.002167,0.000433
残月,道路,0.482504,3.73637,1,5,11,0.002167,0.004768,0.000433
归心,日照,0.482504,3.73637,1,5,11,0.002167,0.004768,0.000433
叶落,天涯,0.482504,3.73637,1,5,11,0.002167,0.004768,0.000433
伤心,叶落,0.482504,3.73637,1,11,5,0.004768,0.002167,0.000433
叶落,桃源,0.482504,3.73637,1,5,11,0.002167,0.004768,0.000433
叶落,龙门,0.482504,3.73637,1,5,11,0.002167,0.004768,0.000433
去年,日照,0.482504,3.73637,1,5,11,0.002167,0.004768,0.000433
日照,残月,0.482504,3.73637,1,11,5,0.004768,0.002167,0.000433
对酒,龙门,0.482504,3.73637,1,5,11,0.002167,0.004768,0.000433
秋水,秋色,0.482504,3.73637,1,5,11,0.002167,0.004768,0.000433
得意,春光,0.482504,3.73637,1,5,11,0.002167,0.004768,0.000433
得意,黄叶,0.482504,3.73637,1,5,11,0.002167,0.004768,0.000433
夜月,寒山,0.482504,3.73637,1,11,5,0.004768,0.002167,0.000433
独坐,秋水,0.482504,3.73637,1,11,5,0.004768,0.002167,0.000433
夜月,太守,0.482504,3.73637,1,11,5,0.004768,0.002167,0.000433
春草,衣裳,0.482504,3.73637,1,11,5,0.004768,0.002167,0.000433
行人,衣裳,0.482504,3.73637,1,11,5,0.004768,0.002167,0.000433
得意,白玉,0.482504,3.73637,1,5,11,0.002167,0.004768,0.000433
得意,日晚,0.482504,3.73637,1,5,11,0.002167,0.004768,0.000433
白玉,自古,0.482504,3.73637,1,11,5,0.004768,0.002167,0.000433
白玉,衣裳,0.482504,3.73637,1,11,5,0.004768,0.002167,0.000433
日晚,自古,0.482504,3.73637,1,11,5,0.004768,0.002167,0.000433
日晚,衣裳,0.482504,3.73637,1,11,5,0.004768,0.002167,0.000433
天子,扁舟,0.482504,3.73637,1,55,1,0.02384,0.000433,0.000433
浮生,秋色,0.482504,3.73637,1,5,11,0.002167,0.004768,0.000433
夜月,孤城,0.482504,3.73637,1,11,5,0.004768,0.002167,0.000433
世上,君恩,0.482504,3.73637,1,5,11,0.002167,0.004768,0.000433
君恩,风动,0.482504,3.73637,1,11,5,0.004768,0.002167,0.000433
世上,含情,0.482504,3.73637,1,5,11,0.002167,0.004768,0.000433
含情,风动,0.482504,3.73637,1,11,5,0.004768,0.002167,0.000433
东西,日照,0.482504,3.73637,1,5,11,0.002167,0.004768,0.000433
伤心,对酒,0.482504,3.73637,1,11,5,0.004768,0.002167,0.000433
万户,桃源,0.482504,3.73637,1,5,11,0.002167,0.004768,0.000433
青楼,高台,0.482217,3.399898,2,14,11,0.006068,0.004768,0.000867
有情,落日,0.482217,3.399898,2,7,22,0.003034,0.009536,0.000867
白玉,青楼,0.482217,3.399898,2,11,14,0.004768,0.006068,0.000867
行人,青楼,0.482217,3.399898,2,11,14,0.004768,0.006068,0.000867
相识,行人,0.482217,3.399898,2,14,11,0.006068,0.004768,0.000867
君恩,空馀,0.482217,3.399898,2,11,14,0.004768,0.006068,0.000867
汉家,阙下,0.482217,3.399898,2,22,7,0.009536,0.003034,0.000867
烟波,闻道,0.482217,3.399898,2,7,22,0.003034,0.009536,0.000867
庭前,闻道,0.482217,3.399898,2,7,22,0.003034,0.009536,0.000867
暮雨,落日,0.482217,3.399898,2,7,22,0.003034,0.009536,0.000867
道路,风霜,0.482217,3.399898,2,11,14,0.004768,0.006068,0.000867
桃源,淹留,0.482217,3.399898,2,11,14,0.004768,0.006068,0.000867
惆怅,落日,0.482217,3.399898,2,7,22,0.003034,0.009536,0.000867
相见,自怜,0.482217,3.399898,2,7,22,0.003034,0.009536,0.000867
松柏,相识,0.482217,3.399898,2,11,14,0.004768,0.006068,0.000867
相识,阳城,0.482217,3.399898,2,14,11,0.006068,0.004768,0.000867
帝城,落日,0.482217,3.399898,2,7,22,0.003034,0.009536,0.000867
尘埃,日照,0.482217,3.399898,2,14,11,0.006068,0.004768,0.000867
巫山,潺湲,0.482217,3.399898,2,22,7,0.009536,0.003034,0.000867
丞相,闻道,0.482217,3.399898,2,7,22,0.003034,0.009536,0.000867
咸阳,黄金,0.482217,3.399898,2,7,22,0.003034,0.009536,0.000867
归去,春风,0.481575,3.061572,4,12,36,0.005202,0.015605,0.001734
无力,春色,0.481299,3.393425,2,5,31,0.002167,0.013437,0.000867
使君,春色,0.481299,3.393425,2,5,31,0.002167,0.013437,0.000867
得意,芳菲,0.481299,3.393425,2,5,31,0.002167,0.013437,0.000867
孤舟,青山,0.480387,3.386994,2,6,26,0.002601,0.01127,0.000867
年华,朝朝,0.480387,3.386994,2,13,12,0.005635,0.005202,0.000867
人生,空山,0.480387,3.386994,2,13,12,0.005635,0.005202,0.000867
红粉,绮罗,0.480387,3.386994,2,12,13,0.005202,0.005635,0.000867
柳色,红粉,0.480387,3.386994,2,13,12,0.005635,0.005202,0.000867
西山,辛苦,0.480387,3.386994,2,13,12,0.005635,0.005202,0.000867
北风,月光,0.480387,3.386994,2,13,12,0.005635,0.005202,0.000867
北风,寂寞,0.480387,3.386994,2,13,12,0.005635,0.005202,0.000867
清风,金谷,0.480387,3.386994,2,12,13,0.005202,0.005635,0.000867
江南,清风,0.480387,3.386994,2,13,12,0.005635,0.005202,0.000867
江南,莲花,0.480387,3.386994,2,13,12,0.005635,0.005202,0.000867
归去,西山,0.480387,3.386994,2,12,13,0.005202,0.005635,0.000867
苦辛,迢递,0.480387,3.386994,2,13,12,0.005635,0.005202,0.000867
朝朝,苦辛,0.480387,3.386994,2,12,13,0.005202,0.005635,0.000867
昔时,迢递,0.480387,3.386994,2,13,12,0.005635,0.005202,0.000867
北风,月下,0.480387,3.386994,2,13,12,0.005635,0.005202,0.000867
月下,柳色,0.480387,3.386994,2,12,13,0.005202,0.005635,0.000867
北风,摇落,0.480387,3.386994,2,13,12,0.005635,0.005202,0.000867
同心,归去,0.480387,3.386994,2,13,12,0.005635,0.005202,0.000867
窈窕,羽翼,0.480387,3.386994,2,26,6,0.01127,0.002601,0.000867
百年,相亲,0.480387,3.386994,2,26,6,0.01127,0.002601,0.000867
他乡,金陵,0.480387,3.386994,2,26,6,0.01127,0.002601,0.000867
昔时,草绿,0.480387,3.386994,2,13,12,0.005635,0.005202,0.000867
两相,故人,0.480387,3.386994,2,4,39,0.001734,0.016905,0.000867
可惜,淹留,0.480177,3.718352,1,4,14,0.001734,0.006068,0.000433
千万,风波,0.480177,3.718352,1,8,7,0.003468,0.003034,0.000433
千万,婵娟,0.480177,3.718352,1,8,7,0.003468,0.003034,0.000433
向东,山中,0.480177,3.718352,1,4,14,0.001734,0.006068,0.000433
相知,相见,0.480177,3.718352,1,8,7,0.003468,0.003034,0.000433
玉堂,相识,0.480177,3.718352,1,4,14,0.001734,0.006068,0.000433
杜陵,相识,0.480177,3.718352,1,4,14,0.001734,0.006068,0.000433
寥落,花飞,0.480177,3.718352,1,4,14,0.001734,0.006068,0.000433
人皆,天上,0.480177,3.718352,1,2,28,0.000867,0.012137,0.000433
天下,宫殿,0.480177,3.718352,1,28,2,0.012137,0.000867,0.000433
淹留,清净,0.480177,3.718352,1,14,4,0.006068,0.001734,0.000433
相见,笙歌,0.480177,3.718352,1,7,8,0.003034,0.003468,0.000433
寒食,日夜,0.480177,3.718352,1,8,7,0.003468,0.003034,0.000433
笙歌,阙下,0.480177,3.718352,1,8,7,0.003468,0.003034,0.000433
雨雪,黄河,0.480177,3.718352,1,7,8,0.003034,0.003468,0.000433
颜色,马蹄,0.480177,3.718352,1,8,7,0.003468,0.003034,0.000433
雨雪,颜色,0.480177,3.718352,1,7,8,0.003034,0.003468,0.000433
单于,马蹄,0.480177,3.718352,1,8,7,0.003468,0.003034,0.000433
单于,雨雪,0.480177,3.718352,1,8,7,0.003468,0.003034,0.000433
寥落,山河,0.480177,3.718352,1,4,14,0.001734,0.006068,0.000433
花飞,高树,0.480177,3.718352,1,14,4,0.006068,0.001734,0.000433
宁知,杏花,0.480177,3.718352,1,28,2,0.012137,0.000867,0.000433
汉宫,百尺,0.480177,3.718352,1,7,8,0.003034,0.003468,0.000433
南北,风霜,0.480177,3.718352,1,4,14,0.001734,0.006068,0.000433
无限,鸟飞,0.480177,3.718352,1,14,4,0.006068,0.001734,0.000433
向东,马上,0.480177,3.718352,1,4,14,0.001734,0.006068,0.000433
丞相,莺啼,0.480177,3.718352,1,7,8,0.003034,0.003468,0.000433
单于,始知,0.480177,3.718352,1,8,7,0.003468,0.003034,0.000433
南北,相识,0.480177,3.718352,1,4,14,0.001734,0.006068,0.000433
从军,空馀,0.480177,3.718352,1,4,14,0.001734,0.006068,0.000433
寥落,少年,0.480177,3.718352,1,4,14,0.001734,0.006068,0.000433
寥落,无限,0.480177,3.718352,1,4,14,0.001734,0.006068,0.000433
寥落,山中,0.480177,3.718352,1,4,14,0.001734,0.006068,0.000433
寥落,淹留,0.480177,3.718352,1,4,14,0.001734,0.006068,0.000433
帝城,当时,0.480177,3.718352,1,7,8,0.003034,0.003468,0.000433
多情,天上,0.480177,3.718352,1,2,28,0.000867,0.012137,0.000433
天上,来往,0.480177,3.718352,1,28,2,0.012137,0.000867,0.000433
莺啼,风流,0.480177,3.718352,1,8,7,0.003468,0.003034,0.000433
君心,风流,0.480177,3.718352,1,8,7,0.003468,0.003034,0.000433
山中,武陵,0.480177,3.718352,1,14,4,0.006068,0.001734,0.000433
宁知,青天,0.480177,3.718352,1,28,2,0.012137,0.000867,0.000433
帝城,行路,0.480177,3.718352,1,7,8,0.003034,0.003468,0.000433
帝城,路难,0.480177,3.718352,1,7,8,0.003034,0.003468,0.000433
相对,相识,0.480177,3.718352,1,4,14,0.001734,0.006068,0.000433
君心,潺湲,0.480177,3.718352,1,8,7,0.003468,0.003034,0.000433
青楼,鬼神,0.480177,3.718352,1,14,4,0.006068,0.001734,0.000433
风霜,鬼神,0.480177,3.718352,1,14,4,0.006068,0.001734,0.000433
万古,相见,0.480177,3.718352,1,8,7,0.003468,0.003034,0.000433
断肠,相见,0.480177,3.718352,1,8,7,0.003468,0.003034,0.000433
丞相,颜色,0.480177,3.718352,1,7,8,0.003034,0.003468,0.000433
颜色,骨肉,0.480177,3.718352,1,8,7,0.003468,0.003034,0.000433
咸阳,颜色,0.480177,3.718352,1,7,8,0.003034,0.003468,0.000433
尘埃,清净,0.480177,3.718352,1,14,4,0.006068,0.001734,0.000433
清净,马上,0.480177,3.718352,1,4,14,0.001734,0.006068,0.000433
出入,宁知,0.480177,3.718352,1,2,28,0.000867,0.012137,0.000433
世人,宁知,0.480177,3.718352,1,2,28,0.000867,0.012137,0.000433
宁知,感激,0.480177,3.718352,1,28,2,0.012137,0.000867,0.000433
宁知,楚水,0.480177,3.718352,1,28,2,0.012137,0.000867,0.000433
万物,丞相,0.480177,3.718352,1,8,7,0.003468,0.003034,0.000433
丞相,单于,0.480177,3.718352,1,7,8,0.003034,0.003468,0.000433
丞相,须臾,0.480177,3.718352,1,7,8,0.003034,0.003468,0.000433
丞相,昆仑,0.480177,3.718352,1,7,8,0.003034,0.003468,0.000433
丞相,蹉跎,0.480177,3.718352,1,7,8,0.003034,0.003468,0.000433
出入,天下,0.480177,3.718352,1,2,28,0.000867,0.012137,0.000433
尘埃,诸侯,0.480177,3.718352,1,14,4,0.006068,0.001734,0.000433
尘埃,玉堂,0.480177,3.718352,1,14,4,0.006068,0.001734,0.000433
世人,天下,0.480177,3.718352,1,2,28,0.000867,0.012137,0.000433
万物,骨肉,0.480177,3.718352,1,8,7,0.003468,0.003034,0.000433
万物,咸阳,0.480177,3.718352,1,8,7,0.003468,0.003034,0.000433
天下,感激,0.480177,3.718352,1,28,2,0.012137,0.000867,0.000433
单于,骨肉,0.480177,3.718352,1,8,7,0.003468,0.003034,0.000433
单于,咸阳,0.480177,3.718352,1,8,7,0.003468,0.003034,0.000433
诸侯,马上,0.480177,3.718352,1,4,14,0.001734,0.006068,0.000433
须臾,骨肉,0.480177,3.718352,1,8,7,0.003468,0.003034,0.000433
昆仑,骨肉,0.480177,3.718352,1,8,7,0.003468,0.003034,0.000433
蹉跎,骨肉,0.480177,3.718352,1,8,7,0.003468,0.003034,0.000433
咸阳,须臾,0.480177,3.718352,1,7,8,0.003034,0.003468,0.000433
咸阳,昆仑,0.480177,3.718352,1,7,8,0.003034,0.003468,0.000433
咸阳,蹉跎,0.480177,3.718352,1,7,8,0.003034,0.003468,0.000433
天下,楚水,0.480177,3.718352,1,28,2,0.012137,0.000867,0.000433
玉堂,马上,0.480177,3.718352,1,4,14,0.001734,0.006068,0.000433
朝廷,风流,0.480177,3.718352,1,8,7,0.003468,0.003034,0.000433
寒食,风流,0.480177,3.718352,1,8,7,0.003468,0.003034,0.000433
山中,清净,0.480177,3.718352,1,14,4,0.006068,0.001734,0.000433
天上,宫殿,0.480177,3.718352,1,28,2,0.012137,0.000867,0.000433
尘埃,马嘶,0.480177,3.718352,1,14,4,0.006068,0.001734,0.000433
徘徊,马嘶,0.480177,3.718352,1,14,4,0.006068,0.001734,0.000433
从军,少年,0.480177,3.718352,1,4,14,0.001734,0.006068,0.000433
蹉跎,阙下,0.480177,3.718352,1,8,7,0.003468,0.003034,0.000433
相知,阙下,0.480177,3.718352,1,8,7,0.003468,0.003034,0.000433
乾坤,今年,0.480177,3.718352,1,4,14,0.001734,0.006068,0.000433
南宫,尚书,0.480177,3.718352,1,8,7,0.003468,0.003034,0.000433
咸阳,相知,0.480177,3.718352,1,7,8,0.003034,0.003468,0.000433
主人,功名,0.480177,3.718352,1,8,7,0.003468,0.003034,0.000433
主人,路岐,0.480177,3.718352,1,8,7,0.003468,0.003034,0.000433
马上,马嘶,0.480177,3.718352,1,14,4,0.006068,0.001734,0.000433
君子,秋月,0.480027,3.189826,3,15,19,0.006502,0.008236,0.0013
月明,离别,0.480027,3.189826,3,19,15,0.008236,0.006502,0.0013
松柏,花落,0.4795,3.186324,3,11,26,0.004768,0.01127,0.0013
花落,阳城,0.4795,3.186324,3,26,11,0.01127,0.004768,0.0013
人生,汉家,0.4795,3.186324,3,13,22,0.005635,0.009536,0.0013
昔时,闻道,0.4795,3.186324,3,13,22,0.005635,0.009536,0.0013
他乡,天涯,0.4795,3.186324,3,26,11,0.01127,0.004768,0.0013
他乡,龙门,0.4795,3.186324,3,26,11,0.01127,0.004768,0.0013
洛阳,行乐,0.47869,2.936409,5,51,12,0.022107,0.005202,0.002167
九重,汉家,0.478689,3.043223,4,20,22,0.008669,0.009536,0.001734
当时,裴回,0.478452,3.179355,3,8,36,0.003468,0.015605,0.0013
将军,走马,0.478452,3.179355,3,36,8,0.015605,0.003468,0.0013
春风,须臾,0.478452,3.179355,3,36,8,0.015605,0.003468,0.0013
古来,白头,0.478452,3.179355,3,18,16,0.007802,0.006935,0.0013
公子,蛾眉,0.478332,3.040953,4,21,21,0.009103,0.009103,0.001734
别离,相逢,0.47793,3.175889,3,17,17,0.007369,0.007369,0.0013
千门,意气,0.47793,3.175889,3,17,17,0.007369,0.007369,0.0013
名利,纵横,0.477892,3.700652,1,3,19,0.0013,0.008236,0.000433
秋来,纵横,0.477892,3.700652,1,3,19,0.0013,0.008236,0.000433
微风,烟霞,0.477892,3.700652,1,3,19,0.0013,0.008236,0.000433
世事,千秋,0.477892,3.700652,1,3,19,0.0013,0.008236,0.000433
月明,猿声,0.477892,3.700652,1,19,3,0.008236,0.0013,0.000433
北斗,宫中,0.477892,3.700652,1,19,3,0.008236,0.0013,0.000433
才子,烟霞,0.477892,3.700652,1,3,19,0.0013,0.008236,0.000433
才子,纵横,0.477892,3.700652,1,3,19,0.0013,0.008236,0.000433
心期,烟霞,0.477892,3.700652,1,3,19,0.0013,0.008236,0.000433
烟霞,猿声,0.477892,3.700652,1,19,3,0.008236,0.0013,0.000433
心期,纵横,0.477892,3.700652,1,3,19,0.0013,0.008236,0.000433
猿声,纵横,0.477892,3.700652,1,3,19,0.0013,0.008236,0.000433
月明,烟雨,0.477892,3.700652,1,19,3,0.008236,0.0013,0.000433
千秋,春水,0.477892,3.700652,1,19,3,0.008236,0.0013,0.000433
他人,纵横,0.477892,3.700652,1,3,19,0.0013,0.008236,0.000433
所思,纵横,0.477892,3.700652,1,3,19,0.0013,0.008236,0.000433
纵横,苍茫,0.477892,3.700652,1,19,3,0.008236,0.0013,0.000433
月明,永日,0.477892,3.700652,1,19,3,0.008236,0.0013,0.000433
北斗,春水,0.477892,3.700652,1,19,3,0.008236,0.0013,0.000433
北斗,星辰,0.477892,3.700652,1,19,3,0.008236,0.0013,0.000433
今日,昔时,0.477723,2.843379,6,62,13,0.026875,0.005635,0.002601
桃李,花前,0.47741,3.172435,3,29,10,0.01257,0.004335,0.0013
古人,桃李,0.47741,3.172435,3,10,29,0.004335,0.01257,0.0013
封侯,桃李,0.47741,3.172435,3,10,29,0.004335,0.01257,0.0013
桃李,江水,0.47741,3.172435,3,29,10,0.01257,0.004335,0.0013
桃李,自言,0.47741,3.172435,3,29,10,0.01257,0.004335,0.0013
天子,将军,0.477149,2.550746,11,55,36,0.02384,0.015605,0.004768
云雨,山下,0.476796,3.361677,2,10,16,0.004335,0.006935,0.000867
天外,山下,0.476796,3.361677,2,10,16,0.004335,0.006935,0.000867
月色,长安,0.476796,3.361677,2,4,40,0.001734,0.017339,0.000867
未央,玲珑,0.476796,3.361677,2,20,8,0.008669,0.003468,0.000867
玲珑,鸳鸯,0.476796,3.361677,2,8,20,0.003468,0.008669,0.000867
相对,长安,0.476796,3.361677,2,4,40,0.001734,0.017339,0.000867
万古,海上,0.476796,3.361677,2,8,20,0.003468,0.008669,0.000867
百尺,鸳鸯,0.476796,3.361677,2,8,20,0.003468,0.008669,0.000867
海上,百尺,0.476796,3.361677,2,20,8,0.008669,0.003468,0.000867
东流,昔日,0.476796,3.361677,2,16,10,0.006935,0.004335,0.000867
千万,鸳鸯,0.476796,3.361677,2,8,20,0.003468,0.008669,0.000867
千万,海上,0.476796,3.361677,2,8,20,0.003468,0.008669,0.000867
封侯,春来,0.476796,3.361677,2,10,16,0.004335,0.006935,0.000867
春来,江水,0.476796,3.361677,2,16,10,0.006935,0.004335,0.000867
东流,封侯,0.476796,3.361677,2,16,10,0.006935,0.004335,0.000867
从军,长安,0.476796,3.361677,2,4,40,0.001734,0.017339,0.000867
东流,江水,0.476796,3.361677,2,16,10,0.006935,0.004335,0.000867
夜长,未央,0.476796,3.361677,2,8,20,0.003468,0.008669,0.000867
夜长,鸳鸯,0.476796,3.361677,2,8,20,0.003468,0.008669,0.000867
相望,自言,0.476796,3.361677,2,16,10,0.006935,0.004335,0.000867
杜陵,长安,0.476796,3.361677,2,4,40,0.001734,0.017339,0.000867
未央,河汉,0.476796,3.361677,2,20,8,0.008669,0.003468,0.000867
阳春,颜色,0.476796,3.361677,2,20,8,0.008669,0.003468,0.000867
春来,经过,0.476796,3.361677,2,16,10,0.006935,0.004335,0.000867
昔日,逶迤,0.476796,3.361677,2,10,16,0.004335,0.006935,0.000867
昆仑,青春,0.476796,3.361677,2,8,20,0.003468,0.008669,0.000867
春来,清明,0.476796,3.361677,2,16,10,0.006935,0.004335,0.000867
十年,罗衣,0.475912,3.355446,2,23,7,0.00997,0.003034,0.000867
明主,烟波,0.475912,3.355446,2,23,7,0.00997,0.003034,0.000867
桃花,阙下,0.475912,3.355446,2,23,7,0.00997,0.003034,0.000867
人皆,千年,0.475646,3.68326,1,2,29,0.000867,0.01257,0.000433
千年,多情,0.475646,3.68326,1,29,2,0.01257,0.000867,0.000433
千年,来往,0.475646,3.68326,1,29,2,0.01257,0.000867,0.000433
出入,桃李,0.475646,3.68326,1,2,29,0.000867,0.01257,0.000433
世人,桃李,0.475646,3.68326,1,2,29,0.000867,0.01257,0.000433
感激,桃李,0.475646,3.68326,1,2,29,0.000867,0.01257,0.000433
桃李,楚水,0.475646,3.68326,1,29,2,0.01257,0.000867,0.000433
千年,宫殿,0.475646,3.68326,1,29,2,0.01257,0.000867,0.000433
蛾眉,青楼,0.475349,3.158736,3,21,14,0.009103,0.006068,0.0013
公子,少年,0.475349,3.158736,3,21,14,0.009103,0.006068,0.0013
今年,蛾眉,0.475349,3.158736,3,14,21,0.006068,0.009103,0.0013
岁月,风霜,0.475349,3.158736,3,21,14,0.009103,0.006068,0.0013
萧索,风起,0.475034,3.349254,2,6,27,0.002601,0.011704,0.000867
金陵,风起,0.475034,3.349254,2,6,27,0.002601,0.011704,0.000867
凤凰,夜来,0.475034,3.349254,2,54,3,0.023407,0.0013,0.000867
绿水,芙蓉,0.475034,3.349254,2,9,18,0.003901,0.007802,0.000867
佳人,绿水,0.475034,3.349254,2,18,9,0.007802,0.003901,0.000867
怅望,芙蓉,0.475034,3.349254,2,9,18,0.003901,0.007802,0.000867
今已,芙蓉,0.475034,3.349254,2,9,18,0.003901,0.007802,0.000867
佳期,芙蓉,0.475034,3.349254,2,9,18,0.003901,0.007802,0.000867
今已,佳人,0.475034,3.349254,2,9,18,0.003901,0.007802,0.000867
佳人,佳期,0.475034,3.349254,2,18,9,0.007802,0.003901,0.000867
月照,绿水,0.475034,3.349254,2,18,9,0.007802,0.003901,0.000867
佳人,分明,0.475034,3.349254,2,18,9,0.007802,0.003901,0.000867
大道,芙蓉,0.475034,3.349254,2,9,18,0.003901,0.007802,0.000867
日月,苍生,0.475034,3.349254,2,27,6,0.011704,0.002601,0.000867
古来,王孙,0.475034,3.349254,2,18,9,0.007802,0.003901,0.000867
王孙,落花,0.473821,3.148583,3,9,33,0.003901,0.014304,0.0013
年年,王孙,0.473821,3.148583,3,33,9,0.014304,0.003901,0.0013
今已,相思,0.473821,3.148583,3,9,33,0.003901,0.014304,0.0013
夜月,风起,0.473821,3.148583,3,11,27,0.004768,0.011704,0.0013
悠悠,看花,0.473294,3.336984,2,41,4,0.017772,0.001734,0.000867
悠悠,诸侯,0.473294,3.336984,2,41,4,0.017772,0.001734,0.000867
寥落,悠悠,0.473294,3.336984,2,4,41,0.001734,0.017772,0.000867
明主,苦辛,0.472811,3.141872,3,23,13,0.00997,0.005635,0.0013
云间,高台,0.472432,3.330905,2,15,11,0.006502,0.004768,0.000867
天涯,离别,0.472432,3.330905,2,11,15,0.004768,0.006502,0.000867
楼上,白玉,0.472432,3.330905,2,15,11,0.006502,0.004768,0.000867
楼上,行人,0.472432,3.330905,2,15,11,0.006502,0.004768,0.000867
孤城,年年,0.472432,3.330905,2,5,33,0.002167,0.014304,0.000867
宛转,黄叶,0.472432,3.330905,2,15,11,0.006502,0.004768,0.000867
宛转,松柏,0.472432,3.330905,2,15,11,0.006502,0.004768,0.000867
宛转,阳城,0.472432,3.330905,2,15,11,0.006502,0.004768,0.000867
人间,桃源,0.472432,3.330905,2,15,11,0.006502,0.004768,0.000867
将军,桃李,0.472386,2.738799,7,36,29,0.015605,0.01257,0.003034
云间,海上,0.472309,3.138533,3,15,20,0.006502,0.008669,0.0013
风月,风烟,0.472309,3.138533,3,10,30,0.004335,0.013004,0.0013
阳春,青云,0.472309,3.138533,3,20,15,0.008669,0.006502,0.0013
花开,行乐,0.472309,3.138533,3,25,12,0.010837,0.005202,0.0013
芳树,行乐,0.472309,3.138533,3,25,12,0.010837,0.005202,0.0013
叹息,行乐,0.472309,3.138533,3,25,12,0.010837,0.005202,0.0013
洛阳,肠断,0.472039,3.000947,4,51,9,0.022107,0.003901,0.001734
沧海,霓裳,0.471268,3.649359,1,10,6,0.004335,0.002601,0.000433
物外,风动,0.471268,3.649359,1,12,5,0.005202,0.002167,0.000433
人情,沧海,0.471268,3.649359,1,6,10,0.002601,0.004335,0.000433
人情,湘水,0.471268,3.649359,1,6,10,0.002601,0.004335,0.000433
忆昔,沧海,0.471268,3.649359,1,6,10,0.002601,0.004335,0.000433
离别,鸟飞,0.471268,3.649359,1,15,4,0.006502,0.001734,0.000433
临水,岐路,0.471268,3.649359,1,3,20,0.0013,0.008669,0.000433
云飞,霓裳,0.471268,3.649359,1,10,6,0.004335,0.002601,0.000433
古人,萧萧,0.471268,3.649359,1,10,6,0.004335,0.002601,0.000433
岁寒,蛟龙,0.471268,3.649359,1,10,6,0.004335,0.002601,0.000433
自言,蛟龙,0.471268,3.649359,1,10,6,0.004335,0.002601,0.000433
秋来,鸳鸯,0.471268,3.649359,1,3,20,0.0013,0.008669,0.000433
功成,自言,0.471268,3.649359,1,6,10,0.002601,0.004335,0.000433
相看,萧条,0.471268,3.649359,1,6,10,0.002601,0.004335,0.000433
萧条,霓裳,0.471268,3.649359,1,10,6,0.004335,0.002601,0.000433
别后,对酒,0.471268,3.649359,1,12,5,0.005202,0.002167,0.000433
无情,自然,0.471268,3.649359,1,6,10,0.002601,0.004335,0.000433
南国,无情,0.471268,3.649359,1,10,6,0.004335,0.002601,0.000433
对酒,月满,0.471268,3.649359,1,5,12,0.002167,0.005202,0.000433
楼前,红尘,0.471268,3.649359,1,5,12,0.002167,0.005202,0.000433
楼前,鹦鹉,0.471268,3.649359,1,5,12,0.002167,0.005202,0.000433
朝朝,楼前,0.471268,3.649359,1,12,5,0.005202,0.002167,0.000433
楼前,翡翠,0.471268,3.649359,1,5,12,0.002167,0.005202,0.000433
清风,秋水,0.471268,3.649359,1,12,5,0.005202,0.002167,0.000433
名利,海上,0.471268,3.649359,1,3,20,0.0013,0.008669,0.000433
才子,未央,0.471268,3.649359,1,3,20,0.0013,0.008669,0.000433
清明,萧索,0.471268,3.649359,1,10,6,0.004335,0.002601,0.000433
清明,苍生,0.471268,3.649359,1,10,6,0.004335,0.002601,0.000433
江山,自古,0.471268,3.649359,1,12,5,0.005202,0.002167,0.000433
东方,玉树,0.471268,3.649359,1,5,12,0.002167,0.005202,0.000433
水流,玉树,0.471268,3.649359,1,5,12,0.002167,0.005202,0.000433
秋水,菊花,0.471268,3.649359,1,5,12,0.002167,0.005202,0.000433
寒山,菊花,0.471268,3.649359,1,5,12,0.002167,0.005202,0.000433
天台,自然,0.471268,3.649359,1,6,10,0.002601,0.004335,0.000433
功成,苍梧,0.471268,3.649359,1,6,10,0.002601,0.004335,0.000433
功成,落叶,0.471268,3.649359,1,6,10,0.002601,0.004335,0.000433
焚香,猿啼,0.471268,3.649359,1,6,10,0.002601,0.004335,0.000433
无穷,谢公,0.471268,3.649359,1,15,4,0.006502,0.001734,0.000433
忆昔,零落,0.471268,3.649359,1,6,10,0.002601,0.004335,0.000433
八月,鸳鸯,0.471268,3.649359,1,3,20,0.0013,0.008669,0.000433
故园,茫茫,0.471268,3.649359,1,10,6,0.004335,0.002601,0.000433
垂杨,故园,0.471268,3.649359,1,6,10,0.002601,0.004335,0.000433
山阴,行乐,0.471268,3.649359,1,5,12,0.002167,0.005202,0.000433
千古,紫微,0.471268,3.649359,1,4,15,0.001734,0.006502,0.000433
才子,阳春,0.471268,3.649359,1,3,20,0.0013,0.008669,0.000433
残月,翡翠,0.471268,3.649359,1,5,12,0.002167,0.005202,0.000433
逢人,青云,0.471268,3.649359,1,4,15,0.001734,0.006502,0.000433
猿啼,金陵,0.471268,3.649359,1,10,6,0.004335,0.002601,0.000433
江海,苍生,0.471268,3.649359,1,10,6,0.004335,0.002601,0.000433
十载,路傍,0.471268,3.649359,1,6,10,0.002601,0.004335,0.000433
百花,萧索,0.471268,3.649359,1,10,6,0.004335,0.002601,0.000433
萧条,萧索,0.471268,3.649359,1,10,6,0.004335,0.002601,0.000433
无情,百花,0.471268,3.649359,1,6,10,0.002601,0.004335,0.000433
心事,落叶,0.471268,3.649359,1,6,10,0.002601,0.004335,0.000433
心事,生涯,0.471268,3.649359,1,6,10,0.002601,0.004335,0.000433
梦中,生涯,0.471268,3.649359,1,6,10,0.002601,0.004335,0.000433
相寻,风月,0.471268,3.649359,1,6,10,0.002601,0.004335,0.000433
沧海,萧萧,0.471268,3.649359,1,10,6,0.004335,0.002601,0.000433
朝朝,衣裳,0.471268,3.649359,1,12,5,0.005202,0.002167,0.000433
太守,寂寞,0.471268,3.649359,1,5,12,0.002167,0.005202,0.000433
昔日,焚香,0.471268,3.649359,1,10,6,0.004335,0.002601,0.000433
东西,风景,0.471268,3.649359,1,5,12,0.002167,0.005202,0.000433
太守,翡翠,0.471268,3.649359,1,5,12,0.002167,0.005202,0.000433
太守,清风,0.471268,3.649359,1,5,12,0.002167,0.005202,0.000433
临风,云雨,0.471268,3.649359,1,6,10,0.002601,0.004335,0.000433
古今,玉树,0.471268,3.649359,1,5,12,0.002167,0.005202,0.000433
人间,山头,0.471268,3.649359,1,15,4,0.006502,0.001734,0.000433
相对,离别,0.471268,3.649359,1,4,15,0.001734,0.006502,0.000433
红粉,经年,0.471268,3.649359,1,12,5,0.005202,0.002167,0.000433
东方,红粉,0.471268,3.649359,1,5,12,0.002167,0.005202,0.000433
使君,红粉,0.471268,3.649359,1,5,12,0.002167,0.005202,0.000433
远山,青云,0.471268,3.649359,1,4,15,0.001734,0.006502,0.000433
孤舟,殷勤,0.471268,3.649359,1,6,10,0.002601,0.004335,0.000433
今来,萧萧,0.471268,3.649359,1,10,6,0.004335,0.002601,0.000433
百花,青苔,0.471268,3.649359,1,10,6,0.004335,0.002601,0.000433
江海,白雪,0.471268,3.649359,1,10,6,0.004335,0.002601,0.000433
白雪,风月,0.471268,3.649359,1,6,10,0.002601,0.004335,0.000433
南北,游人,0.471268,3.649359,1,4,15,0.001734,0.006502,0.000433
万户,归去,0.471268,3.649359,1,5,12,0.002167,0.005202,0.000433
羽翼,自言,0.471268,3.649359,1,6,10,0.002601,0.004335,0.000433
垂杨,自言,0.471268,3.649359,1,6,10,0.002601,0.004335,0.000433
自言,金陵,0.471268,3.649359,1,10,6,0.004335,0.002601,0.000433
万户,红尘,0.471268,3.649359,1,5,12,0.002167,0.005202,0.000433
使君,红尘,0.471268,3.649359,1,5,12,0.002167,0.005202,0.000433
万户,长沙,0.471268,3.649359,1,5,12,0.002167,0.005202,0.000433
使君,长沙,0.471268,3.649359,1,5,12,0.002167,0.005202,0.000433
经过,羽翼,0.471268,3.649359,1,10,6,0.004335,0.002601,0.000433
九重,玉楼,0.471268,3.649359,1,20,3,0.008669,0.0013,0.000433
垂杨,经过,0.471268,3.649359,1,6,10,0.002601,0.004335,0.000433
经过,金陵,0.471268,3.649359,1,10,6,0.004335,0.002601,0.000433
朱门,知音,0.471268,3.649359,1,6,10,0.002601,0.004335,0.000433
故园,朱门,0.471268,3.649359,1,10,6,0.004335,0.002601,0.000433
丈夫,叶落,0.471268,3.649359,1,12,5,0.005202,0.002167,0.000433
叶落,迢递,0.471268,3.649359,1,5,12,0.002167,0.005202,0.000433
叶落,寂寞,0.471268,3.649359,1,5,12,0.002167,0.005202,0.000433
寥落,无穷,0.471268,3.649359,1,4,15,0.001734,0.006502,0.000433
东南,叶落,0.471268,3.649359,1,12,5,0.005202,0.002167,0.000433
朱门,花发,0.471268,3.649359,1,6,10,0.002601,0.004335,0.000433
朱门,白马,0.471268,3.649359,1,6,10,0.002601,0.004335,0.000433
朱门,风月,0.471268,3.649359,1,6,10,0.002601,0.004335,0.000433
憔悴,朱门,0.471268,3.649359,1,10,6,0.004335,0.002601,0.000433
寥落,白首,0.471268,3.649359,1,4,15,0.001734,0.006502,0.000433
离别,逢人,0.471268,3.649359,1,15,4,0.006502,0.001734,0.000433
今夜,残月,0.471268,3.649359,1,12,5,0.005202,0.002167,0.000433
去年,迢递,0.471268,3.649359,1,5,12,0.002167,0.005202,0.000433
残月,迢递,0.471268,3.649359,1,5,12,0.002167,0.005202,0.000433
相亲,自言,0.471268,3.649359,1,6,10,0.002601,0.004335,0.000433
去年,鹦鹉,0.471268,3.649359,1,5,12,0.002167,0.005202,0.000433
去年,朝朝,0.471268,3.649359,1,5,12,0.002167,0.005202,0.000433
相寻,自言,0.471268,3.649359,1,6,10,0.002601,0.004335,0.000433
残月,鹦鹉,0.471268,3.649359,1,5,12,0.002167,0.005202,0.000433
朝朝,残月,0.471268,3.649359,1,12,5,0.005202,0.002167,0.000433
今来,萧索,0.471268,3.649359,1,10,6,0.004335,0.002601,0.000433
白马,萧索,0.471268,3.649359,1,10,6,0.004335,0.002601,0.000433
关河,相亲,0.471268,3.649359,1,10,6,0.004335,0.002601,0.000433
丈夫,秋水,0.471268,3.649359,1,12,5,0.005202,0.002167,0.000433
东南,秋水,0.471268,3.649359,1,12,5,0.005202,0.002167,0.000433
今来,十载,0.471268,3.649359,1,10,6,0.004335,0.002601,0.000433
十载,封侯,0.471268,3.649359,1,6,10,0.002601,0.004335,0.000433
十载,岁寒,0.471268,3.649359,1,6,10,0.002601,0.004335,0.000433
丈夫,得意,0.471268,3.649359,1,12,5,0.005202,0.002167,0.000433
归去,得意,0.471268,3.649359,1,12,5,0.005202,0.002167,0.000433
人间,相对,0.471268,3.649359,1,15,4,0.006502,0.001734,0.000433
忆昔,江水,0.471268,3.649359,1,6,10,0.002601,0.004335,0.000433
玉楼,阳春,0.471268,3.649359,1,3,20,0.0013,0.008669,0.000433
烟雨,阳春,0.471268,3.649359,1,3,20,0.0013,0.008669,0.000433
归去,秋水,0.471268,3.649359,1,12,5,0.005202,0.002167,0.000433
今夜,太守,0.471268,3.649359,1,12,5,0.005202,0.002167,0.000433
太守,江山,0.471268,3.649359,1,5,12,0.002167,0.005202,0.000433
草绿,衣裳,0.471268,3.649359,1,12,5,0.005202,0.002167,0.000433
东南,衣裳,0.471268,3.649359,1,12,5,0.005202,0.002167,0.000433
月下,衣裳,0.471268,3.649359,1,12,5,0.005202,0.002167,0.000433
秋天,青云,0.471268,3.649359,1,4,15,0.001734,0.006502,0.000433
春水,鸳鸯,0.471268,3.649359,1,3,20,0.0013,0.008669,0.000433
封侯,青苔,0.471268,3.649359,1,10,6,0.004335,0.002601,0.000433
昔日,青苔,0.471268,3.649359,1,10,6,0.004335,0.002601,0.000433
萧条,青苔,0.471268,3.649359,1,10,6,0.004335,0.002601,0.000433
自言,青苔,0.471268,3.649359,1,10,6,0.004335,0.002601,0.000433
湘水,青苔,0.471268,3.649359,1,10,6,0.004335,0.002601,0.000433
得意,游子,0.471268,3.649359,1,5,12,0.002167,0.005202,0.000433
得意,翡翠,0.471268,3.649359,1,5,12,0.002167,0.005202,0.000433
圣人,得意,0.471268,3.649359,1,12,5,0.005202,0.002167,0.000433
得意,摇落,0.471268,3.649359,1,5,12,0.002167,0.005202,0.000433
封侯,忆昔,0.471268,3.649359,1,10,6,0.004335,0.002601,0.000433
封侯,茫茫,0.471268,3.649359,1,10,6,0.004335,0.002601,0.000433
清净,白首,0.471268,3.649359,1,4,15,0.001734,0.006502,0.000433
无穷,清净,0.471268,3.649359,1,15,4,0.006502,0.001734,0.000433
游子,自古,0.471268,3.649359,1,12,5,0.005202,0.002167,0.000433
翡翠,自古,0.471268,3.649359,1,12,5,0.005202,0.002167,0.000433
翡翠,衣裳,0.471268,3.649359,1,12,5,0.005202,0.002167,0.000433
忆昔,萧条,0.471268,3.649359,1,6,10,0.002601,0.004335,0.000433
忆昔,自言,0.471268,3.649359,1,6,10,0.002601,0.004335,0.000433
昔日,茫茫,0.471268,3.649359,1,10,6,0.004335,0.002601,0.000433
白首,诸侯,0.471268,3.649359,1,15,4,0.006502,0.001734,0.000433
无穷,诸侯,0.471268,3.649359,1,15,4,0.006502,0.001734,0.000433
圣人,自古,0.471268,3.649359,1,12,5,0.005202,0.002167,0.000433
摇落,自古,0.471268,3.649359,1,12,5,0.005202,0.002167,0.000433
月满,自古,0.471268,3.649359,1,12,5,0.005202,0.002167,0.000433
圣人,衣裳,0.471268,3.649359,1,12,5,0.005202,0.002167,0.000433
摇落,衣裳,0.471268,3.649359,1,12,5,0.005202,0.002167,0.000433
月满,衣裳,0.471268,3.649359,1,12,5,0.005202,0.002167,0.000433
茫茫,萧条,0.471268,3.649359,1,6,10,0.002601,0.004335,0.000433
自言,茫茫,0.471268,3.649359,1,10,6,0.004335,0.002601,0.000433
他人,海上,0.471268,3.649359,1,3,20,0.0013,0.008669,0.000433
他人,青春,0.471268,3.649359,1,3,20,0.0013,0.008669,0.000433
玉堂,白首,0.471268,3.649359,1,4,15,0.001734,0.006502,0.000433
所思,海上,0.471268,3.649359,1,3,20,0.0013,0.008669,0.000433
所思,青春,0.471268,3.649359,1,3,20,0.0013,0.008669,0.000433
无穷,玉堂,0.471268,3.649359,1,15,4,0.006502,0.001734,0.000433
湘水,茫茫,0.471268,3.649359,1,10,6,0.004335,0.002601,0.000433
两相,青云,0.471268,3.649359,1,4,15,0.001734,0.006502,0.000433
流年,青春,0.471268,3.649359,1,3,20,0.0013,0.008669,0.000433
海上,白蘋,0.471268,3.649359,1,20,3,0.008669,0.0013,0.000433
白蘋,青春,0.471268,3.649359,1,3,20,0.0013,0.008669,0.000433
交亲,白首,0.471268,3.649359,1,4,15,0.001734,0.006502,0.000433
白首,秋日,0.471268,3.649359,1,15,4,0.006502,0.001734,0.000433
世上,寂寞,0.471268,3.649359,1,5,12,0.002167,0.005202,0.000433
世上,玉树,0.471268,3.649359,1,5,12,0.002167,0.005202,0.000433
寂寞,得意,0.471268,3.649359,1,12,5,0.005202,0.002167,0.000433
旌旗,黄花,0.471268,3.649359,1,10,6,0.004335,0.002601,0.000433
叶落,物外,0.471268,3.649359,1,5,12,0.002167,0.005202,0.000433
两相,紫微,0.471268,3.649359,1,4,15,0.001734,0.006502,0.000433
人情,关河,0.471268,3.649359,1,6,10,0.002601,0.004335,0.000433
关河,送客,0.471268,3.649359,1,10,6,0.004335,0.002601,0.000433
圣人,故山,0.471268,3.649359,1,12,5,0.005202,0.002167,0.000433
圣人,梧桐,0.471268,3.649359,1,12,5,0.005202,0.002167,0.000433
光辉,宫殿,0.471268,3.649359,1,30,2,0.013004,0.000867,0.000433
万事,丹青,0.471268,3.649359,1,5,12,0.002167,0.005202,0.000433
草色,阳春,0.471268,3.649359,1,3,20,0.0013,0.008669,0.000433
浮生,长沙,0.471268,3.649359,1,5,12,0.002167,0.005202,0.000433
湘水,相寻,0.471268,3.649359,1,10,6,0.004335,0.002601,0.000433
猿啼,相寻,0.471268,3.649359,1,10,6,0.004335,0.002601,0.000433
梦中,湘水,0.471268,3.649359,1,6,10,0.002601,0.004335,0.000433
梦中,猿啼,0.471268,3.649359,1,6,10,0.002601,0.004335,0.000433
世上,摇落,0.471268,3.649359,1,5,12,0.002167,0.005202,0.000433
摇落,风动,0.471268,3.649359,1,12,5,0.005202,0.002167,0.000433
宛转,看花,0.471268,3.649359,1,15,4,0.006502,0.001734,0.000433
焚香,白马,0.471268,3.649359,1,6,10,0.002601,0.004335,0.000433
清净,青云,0.471268,3.649359,1,4,15,0.001734,0.006502,0.000433
东方,今夜,0.471268,3.649359,1,5,12,0.002167,0.005202,0.000433
光辉,出入,0.471268,3.649359,1,30,2,0.013004,0.000867,0.000433
万事,鹦鹉,0.471268,3.649359,1,5,12,0.002167,0.005202,0.000433
文章,相看,0.471268,3.649359,1,10,6,0.004335,0.002601,0.000433
太守,长沙,0.471268,3.649359,1,5,12,0.002167,0.005202,0.000433
姓名,岐路,0.471268,3.649359,1,3,20,0.0013,0.008669,0.000433
他人,岐路,0.471268,3.649359,1,3,20,0.0013,0.008669,0.000433
故山,游子,0.471268,3.649359,1,5,12,0.002167,0.005202,0.000433
故山,芳草,0.471268,3.649359,1,5,12,0.002167,0.005202,0.000433
故山,辛苦,0.471268,3.649359,1,5,12,0.002167,0.005202,0.000433
故山,行乐,0.471268,3.649359,1,5,12,0.002167,0.005202,0.000433
殷勤,相看,0.471268,3.649359,1,10,6,0.004335,0.002601,0.000433
桃李,白头,0.470335,2.990113,4,29,16,0.01257,0.006935,0.001734
明年,桃李,0.470335,2.990113,4,16,29,0.006935,0.01257,0.001734
春来,桃李,0.470335,2.990113,4,16,29,0.006935,0.01257,0.001734
烟霞,瑶池,0.470315,3.125288,3,19,16,0.008236,0.006935,0.0013
东流,千秋,0.470315,3.125288,3,16,19,0.006935,0.008236,0.0013
须臾,风吹,0.470315,3.125288,3,8,38,0.003468,0.016472,0.0013
千万,风吹,0.470315,3.125288,3,8,38,0.003468,0.016472,0.0013
月明,相望,0.470315,3.125288,3,19,16,0.008236,0.006935,0.0013
相望,纵横,0.470315,3.125288,3,16,19,0.006935,0.008236,0.0013
帝乡,玲珑,0.469876,3.312886,2,21,8,0.009103,0.003468,0.000867
洞庭,风波,0.469876,3.312886,2,24,7,0.010403,0.003034,0.000867
君王,罗衣,0.469876,3.312886,2,24,7,0.010403,0.003034,0.000867
万年,蛟龙,0.469876,3.312886,2,28,6,0.012137,0.002601,0.000867
流水,蛟龙,0.469876,3.312886,2,28,6,0.012137,0.002601,0.000867
公子,百尺,0.469876,3.312886,2,21,8,0.009103,0.003468,0.000867
公子,千万,0.469876,3.312886,2,21,8,0.009103,0.003468,0.000867
行路,风光,0.469876,3.312886,2,8,21,0.003468,0.009103,0.000867
路难,风光,0.469876,3.312886,2,8,21,0.003468,0.009103,0.000867
千万,风光,0.469876,3.312886,2,8,21,0.003468,0.009103,0.000867
君王,烟波,0.469876,3.312886,2,24,7,0.010403,0.003034,0.000867
夜长,白露,0.469876,3.312886,2,8,21,0.003468,0.009103,0.000867
庭前,欢娱,0.469876,3.312886,2,7,24,0.003034,0.010403,0.000867
徘徊,月光,0.469876,3.312886,2,14,12,0.006068,0.005202,0.000867
北阙,红尘,0.469876,3.312886,2,14,12,0.006068,0.005202,0.000867
红尘,青楼,0.469876,3.312886,2,12,14,0.005202,0.006068,0.000867
山河,辛苦,0.469876,3.312886,2,14,12,0.006068,0.005202,0.000867
相识,红尘,0.469876,3.312886,2,14,12,0.006068,0.005202,0.000867
天下,苍生,0.469876,3.312886,2,28,6,0.012137,0.002601,0.000867
菊花,风霜,0.469876,3.312886,2,12,14,0.005202,0.006068,0.000867
流水,白雪,0.469876,3.312886,2,28,6,0.012137,0.002601,0.000867
相识,行乐,0.469876,3.312886,2,14,12,0.006068,0.005202,0.000867
单于,蛾眉,0.469876,3.312886,2,8,21,0.003468,0.009103,0.000867
咸阳,美人,0.469876,3.312886,2,7,24,0.003034,0.010403,0.000867
无限,迢递,0.469876,3.312886,2,14,12,0.006068,0.005202,0.000867
淹留,迢递,0.469876,3.312886,2,14,12,0.006068,0.005202,0.000867
东南,山中,0.469876,3.312886,2,12,14,0.005202,0.006068,0.000867
君心,蛾眉,0.469876,3.312886,2,8,21,0.003468,0.009103,0.000867
白露,蹉跎,0.469876,3.312886,2,21,8,0.009103,0.003468,0.000867
天下,茫茫,0.469876,3.312886,2,28,6,0.012137,0.002601,0.000867
可怜,大道,0.469328,3.11873,3,34,9,0.014738,0.003901,0.0013
可怜,王孙,0.469328,3.11873,3,34,9,0.014738,0.003901,0.0013
相逢,芙蓉,0.469328,3.11873,3,17,18,0.007369,0.007802,0.0013
可怜,肠断,0.469328,3.11873,3,34,9,0.014738,0.003901,0.0013
柳色,绮罗,0.469034,3.306952,2,13,13,0.005635,0.005635,0.000867
相送,金谷,0.469034,3.306952,2,13,13,0.005635,0.005635,0.000867
人生,西山,0.469034,3.306952,2,13,13,0.005635,0.005635,0.000867
昔时,苦辛,0.469034,3.306952,2,13,13,0.005635,0.005635,0.000867
少年,浮云,0.468348,3.112216,3,14,22,0.006068,0.009536,0.0013
流水,龙门,0.468348,3.112216,3,28,11,0.012137,0.004768,0.0013
意气,生涯,0.468197,3.301052,2,17,10,0.007369,0.004335,0.000867
携手,萧条,0.468197,3.301052,2,17,10,0.007369,0.004335,0.000867
封侯,归来,0.468197,3.301052,2,10,17,0.004335,0.007369,0.000867
千门,自言,0.468197,3.301052,2,17,10,0.007369,0.004335,0.000867
意气,花发,0.468197,3.301052,2,17,10,0.007369,0.004335,0.000867
意气,白马,0.468197,3.301052,2,17,10,0.007369,0.004335,0.000867
意气,昔日,0.468197,3.301052,2,17,10,0.007369,0.004335,0.000867
意气,风月,0.468197,3.301052,2,17,10,0.007369,0.004335,0.000867
自言,青门,0.468197,3.301052,2,10,17,0.004335,0.007369,0.000867
经过,青门,0.468197,3.301052,2,10,17,0.004335,0.007369,0.000867
意气,经过,0.468197,3.301052,2,17,10,0.007369,0.004335,0.000867
意气,憔悴,0.468197,3.301052,2,17,10,0.007369,0.004335,0.000867
梅花,自言,0.468197,3.301052,2,17,10,0.007369,0.004335,0.000867
可怜,衣裳,0.468197,3.301052,2,34,5,0.014738,0.002167,0.000867
自言,芳菲,0.467374,3.105743,3,10,31,0.004335,0.013437,0.0013
千秋,清晨,0.467366,3.295187,2,19,9,0.008236,0.003901,0.000867
富贵,纵横,0.467366,3.295187,2,9,19,0.003901,0.008236,0.000867
双飞,秋月,0.467366,3.295187,2,9,19,0.003901,0.008236,0.000867
关山,独立,0.467034,3.616569,1,31,2,0.013437,0.000867,0.000433
关山,阑干,0.467034,3.616569,1,31,2,0.013437,0.000867,0.000433
关山,青天,0.467034,3.616569,1,31,2,0.013437,0.000867,0.000433
人稀,今日,0.467034,3.616569,1,1,62,0.000433,0.026875,0.000433
关山,圣朝,0.467034,3.616569,1,31,2,0.013437,0.000867,0.000433
世人,芳菲,0.467034,3.616569,1,2,31,0.000867,0.013437,0.000433
感激,芳菲,0.467034,3.616569,1,2,31,0.000867,0.013437,0.000433
楚水,芳菲,0.467034,3.616569,1,2,31,0.000867,0.013437,0.000433
细雨,芳菲,0.467034,3.616569,1,2,31,0.000867,0.013437,0.000433
花落,行乐,0.466406,3.099312,3,26,12,0.01127,0.005202,0.0013
参差,君心,0.466406,3.099312,3,39,8,0.016905,0.003468,0.0013
他乡,迢递,0.466406,3.099312,3,26,12,0.01127,0.005202,0.0013
他乡,朝朝,0.466406,3.099312,3,26,12,0.01127,0.005202,0.0013
美人,阳春,0.465003,2.956212,4,24,20,0.010403,0.008669,0.001734
路长,风烟,0.465003,2.956212,4,16,30,0.006935,0.013004,0.001734
朝朝,长安,0.465003,2.956212,4,12,40,0.005202,0.017339,0.001734
岁月,秋来,0.464967,3.600569,1,21,3,0.009103,0.0013,0.000433
今已,花枝,0.464967,3.600569,1,9,7,0.003901,0.003034,0.000433
公卿,日夜,0.464967,3.600569,1,9,7,0.003901,0.003034,0.000433
公子,愁人,0.464967,3.600569,1,21,3,0.009103,0.0013,0.000433
草色,风光,0.464967,3.600569,1,3,21,0.0013,0.009103,0.000433
分明,风波,0.464967,3.600569,1,9,7,0.003901,0.003034,0.000433
始知,鸡鸣,0.464967,3.600569,1,7,9,0.003034,0.003901,0.000433
公卿,风流,0.464967,3.600569,1,9,7,0.003901,0.003034,0.000433
日夜,肠断,0.464967,3.600569,1,7,9,0.003034,0.003901,0.000433
咸阳,渭水,0.464967,3.600569,1,7,9,0.003034,0.003901,0.000433
清晨,骨肉,0.464967,3.600569,1,9,7,0.003901,0.003034,0.000433
马蹄,鱼龙,0.464967,3.600569,1,7,9,0.003034,0.003901,0.000433
雨雪,鱼龙,0.464967,3.600569,1,7,9,0.003034,0.003901,0.000433
公子,汉水,0.464967,3.600569,1,21,3,0.009103,0.0013,0.000433
始知,肠断,0.464967,3.600569,1,7,9,0.003034,0.003901,0.000433
大道,汉宫,0.464967,3.600569,1,9,7,0.003901,0.003034,0.000433
帝乡,相随,0.464967,3.600569,1,21,3,0.009103,0.0013,0.000433
罗衣,高秋,0.464967,3.600569,1,7,9,0.003034,0.003901,0.000433
归路,汉水,0.464967,3.600569,1,21,3,0.009103,0.0013,0.000433
登临,造化,0.464967,3.600569,1,9,7,0.003901,0.003034,0.000433
草木,雨雪,0.464967,3.600569,1,9,7,0.003901,0.003034,0.000433
分明,雨雪,0.464967,3.600569,1,9,7,0.003901,0.003034,0.000433
路岐,雨露,0.464967,3.600569,1,7,9,0.003034,0.003901,0.000433
渭水,路岐,0.464967,3.600569,1,9,7,0.003901,0.003034,0.000433
咸阳,清晨,0.464967,3.600569,1,7,9,0.003034,0.003901,0.000433
日夜,花满,0.464967,3.600569,1,7,9,0.003034,0.003901,0.000433
公子,玉楼,0.464967,3.600569,1,21,3,0.009103,0.0013,0.000433
才子,风光,0.464967,3.600569,1,3,21,0.0013,0.009103,0.000433
才子,蛾眉,0.464967,3.600569,1,3,21,0.0013,0.009103,0.000433
帝乡,才子,0.464967,3.600569,1,21,3,0.009103,0.0013,0.000433
岁月,才子,0.464967,3.600569,1,21,3,0.009103,0.0013,0.000433
心期,风光,0.464967,3.600569,1,3,21,0.0013,0.009103,0.000433
猿声,风光,0.464967,3.600569,1,3,21,0.0013,0.009103,0.000433
心期,蛾眉,0.464967,3.600569,1,3,21,0.0013,0.009103,0.000433
猿声,蛾眉,0.464967,3.600569,1,3,21,0.0013,0.009103,0.000433
帝乡,心期,0.464967,3.600569,1,21,3,0.009103,0.0013,0.000433
岁月,心期,0.464967,3.600569,1,21,3,0.009103,0.0013,0.000433
帝乡,猿声,0.464967,3.600569,1,21,3,0.009103,0.0013,0.000433
岁月,猿声,0.464967,3.600569,1,21,3,0.009103,0.0013,0.000433
帝城,肠断,0.464967,3.600569,1,7,9,0.003034,0.003901,0.000433
富贵,帝城,0.464967,3.600569,1,9,7,0.003901,0.003034,0.000433
分明,帝城,0.464967,3.600569,1,9,7,0.003901,0.003034,0.000433
消息,风光,0.464967,3.600569,1,3,21,0.0013,0.009103,0.000433
消息,蛾眉,0.464967,3.600569,1,3,21,0.0013,0.009103,0.000433
大道,风流,0.464967,3.600569,1,9,7,0.003901,0.003034,0.000433
名利,岁月,0.464967,3.600569,1,3,21,0.0013,0.009103,0.000433
寂寥,罗衣,0.464967,3.600569,1,9,7,0.003901,0.003034,0.000433
今已,潺湲,0.464967,3.600569,1,9,7,0.003901,0.003034,0.000433
双飞,有情,0.464967,3.600569,1,9,7,0.003901,0.003034,0.000433
公子,春水,0.464967,3.600569,1,21,3,0.009103,0.0013,0.000433
他人,公子,0.464967,3.600569,1,3,21,0.0013,0.009103,0.000433
公子,所思,0.464967,3.600569,1,21,3,0.009103,0.0013,0.000433
丞相,怅望,0.464967,3.600569,1,7,9,0.003034,0.003901,0.000433
他人,白露,0.464967,3.600569,1,3,21,0.0013,0.009103,0.000433
所思,白露,0.464967,3.600569,1,3,21,0.0013,0.009103,0.000433
咸阳,怅望,0.464967,3.600569,1,7,9,0.003034,0.003901,0.000433
他人,蛾眉,0.464967,3.600569,1,3,21,0.0013,0.009103,0.000433
所思,蛾眉,0.464967,3.600569,1,3,21,0.0013,0.009103,0.000433
烟雨,白露,0.464967,3.600569,1,3,21,0.0013,0.009103,0.000433
白露,苍茫,0.464967,3.600569,1,21,3,0.009103,0.0013,0.000433
归路,苍茫,0.464967,3.600569,1,21,3,0.009103,0.0013,0.000433
造化,闲居,0.464967,3.600569,1,7,9,0.003034,0.003901,0.000433
草木,造化,0.464967,3.600569,1,9,7,0.003901,0.003034,0.000433
归路,楚客,0.464967,3.600569,1,21,3,0.009103,0.0013,0.000433
渭水,造化,0.464967,3.600569,1,9,7,0.003901,0.003034,0.000433
造化,雨露,0.464967,3.600569,1,7,9,0.003034,0.003901,0.000433
归路,秋草,0.464967,3.600569,1,21,3,0.009103,0.0013,0.000433
逍遥,造化,0.464967,3.600569,1,9,7,0.003901,0.003034,0.000433
凉风,池上,0.464967,3.600569,1,9,7,0.003901,0.003034,0.000433
阳台,风雨,0.464967,3.600569,1,7,9,0.003034,0.003901,0.000433
帝城,鸡鸣,0.464967,3.600569,1,7,9,0.003034,0.003901,0.000433
姓名,白露,0.464967,3.600569,1,3,21,0.0013,0.009103,0.000433
凉风,功名,0.464967,3.600569,1,9,7,0.003901,0.003034,0.000433
干戈,路岐,0.464967,3.600569,1,9,7,0.003901,0.003034,0.000433
人心,马蹄,0.464967,3.600569,1,9,7,0.003901,0.003034,0.000433
云间,帝乡,0.464966,3.089743,3,15,21,0.006502,0.009103,0.0013
王孙,神仙,0.464966,3.089743,3,9,35,0.003901,0.015171,0.0013
公卿,神仙,0.464966,3.089743,3,9,35,0.003901,0.015171,0.0013
公子,游人,0.464966,3.089743,3,21,15,0.009103,0.006502,0.0013
无穷,蛾眉,0.464966,3.089743,3,15,21,0.006502,0.009103,0.0013
忆昔,桃李,0.464899,3.277795,2,6,29,0.002601,0.01257,0.000867
叹息,有情,0.464086,3.272064,2,25,7,0.010837,0.003034,0.000867
庭前,芳树,0.464086,3.272064,2,7,25,0.003034,0.010837,0.000867
叶落,神仙,0.464086,3.272064,2,5,35,0.002167,0.015171,0.000867
残月,神仙,0.464086,3.272064,2,5,35,0.002167,0.015171,0.000867
千载,咸阳,0.464086,3.272064,2,25,7,0.010837,0.003034,0.000867
丞相,叹息,0.464086,3.272064,2,7,25,0.003034,0.010837,0.000867
叹息,骨肉,0.464086,3.272064,2,25,7,0.010837,0.003034,0.000867
御沟,高台,0.463278,3.266366,2,16,11,0.006935,0.004768,0.000867
回首,白玉,0.463278,3.266366,2,16,11,0.006935,0.004768,0.000867
白玉,逶迤,0.463278,3.266366,2,11,16,0.004768,0.006935,0.000867
日斜,路长,0.463278,3.266366,2,11,16,0.004768,0.006935,0.000867
浮云,走马,0.463278,3.266366,2,22,8,0.009536,0.003468,0.000867
东流,龙门,0.463278,3.266366,2,16,11,0.006935,0.004768,0.000867
万古,汉家,0.463278,3.266366,2,8,22,0.003468,0.009536,0.000867
汉家,百尺,0.463278,3.266366,2,22,8,0.009536,0.003468,0.000867
千万,汉家,0.463278,3.266366,2,8,22,0.003468,0.009536,0.000867
行路,闻道,0.463278,3.266366,2,8,22,0.003468,0.009536,0.000867
路难,闻道,0.463278,3.266366,2,8,22,0.003468,0.009536,0.000867
千万,闻道,0.463278,3.266366,2,8,22,0.003468,0.009536,0.000867
东流,天涯,0.463278,3.266366,2,16,11,0.006935,0.004768,0.000867
路长,龙门,0.463278,3.266366,2,16,11,0.006935,0.004768,0.000867
相望,龙门,0.463278,3.266366,2,16,11,0.006935,0.004768,0.000867
相望,道路,0.463278,3.266366,2,16,11,0.006935,0.004768,0.000867
主人,黄金,0.463278,3.266366,2,8,22,0.003468,0.009536,0.000867
伤心,白头,0.463278,3.266366,2,11,16,0.004768,0.006935,0.000867
朝廷,汉家,0.463278,3.266366,2,8,22,0.003468,0.009536,0.000867
明年,行人,0.463278,3.266366,2,16,11,0.006935,0.004768,0.000867
当时,浮云,0.463278,3.266366,2,8,22,0.003468,0.009536,0.000867
须臾,黄金,0.463278,3.266366,2,8,22,0.003468,0.009536,0.000867
思君,春草,0.463278,3.266366,2,16,11,0.006935,0.004768,0.000867
夜月,相望,0.463278,3.266366,2,11,16,0.004768,0.006935,0.000867
伤心,回首,0.463278,3.266366,2,11,16,0.004768,0.006935,0.000867
巫山,昆仑,0.463278,3.266366,2,22,8,0.009536,0.003468,0.000867
松柏,桃李,0.463067,3.077124,3,11,29,0.004768,0.01257,0.0013
可惜,瑶池,0.462934,3.58482,1,4,16,0.001734,0.006935,0.000433
看花,逶迤,0.462934,3.58482,1,4,16,0.001734,0.006935,0.000433
御沟,水声,0.462934,3.58482,1,16,4,0.006935,0.001734,0.000433
万物,莺啼,0.462934,3.58482,1,8,8,0.003468,0.003468,0.000433
山路,玲珑,0.462934,3.58482,1,8,8,0.003468,0.003468,0.000433
思归,日夕,0.462934,3.58482,1,8,8,0.003468,0.003468,0.000433
玉堂,相望,0.462934,3.58482,1,4,16,0.001734,0.006935,0.000433
门前,须臾,0.462934,3.58482,1,8,8,0.003468,0.003468,0.000433
门前,陌上,0.462934,3.58482,1,8,8,0.003468,0.003468,0.000433
相知,门前,0.462934,3.58482,1,8,8,0.003468,0.003468,0.000433
双阙,门前,0.462934,3.58482,1,8,8,0.003468,0.003468,0.000433
陌上,须臾,0.462934,3.58482,1,8,8,0.003468,0.003468,0.000433
相知,须臾,0.462934,3.58482,1,8,8,0.003468,0.003468,0.000433
双阙,须臾,0.462934,3.58482,1,8,8,0.003468,0.003468,0.000433
相知,陌上,0.462934,3.58482,1,8,8,0.003468,0.003468,0.000433
双阙,陌上,0.462934,3.58482,1,8,8,0.003468,0.003468,0.000433
双阙,相知,0.462934,3.58482,1,8,8,0.003468,0.003468,0.000433
千金,青天,0.462934,3.58482,1,32,2,0.013871,0.000867,0.000433
寒食,思归,0.462934,3.58482,1,8,8,0.003468,0.003468,0.000433
颜色,黄河,0.462934,3.58482,1,8,8,0.003468,0.003468,0.000433
思归,黄河,0.462934,3.58482,1,8,8,0.003468,0.003468,0.000433
南宫,黄河,0.462934,3.58482,1,8,8,0.003468,0.003468,0.000433
主人,黄河,0.462934,3.58482,1,8,8,0.003468,0.003468,0.000433
思归,颜色,0.462934,3.58482,1,8,8,0.003468,0.003468,0.000433
南宫,颜色,0.462934,3.58482,1,8,8,0.003468,0.003468,0.000433
主人,颜色,0.462934,3.58482,1,8,8,0.003468,0.003468,0.000433
南宫,思归,0.462934,3.58482,1,8,8,0.003468,0.003468,0.000433
主人,思归,0.462934,3.58482,1,8,8,0.003468,0.003468,0.000433
主人,南宫,0.462934,3.58482,1,8,8,0.003468,0.003468,0.000433
东流,兄弟,0.462934,3.58482,1,16,4,0.006935,0.001734,0.000433
南宫,当时,0.462934,3.58482,1,8,8,0.003468,0.003468,0.000433
当时,须臾,0.462934,3.58482,1,8,8,0.003468,0.003468,0.000433
南宫,须臾,0.462934,3.58482,1,8,8,0.003468,0.003468,0.000433
寥落,春来,0.462934,3.58482,1,4,16,0.001734,0.006935,0.000433
春来,逢人,0.462934,3.58482,1,16,4,0.006935,0.001734,0.000433
思君,逢人,0.462934,3.58482,1,16,4,0.006935,0.001734,0.000433
相望,逢人,0.462934,3.58482,1,16,4,0.006935,0.001734,0.000433
君心,莺啼,0.462934,3.58482,1,8,8,0.003468,0.003468,0.000433
思君,武陵,0.462934,3.58482,1,16,4,0.006935,0.001734,0.000433
从军,逶迤,0.462934,3.58482,1,4,16,0.001734,0.006935,0.000433
千万,君心,0.462934,3.58482,1,8,8,0.003468,0.003468,0.000433
思君,秋天,0.462934,3.58482,1,16,4,0.006935,0.001734,0.000433
明年,秋天,0.462934,3.58482,1,16,4,0.006935,0.001734,0.000433
万古,断肠,0.462934,3.58482,1,8,8,0.003468,0.003468,0.000433
万物,颜色,0.462934,3.58482,1,8,8,0.003468,0.003468,0.000433
昆仑,颜色,0.462934,3.58482,1,8,8,0.003468,0.003468,0.000433
蹉跎,颜色,0.462934,3.58482,1,8,8,0.003468,0.003468,0.000433
清净,逶迤,0.462934,3.58482,1,4,16,0.001734,0.006935,0.000433
诸侯,逶迤,0.462934,3.58482,1,4,16,0.001734,0.006935,0.000433
玉堂,逶迤,0.462934,3.58482,1,4,16,0.001734,0.006935,0.000433
清净,瑶池,0.462934,3.58482,1,4,16,0.001734,0.006935,0.000433
万物,单于,0.462934,3.58482,1,8,8,0.003468,0.003468,0.000433
万物,须臾,0.462934,3.58482,1,8,8,0.003468,0.003468,0.000433
万物,昆仑,0.462934,3.58482,1,8,8,0.003468,0.003468,0.000433
万物,蹉跎,0.462934,3.58482,1,8,8,0.003468,0.003468,0.000433
单于,须臾,0.462934,3.58482,1,8,8,0.003468,0.003468,0.000433
单于,昆仑,0.462934,3.58482,1,8,8,0.003468,0.003468,0.000433
单于,蹉跎,0.462934,3.58482,1,8,8,0.003468,0.003468,0.000433
瑶池,诸侯,0.462934,3.58482,1,16,4,0.006935,0.001734,0.000433
昆仑,须臾,0.462934,3.58482,1,8,8,0.003468,0.003468,0.000433
蹉跎,须臾,0.462934,3.58482,1,8,8,0.003468,0.003468,0.000433
昆仑,蹉跎,0.462934,3.58482,1,8,8,0.003468,0.003468,0.000433
玉堂,瑶池,0.462934,3.58482,1,4,16,0.001734,0.006935,0.000433
交亲,山下,0.462934,3.58482,1,4,16,0.001734,0.006935,0.000433
千金,波涛,0.462934,3.58482,1,32,2,0.013871,0.000867,0.000433
寒食,朝廷,0.462934,3.58482,1,8,8,0.003468,0.003468,0.000433
凄凉,回首,0.462934,3.58482,1,4,16,0.001734,0.006935,0.000433
东海,明年,0.462934,3.58482,1,4,16,0.001734,0.006935,0.000433
相知,蹉跎,0.462934,3.58482,1,8,8,0.003468,0.003468,0.000433
城中,日夕,0.462934,3.58482,1,8,8,0.003468,0.003468,0.000433
万古,城中,0.462934,3.58482,1,8,8,0.003468,0.003468,0.000433
万古,日夕,0.462934,3.58482,1,8,8,0.003468,0.003468,0.000433
瑶池,远山,0.462934,3.58482,1,16,4,0.006935,0.001734,0.000433
走马,长安,0.462596,3.073995,3,8,40,0.003468,0.017339,0.0013
长安,须臾,0.462596,3.073995,3,40,8,0.017339,0.003468,0.0013
未央,相望,0.462596,3.073995,3,20,16,0.008669,0.006935,0.0013
人生,旧游,0.460931,3.569316,1,13,5,0.005635,0.002167,0.000433
东西,人生,0.460931,3.569316,1,5,13,0.002167,0.005635,0.000433
昔时,楼前,0.460931,3.569316,1,13,5,0.005635,0.002167,0.000433
月夜,秋水,0.460931,3.569316,1,13,5,0.005635,0.002167,0.000433
知己,自古,0.460931,3.569316,1,13,5,0.005635,0.002167,0.000433
东方,昔时,0.460931,3.569316,1,5,13,0.002167,0.005635,0.000433
昔时,水流,0.460931,3.569316,1,13,5,0.005635,0.002167,0.000433
旧游,西山,0.460931,3.569316,1,5,13,0.002167,0.005635,0.000433
太守,昔时,0.460931,3.569316,1,5,13,0.002167,0.005635,0.000433
同心,旧游,0.460931,3.569316,1,13,5,0.005635,0.002167,0.000433
人家,年华,0.460931,3.569316,1,5,13,0.002167,0.005635,0.000433
潇湘,苦辛,0.460931,3.569316,1,5,13,0.002167,0.005635,0.000433
万户,人生,0.460931,3.569316,1,5,13,0.002167,0.005635,0.000433
人生,使君,0.460931,3.569316,1,13,5,0.005635,0.002167,0.000433
万户,同心,0.460931,3.569316,1,5,13,0.002167,0.005635,0.000433
使君,同心,0.460931,3.569316,1,5,13,0.002167,0.005635,0.000433
叶落,金谷,0.460931,3.569316,1,5,13,0.002167,0.005635,0.000433
叶落,知己,0.460931,3.569316,1,5,13,0.002167,0.005635,0.000433
叶落,江南,0.460931,3.569316,1,5,13,0.002167,0.005635,0.000433
同心,得意,0.460931,3.569316,1,13,5,0.005635,0.002167,0.000433
昔时,衣裳,0.460931,3.569316,1,13,5,0.005635,0.002167,0.000433
得意,西山,0.460931,3.569316,1,5,13,0.002167,0.005635,0.000433
衣裳,西山,0.460931,3.569316,1,5,13,0.002167,0.005635,0.000433
北风,百里,0.460931,3.569316,1,13,5,0.005635,0.002167,0.000433
人生,去年,0.460931,3.569316,1,13,5,0.005635,0.002167,0.000433
世上,昔时,0.460931,3.569316,1,5,13,0.002167,0.005635,0.000433
昔时,风动,0.460931,3.569316,1,13,5,0.005635,0.002167,0.000433
太守,月夜,0.460931,3.569316,1,5,13,0.002167,0.005635,0.000433
夕阳,裴回,0.460727,3.061572,3,9,36,0.003901,0.015605,0.0013
大道,春风,0.460727,3.061572,3,9,36,0.003901,0.015605,0.0013
春风,肠断,0.460727,3.061572,3,36,9,0.015605,0.003901,0.0013
将军,王孙,0.460727,3.061572,3,36,9,0.015605,0.003901,0.0013
怅望,裴回,0.460727,3.061572,3,9,36,0.003901,0.015605,0.0013
凤凰,花间,0.460727,3.061572,3,54,6,0.023407,0.002601,0.0013
北斗,窈窕,0.46048,2.927462,4,19,26,0.008236,0.01127,0.001734
白雪,风烟,0.46009,3.243894,2,6,30,0.002601,0.013004,0.000867
云间,今夜,0.46009,3.243894,2,15,12,0.006502,0.005202,0.000867
云间,迢递,0.46009,3.243894,2,15,12,0.006502,0.005202,0.000867
大道,未央,0.46009,3.243894,2,9,20,0.003901,0.008669,0.000867
佳期,未央,0.46009,3.243894,2,9,20,0.003901,0.008669,0.000867
佳期,鸳鸯,0.46009,3.243894,2,9,20,0.003901,0.008669,0.000867
无力,春风,0.46009,3.243894,2,5,36,0.002167,0.015605,0.000867
归去,楼上,0.46009,3.243894,2,12,15,0.005202,0.006502,0.000867
使君,春风,0.46009,3.243894,2,5,36,0.002167,0.015605,0.000867
宛转,月光,0.46009,3.243894,2,15,12,0.006502,0.005202,0.000867
宛转,寂寞,0.46009,3.243894,2,15,12,0.006502,0.005202,0.000867
宛转,行乐,0.46009,3.243894,2,15,12,0.006502,0.005202,0.000867
春日,镜中,0.46009,3.243894,2,10,18,0.004335,0.007802,0.000867
江上,绿水,0.46009,3.243894,2,20,9,0.008669,0.003901,0.000867
怅望,江上,0.46009,3.243894,2,9,20,0.003901,0.008669,0.000867
今已,江上,0.46009,3.243894,2,9,20,0.003901,0.008669,0.000867
佳期,江上,0.46009,3.243894,2,9,20,0.003901,0.008669,0.000867
佳人,春日,0.46009,3.243894,2,18,10,0.007802,0.004335,0.000867
公卿,鸳鸯,0.46009,3.243894,2,9,20,0.003901,0.008669,0.000867
公卿,海上,0.46009,3.243894,2,9,20,0.003901,0.008669,0.000867
云间,归去,0.46009,3.243894,2,15,12,0.006502,0.005202,0.000867
归去,游人,0.46009,3.243894,2,12,15,0.005202,0.006502,0.000867
月照,江水,0.46009,3.243894,2,18,10,0.007802,0.004335,0.000867
佳人,知音,0.46009,3.243894,2,18,10,0.007802,0.004335,0.000867
芙蓉,落叶,0.46009,3.243894,2,18,10,0.007802,0.004335,0.000867
故乡,自言,0.46009,3.243894,2,18,10,0.007802,0.004335,0.000867
未央,清晨,0.46009,3.243894,2,20,9,0.008669,0.003901,0.000867
佳人,南国,0.46009,3.243894,2,18,10,0.007802,0.004335,0.000867
故园,登高,0.46009,3.243894,2,10,18,0.004335,0.007802,0.000867
古来,花前,0.46009,3.243894,2,18,10,0.007802,0.004335,0.000867
古人,古来,0.46009,3.243894,2,10,18,0.004335,0.007802,0.000867
云间,空山,0.46009,3.243894,2,15,12,0.006502,0.005202,0.000867
云间,江山,0.46009,3.243894,2,15,12,0.006502,0.005202,0.000867
白首,迢递,0.46009,3.243894,2,15,12,0.006502,0.005202,0.000867
古来,自言,0.46009,3.243894,2,18,10,0.007802,0.004335,0.000867
白发,自言,0.46009,3.243894,2,18,10,0.007802,0.004335,0.000867
凄凉,平生,0.46009,3.243894,2,4,45,0.001734,0.019506,0.000867
富贵,阳春,0.46009,3.243894,2,9,20,0.003901,0.008669,0.000867
古来,昔日,0.46009,3.243894,2,18,10,0.007802,0.004335,0.000867
摇落,白首,0.46009,3.243894,2,12,15,0.005202,0.006502,0.000867
古来,文章,0.46009,3.243894,2,18,10,0.007802,0.004335,0.000867
君子,摇落,0.46009,3.243894,2,15,12,0.006502,0.005202,0.000867
今年,歌舞,0.460082,2.822264,5,14,49,0.006068,0.02124,0.002167
春来,芳菲,0.459845,2.923422,4,16,31,0.006935,0.013437,0.001734
人情,天涯,0.45896,3.554049,1,6,11,0.002601,0.004768,0.000433
天涯,忆昔,0.45896,3.554049,1,11,6,0.004768,0.002601,0.000433
人情,含情,0.45896,3.554049,1,6,11,0.002601,0.004768,0.000433
人情,日照,0.45896,3.554049,1,6,11,0.002601,0.004768,0.000433
含情,忆昔,0.45896,3.554049,1,11,6,0.004768,0.002601,0.000433
忆昔,日照,0.45896,3.554049,1,6,11,0.002601,0.004768,0.000433
日斜,羽翼,0.45896,3.554049,1,11,6,0.004768,0.002601,0.000433
名利,浮云,0.45896,3.554049,1,3,22,0.0013,0.009536,0.000433
桃源,霓裳,0.45896,3.554049,1,11,6,0.004768,0.002601,0.000433
白玉,萧萧,0.45896,3.554049,1,11,6,0.004768,0.002601,0.000433
日晚,萧萧,0.45896,3.554049,1,11,6,0.004768,0.002601,0.000433
夫子,落日,0.45896,3.554049,1,3,22,0.0013,0.009536,0.000433
流年,自怜,0.45896,3.554049,1,3,22,0.0013,0.009536,0.000433
八月,浮云,0.45896,3.554049,1,3,22,0.0013,0.009536,0.000433
仙人,石上,0.45896,3.554049,1,22,3,0.009536,0.0013,0.000433
望乡,泉声,0.45896,3.554049,1,11,6,0.004768,0.002601,0.000433
望乡,金陵,0.45896,3.554049,1,11,6,0.004768,0.002601,0.000433
十载,阳城,0.45896,3.554049,1,6,11,0.002601,0.004768,0.000433
萧索,行人,0.45896,3.554049,1,6,11,0.002601,0.004768,0.000433
人情,望乡,0.45896,3.554049,1,6,11,0.002601,0.004768,0.000433
望乡,送客,0.45896,3.554049,1,11,6,0.004768,0.002601,0.000433
望乡,萧萧,0.45896,3.554049,1,11,6,0.004768,0.002601,0.000433
蛟龙,道路,0.45896,3.554049,1,6,11,0.002601,0.004768,0.000433
世事,汉家,0.45896,3.554049,1,3,22,0.0013,0.009536,0.000433
日晚,黄花,0.45896,3.554049,1,11,6,0.004768,0.002601,0.000433
消息,落日,0.45896,3.554049,1,3,22,0.0013,0.009536,0.000433
人皆,落花,0.45896,3.554049,1,2,33,0.000867,0.014304,0.000433
玉楼,黄金,0.45896,3.554049,1,3,22,0.0013,0.009536,0.000433
浮云,玉楼,0.45896,3.554049,1,22,3,0.009536,0.0013,0.000433
汉家,玉楼,0.45896,3.554049,1,22,3,0.009536,0.0013,0.000433
天涯,朱门,0.45896,3.554049,1,11,6,0.004768,0.002601,0.000433
才子,浮云,0.45896,3.554049,1,3,22,0.0013,0.009536,0.000433
心期,浮云,0.45896,3.554049,1,3,22,0.0013,0.009536,0.000433
浮云,猿声,0.45896,3.554049,1,22,3,0.009536,0.0013,0.000433
伤心,朱门,0.45896,3.554049,1,11,6,0.004768,0.002601,0.000433
朱门,桃源,0.45896,3.554049,1,6,11,0.002601,0.004768,0.000433
朱门,龙门,0.45896,3.554049,1,6,11,0.002601,0.004768,0.000433
多情,落花,0.45896,3.554049,1,2,33,0.000867,0.014304,0.000433
来往,落花,0.45896,3.554049,1,2,33,0.000867,0.014304,0.000433
日照,相亲,0.45896,3.554049,1,11,6,0.004768,0.002601,0.000433
日照,相寻,0.45896,3.554049,1,11,6,0.004768,0.002601,0.000433
台上,秋色,0.45896,3.554049,1,6,11,0.002601,0.004768,0.000433
临风,龙门,0.45896,3.554049,1,6,11,0.002601,0.004768,0.000433
十载,春光,0.45896,3.554049,1,6,11,0.002601,0.004768,0.000433
十载,黄叶,0.45896,3.554049,1,6,11,0.002601,0.004768,0.000433
人情,高楼,0.45896,3.554049,1,6,11,0.002601,0.004768,0.000433
巫山,玉楼,0.45896,3.554049,1,22,3,0.009536,0.0013,0.000433
玉楼,自怜,0.45896,3.554049,1,3,22,0.0013,0.009536,0.000433
忆昔,春草,0.45896,3.554049,1,6,11,0.002601,0.004768,0.000433
春草,还家,0.45896,3.554049,1,11,6,0.004768,0.002601,0.000433
行人,还家,0.45896,3.554049,1,11,6,0.004768,0.002601,0.000433
伤心,相亲,0.45896,3.554049,1,11,6,0.004768,0.002601,0.000433
白玉,青苔,0.45896,3.554049,1,11,6,0.004768,0.002601,0.000433
日晚,青苔,0.45896,3.554049,1,11,6,0.004768,0.002601,0.000433
忆昔,白玉,0.45896,3.554049,1,6,11,0.002601,0.004768,0.000433
白玉,茫茫,0.45896,3.554049,1,11,6,0.004768,0.002601,0.000433
忆昔,日晚,0.45896,3.554049,1,6,11,0.002601,0.004768,0.000433
日晚,茫茫,0.45896,3.554049,1,11,6,0.004768,0.002601,0.000433
出入,南山,0.45896,3.554049,1,2,33,0.000867,0.014304,0.000433
世人,南山,0.45896,3.554049,1,2,33,0.000867,0.014304,0.000433
南山,感激,0.45896,3.554049,1,33,2,0.014304,0.000867,0.000433
南山,楚水,0.45896,3.554049,1,33,2,0.014304,0.000867,0.000433
他人,闻道,0.45896,3.554049,1,3,22,0.0013,0.009536,0.000433
所思,闻道,0.45896,3.554049,1,3,22,0.0013,0.009536,0.000433
他人,黄金,0.45896,3.554049,1,3,22,0.0013,0.009536,0.000433
他人,巫山,0.45896,3.554049,1,3,22,0.0013,0.009536,0.000433
所思,黄金,0.45896,3.554049,1,3,22,0.0013,0.009536,0.000433
巫山,所思,0.45896,3.554049,1,22,3,0.009536,0.0013,0.000433
巫山,流年,0.45896,3.554049,1,22,3,0.009536,0.0013,0.000433
青苔,高台,0.45896,3.554049,1,6,11,0.002601,0.004768,0.000433
苍茫,闻道,0.45896,3.554049,1,3,22,0.0013,0.009536,0.000433
年年,波涛,0.45896,3.554049,1,33,2,0.014304,0.000867,0.000433
巫山,楚客,0.45896,3.554049,1,22,3,0.009536,0.0013,0.000433
重阳,黄花,0.45896,3.554049,1,11,6,0.004768,0.002601,0.000433
仙人,宫中,0.45896,3.554049,1,22,3,0.009536,0.0013,0.000433
日晚,野花,0.45896,3.554049,1,11,6,0.004768,0.002601,0.000433
独自,闻道,0.45896,3.554049,1,3,22,0.0013,0.009536,0.000433
汉家,独自,0.45896,3.554049,1,22,3,0.009536,0.0013,0.000433
年年,阑干,0.45896,3.554049,1,33,2,0.014304,0.000867,0.000433
微风,汉家,0.45896,3.554049,1,3,22,0.0013,0.009536,0.000433
太平,青草,0.45896,3.554049,1,11,6,0.004768,0.002601,0.000433
东风,春草,0.45896,3.554049,1,6,11,0.002601,0.004768,0.000433
天涯,还家,0.45896,3.554049,1,11,6,0.004768,0.002601,0.000433
心期,自怜,0.45896,3.554049,1,3,22,0.0013,0.009536,0.000433
窈窕,罗衣,0.458523,3.232844,2,26,7,0.01127,0.003034,0.000867
知己,马上,0.458523,3.232844,2,13,14,0.005635,0.006068,0.000867
庭前,窈窕,0.458523,3.232844,2,7,26,0.003034,0.01127,0.000867
他乡,烟波,0.458523,3.232844,2,26,7,0.01127,0.003034,0.000867
他乡,江流,0.458523,3.232844,2,26,7,0.01127,0.003034,0.000867
空馀,苦辛,0.458523,3.232844,2,14,13,0.006068,0.005635,0.000867
同心,青楼,0.458523,3.232844,2,13,14,0.005635,0.006068,0.000867
人生,青楼,0.458523,3.232844,2,13,14,0.005635,0.006068,0.000867
君子,浮云,0.457966,3.043223,3,15,22,0.006502,0.009536,0.0013
楼上,落日,0.457966,3.043223,3,15,22,0.006502,0.009536,0.0013
古人,落花,0.457966,3.043223,3,10,33,0.004335,0.014304,0.0013
年年,花前,0.457966,3.043223,3,33,10,0.014304,0.004335,0.0013
古人,年年,0.457966,3.043223,3,10,33,0.004335,0.014304,0.0013
无穷,闻道,0.457966,3.043223,3,15,22,0.006502,0.009536,0.0013
封侯,相思,0.457966,3.043223,3,10,33,0.004335,0.014304,0.0013
江水,相思,0.457966,3.043223,3,10,33,0.004335,0.014304,0.0013
南山,自言,0.457966,3.043223,3,33,10,0.014304,0.004335,0.0013
天上,镜中,0.457328,2.907421,4,28,18,0.012137,0.007802,0.001734
今年,将军,0.457328,2.907421,4,14,36,0.006068,0.015605,0.001734
明主,行路,0.456973,3.221915,2,23,8,0.00997,0.003468,0.000867
明主,路难,0.456973,3.221915,2,23,8,0.00997,0.003468,0.000867
千万,明主,0.456973,3.221915,2,8,23,0.003468,0.00997,0.000867
十年,夜长,0.456973,3.221915,2,23,8,0.00997,0.003468,0.000867
万物,天地,0.456973,3.221915,2,8,23,0.003468,0.00997,0.000867
昆仑,桃花,0.456973,3.221915,2,8,23,0.003468,0.00997,0.000867
莺啼,风尘,0.456973,3.221915,2,8,23,0.003468,0.00997,0.000867
十年,当时,0.456973,3.221915,2,23,8,0.00997,0.003468,0.000867
天地,颜色,0.456973,3.221915,2,23,8,0.00997,0.003468,0.000867
单于,天地,0.456973,3.221915,2,8,23,0.003468,0.00997,0.000867
杨柳,肠断,0.456604,3.034173,3,37,9,0.016038,0.003901,0.0013
无力,杨柳,0.456204,3.216495,2,5,37,0.002167,0.016038,0.000867
使君,杨柳,0.456204,3.216495,2,5,37,0.002167,0.016038,0.000867
人归,春色,0.45544,3.211104,2,6,31,0.002601,0.013437,0.000867
忆昔,芳菲,0.45544,3.211104,2,6,31,0.002601,0.013437,0.000867
朱门,芳菲,0.45544,3.211104,2,6,31,0.002601,0.013437,0.000867
御沟,蛾眉,0.455254,3.025204,3,16,21,0.006935,0.009103,0.0013
君王,空馀,0.455254,3.025204,3,24,14,0.010403,0.006068,0.0013
白头,蛾眉,0.455254,3.025204,3,16,21,0.006935,0.009103,0.0013
明年,蛾眉,0.455254,3.025204,3,16,21,0.006935,0.009103,0.0013
万年,归去,0.455254,3.025204,3,28,12,0.012137,0.005202,0.0013
归去,流水,0.455254,3.025204,3,12,28,0.005202,0.012137,0.0013
帝乡,路长,0.455254,3.025204,3,21,16,0.009103,0.006935,0.0013
万国,子孙,0.455105,3.524196,1,17,4,0.007369,0.001734,0.000433
相逢,道士,0.455105,3.524196,1,17,4,0.007369,0.001734,0.000433
丹砂,相逢,0.455105,3.524196,1,4,17,0.001734,0.007369,0.000433
归来,诸侯,0.455105,3.524196,1,17,4,0.007369,0.001734,0.000433
千门,玉堂,0.455105,3.524196,1,17,4,0.007369,0.001734,0.000433
千门,杜陵,0.455105,3.524196,1,17,4,0.007369,0.001734,0.000433
意气,玉堂,0.455105,3.524196,1,17,4,0.007369,0.001734,0.000433
玉堂,相逢,0.455105,3.524196,1,4,17,0.001734,0.007369,0.000433
意气,杜陵,0.455105,3.524196,1,17,4,0.007369,0.001734,0.000433
杜陵,相逢,0.455105,3.524196,1,4,17,0.001734,0.007369,0.000433
不归,秋天,0.455105,3.524196,1,17,4,0.007369,0.001734,0.000433
兄弟,梅花,0.455105,3.524196,1,4,17,0.001734,0.007369,0.000433
归来,看花,0.455105,3.524196,1,17,4,0.007369,0.001734,0.000433
不归,相忆,0.455105,3.524196,1,17,4,0.007369,0.001734,0.000433
可怜,独立,0.455105,3.524196,1,34,2,0.014738,0.000867,0.000433
不归,高树,0.455105,3.524196,1,17,4,0.007369,0.001734,0.000433
携手,相对,0.455105,3.524196,1,17,4,0.007369,0.001734,0.000433
相对,相逢,0.455105,3.524196,1,4,17,0.001734,0.007369,0.000433
翠微,诸侯,0.455105,3.524196,1,17,4,0.007369,0.001734,0.000433
南北,意气,0.455105,3.524196,1,4,17,0.001734,0.007369,0.000433
寥落,意气,0.455105,3.524196,1,4,17,0.001734,0.007369,0.000433
寥落,青门,0.455105,3.524196,1,4,17,0.001734,0.007369,0.000433
寥落,梅花,0.455105,3.524196,1,4,17,0.001734,0.007369,0.000433
可怜,多情,0.455105,3.524196,1,34,2,0.014738,0.000867,0.000433
可怜,来往,0.455105,3.524196,1,34,2,0.014738,0.000867,0.000433
可怜,飞鸟,0.455105,3.524196,1,34,2,0.014738,0.000867,0.000433
不归,清净,0.455105,3.524196,1,17,4,0.007369,0.001734,0.000433
携手,清净,0.455105,3.524196,1,17,4,0.007369,0.001734,0.000433
出入,可怜,0.455105,3.524196,1,2,34,0.000867,0.014738,0.000433
世人,可怜,0.455105,3.524196,1,2,34,0.000867,0.014738,0.000433
可怜,感激,0.455105,3.524196,1,34,2,0.014738,0.000867,0.000433
不归,诸侯,0.455105,3.524196,1,17,4,0.007369,0.001734,0.000433
携手,诸侯,0.455105,3.524196,1,17,4,0.007369,0.001734,0.000433
不归,玉堂,0.455105,3.524196,1,17,4,0.007369,0.001734,0.000433
携手,玉堂,0.455105,3.524196,1,17,4,0.007369,0.001734,0.000433
两相,携手,0.455105,3.524196,1,4,17,0.001734,0.007369,0.000433
两相,翠微,0.455105,3.524196,1,4,17,0.001734,0.007369,0.000433
可怜,阑干,0.455105,3.524196,1,34,2,0.014738,0.000867,0.000433
城下,相逢,0.455105,3.524196,1,4,17,0.001734,0.007369,0.000433
可怜,歌舞,0.454838,2.522747,9,34,49,0.014738,0.02124,0.003901
相逢,行人,0.454679,3.205742,2,17,11,0.007369,0.004768,0.000867
望乡,翠微,0.454679,3.205742,2,11,17,0.004768,0.007369,0.000867
青门,龙门,0.454679,3.205742,2,17,11,0.007369,0.004768,0.000867
公子,可怜,0.45356,2.782258,5,21,34,0.009103,0.014738,0.002167
可怜,花前,0.453473,3.01337,3,34,10,0.014738,0.004335,0.0013
古人,可怜,0.453473,3.01337,3,10,34,0.004335,0.014738,0.0013
九重,千门,0.453473,3.01337,3,20,17,0.008669,0.007369,0.0013
万里,浮云,0.453328,2.46661,10,89,22,0.038578,0.009536,0.004335
十年,沧浪,0.453219,3.509597,1,23,3,0.00997,0.0013,0.000433
十年,夫子,0.453219,3.509597,1,23,3,0.00997,0.0013,0.000433
人世,风尘,0.453219,3.509597,1,3,23,0.0013,0.00997,0.000433
明主,明时,0.453219,3.509597,1,23,3,0.00997,0.0013,0.000433
十年,消息,0.453219,3.509597,1,23,3,0.00997,0.0013,0.000433
英雄,风尘,0.453219,3.509597,1,3,23,0.0013,0.00997,0.000433
明主,星辰,0.453219,3.509597,1,23,3,0.00997,0.0013,0.000433
白蘋,风尘,0.453219,3.509597,1,3,23,0.0013,0.00997,0.000433
十年,玉楼,0.453219,3.509597,1,23,3,0.00997,0.0013,0.000433
十年,才子,0.453219,3.509597,1,23,3,0.00997,0.0013,0.000433
十年,心期,0.453219,3.509597,1,23,3,0.00997,0.0013,0.000433
十年,猿声,0.453219,3.509597,1,23,3,0.00997,0.0013,0.000433
消息,风尘,0.453219,3.509597,1,3,23,0.0013,0.00997,0.000433
楚客,风尘,0.453219,3.509597,1,3,23,0.0013,0.00997,0.000433
沧浪,风尘,0.453219,3.509597,1,3,23,0.0013,0.00997,0.000433
名利,风尘,0.453219,3.509597,1,3,23,0.0013,0.00997,0.000433
天地,烟雨,0.453219,3.509597,1,23,3,0.00997,0.0013,0.000433
他人,天地,0.453219,3.509597,1,3,23,0.0013,0.00997,0.000433
天地,所思,0.453219,3.509597,1,23,3,0.00997,0.0013,0.000433
天地,是非,0.453219,3.509597,1,23,3,0.00997,0.0013,0.000433
所思,明主,0.453219,3.509597,1,3,23,0.0013,0.00997,0.000433
春水,桃花,0.453219,3.509597,1,3,23,0.0013,0.00997,0.000433
大道,帝乡,0.45317,3.195103,2,9,21,0.003901,0.009103,0.000867
公卿,公子,0.45317,3.195103,2,9,21,0.003901,0.009103,0.000867
绿水,风光,0.45317,3.195103,2,9,21,0.003901,0.009103,0.000867
大道,风光,0.45317,3.195103,2,9,21,0.003901,0.009103,0.000867
岁月,肠断,0.45317,3.195103,2,21,9,0.009103,0.003901,0.000867
岁月,衣冠,0.45317,3.195103,2,21,9,0.009103,0.003901,0.000867
日月,骨肉,0.45317,3.195103,2,27,7,0.011704,0.003034,0.000867
春色,白玉,0.453031,3.010433,3,31,11,0.013437,0.004768,0.0013
天子,意气,0.452779,2.694916,6,55,17,0.02384,0.007369,0.002601
肠断,风吹,0.45259,3.007505,3,9,38,0.003901,0.016472,0.0013
烟霞,风月,0.452422,3.189826,2,19,10,0.008236,0.004335,0.000867
古木,纵横,0.452422,3.189826,2,10,19,0.004335,0.008236,0.000867
叶落,风吹,0.452422,3.189826,2,5,38,0.002167,0.016472,0.000867
北斗,落叶,0.452422,3.189826,2,19,10,0.008236,0.004335,0.000867
纵横,花发,0.452422,3.189826,2,19,10,0.008236,0.004335,0.000867
白马,纵横,0.452422,3.189826,2,10,19,0.004335,0.008236,0.000867
月明,零落,0.452422,3.189826,2,19,10,0.008236,0.004335,0.000867
烟霞,知音,0.452422,3.189826,2,19,10,0.008236,0.004335,0.000867
他乡,岐路,0.452412,2.876169,4,26,20,0.01127,0.008669,0.001734
春风,鸳鸯,0.452196,2.77389,5,36,20,0.015605,0.008669,0.002167
千里,绿水,0.452196,2.77389,5,80,9,0.034677,0.003901,0.002167
沧海,烟波,0.451361,3.495208,1,10,7,0.004335,0.003034,0.000433
婵娟,沧海,0.451361,3.495208,1,7,10,0.003034,0.004335,0.000433
湘水,风波,0.451361,3.495208,1,10,7,0.004335,0.003034,0.000433
湘水,烟波,0.451361,3.495208,1,10,7,0.004335,0.003034,0.000433
少年,旧游,0.451361,3.495208,1,14,5,0.006068,0.002167,0.000433
东西,少年,0.451361,3.495208,1,5,14,0.002167,0.006068,0.000433
花枝,萧条,0.451361,3.495208,1,7,10,0.003034,0.004335,0.000433
对酒,花飞,0.451361,3.495208,1,5,14,0.002167,0.006068,0.000433
松风,马蹄,0.451361,3.495208,1,10,7,0.004335,0.003034,0.000433
梧桐,风霜,0.451361,3.495208,1,5,14,0.002167,0.006068,0.000433
水流,风霜,0.451361,3.495208,1,5,14,0.002167,0.006068,0.000433
惆怅,湘水,0.451361,3.495208,1,7,10,0.003034,0.004335,0.000433
楼前,相识,0.451361,3.495208,1,5,14,0.002167,0.006068,0.000433
寒山,风霜,0.451361,3.495208,1,5,14,0.002167,0.006068,0.000433
往来,淹留,0.451361,3.495208,1,5,14,0.002167,0.006068,0.000433
日出,神仙,0.451361,3.495208,1,2,35,0.000867,0.015171,0.000433
相见,零落,0.451361,3.495208,1,7,10,0.003034,0.004335,0.000433
山中,林下,0.451361,3.495208,1,14,5,0.006068,0.002167,0.000433
林下,淹留,0.451361,3.495208,1,5,14,0.002167,0.006068,0.000433
林下,楼台,0.451361,3.495208,1,5,14,0.002167,0.006068,0.000433
山河,林下,0.451361,3.495208,1,14,5,0.006068,0.002167,0.000433
北阙,山阴,0.451361,3.495208,1,14,5,0.006068,0.002167,0.000433
天外,日夜,0.451361,3.495208,1,10,7,0.004335,0.003034,0.000433
日夜,清明,0.451361,3.495208,1,7,10,0.003034,0.004335,0.000433
猿啼,骨肉,0.451361,3.495208,1,10,7,0.004335,0.003034,0.000433
云飞,阙下,0.451361,3.495208,1,10,7,0.004335,0.003034,0.000433
江海,风流,0.451361,3.495208,1,10,7,0.004335,0.003034,0.000433
百花,马蹄,0.451361,3.495208,1,10,7,0.004335,0.003034,0.000433
萧条,马蹄,0.451361,3.495208,1,10,7,0.004335,0.003034,0.000433
百花,雨雪,0.451361,3.495208,1,10,7,0.004335,0.003034,0.000433
萧条,雨雪,0.451361,3.495208,1,10,7,0.004335,0.003034,0.000433
徘徊,经年,0.451361,3.495208,1,14,5,0.006068,0.002167,0.000433
楼台,风飘,0.451361,3.495208,1,14,5,0.006068,0.002167,0.000433
太守,青楼,0.451361,3.495208,1,5,14,0.002167,0.006068,0.000433
池上,花发,0.451361,3.495208,1,7,10,0.003034,0.004335,0.000433
东方,马上,0.451361,3.495208,1,5,14,0.002167,0.006068,0.000433
使君,马上,0.451361,3.495208,1,5,14,0.002167,0.006068,0.000433
始知,憔悴,0.451361,3.495208,1,7,10,0.003034,0.004335,0.000433
自然,阙下,0.451361,3.495208,1,10,7,0.004335,0.003034,0.000433
昔日,雨雪,0.451361,3.495208,1,10,7,0.004335,0.003034,0.000433
咸阳,旌旗,0.451361,3.495208,1,7,10,0.003034,0.004335,0.000433
人家,相识,0.451361,3.495208,1,5,14,0.002167,0.006068,0.000433
万户,青楼,0.451361,3.495208,1,5,14,0.002167,0.006068,0.000433
使君,北阙,0.451361,3.495208,1,5,14,0.002167,0.006068,0.000433
使君,山河,0.451361,3.495208,1,5,14,0.002167,0.006068,0.000433
叶落,少年,0.451361,3.495208,1,5,14,0.002167,0.006068,0.000433
叶落,无限,0.451361,3.495208,1,5,14,0.002167,0.006068,0.000433
叶落,山中,0.451361,3.495208,1,5,14,0.002167,0.006068,0.000433
叶落,淹留,0.451361,3.495208,1,5,14,0.002167,0.006068,0.000433
多情,神仙,0.451361,3.495208,1,2,35,0.000867,0.015171,0.000433
去年,青楼,0.451361,3.495208,1,5,14,0.002167,0.006068,0.000433
残月,青楼,0.451361,3.495208,1,5,14,0.002167,0.006068,0.000433
去年,尘埃,0.451361,3.495208,1,5,14,0.002167,0.006068,0.000433
尘埃,残月,0.451361,3.495208,1,14,5,0.006068,0.002167,0.000433
来往,神仙,0.451361,3.495208,1,2,35,0.000867,0.015171,0.000433
去年,无限,0.451361,3.495208,1,5,14,0.002167,0.006068,0.000433
去年,淹留,0.451361,3.495208,1,5,14,0.002167,0.006068,0.000433
无限,残月,0.451361,3.495208,1,14,5,0.006068,0.002167,0.000433
自言,风流,0.451361,3.495208,1,10,7,0.004335,0.003034,0.000433
残月,淹留,0.451361,3.495208,1,5,14,0.002167,0.006068,0.000433
古人,花枝,0.451361,3.495208,1,10,7,0.004335,0.003034,0.000433
庭前,憔悴,0.451361,3.495208,1,7,10,0.003034,0.004335,0.000433
得意,相识,0.451361,3.495208,1,5,14,0.002167,0.006068,0.000433
今来,潺湲,0.451361,3.495208,1,10,7,0.004335,0.003034,0.000433
封侯,潺湲,0.451361,3.495208,1,10,7,0.004335,0.003034,0.000433
岁寒,潺湲,0.451361,3.495208,1,10,7,0.004335,0.003034,0.000433
月出,神仙,0.451361,3.495208,1,2,35,0.000867,0.015171,0.000433
太守,空馀,0.451361,3.495208,1,5,14,0.002167,0.006068,0.000433
潺湲,猿啼,0.451361,3.495208,1,7,10,0.003034,0.004335,0.000433
尘埃,得意,0.451361,3.495208,1,14,5,0.006068,0.002167,0.000433
得意,马上,0.451361,3.495208,1,5,14,0.002167,0.006068,0.000433
丞相,封侯,0.451361,3.495208,1,7,10,0.003034,0.004335,0.000433
封侯,骨肉,0.451361,3.495208,1,10,7,0.004335,0.003034,0.000433
咸阳,封侯,0.451361,3.495208,1,7,10,0.003034,0.004335,0.000433
丞相,昔日,0.451361,3.495208,1,7,10,0.003034,0.004335,0.000433
丞相,萧条,0.451361,3.495208,1,7,10,0.003034,0.004335,0.000433
丞相,自言,0.451361,3.495208,1,7,10,0.003034,0.004335,0.000433
丞相,湘水,0.451361,3.495208,1,7,10,0.003034,0.004335,0.000433
尘埃,自古,0.451361,3.495208,1,14,5,0.006068,0.002167,0.000433
尘埃,衣裳,0.451361,3.495208,1,14,5,0.006068,0.002167,0.000433
咸阳,昔日,0.451361,3.495208,1,7,10,0.003034,0.004335,0.000433
自古,马上,0.451361,3.495208,1,5,14,0.002167,0.006068,0.000433
衣裳,马上,0.451361,3.495208,1,5,14,0.002167,0.006068,0.000433
萧条,骨肉,0.451361,3.495208,1,10,7,0.004335,0.003034,0.000433
自言,骨肉,0.451361,3.495208,1,10,7,0.004335,0.003034,0.000433
湘水,骨肉,0.451361,3.495208,1,10,7,0.004335,0.003034,0.000433
咸阳,萧条,0.451361,3.495208,1,7,10,0.003034,0.004335,0.000433
咸阳,自言,0.451361,3.495208,1,7,10,0.003034,0.004335,0.000433
咸阳,湘水,0.451361,3.495208,1,7,10,0.003034,0.004335,0.000433
潺湲,苍梧,0.451361,3.495208,1,7,10,0.003034,0.004335,0.000433
关河,潺湲,0.451361,3.495208,1,10,7,0.004335,0.003034,0.000433
婵娟,苍梧,0.451361,3.495208,1,7,10,0.003034,0.004335,0.000433
古人,风波,0.451361,3.495208,1,10,7,0.004335,0.003034,0.000433
无力,空馀,0.451361,3.495208,1,5,14,0.002167,0.006068,0.000433
自然,造化,0.451361,3.495208,1,10,7,0.004335,0.003034,0.000433
清明,风流,0.451361,3.495208,1,10,7,0.004335,0.003034,0.000433
徘徊,故山,0.451361,3.495208,1,14,5,0.006068,0.002167,0.000433
徘徊,梧桐,0.451361,3.495208,1,14,5,0.006068,0.002167,0.000433
昔日,暮雨,0.451361,3.495208,1,10,7,0.004335,0.003034,0.000433
万事,尘埃,0.451361,3.495208,1,5,14,0.002167,0.006068,0.000433
江流,生涯,0.451361,3.495208,1,7,10,0.003034,0.004335,0.000433
暮雨,生涯,0.451361,3.495208,1,7,10,0.003034,0.004335,0.000433
松风,造化,0.451361,3.495208,1,10,7,0.004335,0.003034,0.000433
少年,百里,0.451361,3.495208,1,14,5,0.006068,0.002167,0.000433
江流,沧海,0.451361,3.495208,1,7,10,0.003034,0.004335,0.000433
汉宫,经过,0.451361,3.495208,1,7,10,0.003034,0.004335,0.000433
松风,汉宫,0.451361,3.495208,1,10,7,0.004335,0.003034,0.000433
生涯,阙下,0.451361,3.495208,1,10,7,0.004335,0.003034,0.000433
东西,尘埃,0.451361,3.495208,1,5,14,0.002167,0.006068,0.000433
江水,骨肉,0.451361,3.495208,1,10,7,0.004335,0.003034,0.000433
故山,淹留,0.451361,3.495208,1,5,14,0.002167,0.006068,0.000433
玉树,瑶池,0.450937,3.179355,2,12,16,0.005202,0.006935,0.000867
思君,朝朝,0.450937,3.179355,2,16,12,0.006935,0.005202,0.000867
回首,归去,0.450937,3.179355,2,16,12,0.006935,0.005202,0.000867
白头,红粉,0.450937,3.179355,2,16,12,0.006935,0.005202,0.000867
东流,归去,0.450937,3.179355,2,16,12,0.006935,0.005202,0.000867
君王,行路,0.450937,3.179355,2,24,8,0.010403,0.003468,0.000867
东流,迢递,0.450937,3.179355,2,16,12,0.006935,0.005202,0.000867
君王,路难,0.450937,3.179355,2,24,8,0.010403,0.003468,0.000867
千万,君王,0.450937,3.179355,2,8,24,0.003468,0.010403,0.000867
东流,朝朝,0.450937,3.179355,2,16,12,0.006935,0.005202,0.000867
君王,夜长,0.450937,3.179355,2,24,8,0.010403,0.003468,0.000867
明年,月下,0.450937,3.179355,2,16,12,0.006935,0.005202,0.000867
东南,明年,0.450937,3.179355,2,12,16,0.005202,0.006935,0.000867
东南,相望,0.450937,3.179355,2,12,16,0.005202,0.006935,0.000867
山下,朝朝,0.450937,3.179355,2,16,12,0.006935,0.005202,0.000867
别后,思君,0.450937,3.179355,2,12,16,0.005202,0.006935,0.000867
东南,思君,0.450937,3.179355,2,12,16,0.005202,0.006935,0.000867
别后,相望,0.450937,3.179355,2,12,16,0.005202,0.006935,0.000867
美人,颜色,0.450937,3.179355,2,24,8,0.010403,0.003468,0.000867
游子,逶迤,0.450937,3.179355,2,12,16,0.005202,0.006935,0.000867
圣人,瑶池,0.450937,3.179355,2,12,16,0.005202,0.006935,0.000867
叹息,蛾眉,0.450907,2.866599,4,25,21,0.010837,0.009103,0.001734
公子,叹息,0.450907,2.866599,4,21,25,0.009103,0.010837,0.001734
翠微,芳菲,0.450309,2.862797,4,17,31,0.007369,0.013437,0.001734
白头,落花,0.450011,2.860901,4,16,33,0.006935,0.014304,0.001734
年年,白头,0.450011,2.860901,4,33,16,0.014304,0.006935,0.001734
桃李,行乐,0.449973,2.990113,3,29,12,0.01257,0.005202,0.0013
朝朝,桃李,0.449973,2.990113,3,12,29,0.005202,0.01257,0.0013
少年,花开,0.449111,2.984382,3,14,25,0.006068,0.010837,0.0013
少年,芳树,0.449111,2.984382,3,14,25,0.006068,0.010837,0.0013
叹息,少年,0.449111,2.984382,3,25,14,0.010837,0.006068,0.0013
神仙,花前,0.449111,2.984382,3,35,10,0.015171,0.004335,0.0013
古人,神仙,0.449111,2.984382,3,10,35,0.004335,0.015171,0.0013
今年,花开,0.449111,2.984382,3,14,25,0.006068,0.010837,0.0013
今年,芳树,0.449111,2.984382,3,14,25,0.006068,0.010837,0.0013
今年,叹息,0.449111,2.984382,3,14,25,0.006068,0.010837,0.0013
年年,桃李,0.448872,2.671659,6,33,29,0.014304,0.01257,0.002601
公子,神仙,0.448835,2.753271,5,21,35,0.009103,0.015171,0.002167
宁知,纵横,0.448823,2.853354,4,28,19,0.012137,0.008236,0.001734
北风,宛转,0.448738,3.163851,2,13,15,0.005635,0.006502,0.000867
云间,人生,0.448738,3.163851,2,15,13,0.006502,0.005635,0.000867
云间,西山,0.448738,3.163851,2,15,13,0.006502,0.005635,0.000867
游人,西山,0.448738,3.163851,2,15,13,0.006502,0.005635,0.000867
无穷,苦辛,0.448738,3.163851,2,15,13,0.006502,0.005635,0.000867
无穷,昔时,0.448738,3.163851,2,15,13,0.006502,0.005635,0.000867
日落,西山,0.448738,3.163851,2,15,13,0.006502,0.005635,0.000867
十里,故人,0.448738,3.163851,2,5,39,0.002167,0.016905,0.000867
故人,水流,0.448738,3.163851,2,39,5,0.016905,0.002167,0.000867
离别,金谷,0.448738,3.163851,2,15,13,0.006502,0.005635,0.000867
人间,同心,0.448738,3.163851,2,15,13,0.006502,0.005635,0.000867
参差,肠断,0.448681,2.981529,3,39,9,0.016905,0.003901,0.0013
回首,落日,0.448253,2.978684,3,16,22,0.006935,0.009536,0.0013
巫山,逶迤,0.448253,2.978684,3,22,16,0.009536,0.006935,0.0013
相识,青楼,0.448012,3.158736,2,14,14,0.006068,0.006068,0.000867
万年,阙下,0.448012,3.158736,2,28,7,0.012137,0.003034,0.000867
流水,阙下,0.448012,3.158736,2,28,7,0.012137,0.003034,0.000867
万年,庭前,0.448012,3.158736,2,28,7,0.012137,0.003034,0.000867
今年,无限,0.448012,3.158736,2,14,14,0.006068,0.006068,0.000867
天上,阙下,0.448012,3.158736,2,28,7,0.012137,0.003034,0.000867
杜陵,歌舞,0.448012,3.158736,2,4,49,0.001734,0.02124,0.000867
山中,淹留,0.448012,3.158736,2,14,14,0.006068,0.006068,0.000867
少年,相识,0.448012,3.158736,2,14,14,0.006068,0.006068,0.000867
今年,相识,0.448012,3.158736,2,14,14,0.006068,0.006068,0.000867
北阙,山河,0.448012,3.158736,2,14,14,0.006068,0.006068,0.000867
丞相,宁知,0.448012,3.158736,2,7,28,0.003034,0.012137,0.000867
玉树,白雪,0.447723,3.467037,1,12,6,0.005202,0.002601,0.000433
清风,白雪,0.447723,3.467037,1,12,6,0.005202,0.002601,0.000433
人情,翡翠,0.447723,3.467037,1,6,12,0.002601,0.005202,0.000433
芙蓉,鸟飞,0.447723,3.467037,1,18,4,0.007802,0.001734,0.000433
白发,黄昏,0.447723,3.467037,1,18,4,0.007802,0.001734,0.000433
别后,霓裳,0.447723,3.467037,1,12,6,0.005202,0.002601,0.000433
月下,蛟龙,0.447723,3.467037,1,12,6,0.005202,0.002601,0.000433
东南,蛟龙,0.447723,3.467037,1,12,6,0.005202,0.002601,0.000433
菊花,还家,0.447723,3.467037,1,12,6,0.005202,0.002601,0.000433
中原,佳人,0.447723,3.467037,1,4,18,0.001734,0.007802,0.000433
翡翠,萧萧,0.447723,3.467037,1,12,6,0.005202,0.002601,0.000433
王孙,玲珑,0.447723,3.467037,1,9,8,0.003901,0.003468,0.000433
山路,王孙,0.447723,3.467037,1,8,9,0.003468,0.003901,0.000433
人归,翡翠,0.447723,3.467037,1,6,12,0.002601,0.005202,0.000433
无情,红尘,0.447723,3.467037,1,6,12,0.002601,0.005202,0.000433
公卿,朝廷,0.447723,3.467037,1,9,8,0.003901,0.003468,0.000433
干戈,朝廷,0.447723,3.467037,1,9,8,0.003901,0.003468,0.000433
日夕,飘飖,0.447723,3.467037,1,8,9,0.003468,0.003901,0.000433
思归,飘飖,0.447723,3.467037,1,8,9,0.003468,0.003901,0.000433
双飞,门前,0.447723,3.467037,1,9,8,0.003901,0.003468,0.000433
双飞,须臾,0.447723,3.467037,1,9,8,0.003901,0.003468,0.000433
双飞,陌上,0.447723,3.467037,1,9,8,0.003901,0.003468,0.000433
双飞,相知,0.447723,3.467037,1,9,8,0.003901,0.003468,0.000433
双阙,双飞,0.447723,3.467037,1,8,9,0.003468,0.003901,0.000433
玉堂,芙蓉,0.447723,3.467037,1,4,18,0.001734,0.007802,0.000433
大道,门前,0.447723,3.467037,1,9,8,0.003901,0.003468,0.000433
寂寥,门前,0.447723,3.467037,1,9,8,0.003901,0.003468,0.000433
杜陵,芙蓉,0.447723,3.467037,1,4,18,0.001734,0.007802,0.000433
大道,陌上,0.447723,3.467037,1,9,8,0.003901,0.003468,0.000433
大道,相知,0.447723,3.467037,1,9,8,0.003901,0.003468,0.000433
双阙,大道,0.447723,3.467037,1,8,9,0.003468,0.003901,0.000433
寂寥,须臾,0.447723,3.467037,1,9,8,0.003901,0.003468,0.000433
寂寥,陌上,0.447723,3.467037,1,9,8,0.003901,0.003468,0.000433
寂寥,相知,0.447723,3.467037,1,9,8,0.003901,0.003468,0.000433
双阙,寂寥,0.447723,3.467037,1,8,9,0.003468,0.003901,0.000433
千古,芙蓉,0.447723,3.467037,1,4,18,0.001734,0.007802,0.000433
人皆,裴回,0.447723,3.467037,1,2,36,0.000867,0.015605,0.000433
歌声,镜中,0.447723,3.467037,1,4,18,0.001734,0.007802,0.000433
万物,鱼龙,0.447723,3.467037,1,8,9,0.003468,0.003901,0.000433
万物,风雨,0.447723,3.467037,1,8,9,0.003468,0.003901,0.000433
万物,公卿,0.447723,3.467037,1,8,9,0.003468,0.003901,0.000433
万物,明日,0.447723,3.467037,1,8,9,0.003468,0.003901,0.000433
世人,春风,0.447723,3.467037,1,2,36,0.000867,0.015605,0.000433
昨夜,走马,0.447723,3.467037,1,9,8,0.003901,0.003468,0.000433
思归,明朝,0.447723,3.467037,1,8,9,0.003468,0.003901,0.000433
凉风,河汉,0.447723,3.467037,1,9,8,0.003901,0.003468,0.000433
肠断,黄河,0.447723,3.467037,1,9,8,0.003901,0.003468,0.000433
肠断,颜色,0.447723,3.467037,1,9,8,0.003901,0.003468,0.000433
思归,肠断,0.447723,3.467037,1,8,9,0.003468,0.003901,0.000433
南宫,肠断,0.447723,3.467037,1,8,9,0.003468,0.003901,0.000433
主人,肠断,0.447723,3.467037,1,8,9,0.003468,0.003901,0.000433
登临,黄河,0.447723,3.467037,1,9,8,0.003901,0.003468,0.000433
登临,颜色,0.447723,3.467037,1,9,8,0.003901,0.003468,0.000433
思归,登临,0.447723,3.467037,1,8,9,0.003468,0.003901,0.000433
南宫,登临,0.447723,3.467037,1,8,9,0.003468,0.003901,0.000433
主人,登临,0.447723,3.467037,1,8,9,0.003468,0.003901,0.000433
茫茫,行乐,0.447723,3.467037,1,6,12,0.002601,0.005202,0.000433
垂杨,行乐,0.447723,3.467037,1,6,12,0.002601,0.005202,0.000433
东海,白发,0.447723,3.467037,1,4,18,0.001734,0.007802,0.000433
无情,辛苦,0.447723,3.467037,1,6,12,0.002601,0.005202,0.000433
芳草,青苔,0.447723,3.467037,1,12,6,0.005202,0.002601,0.000433
东南,苍生,0.447723,3.467037,1,12,6,0.005202,0.002601,0.000433
谢公,镜中,0.447723,3.467037,1,4,18,0.001734,0.007802,0.000433
乔木,夕阳,0.447723,3.467037,1,8,9,0.003468,0.003901,0.000433
颜色,鱼龙,0.447723,3.467037,1,8,9,0.003468,0.003901,0.000433
单于,鱼龙,0.447723,3.467037,1,8,9,0.003468,0.003901,0.000433
山路,绿水,0.447723,3.467037,1,8,9,0.003468,0.003901,0.000433
山路,怅望,0.447723,3.467037,1,8,9,0.003468,0.003901,0.000433
今已,山路,0.447723,3.467037,1,9,8,0.003901,0.003468,0.000433
佳期,山路,0.447723,3.467037,1,9,8,0.003901,0.003468,0.000433
依然,相知,0.447723,3.467037,1,9,8,0.003901,0.003468,0.000433
江山,萧萧,0.447723,3.467037,1,12,6,0.005202,0.002601,0.000433
物外,萧萧,0.447723,3.467037,1,12,6,0.005202,0.002601,0.000433
寂寞,焚香,0.447723,3.467037,1,12,6,0.005202,0.002601,0.000433
世事,欢娱,0.447723,3.467037,1,3,24,0.0013,0.010403,0.000433
大道,百尺,0.447723,3.467037,1,9,8,0.003901,0.003468,0.000433
梦中,鹦鹉,0.447723,3.467037,1,6,12,0.002601,0.005202,0.000433
朝廷,风雨,0.447723,3.467037,1,8,9,0.003468,0.003901,0.000433
朝廷,草木,0.447723,3.467037,1,8,9,0.003468,0.003901,0.000433
壮士,美人,0.447723,3.467037,1,3,24,0.0013,0.010403,0.000433
东海,镜中,0.447723,3.467037,1,4,18,0.001734,0.007802,0.000433
大道,当时,0.447723,3.467037,1,9,8,0.003901,0.003468,0.000433
南宫,大道,0.447723,3.467037,1,8,9,0.003468,0.003901,0.000433
归去,羽翼,0.447723,3.467037,1,12,6,0.005202,0.002601,0.000433
归去,朱门,0.447723,3.467037,1,12,6,0.005202,0.002601,0.000433
垂杨,归去,0.447723,3.467037,1,6,12,0.002601,0.005202,0.000433
归去,金陵,0.447723,3.467037,1,12,6,0.005202,0.002601,0.000433
红尘,羽翼,0.447723,3.467037,1,12,6,0.005202,0.002601,0.000433
朱门,红尘,0.447723,3.467037,1,6,12,0.002601,0.005202,0.000433
垂杨,红尘,0.447723,3.467037,1,6,12,0.002601,0.005202,0.000433
红尘,金陵,0.447723,3.467037,1,12,6,0.005202,0.002601,0.000433
羽翼,长沙,0.447723,3.467037,1,6,12,0.002601,0.005202,0.000433
朱门,长沙,0.447723,3.467037,1,6,12,0.002601,0.005202,0.000433
垂杨,长沙,0.447723,3.467037,1,6,12,0.002601,0.005202,0.000433
金陵,长沙,0.447723,3.467037,1,6,12,0.002601,0.005202,0.000433
当时,飘飖,0.447723,3.467037,1,8,9,0.003468,0.003901,0.000433
当时,高秋,0.447723,3.467037,1,8,9,0.003468,0.003901,0.000433
当时,竹林,0.447723,3.467037,1,8,9,0.003468,0.003901,0.000433
佳期,当时,0.447723,3.467037,1,9,8,0.003901,0.003468,0.000433
当时,昨夜,0.447723,3.467037,1,8,9,0.003468,0.003901,0.000433
丈夫,朱门,0.447723,3.467037,1,12,6,0.005202,0.002601,0.000433
朱门,迢递,0.447723,3.467037,1,6,12,0.002601,0.005202,0.000433
寂寞,朱门,0.447723,3.467037,1,12,6,0.005202,0.002601,0.000433
东南,朱门,0.447723,3.467037,1,12,6,0.005202,0.002601,0.000433
寥落,白发,0.447723,3.467037,1,4,18,0.001734,0.007802,0.000433
寥落,登高,0.447723,3.467037,1,4,18,0.001734,0.007802,0.000433
当时,肠断,0.447723,3.467037,1,8,9,0.003468,0.003901,0.000433
富贵,当时,0.447723,3.467037,1,9,8,0.003901,0.003468,0.000433
分明,当时,0.447723,3.467037,1,9,8,0.003901,0.003468,0.000433
今夜,相亲,0.447723,3.467037,1,12,6,0.005202,0.002601,0.000433
今夜,相寻,0.447723,3.467037,1,12,6,0.005202,0.002601,0.000433
多情,裴回,0.447723,3.467037,1,2,36,0.000867,0.015605,0.000433
来往,裴回,0.447723,3.467037,1,2,36,0.000867,0.015605,0.000433
相亲,迢递,0.447723,3.467037,1,6,12,0.002601,0.005202,0.000433
相寻,迢递,0.447723,3.467037,1,6,12,0.002601,0.005202,0.000433
相亲,鹦鹉,0.447723,3.467037,1,6,12,0.002601,0.005202,0.000433
朝朝,相亲,0.447723,3.467037,1,12,6,0.005202,0.002601,0.000433
大道,莺啼,0.447723,3.467037,1,9,8,0.003901,0.003468,0.000433
君心,大道,0.447723,3.467037,1,8,9,0.003468,0.003901,0.000433
相寻,鹦鹉,0.447723,3.467037,1,6,12,0.002601,0.005202,0.000433
朝朝,相寻,0.447723,3.467037,1,12,6,0.005202,0.002601,0.000433
别后,心事,0.447723,3.467037,1,12,6,0.005202,0.002601,0.000433
别后,相看,0.447723,3.467037,1,12,6,0.005202,0.002601,0.000433
心事,摇落,0.447723,3.467037,1,6,12,0.002601,0.005202,0.000433
摇落,相看,0.447723,3.467037,1,12,6,0.005202,0.002601,0.000433
空山,金陵,0.447723,3.467037,1,12,6,0.005202,0.002601,0.000433
依然,山路,0.447723,3.467037,1,9,8,0.003901,0.003468,0.000433
孤云,裴回,0.447723,3.467037,1,2,36,0.000867,0.015605,0.000433
丈夫,十载,0.447723,3.467037,1,12,6,0.005202,0.002601,0.000433
十载,归去,0.447723,3.467037,1,6,12,0.002601,0.005202,0.000433
今已,君心,0.447723,3.467037,1,9,8,0.003901,0.003468,0.000433
今已,千万,0.447723,3.467037,1,9,8,0.003901,0.003468,0.000433
干戈,走马,0.447723,3.467037,1,9,8,0.003901,0.003468,0.000433
忆昔,草绿,0.447723,3.467037,1,6,12,0.002601,0.005202,0.000433
烟雨,美人,0.447723,3.467037,1,3,24,0.0013,0.010403,0.000433
归去,青草,0.447723,3.467037,1,12,6,0.005202,0.002601,0.000433
佳人,秋天,0.447723,3.467037,1,18,4,0.007802,0.001734,0.000433
东南,还家,0.447723,3.467037,1,12,6,0.005202,0.002601,0.000433
月下,还家,0.447723,3.467037,1,12,6,0.005202,0.002601,0.000433
游子,还家,0.447723,3.467037,1,12,6,0.005202,0.002601,0.000433
相亲,红粉,0.447723,3.467037,1,6,12,0.002601,0.005202,0.000433
游子,青苔,0.447723,3.467037,1,12,6,0.005202,0.002601,0.000433
翡翠,青苔,0.447723,3.467037,1,12,6,0.005202,0.002601,0.000433
圣人,青苔,0.447723,3.467037,1,12,6,0.005202,0.002601,0.000433
摇落,青苔,0.447723,3.467037,1,12,6,0.005202,0.002601,0.000433
月满,青苔,0.447723,3.467037,1,12,6,0.005202,0.002601,0.000433
佳人,清净,0.447723,3.467037,1,18,4,0.007802,0.001734,0.000433
佳人,诸侯,0.447723,3.467037,1,18,4,0.007802,0.001734,0.000433
怅望,颜色,0.447723,3.467037,1,9,8,0.003901,0.003468,0.000433
古来,清净,0.447723,3.467037,1,18,4,0.007802,0.001734,0.000433
故乡,清净,0.447723,3.467037,1,18,4,0.007802,0.001734,0.000433
清净,白发,0.447723,3.467037,1,4,18,0.001734,0.007802,0.000433
忆昔,游子,0.447723,3.467037,1,6,12,0.002601,0.005202,0.000433
游子,茫茫,0.447723,3.467037,1,12,6,0.005202,0.002601,0.000433
翡翠,茫茫,0.447723,3.467037,1,12,6,0.005202,0.002601,0.000433
万物,怅望,0.447723,3.467037,1,8,9,0.003468,0.003901,0.000433
古来,诸侯,0.447723,3.467037,1,18,4,0.007802,0.001734,0.000433
古来,玉堂,0.447723,3.467037,1,18,4,0.007802,0.001734,0.000433
圣人,忆昔,0.447723,3.467037,1,12,6,0.005202,0.002601,0.000433
忆昔,摇落,0.447723,3.467037,1,6,12,0.002601,0.005202,0.000433
忆昔,月满,0.447723,3.467037,1,6,12,0.002601,0.005202,0.000433
故乡,诸侯,0.447723,3.467037,1,18,4,0.007802,0.001734,0.000433
故乡,玉堂,0.447723,3.467037,1,18,4,0.007802,0.001734,0.000433
单于,怅望,0.447723,3.467037,1,8,9,0.003468,0.003901,0.000433
他人,美人,0.447723,3.467037,1,3,24,0.0013,0.010403,0.000433
所思,美人,0.447723,3.467037,1,3,24,0.0013,0.010403,0.000433
白发,诸侯,0.447723,3.467037,1,18,4,0.007802,0.001734,0.000433
圣人,茫茫,0.447723,3.467037,1,12,6,0.005202,0.002601,0.000433
玉堂,白发,0.447723,3.467037,1,4,18,0.001734,0.007802,0.000433
怅望,须臾,0.447723,3.467037,1,9,8,0.003901,0.003468,0.000433
怅望,昆仑,0.447723,3.467037,1,9,8,0.003901,0.003468,0.000433
怅望,蹉跎,0.447723,3.467037,1,9,8,0.003901,0.003468,0.000433
摇落,茫茫,0.447723,3.467037,1,12,6,0.005202,0.002601,0.000433
月满,茫茫,0.447723,3.467037,1,12,6,0.005202,0.002601,0.000433
万古,凉风,0.447723,3.467037,1,8,9,0.003468,0.003901,0.000433
万古,高秋,0.447723,3.467037,1,8,9,0.003468,0.003901,0.000433
氛氲,流年,0.447723,3.467037,1,24,3,0.010403,0.0013,0.000433
白蘋,美人,0.447723,3.467037,1,3,24,0.0013,0.010403,0.000433
故乡,远山,0.447723,3.467037,1,18,4,0.007802,0.001734,0.000433
洞庭,苍茫,0.447723,3.467037,1,24,3,0.010403,0.0013,0.000433
圣主,朝廷,0.447723,3.467037,1,9,8,0.003901,0.003468,0.000433
人情,长沙,0.447723,3.467037,1,6,12,0.002601,0.005202,0.000433
从容,洞庭,0.447723,3.467037,1,3,24,0.0013,0.010403,0.000433
临水,美人,0.447723,3.467037,1,3,24,0.0013,0.010403,0.000433
长沙,青草,0.447723,3.467037,1,12,6,0.005202,0.002601,0.000433
主人,分明,0.447723,3.467037,1,8,9,0.003468,0.003901,0.000433
主人,佳期,0.447723,3.467037,1,8,9,0.003468,0.003901,0.000433
两相,芙蓉,0.447723,3.467037,1,4,18,0.001734,0.007802,0.000433
人情,今夜,0.447723,3.467037,1,6,12,0.002601,0.005202,0.000433
今夜,送客,0.447723,3.467037,1,12,6,0.005202,0.002601,0.000433
思归,明日,0.447723,3.467037,1,8,9,0.003468,0.003901,0.000433
别后,送客,0.447723,3.467037,1,12,6,0.005202,0.002601,0.000433
主人,王孙,0.447723,3.467037,1,8,9,0.003468,0.003901,0.000433
月满,青草,0.447723,3.467037,1,12,6,0.005202,0.002601,0.000433
圣主,行路,0.447723,3.467037,1,9,8,0.003901,0.003468,0.000433
朱门,行乐,0.447723,3.467037,1,6,12,0.002601,0.005202,0.000433
蹉跎,逍遥,0.447723,3.467037,1,8,9,0.003468,0.003901,0.000433
摇落,黄花,0.447723,3.467037,1,12,6,0.005202,0.002601,0.000433
大道,蹉跎,0.447723,3.467037,1,9,8,0.003901,0.003468,0.000433
梦里,登高,0.447723,3.467037,1,4,18,0.001734,0.007802,0.000433
月下,苍生,0.447723,3.467037,1,12,6,0.005202,0.002601,0.000433
宫中,氛氲,0.447723,3.467037,1,3,24,0.0013,0.010403,0.000433
焚香,莲花,0.447723,3.467037,1,6,12,0.002601,0.005202,0.000433
行乐,青草,0.447723,3.467037,1,12,6,0.005202,0.002601,0.000433
将军,秋雨,0.447723,3.467037,1,36,2,0.015605,0.000867,0.000433
人情,月光,0.447723,3.467037,1,6,12,0.002601,0.005202,0.000433
圣主,走马,0.447723,3.467037,1,9,8,0.003901,0.003468,0.000433
凄凉,古来,0.447723,3.467037,1,4,18,0.001734,0.007802,0.000433
相看,长沙,0.447723,3.467037,1,6,12,0.002601,0.005202,0.000433
昆仑,雨露,0.447723,3.467037,1,8,9,0.003468,0.003901,0.000433
曲江,欢娱,0.447723,3.467037,1,3,24,0.0013,0.010403,0.000433
月照,马嘶,0.447723,3.467037,1,18,4,0.007802,0.001734,0.000433
朝朝,相看,0.447723,3.467037,1,12,6,0.005202,0.002601,0.000433
临风,月下,0.447723,3.467037,1,6,12,0.002601,0.005202,0.000433
松柏,白发,0.446572,3.148583,2,11,18,0.004768,0.007802,0.000867
君恩,镜中,0.446572,3.148583,2,11,18,0.004768,0.007802,0.000867
双飞,巫山,0.446572,3.148583,2,9,22,0.003901,0.009536,0.000867
公卿,汉家,0.446572,3.148583,2,9,22,0.003901,0.009536,0.000867
绿水,闻道,0.446572,3.148583,2,9,22,0.003901,0.009536,0.000867
天涯,月照,0.446572,3.148583,2,11,18,0.004768,0.007802,0.000867
佳人,白玉,0.446572,3.148583,2,18,11,0.007802,0.004768,0.000867
佳人,日晚,0.446572,3.148583,2,18,11,0.007802,0.004768,0.000867
故乡,道路,0.446572,3.148583,2,18,11,0.007802,0.004768,0.000867
昨夜,闻道,0.446572,3.148583,2,9,22,0.003901,0.009536,0.000867
古来,松柏,0.446572,3.148583,2,18,11,0.007802,0.004768,0.000867
古来,阳城,0.446572,3.148583,2,18,11,0.007802,0.004768,0.000867
大道,黄金,0.446572,3.148583,2,9,22,0.003901,0.009536,0.000867
天涯,登高,0.446572,3.148583,2,11,18,0.004768,0.007802,0.000867
伤心,故乡,0.446572,3.148583,2,11,18,0.004768,0.007802,0.000867
宛转,将军,0.446476,2.838428,4,15,36,0.006502,0.015605,0.001734
云间,春风,0.446476,2.838428,4,15,36,0.006502,0.015605,0.001734
凤凰,文章,0.446476,2.838428,4,54,10,0.023407,0.004335,0.001734
千门,风光,0.446131,2.96458,3,17,21,0.007369,0.009103,0.0013
岁月,意气,0.446131,2.96458,3,21,17,0.009103,0.007369,0.0013
梅花,蛾眉,0.446131,2.96458,3,17,21,0.007369,0.009103,0.0013
可怜,闻道,0.445977,2.735738,5,34,22,0.014738,0.009536,0.002167
可怜,明年,0.445315,2.831048,4,34,16,0.014738,0.006935,0.001734
万里,十年,0.445158,2.422158,10,89,23,0.038578,0.00997,0.004335
零落,鸳鸯,0.445147,3.138533,2,10,20,0.004335,0.008669,0.000867
海上,零落,0.445147,3.138533,2,20,10,0.008669,0.004335,0.000867
叶落,长安,0.445147,3.138533,2,5,40,0.002167,0.017339,0.000867
昔日,鸳鸯,0.445147,3.138533,2,10,20,0.004335,0.008669,0.000867
自言,鸳鸯,0.445147,3.138533,2,10,20,0.004335,0.008669,0.000867
海上,湘水,0.445147,3.138533,2,20,10,0.008669,0.004335,0.000867
知音,阳春,0.445147,3.138533,2,10,20,0.004335,0.008669,0.000867
岐路,生涯,0.445147,3.138533,2,20,10,0.008669,0.004335,0.000867
万物,千载,0.445147,3.138533,2,8,25,0.003468,0.010837,0.000867
万物,叹息,0.445147,3.138533,2,8,25,0.003468,0.010837,0.000867
君王,紫微,0.444871,2.956212,3,24,15,0.010403,0.006502,0.0013
将军,旌旗,0.444871,2.956212,3,36,10,0.015605,0.004335,0.0013
将军,花前,0.444871,2.956212,3,36,10,0.015605,0.004335,0.0013
古人,将军,0.444871,2.956212,3,10,36,0.004335,0.015605,0.0013
湘水,裴回,0.444871,2.956212,3,10,36,0.004335,0.015605,0.0013
封侯,将军,0.444871,2.956212,3,10,36,0.004335,0.015605,0.0013
参差,花飞,0.444738,2.827379,4,39,14,0.016905,0.006068,0.001734
花落,蛾眉,0.444738,2.827379,4,26,21,0.01127,0.009103,0.001734
松柏,落花,0.443623,2.947913,3,11,33,0.004768,0.014304,0.0013
落花,阳城,0.443623,2.947913,3,33,11,0.014304,0.004768,0.0013
年年,松柏,0.443623,2.947913,3,33,11,0.014304,0.004768,0.0013
年年,阳城,0.443623,2.947913,3,33,11,0.014304,0.004768,0.0013
天涯,年年,0.443623,2.947913,3,11,33,0.004768,0.014304,0.0013
天子,封侯,0.443589,2.820079,4,55,10,0.02384,0.004335,0.001734
今年,花落,0.443209,2.945162,3,14,26,0.006068,0.01127,0.0013
流水,西山,0.443209,2.945162,3,28,13,0.012137,0.005635,0.0013
桃李,池上,0.443035,3.123644,2,29,7,0.01257,0.003034,0.000867
桃李,烟波,0.443035,3.123644,2,29,7,0.01257,0.003034,0.000867
壮士,芳树,0.442452,3.426215,1,3,25,0.0013,0.010837,0.000433
先生,千载,0.442452,3.426215,1,3,25,0.0013,0.010837,0.000433
千载,姓名,0.442452,3.426215,1,25,3,0.010837,0.0013,0.000433
千载,弟子,0.442452,3.426215,1,25,3,0.010837,0.0013,0.000433
云间,无力,0.442452,3.426215,1,15,5,0.006502,0.002167,0.000433
君子,秋水,0.442452,3.426215,1,15,5,0.006502,0.002167,0.000433
君子,寒山,0.442452,3.426215,1,15,5,0.006502,0.002167,0.000433
山阴,日落,0.442452,3.426215,1,5,15,0.002167,0.006502,0.000433
山阴,紫微,0.442452,3.426215,1,5,15,0.002167,0.006502,0.000433
叹息,至今,0.442452,3.426215,1,25,3,0.010837,0.0013,0.000433
日落,衣裳,0.442452,3.426215,1,15,5,0.006502,0.002167,0.000433
世事,叹息,0.442452,3.426215,1,3,25,0.0013,0.010837,0.000433
心期,花开,0.442452,3.426215,1,3,25,0.0013,0.010837,0.000433
先生,花开,0.442452,3.426215,1,3,25,0.0013,0.010837,0.000433
明时,芳树,0.442452,3.426215,1,3,25,0.0013,0.010837,0.000433
千载,玉楼,0.442452,3.426215,1,25,3,0.010837,0.0013,0.000433
叶落,无穷,0.442452,3.426215,1,5,15,0.002167,0.006502,0.000433
叶落,白首,0.442452,3.426215,1,5,15,0.002167,0.006502,0.000433
去年,楼上,0.442452,3.426215,1,5,15,0.002167,0.006502,0.000433
楼上,残月,0.442452,3.426215,1,15,5,0.006502,0.002167,0.000433
去年,无穷,0.442452,3.426215,1,5,15,0.002167,0.006502,0.000433
无穷,残月,0.442452,3.426215,1,15,5,0.006502,0.002167,0.000433
人间,去年,0.442452,3.426215,1,15,5,0.006502,0.002167,0.000433
人间,残月,0.442452,3.426215,1,15,5,0.006502,0.002167,0.000433
人间,得意,0.442452,3.426215,1,15,5,0.006502,0.002167,0.000433
东山,秋水,0.442452,3.426215,1,15,5,0.006502,0.002167,0.000433
衣裳,青云,0.442452,3.426215,1,5,15,0.002167,0.006502,0.000433
他人,千载,0.442452,3.426215,1,3,25,0.0013,0.010837,0.000433
千载,所思,0.442452,3.426215,1,25,3,0.010837,0.0013,0.000433
得意,白首,0.442452,3.426215,1,5,15,0.002167,0.006502,0.000433
得意,无穷,0.442452,3.426215,1,5,15,0.002167,0.006502,0.000433
他人,叹息,0.442452,3.426215,1,3,25,0.0013,0.010837,0.000433
叹息,所思,0.442452,3.426215,1,25,3,0.010837,0.0013,0.000433
白首,自古,0.442452,3.426215,1,15,5,0.006502,0.002167,0.000433
无穷,自古,0.442452,3.426215,1,15,5,0.006502,0.002167,0.000433
白首,衣裳,0.442452,3.426215,1,15,5,0.006502,0.002167,0.000433
无穷,衣裳,0.442452,3.426215,1,15,5,0.006502,0.002167,0.000433
叹息,苍茫,0.442452,3.426215,1,25,3,0.010837,0.0013,0.000433
潇湘,离别,0.442452,3.426215,1,5,15,0.002167,0.006502,0.000433
离别,莓苔,0.442452,3.426215,1,15,5,0.006502,0.002167,0.000433
八月,千载,0.442452,3.426215,1,3,25,0.0013,0.010837,0.000433
千载,自知,0.442452,3.426215,1,25,3,0.010837,0.0013,0.000433
曲江,芳树,0.442452,3.426215,1,3,25,0.0013,0.010837,0.000433
世事,花开,0.442452,3.426215,1,3,25,0.0013,0.010837,0.000433
叹息,西风,0.442452,3.426215,1,25,3,0.010837,0.0013,0.000433
洛阳,逢人,0.442338,3.11873,2,51,4,0.022107,0.001734,0.000867
意气,空山,0.442338,3.11873,2,17,12,0.007369,0.005202,0.000867
可怜,忆昔,0.442338,3.11873,2,34,6,0.014738,0.002601,0.000867
归去,相逢,0.442338,3.11873,2,12,17,0.005202,0.007369,0.000867
别离,红粉,0.442338,3.11873,2,17,12,0.007369,0.005202,0.000867
相逢,莲花,0.442338,3.11873,2,17,12,0.007369,0.005202,0.000867
别离,莲花,0.442338,3.11873,2,17,12,0.007369,0.005202,0.000867
意气,朝朝,0.442338,3.11873,2,17,12,0.007369,0.005202,0.000867
朝朝,相逢,0.442338,3.11873,2,12,17,0.005202,0.007369,0.000867
相逢,菊花,0.442338,3.11873,2,17,12,0.007369,0.005202,0.000867
意气,红尘,0.442338,3.11873,2,17,12,0.007369,0.005202,0.000867
月下,梅花,0.442338,3.11873,2,12,17,0.005202,0.007369,0.000867
寂寞,意气,0.442338,3.11873,2,12,17,0.005202,0.007369,0.000867
可怜,青苔,0.442338,3.11873,2,34,6,0.014738,0.002601,0.000867
丈夫,意气,0.442338,3.11873,2,12,17,0.005202,0.007369,0.000867
梅花,迢递,0.442338,3.11873,2,17,12,0.007369,0.005202,0.000867
寂寞,青门,0.442338,3.11873,2,12,17,0.005202,0.007369,0.000867
可怜,相亲,0.442338,3.11873,2,34,6,0.014738,0.002601,0.000867
悠悠,无力,0.441645,3.11384,2,41,5,0.017772,0.002167,0.000867
使君,悠悠,0.441645,3.11384,2,5,41,0.002167,0.017772,0.000867
得意,悠悠,0.441645,3.11384,2,5,41,0.002167,0.017772,0.000867
干戈,悠悠,0.441156,2.931519,3,9,41,0.003901,0.017772,0.0013
白头,神仙,0.440755,2.802061,4,16,35,0.006935,0.015171,0.001734
杨柳,江水,0.440748,2.928813,3,37,10,0.016038,0.004335,0.0013
可惜,烟霞,0.440741,3.41297,1,4,19,0.001734,0.008236,0.000433
月明,鸟飞,0.440741,3.41297,1,19,4,0.008236,0.001734,0.000433
烟霞,道士,0.440741,3.41297,1,19,4,0.008236,0.001734,0.000433
中原,千秋,0.440741,3.41297,1,4,19,0.001734,0.008236,0.000433
千秋,玉堂,0.440741,3.41297,1,19,4,0.008236,0.001734,0.000433
杜陵,纵横,0.440741,3.41297,1,4,19,0.001734,0.008236,0.000433
独立,白日,0.440741,3.41297,1,2,38,0.000867,0.016472,0.000433
烟霞,霄汉,0.440741,3.41297,1,19,4,0.008236,0.001734,0.000433
北斗,玉堂,0.440741,3.41297,1,19,4,0.008236,0.001734,0.000433
寥落,烟霞,0.440741,3.41297,1,4,19,0.001734,0.008236,0.000433
寥落,纵横,0.440741,3.41297,1,4,19,0.001734,0.008236,0.000433
纵横,逢人,0.440741,3.41297,1,19,4,0.008236,0.001734,0.000433
白日,青天,0.440741,3.41297,1,38,2,0.016472,0.000867,0.000433
秋天,秋月,0.440741,3.41297,1,4,19,0.001734,0.008236,0.000433
出入,白日,0.440741,3.41297,1,2,38,0.000867,0.016472,0.000433
世人,白日,0.440741,3.41297,1,2,38,0.000867,0.016472,0.000433
感激,白日,0.440741,3.41297,1,2,38,0.000867,0.016472,0.000433
楚水,白日,0.440741,3.41297,1,2,38,0.000867,0.016472,0.000433
清净,纵横,0.440741,3.41297,1,4,19,0.001734,0.008236,0.000433
出入,风吹,0.440741,3.41297,1,2,38,0.000867,0.016472,0.000433
世人,风吹,0.440741,3.41297,1,2,38,0.000867,0.016472,0.000433
感激,风吹,0.440741,3.41297,1,2,38,0.000867,0.016472,0.000433
楚水,风吹,0.440741,3.41297,1,2,38,0.000867,0.016472,0.000433
纵横,诸侯,0.440741,3.41297,1,19,4,0.008236,0.001734,0.000433
北斗,马嘶,0.440741,3.41297,1,19,4,0.008236,0.001734,0.000433
月明,鬼神,0.440741,3.41297,1,19,4,0.008236,0.001734,0.000433
山高,月明,0.440741,3.41297,1,4,19,0.001734,0.008236,0.000433
秋雨,风吹,0.440741,3.41297,1,2,38,0.000867,0.016472,0.000433
山僧,风吹,0.440741,3.41297,1,2,38,0.000867,0.016472,0.000433
明主,绿水,0.440268,3.104132,2,23,9,0.00997,0.003901,0.000867
桃花,鱼龙,0.440268,3.104132,2,23,9,0.00997,0.003901,0.000867
天地,风雨,0.440268,3.104132,2,23,9,0.00997,0.003901,0.000867
佳期,十年,0.440268,3.104132,2,9,23,0.003901,0.00997,0.000867
十年,生死,0.440268,3.104132,2,23,9,0.00997,0.003901,0.000867
叹息,芳菲,0.440196,2.700278,5,25,31,0.010837,0.013437,0.002167
关山,迢递,0.439937,2.923422,3,31,12,0.013437,0.005202,0.0013
东南,关山,0.439937,2.923422,3,12,31,0.005202,0.013437,0.0013
关山,月下,0.439937,2.923422,3,31,12,0.013437,0.005202,0.0013
杨柳,风光,0.439776,2.697701,5,37,21,0.016038,0.009103,0.002167
路长,黄鹤,0.439584,3.099312,2,16,13,0.006935,0.005635,0.000867
年华,思君,0.439584,3.099312,2,13,16,0.005635,0.006935,0.000867
路长,金谷,0.439584,3.099312,2,16,13,0.006935,0.005635,0.000867
东流,人生,0.439584,3.099312,2,16,13,0.006935,0.005635,0.000867
春来,苦辛,0.439584,3.099312,2,16,13,0.006935,0.005635,0.000867
他乡,行路,0.439584,3.099312,2,26,8,0.01127,0.003468,0.000867
东流,苦辛,0.439584,3.099312,2,16,13,0.006935,0.005635,0.000867
东流,昔时,0.439584,3.099312,2,16,13,0.006935,0.005635,0.000867
他乡,路难,0.439584,3.099312,2,26,8,0.01127,0.003468,0.000867
他乡,千万,0.439584,3.099312,2,26,8,0.01127,0.003468,0.000867
北风,路长,0.439584,3.099312,2,13,16,0.005635,0.006935,0.000867
他乡,夜长,0.439584,3.099312,2,26,8,0.01127,0.003468,0.000867
北风,相望,0.439584,3.099312,2,13,16,0.005635,0.006935,0.000867
夜长,窈窕,0.439584,3.099312,2,8,26,0.003468,0.01127,0.000867
思君,蓬莱,0.439584,3.099312,2,16,13,0.006935,0.005635,0.000867
玲珑,窈窕,0.439584,3.099312,2,8,26,0.003468,0.01127,0.000867
西山,逶迤,0.439584,3.099312,2,13,16,0.005635,0.006935,0.000867
春来,金谷,0.439584,3.099312,2,16,13,0.006935,0.005635,0.000867
万古,百年,0.439584,3.099312,2,8,26,0.003468,0.01127,0.000867
可怜,高台,0.43913,2.91806,3,34,11,0.014738,0.004768,0.0013
可怜,日照,0.43913,2.91806,3,34,11,0.014738,0.004768,0.0013
可怜,松柏,0.43913,2.91806,3,34,11,0.014738,0.004768,0.0013
天涯,风波,0.439053,3.399898,1,11,7,0.004768,0.003034,0.000433
天涯,婵娟,0.439053,3.399898,1,11,7,0.004768,0.003034,0.000433
含情,风波,0.439053,3.399898,1,11,7,0.004768,0.003034,0.000433
含情,烟波,0.439053,3.399898,1,11,7,0.004768,0.003034,0.000433
日照,风波,0.439053,3.399898,1,11,7,0.004768,0.003034,0.000433
日照,烟波,0.439053,3.399898,1,11,7,0.004768,0.003034,0.000433
婵娟,日照,0.439053,3.399898,1,7,11,0.003034,0.004768,0.000433
含情,暮雨,0.439053,3.399898,1,11,7,0.004768,0.003034,0.000433
含情,惆怅,0.439053,3.399898,1,11,7,0.004768,0.003034,0.000433
望乡,骨肉,0.439053,3.399898,1,11,7,0.004768,0.003034,0.000433
行人,马蹄,0.439053,3.399898,1,11,7,0.004768,0.003034,0.000433
行人,雨雪,0.439053,3.399898,1,11,7,0.004768,0.003034,0.000433
帝城,独坐,0.439053,3.399898,1,7,11,0.003034,0.004768,0.000433
春光,潺湲,0.439053,3.399898,1,11,7,0.004768,0.003034,0.000433
潺湲,黄叶,0.439053,3.399898,1,7,11,0.003034,0.004768,0.000433
春草,有情,0.439053,3.399898,1,11,7,0.004768,0.003034,0.000433
伤心,相见,0.439053,3.399898,1,11,7,0.004768,0.003034,0.000433
丞相,白玉,0.439053,3.399898,1,7,11,0.003034,0.004768,0.000433
白玉,骨肉,0.439053,3.399898,1,11,7,0.004768,0.003034,0.000433
咸阳,白玉,0.439053,3.399898,1,7,11,0.003034,0.004768,0.000433
丞相,日晚,0.439053,3.399898,1,7,11,0.003034,0.004768,0.000433
日晚,骨肉,0.439053,3.399898,1,11,7,0.004768,0.003034,0.000433
咸阳,日晚,0.439053,3.399898,1,7,11,0.003034,0.004768,0.000433
丞相,青松,0.439053,3.399898,1,7,11,0.003034,0.004768,0.000433
天涯,江流,0.439053,3.399898,1,11,7,0.004768,0.003034,0.000433
秋色,风波,0.439053,3.399898,1,11,7,0.004768,0.003034,0.000433
造化,重阳,0.439053,3.399898,1,7,11,0.003034,0.004768,0.000433
咸阳,望乡,0.439053,3.399898,1,7,11,0.003034,0.004768,0.000433
君恩,池上,0.439053,3.399898,1,11,7,0.004768,0.003034,0.000433
含情,池上,0.439053,3.399898,1,11,7,0.004768,0.003034,0.000433
功名,白玉,0.439053,3.399898,1,7,11,0.003034,0.004768,0.000433
白玉,路岐,0.439053,3.399898,1,11,7,0.004768,0.003034,0.000433
功名,天涯,0.439053,3.399898,1,7,11,0.003034,0.004768,0.000433
日照,马蹄,0.439053,3.399898,1,11,7,0.004768,0.003034,0.000433
日斜,路岐,0.439053,3.399898,1,11,7,0.004768,0.003034,0.000433
月明,龙门,0.438904,3.094516,2,19,11,0.008236,0.004768,0.000867
月明,道路,0.438904,3.094516,2,19,11,0.008236,0.004768,0.000867
白玉,纵横,0.438904,3.094516,2,11,19,0.004768,0.008236,0.000867
叹息,楼上,0.438728,2.91539,3,25,15,0.010837,0.006502,0.0013
公子,零落,0.438227,3.089743,2,21,10,0.009103,0.004335,0.000867
封侯,风光,0.438227,3.089743,2,10,21,0.004335,0.009103,0.000867
江水,风光,0.438227,3.089743,2,10,21,0.004335,0.009103,0.000867
岁月,自言,0.438227,3.089743,2,21,10,0.009103,0.004335,0.000867
花发,风光,0.438227,3.089743,2,10,21,0.004335,0.009103,0.000867
白马,风光,0.438227,3.089743,2,10,21,0.004335,0.009103,0.000867
岁月,故园,0.438227,3.089743,2,21,10,0.009103,0.004335,0.000867
封侯,白露,0.438227,3.089743,2,10,21,0.004335,0.009103,0.000867
憔悴,蛾眉,0.438227,3.089743,2,10,21,0.004335,0.009103,0.000867
公子,自言,0.438227,3.089743,2,21,10,0.009103,0.004335,0.000867
花发,蛾眉,0.438227,3.089743,2,10,21,0.004335,0.009103,0.000867
岁月,憔悴,0.438227,3.089743,2,21,10,0.009103,0.004335,0.000867
封侯,蛾眉,0.438227,3.089743,2,10,21,0.004335,0.009103,0.000867
楼台,紫微,0.438227,3.089743,2,14,15,0.006068,0.006502,0.000867
云间,青楼,0.438227,3.089743,2,15,14,0.006502,0.006068,0.000867
楼上,相识,0.438227,3.089743,2,15,14,0.006502,0.006068,0.000867
宛转,少年,0.438227,3.089743,2,15,14,0.006502,0.006068,0.000867
今年,宛转,0.438227,3.089743,2,14,15,0.006068,0.006502,0.000867
神仙,蛟龙,0.438227,3.089743,2,35,6,0.015171,0.002601,0.000867
人间,淹留,0.438227,3.089743,2,15,14,0.006502,0.006068,0.000867
山中,无穷,0.438227,3.089743,2,14,15,0.006068,0.006502,0.000867
无穷,无限,0.438227,3.089743,2,15,14,0.006502,0.006068,0.000867
无穷,淹留,0.438227,3.089743,2,15,14,0.006502,0.006068,0.000867
尘埃,无穷,0.438227,3.089743,2,14,15,0.006068,0.006502,0.000867
无穷,白日,0.437971,2.784361,4,15,38,0.006502,0.016472,0.001734
昔时,桃李,0.437928,2.91007,3,13,29,0.005635,0.01257,0.0013
桃李,西山,0.437928,2.91007,3,29,13,0.01257,0.005635,0.0013
关山,相思,0.437667,2.604968,6,31,33,0.013437,0.014304,0.002601
白发,蛾眉,0.437529,2.907421,3,18,21,0.007802,0.009103,0.0013
古来,蛾眉,0.437529,2.907421,3,18,21,0.007802,0.009103,0.0013
人情,江南,0.437387,3.386994,1,6,13,0.002601,0.005635,0.000433
忆昔,江南,0.437387,3.386994,1,6,13,0.002601,0.005635,0.000433
羽翼,金谷,0.437387,3.386994,1,6,13,0.002601,0.005635,0.000433
临水,他乡,0.437387,3.386994,1,3,26,0.0013,0.01127,0.000433
人生,相看,0.437387,3.386994,1,13,6,0.005635,0.002601,0.000433
山僧,故人,0.437387,3.386994,1,2,39,0.000867,0.016905,0.000433
江南,相亲,0.437387,3.386994,1,13,6,0.005635,0.002601,0.000433
云深,他乡,0.437387,3.386994,1,3,26,0.0013,0.01127,0.000433
云深,青山,0.437387,3.386994,1,3,26,0.0013,0.01127,0.000433
姓名,山水,0.437387,3.386994,1,3,26,0.0013,0.01127,0.000433
名利,花落,0.437387,3.386994,1,3,26,0.0013,0.01127,0.000433
故人,昨日,0.437387,3.386994,1,39,2,0.016905,0.000867,0.000433
天台,蓬莱,0.437387,3.386994,1,6,13,0.002601,0.005635,0.000433
微风,花落,0.437387,3.386994,1,3,26,0.0013,0.01127,0.000433
山水,微风,0.437387,3.386994,1,26,3,0.01127,0.0013,0.000433
萧索,黄鹤,0.437387,3.386994,1,6,13,0.002601,0.005635,0.000433
心事,苦辛,0.437387,3.386994,1,6,13,0.002601,0.005635,0.000433
梦中,苦辛,0.437387,3.386994,1,6,13,0.002601,0.005635,0.000433
昔时,焚香,0.437387,3.386994,1,13,6,0.005635,0.002601,0.000433
壮士,窈窕,0.437387,3.386994,1,3,26,0.0013,0.01127,0.000433
柳色,花间,0.437387,3.386994,1,13,6,0.005635,0.002601,0.000433
明月,题诗,0.437387,3.386994,1,78,1,0.03381,0.000433,0.000433
人生,朱门,0.437387,3.386994,1,13,6,0.005635,0.002601,0.000433
人生,垂杨,0.437387,3.386994,1,13,6,0.005635,0.002601,0.000433
人生,金陵,0.437387,3.386994,1,13,6,0.005635,0.002601,0.000433
同心,羽翼,0.437387,3.386994,1,13,6,0.005635,0.002601,0.000433
同心,朱门,0.437387,3.386994,1,13,6,0.005635,0.002601,0.000433
同心,金陵,0.437387,3.386994,1,13,6,0.005635,0.002601,0.000433
玉楼,窈窕,0.437387,3.386994,1,3,26,0.0013,0.01127,0.000433
才子,花落,0.437387,3.386994,1,3,26,0.0013,0.01127,0.000433
心期,花落,0.437387,3.386994,1,3,26,0.0013,0.01127,0.000433
猿声,花落,0.437387,3.386994,1,3,26,0.0013,0.01127,0.000433
他乡,才子,0.437387,3.386994,1,26,3,0.01127,0.0013,0.000433
才子,百年,0.437387,3.386994,1,3,26,0.0013,0.01127,0.000433
朱门,金谷,0.437387,3.386994,1,6,13,0.002601,0.005635,0.000433
朱门,知己,0.437387,3.386994,1,6,13,0.002601,0.005635,0.000433
朱门,江南,0.437387,3.386994,1,6,13,0.002601,0.005635,0.000433
他乡,心期,0.437387,3.386994,1,26,3,0.01127,0.0013,0.000433
心期,百年,0.437387,3.386994,1,3,26,0.0013,0.01127,0.000433
他乡,猿声,0.437387,3.386994,1,26,3,0.01127,0.0013,0.000433
猿声,百年,0.437387,3.386994,1,3,26,0.0013,0.01127,0.000433
参差,多情,0.437387,3.386994,1,39,2,0.016905,0.000867,0.000433
消息,百年,0.437387,3.386994,1,3,26,0.0013,0.01127,0.000433
参差,来往,0.437387,3.386994,1,39,2,0.016905,0.000867,0.000433
故人,青天,0.437387,3.386994,1,39,2,0.016905,0.000867,0.000433
心事,相送,0.437387,3.386994,1,6,13,0.002601,0.005635,0.000433
十载,同心,0.437387,3.386994,1,6,13,0.002601,0.005635,0.000433
人情,金谷,0.437387,3.386994,1,6,13,0.002601,0.005635,0.000433
玉楼,花落,0.437387,3.386994,1,3,26,0.0013,0.01127,0.000433
明月,梦魂,0.437387,3.386994,1,78,1,0.03381,0.000433,0.000433
参差,飞鸟,0.437387,3.386994,1,39,2,0.016905,0.000867,0.000433
昔时,还家,0.437387,3.386994,1,13,6,0.005635,0.002601,0.000433
北风,还家,0.437387,3.386994,1,13,6,0.005635,0.002601,0.000433
春水,百年,0.437387,3.386994,1,3,26,0.0013,0.01127,0.000433
相亲,西山,0.437387,3.386994,1,6,13,0.002601,0.005635,0.000433
西山,青苔,0.437387,3.386994,1,13,6,0.005635,0.002601,0.000433
扁舟,明月,0.437387,3.386994,1,1,78,0.000433,0.03381,0.000433
茫茫,西山,0.437387,3.386994,1,6,13,0.002601,0.005635,0.000433
是非,窈窕,0.437387,3.386994,1,3,26,0.0013,0.01127,0.000433
八月,山水,0.437387,3.386994,1,3,26,0.0013,0.01127,0.000433
八月,百年,0.437387,3.386994,1,3,26,0.0013,0.01127,0.000433
人生,霓裳,0.437387,3.386994,1,13,6,0.005635,0.002601,0.000433
夜来,山水,0.437387,3.386994,1,3,26,0.0013,0.01127,0.000433
焚香,蓬莱,0.437387,3.386994,1,6,13,0.002601,0.005635,0.000433
北风,黄花,0.437387,3.386994,1,13,6,0.005635,0.002601,0.000433
月夜,梦中,0.437387,3.386994,1,13,6,0.005635,0.002601,0.000433
相送,苍生,0.437387,3.386994,1,13,6,0.005635,0.002601,0.000433
十载,知己,0.437387,3.386994,1,6,13,0.002601,0.005635,0.000433
月夜,相看,0.437387,3.386994,1,13,6,0.005635,0.002601,0.000433
多情,故人,0.437387,3.386994,1,2,39,0.000867,0.016905,0.000433
相送,金陵,0.437387,3.386994,1,13,6,0.005635,0.002601,0.000433
悠悠,淹留,0.436871,2.777368,4,41,14,0.017772,0.006068,0.001734
昔日,风吹,0.436735,2.902144,3,10,38,0.004335,0.016472,0.0013
白日,自言,0.436735,2.902144,3,38,10,0.016472,0.004335,0.0013
将军,白头,0.436324,2.77389,4,36,16,0.015605,0.006935,0.001734
桃李,鸳鸯,0.435235,2.76697,4,29,20,0.01257,0.008669,0.001734
日暮,红尘,0.435159,2.891673,3,32,12,0.013871,0.005202,0.0013
长安,鸳鸯,0.43502,2.668529,5,40,20,0.017339,0.008669,0.002167
千里,苦辛,0.434898,2.588487,6,80,13,0.034677,0.005635,0.002601
神仙,阳城,0.434768,2.889072,3,35,11,0.015171,0.004768,0.0013
芙蓉,菊花,0.434231,3.061572,2,18,12,0.007802,0.005202,0.000867
凤凰,月色,0.434231,3.061572,2,54,4,0.023407,0.001734,0.000867
人归,将军,0.434231,3.061572,2,6,36,0.002601,0.015605,0.000867
翡翠,芙蓉,0.434231,3.061572,2,12,18,0.005202,0.007802,0.000867
芙蓉,莲花,0.434231,3.061572,2,18,12,0.007802,0.005202,0.000867
佳人,莲花,0.434231,3.061572,2,18,12,0.007802,0.005202,0.000867
春风,蛟龙,0.434231,3.061572,2,36,6,0.015605,0.002601,0.000867
月照,迢递,0.434231,3.061572,2,18,12,0.007802,0.005202,0.000867
月照,朝朝,0.434231,3.061572,2,18,12,0.007802,0.005202,0.000867
月光,芙蓉,0.434231,3.061572,2,12,18,0.005202,0.007802,0.000867
佳人,翡翠,0.434231,3.061572,2,18,12,0.007802,0.005202,0.000867
万物,日月,0.434231,3.061572,2,8,27,0.003468,0.011704,0.000867
今夜,故乡,0.434231,3.061572,2,12,18,0.005202,0.007802,0.000867
古来,行乐,0.434231,3.061572,2,18,12,0.007802,0.005202,0.000867
故乡,游子,0.434231,3.061572,2,18,12,0.007802,0.005202,0.000867
乾坤,凤凰,0.434231,3.061572,2,4,54,0.001734,0.023407,0.000867
古来,长沙,0.434231,3.061572,2,18,12,0.007802,0.005202,0.000867
相亲,裴回,0.434231,3.061572,2,6,36,0.002601,0.015605,0.000867
佳人,游子,0.434231,3.061572,2,18,12,0.007802,0.005202,0.000867
古来,圣人,0.434231,3.061572,2,18,12,0.007802,0.005202,0.000867
九重,可惜,0.434117,3.361677,1,20,4,0.008669,0.001734,0.000433
千万,沧海,0.434117,3.361677,1,8,10,0.003468,0.004335,0.000433
千万,湘水,0.434117,3.361677,1,8,10,0.003468,0.004335,0.000433
无力,逶迤,0.434117,3.361677,1,5,16,0.002167,0.006935,0.000433
使君,逶迤,0.434117,3.361677,1,5,16,0.002167,0.006935,0.000433
从军,岐路,0.434117,3.361677,1,4,20,0.001734,0.008669,0.000433
思归,知音,0.434117,3.361677,1,8,10,0.003468,0.004335,0.000433
巫峡,阳春,0.434117,3.361677,1,4,20,0.001734,0.008669,0.000433
岐路,水声,0.434117,3.361677,1,20,4,0.008669,0.001734,0.000433
殷勤,门前,0.434117,3.361677,1,10,8,0.004335,0.003468,0.000433
故园,门前,0.434117,3.361677,1,10,8,0.004335,0.003468,0.000433
家贫,长安,0.434117,3.361677,1,2,40,0.000867,0.017339,0.000433
中原,未央,0.434117,3.361677,1,4,20,0.001734,0.008669,0.000433
未央,玉堂,0.434117,3.361677,1,20,4,0.008669,0.001734,0.000433
中原,岐路,0.434117,3.361677,1,4,20,0.001734,0.008669,0.000433
中原,鸳鸯,0.434117,3.361677,1,4,20,0.001734,0.008669,0.000433
岐路,玉堂,0.434117,3.361677,1,20,4,0.008669,0.001734,0.000433
巫峡,鸳鸯,0.434117,3.361677,1,4,20,0.001734,0.008669,0.000433
封侯,朝廷,0.434117,3.361677,1,10,8,0.004335,0.003468,0.000433
对酒,相望,0.434117,3.361677,1,5,16,0.002167,0.006935,0.000433
梧桐,路长,0.434117,3.361677,1,5,16,0.002167,0.006935,0.000433
水流,路长,0.434117,3.361677,1,5,16,0.002167,0.006935,0.000433
楼前,相望,0.434117,3.361677,1,5,16,0.002167,0.006935,0.000433
自言,门前,0.434117,3.361677,1,10,8,0.004335,0.003468,0.000433
白马,门前,0.434117,3.361677,1,10,8,0.004335,0.003468,0.000433
自言,陌上,0.434117,3.361677,1,10,8,0.004335,0.003468,0.000433
相知,自言,0.434117,3.361677,1,8,10,0.003468,0.004335,0.000433
双阙,自言,0.434117,3.361677,1,8,10,0.003468,0.004335,0.000433
花发,须臾,0.434117,3.361677,1,10,8,0.004335,0.003468,0.000433
白马,须臾,0.434117,3.361677,1,10,8,0.004335,0.003468,0.000433
花发,陌上,0.434117,3.361677,1,10,8,0.004335,0.003468,0.000433
相知,花发,0.434117,3.361677,1,8,10,0.003468,0.004335,0.000433
双阙,花发,0.434117,3.361677,1,8,10,0.003468,0.004335,0.000433
白马,陌上,0.434117,3.361677,1,10,8,0.004335,0.003468,0.000433
白马,相知,0.434117,3.361677,1,10,8,0.004335,0.003468,0.000433
双阙,白马,0.434117,3.361677,1,8,10,0.003468,0.004335,0.000433
杜陵,鸳鸯,0.434117,3.361677,1,4,20,0.001734,0.008669,0.000433
东流,自古,0.434117,3.361677,1,16,5,0.006935,0.002167,0.000433
万物,清明,0.434117,3.361677,1,8,10,0.003468,0.004335,0.000433
笙歌,零落,0.434117,3.361677,1,8,10,0.003468,0.004335,0.000433
林下,瑶池,0.434117,3.361677,1,5,16,0.002167,0.006935,0.000433
故园,黄河,0.434117,3.361677,1,10,8,0.004335,0.003468,0.000433
故园,颜色,0.434117,3.361677,1,10,8,0.004335,0.003468,0.000433
思归,故园,0.434117,3.361677,1,8,10,0.003468,0.004335,0.000433
南宫,故园,0.434117,3.361677,1,8,10,0.003468,0.004335,0.000433
主人,故园,0.434117,3.361677,1,8,10,0.003468,0.004335,0.000433
寒食,故园,0.434117,3.361677,1,8,10,0.003468,0.004335,0.000433
云飞,笙歌,0.434117,3.361677,1,10,8,0.004335,0.003468,0.000433
百花,颜色,0.434117,3.361677,1,10,8,0.004335,0.003468,0.000433
单于,百花,0.434117,3.361677,1,8,10,0.003468,0.004335,0.000433
相忆,阳春,0.434117,3.361677,1,4,20,0.001734,0.008669,0.000433
岐路,相忆,0.434117,3.361677,1,20,4,0.008669,0.001734,0.000433
落叶,蹉跎,0.434117,3.361677,1,10,8,0.004335,0.003468,0.000433
人稀,千里,0.434117,3.361677,1,1,80,0.000433,0.034677,0.000433
古今,相望,0.434117,3.361677,1,5,16,0.002167,0.006935,0.000433
东西,御沟,0.434117,3.361677,1,5,16,0.002167,0.006935,0.000433
日夕,白马,0.434117,3.361677,1,8,10,0.003468,0.004335,0.000433
岁寒,百尺,0.434117,3.361677,1,10,8,0.004335,0.003468,0.000433
古今,瑶池,0.434117,3.361677,1,5,16,0.002167,0.006935,0.000433
千里,青冥,0.434117,3.361677,1,80,1,0.034677,0.000433,0.000433
山头,海上,0.434117,3.361677,1,4,20,0.001734,0.008669,0.000433
城中,路傍,0.434117,3.361677,1,8,10,0.003468,0.004335,0.000433
城中,故园,0.434117,3.361677,1,8,10,0.003468,0.004335,0.000433
朝廷,江海,0.434117,3.361677,1,8,10,0.003468,0.004335,0.000433
关河,朝廷,0.434117,3.361677,1,10,8,0.004335,0.003468,0.000433
山下,经年,0.434117,3.361677,1,16,5,0.006935,0.002167,0.000433
文章,颜色,0.434117,3.361677,1,10,8,0.004335,0.003468,0.000433
单于,憔悴,0.434117,3.361677,1,8,10,0.003468,0.004335,0.000433
断肠,百花,0.434117,3.361677,1,8,10,0.003468,0.004335,0.000433
万户,春来,0.434117,3.361677,1,5,16,0.002167,0.006935,0.000433
使君,春来,0.434117,3.361677,1,5,16,0.002167,0.006935,0.000433
万户,白头,0.434117,3.361677,1,5,16,0.002167,0.006935,0.000433
使君,白头,0.434117,3.361677,1,5,16,0.002167,0.006935,0.000433
南宫,自言,0.434117,3.361677,1,8,10,0.003468,0.004335,0.000433
南宫,经过,0.434117,3.361677,1,8,10,0.003468,0.004335,0.000433
经过,须臾,0.434117,3.361677,1,10,8,0.004335,0.003468,0.000433
叶落,春来,0.434117,3.361677,1,5,16,0.002167,0.006935,0.000433
当时,知音,0.434117,3.361677,1,8,10,0.003468,0.004335,0.000433
当时,故园,0.434117,3.361677,1,8,10,0.003468,0.004335,0.000433
当时,花发,0.434117,3.361677,1,8,10,0.003468,0.004335,0.000433
当时,白马,0.434117,3.361677,1,8,10,0.003468,0.004335,0.000433
当时,风月,0.434117,3.361677,1,8,10,0.003468,0.004335,0.000433
当时,憔悴,0.434117,3.361677,1,8,10,0.003468,0.004335,0.000433
去年,春来,0.434117,3.361677,1,5,16,0.002167,0.006935,0.000433
春来,残月,0.434117,3.361677,1,16,5,0.006935,0.002167,0.000433
多情,长安,0.434117,3.361677,1,2,40,0.000867,0.017339,0.000433
去年,御沟,0.434117,3.361677,1,5,16,0.002167,0.006935,0.000433
来往,长安,0.434117,3.361677,1,2,40,0.000867,0.017339,0.000433
自言,莺啼,0.434117,3.361677,1,10,8,0.004335,0.003468,0.000433
君心,自言,0.434117,3.361677,1,8,10,0.003468,0.004335,0.000433
御沟,残月,0.434117,3.361677,1,16,5,0.006935,0.002167,0.000433
今来,路难,0.434117,3.361677,1,10,8,0.004335,0.003468,0.000433
松风,路难,0.434117,3.361677,1,10,8,0.004335,0.003468,0.000433
白马,路难,0.434117,3.361677,1,10,8,0.004335,0.003468,0.000433
封侯,山路,0.434117,3.361677,1,10,8,0.004335,0.003468,0.000433
今来,君心,0.434117,3.361677,1,10,8,0.004335,0.003468,0.000433
今来,千万,0.434117,3.361677,1,10,8,0.004335,0.003468,0.000433
君心,岁寒,0.434117,3.361677,1,8,10,0.003468,0.004335,0.000433
千万,岁寒,0.434117,3.361677,1,8,10,0.003468,0.004335,0.000433
憔悴,河汉,0.434117,3.361677,1,10,8,0.004335,0.003468,0.000433
河汉,零落,0.434117,3.361677,1,8,10,0.003468,0.004335,0.000433
东海,阳春,0.434117,3.361677,1,4,20,0.001734,0.008669,0.000433
东流,寒山,0.434117,3.361677,1,16,5,0.006935,0.002167,0.000433
知音,颜色,0.434117,3.361677,1,10,8,0.004335,0.003468,0.000433
寒山,相望,0.434117,3.361677,1,5,16,0.002167,0.006935,0.000433
今来,笙歌,0.434117,3.361677,1,10,8,0.004335,0.003468,0.000433
思君,衣裳,0.434117,3.361677,1,16,5,0.006935,0.002167,0.000433
明年,衣裳,0.434117,3.361677,1,16,5,0.006935,0.002167,0.000433
封侯,颜色,0.434117,3.361677,1,10,8,0.004335,0.003468,0.000433
昔日,颜色,0.434117,3.361677,1,10,8,0.004335,0.003468,0.000433
自言,颜色,0.434117,3.361677,1,10,8,0.004335,0.003468,0.000433
湘水,颜色,0.434117,3.361677,1,10,8,0.004335,0.003468,0.000433
得意,逶迤,0.434117,3.361677,1,5,16,0.002167,0.006935,0.000433
得意,瑶池,0.434117,3.361677,1,5,16,0.002167,0.006935,0.000433
自古,逶迤,0.434117,3.361677,1,5,16,0.002167,0.006935,0.000433
衣裳,逶迤,0.434117,3.361677,1,5,16,0.002167,0.006935,0.000433
万物,封侯,0.434117,3.361677,1,8,10,0.003468,0.004335,0.000433
单于,封侯,0.434117,3.361677,1,8,10,0.003468,0.004335,0.000433
封侯,须臾,0.434117,3.361677,1,10,8,0.004335,0.003468,0.000433
封侯,昆仑,0.434117,3.361677,1,10,8,0.004335,0.003468,0.000433
封侯,蹉跎,0.434117,3.361677,1,10,8,0.004335,0.003468,0.000433
海上,清净,0.434117,3.361677,1,20,4,0.008669,0.001734,0.000433
清净,青春,0.434117,3.361677,1,4,20,0.001734,0.008669,0.000433
万物,昔日,0.434117,3.361677,1,8,10,0.003468,0.004335,0.000433
万物,萧条,0.434117,3.361677,1,8,10,0.003468,0.004335,0.000433
万物,自言,0.434117,3.361677,1,8,10,0.003468,0.004335,0.000433
万物,湘水,0.434117,3.361677,1,8,10,0.003468,0.004335,0.000433
单于,昔日,0.434117,3.361677,1,8,10,0.003468,0.004335,0.000433
昆仑,昔日,0.434117,3.361677,1,8,10,0.003468,0.004335,0.000433
昔日,蹉跎,0.434117,3.361677,1,10,8,0.004335,0.003468,0.000433
单于,自言,0.434117,3.361677,1,8,10,0.003468,0.004335,0.000433
单于,湘水,0.434117,3.361677,1,8,10,0.003468,0.004335,0.000433
海上,诸侯,0.434117,3.361677,1,20,4,0.008669,0.001734,0.000433
诸侯,青春,0.434117,3.361677,1,4,20,0.001734,0.008669,0.000433
瑶池,自古,0.434117,3.361677,1,16,5,0.006935,0.002167,0.000433
瑶池,衣裳,0.434117,3.361677,1,16,5,0.006935,0.002167,0.000433
萧条,须臾,0.434117,3.361677,1,10,8,0.004335,0.003468,0.000433
昆仑,萧条,0.434117,3.361677,1,8,10,0.003468,0.004335,0.000433
萧条,蹉跎,0.434117,3.361677,1,10,8,0.004335,0.003468,0.000433
千里,扁舟,0.434117,3.361677,1,80,1,0.034677,0.000433,0.000433
昆仑,自言,0.434117,3.361677,1,8,10,0.003468,0.004335,0.000433
自言,蹉跎,0.434117,3.361677,1,10,8,0.004335,0.003468,0.000433
湘水,须臾,0.434117,3.361677,1,10,8,0.004335,0.003468,0.000433
昆仑,湘水,0.434117,3.361677,1,8,10,0.003468,0.004335,0.000433
湘水,蹉跎,0.434117,3.361677,1,10,8,0.004335,0.003468,0.000433
海上,玉堂,0.434117,3.361677,1,20,4,0.008669,0.001734,0.000433
玉堂,青春,0.434117,3.361677,1,4,20,0.001734,0.008669,0.000433
梧桐,逶迤,0.434117,3.361677,1,5,16,0.002167,0.006935,0.000433
单于,白马,0.434117,3.361677,1,8,10,0.003468,0.004335,0.000433
青春,高树,0.434117,3.361677,1,20,4,0.008669,0.001734,0.000433
乔木,文章,0.434117,3.361677,1,8,10,0.003468,0.004335,0.000433
主人,自言,0.434117,3.361677,1,8,10,0.003468,0.004335,0.000433
朝廷,清明,0.434117,3.361677,1,8,10,0.003468,0.004335,0.000433
两相,鸳鸯,0.434117,3.361677,1,4,20,0.001734,0.008669,0.000433
故山,瑶池,0.434117,3.361677,1,5,16,0.002167,0.006935,0.000433
梧桐,瑶池,0.434117,3.361677,1,5,16,0.002167,0.006935,0.000433
故山,明年,0.434117,3.361677,1,5,16,0.002167,0.006935,0.000433
明年,梧桐,0.434117,3.361677,1,16,5,0.006935,0.002167,0.000433
江海,蹉跎,0.434117,3.361677,1,10,8,0.004335,0.003468,0.000433
朝廷,路傍,0.434117,3.361677,1,8,10,0.003468,0.004335,0.000433
世上,春来,0.434117,3.361677,1,5,16,0.002167,0.006935,0.000433
春来,风动,0.434117,3.361677,1,16,5,0.006935,0.002167,0.000433
城中,白马,0.434117,3.361677,1,8,10,0.003468,0.004335,0.000433
回首,秋水,0.434117,3.361677,1,16,5,0.006935,0.002167,0.000433
生涯,蹉跎,0.434117,3.361677,1,10,8,0.004335,0.003468,0.000433
生涯,相知,0.434117,3.361677,1,10,8,0.004335,0.003468,0.000433
山下,归心,0.434117,3.361677,1,16,5,0.006935,0.002167,0.000433
文章,昆仑,0.434117,3.361677,1,10,8,0.004335,0.003468,0.000433
路傍,门前,0.434117,3.361677,1,10,8,0.004335,0.003468,0.000433
对酒,白头,0.434117,3.361677,1,5,16,0.002167,0.006935,0.000433
春色,有情,0.433576,3.056953,2,31,7,0.013437,0.003034,0.000867
关山,雨雪,0.433576,3.056953,2,31,7,0.013437,0.003034,0.000867
歌舞,行乐,0.433081,2.753271,4,49,12,0.02124,0.005202,0.001734
摇落,秋风,0.433081,2.753271,4,12,49,0.005202,0.02124,0.001734
云间,凤凰,0.432995,2.656107,5,15,54,0.006502,0.023407,0.002167
光辉,西山,0.432826,2.876169,3,30,13,0.013004,0.005635,0.0013
明月,潇湘,0.432826,2.876169,3,78,5,0.03381,0.002167,0.0013
他乡,无穷,0.432826,2.876169,3,26,15,0.01127,0.006502,0.0013
先生,日月,0.432513,3.349254,1,3,27,0.0013,0.011704,0.000433
姓名,日月,0.432513,3.349254,1,3,27,0.0013,0.011704,0.000433
弟子,日月,0.432513,3.349254,1,3,27,0.0013,0.011704,0.000433
公卿,干戈,0.432513,3.349254,1,9,9,0.003901,0.003901,0.000433
双飞,大道,0.432513,3.349254,1,9,9,0.003901,0.003901,0.000433
双飞,寂寥,0.432513,3.349254,1,9,9,0.003901,0.003901,0.000433
大道,寂寥,0.432513,3.349254,1,9,9,0.003901,0.003901,0.000433
公卿,车马,0.432513,3.349254,1,9,9,0.003901,0.003901,0.000433
生死,车马,0.432513,3.349254,1,9,9,0.003901,0.003901,0.000433
公卿,生死,0.432513,3.349254,1,9,9,0.003901,0.003901,0.000433
风雨,鱼龙,0.432513,3.349254,1,9,9,0.003901,0.003901,0.000433
公卿,鱼龙,0.432513,3.349254,1,9,9,0.003901,0.003901,0.000433
明日,鱼龙,0.432513,3.349254,1,9,9,0.003901,0.003901,0.000433
公卿,风雨,0.432513,3.349254,1,9,9,0.003901,0.003901,0.000433
明日,风雨,0.432513,3.349254,1,9,9,0.003901,0.003901,0.000433
公卿,明日,0.432513,3.349254,1,9,9,0.003901,0.003901,0.000433
登临,肠断,0.432513,3.349254,1,9,9,0.003901,0.003901,0.000433
绿水,逍遥,0.432513,3.349254,1,9,9,0.003901,0.003901,0.000433
竹林,花满,0.432513,3.349254,1,9,9,0.003901,0.003901,0.000433
干戈,绿水,0.432513,3.349254,1,9,9,0.003901,0.003901,0.000433
明日,竹林,0.432513,3.349254,1,9,9,0.003901,0.003901,0.000433
草木,风雨,0.432513,3.349254,1,9,9,0.003901,0.003901,0.000433
人心,竹林,0.432513,3.349254,1,9,9,0.003901,0.003901,0.000433
清晨,登临,0.432513,3.349254,1,9,9,0.003901,0.003901,0.000433
公卿,圣主,0.432513,3.349254,1,9,9,0.003901,0.003901,0.000433
依然,登临,0.432513,3.349254,1,9,9,0.003901,0.003901,0.000433
分明,登临,0.432513,3.349254,1,9,9,0.003901,0.003901,0.000433
依然,分明,0.432513,3.349254,1,9,9,0.003901,0.003901,0.000433
衣冠,飘飖,0.432513,3.349254,1,9,9,0.003901,0.003901,0.000433
衣冠,高秋,0.432513,3.349254,1,9,9,0.003901,0.003901,0.000433
竹林,衣冠,0.432513,3.349254,1,9,9,0.003901,0.003901,0.000433
佳期,衣冠,0.432513,3.349254,1,9,9,0.003901,0.003901,0.000433
昨夜,衣冠,0.432513,3.349254,1,9,9,0.003901,0.003901,0.000433
飘飖,高秋,0.432513,3.349254,1,9,9,0.003901,0.003901,0.000433
竹林,飘飖,0.432513,3.349254,1,9,9,0.003901,0.003901,0.000433
佳期,飘飖,0.432513,3.349254,1,9,9,0.003901,0.003901,0.000433
昨夜,飘飖,0.432513,3.349254,1,9,9,0.003901,0.003901,0.000433
竹林,高秋,0.432513,3.349254,1,9,9,0.003901,0.003901,0.000433
佳期,高秋,0.432513,3.349254,1,9,9,0.003901,0.003901,0.000433
昨夜,高秋,0.432513,3.349254,1,9,9,0.003901,0.003901,0.000433
佳期,竹林,0.432513,3.349254,1,9,9,0.003901,0.003901,0.000433
昨夜,竹林,0.432513,3.349254,1,9,9,0.003901,0.003901,0.000433
佳期,昨夜,0.432513,3.349254,1,9,9,0.003901,0.003901,0.000433
富贵,肠断,0.432513,3.349254,1,9,9,0.003901,0.003901,0.000433
分明,肠断,0.432513,3.349254,1,9,9,0.003901,0.003901,0.000433
分明,富贵,0.432513,3.349254,1,9,9,0.003901,0.003901,0.000433
玉楼,风起,0.432513,3.349254,1,3,27,0.0013,0.011704,0.000433
烟雨,风起,0.432513,3.349254,1,3,27,0.0013,0.011704,0.000433
他人,日月,0.432513,3.349254,1,3,27,0.0013,0.011704,0.000433
所思,日月,0.432513,3.349254,1,3,27,0.0013,0.011704,0.000433
日月,是非,0.432513,3.349254,1,27,3,0.011704,0.0013,0.000433
凉风,高秋,0.432513,3.349254,1,9,9,0.003901,0.003901,0.000433
今已,竹林,0.432513,3.349254,1,9,9,0.003901,0.003901,0.000433
草木,闲居,0.432513,3.349254,1,9,9,0.003901,0.003901,0.000433
佳期,分明,0.432513,3.349254,1,9,9,0.003901,0.003901,0.000433
大道,富贵,0.432513,3.349254,1,9,9,0.003901,0.003901,0.000433
日月,星辰,0.432513,3.349254,1,27,3,0.011704,0.0013,0.000433
大道,逍遥,0.432513,3.349254,1,9,9,0.003901,0.003901,0.000433
日月,池塘,0.432513,3.349254,1,27,3,0.011704,0.0013,0.000433
分明,昨夜,0.432513,3.349254,1,9,9,0.003901,0.003901,0.000433
日月,鹧鸪,0.432513,3.349254,1,27,3,0.011704,0.0013,0.000433
心期,风起,0.432513,3.349254,1,3,27,0.0013,0.011704,0.000433
十年,意气,0.432441,2.873608,3,23,17,0.00997,0.007369,0.0013
单于,秋风,0.432056,2.871054,3,8,49,0.003468,0.02124,0.0013
昔年,歌舞,0.432056,2.871054,3,8,49,0.003468,0.02124,0.0013
歌舞,颜色,0.432056,2.871054,3,49,8,0.02124,0.003468,0.0013
东流,杨柳,0.432014,2.746491,4,16,37,0.006935,0.016038,0.001734
未央,高台,0.431629,3.043223,2,20,11,0.008669,0.004768,0.000867
高台,鸳鸯,0.431629,3.043223,2,11,20,0.004768,0.008669,0.000867
中原,天子,0.431629,3.043223,2,4,55,0.001734,0.02384,0.000867
九重,高台,0.431629,3.043223,2,20,11,0.008669,0.004768,0.000867
九重,黄叶,0.431629,3.043223,2,20,11,0.008669,0.004768,0.000867
君恩,未央,0.431629,3.043223,2,11,20,0.004768,0.008669,0.000867
汉家,零落,0.431629,3.043223,2,22,10,0.009536,0.004335,0.000867
江水,闻道,0.431629,3.043223,2,10,22,0.004335,0.009536,0.000867
从军,天子,0.431629,3.043223,2,4,55,0.001734,0.02384,0.000867
未央,龙门,0.431629,3.043223,2,20,11,0.008669,0.004768,0.000867
未央,道路,0.431629,3.043223,2,20,11,0.008669,0.004768,0.000867
鸳鸯,龙门,0.431629,3.043223,2,20,11,0.008669,0.004768,0.000867
道路,鸳鸯,0.431629,3.043223,2,11,20,0.004768,0.008669,0.000867
白玉,鸳鸯,0.431629,3.043223,2,11,20,0.004768,0.008669,0.000867
天子,诸侯,0.431629,3.043223,2,55,4,0.02384,0.001734,0.000867
桃源,海上,0.431629,3.043223,2,11,20,0.004768,0.008669,0.000867
自言,黄金,0.431629,3.043223,2,10,22,0.004335,0.009536,0.000867
浮云,自言,0.431629,3.043223,2,22,10,0.009536,0.004335,0.000867
浮云,经过,0.431629,3.043223,2,22,10,0.009536,0.004335,0.000867
封侯,巫山,0.431629,3.043223,2,10,22,0.004335,0.009536,0.000867
封侯,黄金,0.431629,3.043223,2,10,22,0.004335,0.009536,0.000867
巫山,湘水,0.431629,3.043223,2,22,10,0.009536,0.004335,0.000867
凤凰,道路,0.431484,2.743118,4,54,11,0.023407,0.004768,0.001734
江南,相逢,0.430986,3.038688,2,13,17,0.005635,0.007369,0.000867
别离,江南,0.430986,3.038688,2,17,13,0.007369,0.005635,0.000867
归来,知己,0.430986,3.038688,2,17,13,0.007369,0.005635,0.000867
意气,昔时,0.430986,3.038688,2,17,13,0.007369,0.005635,0.000867
意气,金谷,0.430986,3.038688,2,17,13,0.007369,0.005635,0.000867
悠悠,长江,0.430929,3.336984,1,41,2,0.017772,0.000867,0.000433
出入,悠悠,0.430929,3.336984,1,2,41,0.000867,0.017772,0.000433
世人,悠悠,0.430929,3.336984,1,2,41,0.000867,0.017772,0.000433
悠悠,感激,0.430929,3.336984,1,41,2,0.017772,0.000867,0.000433
悠悠,楚水,0.430929,3.336984,1,41,2,0.017772,0.000867,0.000433
春风,白玉,0.430529,2.860901,3,36,11,0.015605,0.004768,0.0013
年年,行乐,0.430529,2.860901,3,33,12,0.014304,0.005202,0.0013
将军,松柏,0.430529,2.860901,3,36,11,0.015605,0.004768,0.0013
将军,阳城,0.430529,2.860901,3,36,11,0.015605,0.004768,0.0013
浮云,登高,0.430529,2.860901,3,22,18,0.009536,0.007802,0.0013
天涯,将军,0.430529,2.860901,3,11,36,0.004768,0.015605,0.0013
相思,迢递,0.430529,2.860901,3,33,12,0.014304,0.005202,0.0013
年年,迢递,0.430529,2.860901,3,33,12,0.014304,0.005202,0.0013
年年,朝朝,0.430529,2.860901,3,33,12,0.014304,0.005202,0.0013
别后,相思,0.430529,2.860901,3,12,33,0.005202,0.014304,0.0013
南山,圣人,0.430529,2.860901,3,33,12,0.014304,0.005202,0.0013
南山,月满,0.430529,2.860901,3,33,12,0.014304,0.005202,0.0013
杨柳,相亲,0.430345,3.034173,2,37,6,0.016038,0.002601,0.000867
将军,明主,0.429412,2.634128,5,36,23,0.015605,0.00997,0.002167
纵横,风光,0.429393,2.853354,3,19,21,0.008236,0.009103,0.0013
淹留,瑶池,0.429073,3.025204,2,14,16,0.006068,0.006935,0.000867
回首,青楼,0.429073,3.025204,2,16,14,0.006935,0.006068,0.000867
逶迤,青楼,0.429073,3.025204,2,16,14,0.006935,0.006068,0.000867
回首,相识,0.429073,3.025204,2,16,14,0.006935,0.006068,0.000867
天上,走马,0.429073,3.025204,2,28,8,0.012137,0.003468,0.000867
千金,庭前,0.429073,3.025204,2,32,7,0.013871,0.003034,0.000867
万古,万年,0.429073,3.025204,2,8,28,0.003468,0.012137,0.000867
万古,流水,0.429073,3.025204,2,8,28,0.003468,0.012137,0.000867
万年,百尺,0.429073,3.025204,2,28,8,0.012137,0.003468,0.000867
万年,须臾,0.429073,3.025204,2,28,8,0.012137,0.003468,0.000867
流水,百尺,0.429073,3.025204,2,28,8,0.012137,0.003468,0.000867
流水,须臾,0.429073,3.025204,2,28,8,0.012137,0.003468,0.000867
路长,风霜,0.429073,3.025204,2,16,14,0.006935,0.006068,0.000867
白头,相识,0.429073,3.025204,2,16,14,0.006935,0.006068,0.000867
明年,相识,0.429073,3.025204,2,16,14,0.006935,0.006068,0.000867
天下,颜色,0.429073,3.025204,2,28,8,0.012137,0.003468,0.000867
春来,青楼,0.429073,3.025204,2,16,14,0.006935,0.006068,0.000867
宁知,须臾,0.429073,3.025204,2,28,8,0.012137,0.003468,0.000867
无限,春来,0.429073,3.025204,2,14,16,0.006068,0.006935,0.000867
春来,淹留,0.429073,3.025204,2,16,14,0.006935,0.006068,0.000867
天下,蹉跎,0.429073,3.025204,2,28,8,0.012137,0.003468,0.000867
白头,花开,0.429016,2.850851,3,16,25,0.006935,0.010837,0.0013
白头,芳树,0.429016,2.850851,3,16,25,0.006935,0.010837,0.0013
叹息,白头,0.429016,2.850851,3,25,16,0.010837,0.006935,0.0013
明年,花开,0.429016,2.850851,3,16,25,0.006935,0.010837,0.0013
明年,芳树,0.429016,2.850851,3,16,25,0.006935,0.010837,0.0013
叹息,明年,0.429016,2.850851,3,25,16,0.010837,0.006935,0.0013
千里,自古,0.429016,2.850851,3,80,5,0.034677,0.002167,0.0013
云间,游人,0.428441,3.02075,2,15,15,0.006502,0.006502,0.000867
公卿,千载,0.428441,3.02075,2,9,25,0.003901,0.010837,0.000867
千载,大道,0.428441,3.02075,2,25,9,0.010837,0.003901,0.000867
离别,管弦,0.428441,3.02075,2,15,15,0.006502,0.006502,0.000867
叹息,富贵,0.428441,3.02075,2,25,9,0.010837,0.003901,0.000867
无穷,白首,0.428441,3.02075,2,15,15,0.006502,0.006502,0.000867
平生,得意,0.428441,3.02075,2,45,5,0.019506,0.002167,0.000867
淹留,白雪,0.427817,3.312886,1,14,6,0.006068,0.002601,0.000433
翡翠,风波,0.427817,3.312886,1,12,7,0.005202,0.003034,0.000433
烟波,翡翠,0.427817,3.312886,1,7,12,0.003034,0.005202,0.000433
婵娟,翡翠,0.427817,3.312886,1,7,12,0.003034,0.005202,0.000433
暮雨,红粉,0.427817,3.312886,1,7,12,0.003034,0.005202,0.000433
少年,霓裳,0.427817,3.312886,1,14,6,0.006068,0.002601,0.000433
别后,暮雨,0.427817,3.312886,1,12,7,0.005202,0.003034,0.000433
巫峡,归路,0.427817,3.312886,1,4,21,0.001734,0.009103,0.000433
宁知,秋来,0.427817,3.312886,1,28,3,0.012137,0.0013,0.000433
少年,相看,0.427817,3.312886,1,14,6,0.006068,0.002601,0.000433
尘埃,黄花,0.427817,3.312886,1,14,6,0.006068,0.002601,0.000433
无情,青楼,0.427817,3.312886,1,6,14,0.002601,0.006068,0.000433
先生,天下,0.427817,3.312886,1,3,28,0.0013,0.012137,0.000433
天下,姓名,0.427817,3.312886,1,28,3,0.012137,0.0013,0.000433
天下,弟子,0.427817,3.312886,1,28,3,0.012137,0.0013,0.000433
潺湲,辛苦,0.427817,3.312886,1,7,12,0.003034,0.005202,0.000433
惆怅,辛苦,0.427817,3.312886,1,7,12,0.003034,0.005202,0.000433
东南,日夜,0.427817,3.312886,1,12,7,0.005202,0.003034,0.000433
日夜,物外,0.427817,3.312886,1,7,12,0.003034,0.005202,0.000433
玉堂,风光,0.427817,3.312886,1,4,21,0.001734,0.009103,0.000433
杜陵,风光,0.427817,3.312886,1,4,21,0.001734,0.009103,0.000433
无情,淹留,0.427817,3.312886,1,6,14,0.002601,0.006068,0.000433
沧浪,流水,0.427817,3.312886,1,3,28,0.0013,0.012137,0.000433
名利,宁知,0.427817,3.312886,1,3,28,0.0013,0.012137,0.000433
天下,江城,0.427817,3.312886,1,28,3,0.012137,0.0013,0.000433
楼台,白雪,0.427817,3.312886,1,14,6,0.006068,0.002601,0.000433
丹青,惆怅,0.427817,3.312886,1,12,7,0.005202,0.003034,0.000433
万年,微风,0.427817,3.312886,1,28,3,0.012137,0.0013,0.000433
北阙,茫茫,0.427817,3.312886,1,14,6,0.006068,0.002601,0.000433
汉宫,辛苦,0.427817,3.312886,1,7,12,0.003034,0.005202,0.000433
东南,风流,0.427817,3.312886,1,12,7,0.005202,0.003034,0.000433
晚来,流水,0.427817,3.312886,1,3,28,0.0013,0.012137,0.000433
今年,无情,0.427817,3.312886,1,14,6,0.006068,0.002601,0.000433
风光,鸟飞,0.427817,3.312886,1,21,4,0.009103,0.001734,0.000433
人归,花飞,0.427817,3.312886,1,6,14,0.002601,0.006068,0.000433
花间,花飞,0.427817,3.312886,1,6,14,0.002601,0.006068,0.000433
台上,花飞,0.427817,3.312886,1,6,14,0.002601,0.006068,0.000433
焚香,青楼,0.427817,3.312886,1,6,14,0.002601,0.006068,0.000433
山高,帝乡,0.427817,3.312886,1,4,21,0.001734,0.009103,0.000433
东南,婵娟,0.427817,3.312886,1,12,7,0.005202,0.003034,0.000433
南北,帝乡,0.427817,3.312886,1,4,21,0.001734,0.009103,0.000433
乾坤,帝乡,0.427817,3.312886,1,4,21,0.001734,0.009103,0.000433
帝乡,诸侯,0.427817,3.312886,1,21,4,0.009103,0.001734,0.000433
青楼,青苔,0.427817,3.312886,1,14,6,0.006068,0.002601,0.000433
白雪,相识,0.427817,3.312886,1,6,14,0.002601,0.006068,0.000433
羽翼,青楼,0.427817,3.312886,1,6,14,0.002601,0.006068,0.000433
朱门,青楼,0.427817,3.312886,1,6,14,0.002601,0.006068,0.000433
垂杨,青楼,0.427817,3.312886,1,6,14,0.002601,0.006068,0.000433
金陵,青楼,0.427817,3.312886,1,6,14,0.002601,0.006068,0.000433
北阙,羽翼,0.427817,3.312886,1,14,6,0.006068,0.002601,0.000433
北阙,朱门,0.427817,3.312886,1,14,6,0.006068,0.002601,0.000433
北阙,金陵,0.427817,3.312886,1,14,6,0.006068,0.002601,0.000433
山河,羽翼,0.427817,3.312886,1,14,6,0.006068,0.002601,0.000433
山河,朱门,0.427817,3.312886,1,14,6,0.006068,0.002601,0.000433
垂杨,山河,0.427817,3.312886,1,6,14,0.002601,0.006068,0.000433
山河,金陵,0.427817,3.312886,1,14,6,0.006068,0.002601,0.000433
宁知,玉楼,0.427817,3.312886,1,28,3,0.012137,0.0013,0.000433
少年,朱门,0.427817,3.312886,1,14,6,0.006068,0.002601,0.000433
寥落,风光,0.427817,3.312886,1,4,21,0.001734,0.009103,0.000433
寥落,蛾眉,0.427817,3.312886,1,4,21,0.001734,0.009103,0.000433
无限,朱门,0.427817,3.312886,1,14,6,0.006068,0.002601,0.000433
山中,朱门,0.427817,3.312886,1,14,6,0.006068,0.002601,0.000433
寥落,帝乡,0.427817,3.312886,1,4,21,0.001734,0.009103,0.000433
朱门,淹留,0.427817,3.312886,1,6,14,0.002601,0.006068,0.000433
寥落,岁月,0.427817,3.312886,1,4,21,0.001734,0.009103,0.000433
别后,帝城,0.427817,3.312886,1,12,7,0.005202,0.003034,0.000433
今夜,风流,0.427817,3.312886,1,12,7,0.005202,0.003034,0.000433
相亲,青楼,0.427817,3.312886,1,6,14,0.002601,0.006068,0.000433
相寻,青楼,0.427817,3.312886,1,6,14,0.002601,0.006068,0.000433
尘埃,相亲,0.427817,3.312886,1,14,6,0.006068,0.002601,0.000433
尘埃,相寻,0.427817,3.312886,1,14,6,0.006068,0.002601,0.000433
天上,消息,0.427817,3.312886,1,28,3,0.012137,0.0013,0.000433
迢递,风流,0.427817,3.312886,1,12,7,0.005202,0.003034,0.000433
无限,相亲,0.427817,3.312886,1,14,6,0.006068,0.002601,0.000433
淹留,相亲,0.427817,3.312886,1,14,6,0.006068,0.002601,0.000433
无限,相寻,0.427817,3.312886,1,14,6,0.006068,0.002601,0.000433
风流,鹦鹉,0.427817,3.312886,1,7,12,0.003034,0.005202,0.000433
淹留,相寻,0.427817,3.312886,1,14,6,0.006068,0.002601,0.000433
朝朝,风流,0.427817,3.312886,1,12,7,0.005202,0.003034,0.000433
十载,相识,0.427817,3.312886,1,6,14,0.002601,0.006068,0.000433
丈夫,潺湲,0.427817,3.312886,1,12,7,0.005202,0.003034,0.000433
归去,潺湲,0.427817,3.312886,1,12,7,0.005202,0.003034,0.000433
流水,烟雨,0.427817,3.312886,1,28,3,0.012137,0.0013,0.000433
摇落,潺湲,0.427817,3.312886,1,12,7,0.005202,0.003034,0.000433
岁月,鬼神,0.427817,3.312886,1,21,4,0.009103,0.001734,0.000433
有情,草绿,0.427817,3.312886,1,7,12,0.003034,0.005202,0.000433
东南,有情,0.427817,3.312886,1,12,7,0.005202,0.003034,0.000433
月下,有情,0.427817,3.312886,1,12,7,0.005202,0.003034,0.000433
有情,游子,0.427817,3.312886,1,7,12,0.003034,0.005202,0.000433
相见,红粉,0.427817,3.312886,1,7,12,0.003034,0.005202,0.000433
尘埃,青苔,0.427817,3.312886,1,14,6,0.006068,0.002601,0.000433
青苔,马上,0.427817,3.312886,1,6,14,0.002601,0.006068,0.000433
公子,清净,0.427817,3.312886,1,21,4,0.009103,0.001734,0.000433
公子,诸侯,0.427817,3.312886,1,21,4,0.009103,0.001734,0.000433
公子,玉堂,0.427817,3.312886,1,21,4,0.009103,0.001734,0.000433
清净,白露,0.427817,3.312886,1,4,21,0.001734,0.009103,0.000433
清净,蛾眉,0.427817,3.312886,1,4,21,0.001734,0.009103,0.000433
他人,宁知,0.427817,3.312886,1,3,28,0.0013,0.012137,0.000433
宁知,所思,0.427817,3.312886,1,28,3,0.012137,0.0013,0.000433
丞相,游子,0.427817,3.312886,1,7,12,0.003034,0.005202,0.000433
游子,骨肉,0.427817,3.312886,1,12,7,0.005202,0.003034,0.000433
咸阳,游子,0.427817,3.312886,1,7,12,0.003034,0.005202,0.000433
丞相,翡翠,0.427817,3.312886,1,7,12,0.003034,0.005202,0.000433
翡翠,骨肉,0.427817,3.312886,1,12,7,0.005202,0.003034,0.000433
咸阳,翡翠,0.427817,3.312886,1,7,12,0.003034,0.005202,0.000433
丞相,圣人,0.427817,3.312886,1,7,12,0.003034,0.005202,0.000433
丞相,摇落,0.427817,3.312886,1,7,12,0.003034,0.005202,0.000433
尘埃,忆昔,0.427817,3.312886,1,14,6,0.006068,0.002601,0.000433
尘埃,茫茫,0.427817,3.312886,1,14,6,0.006068,0.002601,0.000433
白露,诸侯,0.427817,3.312886,1,21,4,0.009103,0.001734,0.000433
玉堂,白露,0.427817,3.312886,1,4,21,0.001734,0.009103,0.000433
忆昔,马上,0.427817,3.312886,1,6,14,0.002601,0.006068,0.000433
蛾眉,诸侯,0.427817,3.312886,1,21,4,0.009103,0.001734,0.000433
摇落,骨肉,0.427817,3.312886,1,12,7,0.005202,0.003034,0.000433
月满,骨肉,0.427817,3.312886,1,12,7,0.005202,0.003034,0.000433
咸阳,圣人,0.427817,3.312886,1,7,12,0.003034,0.005202,0.000433
咸阳,摇落,0.427817,3.312886,1,7,12,0.003034,0.005202,0.000433
咸阳,月满,0.427817,3.312886,1,7,12,0.003034,0.005202,0.000433
他人,天下,0.427817,3.312886,1,3,28,0.0013,0.012137,0.000433
天下,所思,0.427817,3.312886,1,28,3,0.012137,0.0013,0.000433
玉堂,蛾眉,0.427817,3.312886,1,4,21,0.001734,0.009103,0.000433
茫茫,马上,0.427817,3.312886,1,6,14,0.002601,0.006068,0.000433
辛苦,雨雪,0.427817,3.312886,1,12,7,0.005202,0.003034,0.000433
两相,白露,0.427817,3.312886,1,4,21,0.001734,0.009103,0.000433
人世,宁知,0.427817,3.312886,1,3,28,0.0013,0.012137,0.000433
江湖,白露,0.427817,3.312886,1,4,21,0.001734,0.009103,0.000433
宁知,苍茫,0.427817,3.312886,1,28,3,0.012137,0.0013,0.000433
丞相,寂寞,0.427817,3.312886,1,7,12,0.003034,0.005202,0.000433
江流,长沙,0.427817,3.312886,1,7,12,0.003034,0.005202,0.000433
摇落,江流,0.427817,3.312886,1,12,7,0.005202,0.003034,0.000433
玉树,风流,0.427817,3.312886,1,12,7,0.005202,0.003034,0.000433
归路,马嘶,0.427817,3.312886,1,21,4,0.009103,0.001734,0.000433
天上,春水,0.427817,3.312886,1,28,3,0.012137,0.0013,0.000433
今年,还家,0.427817,3.312886,1,14,6,0.006068,0.002601,0.000433
苍生,马上,0.427817,3.312886,1,6,14,0.002601,0.006068,0.000433
摇落,池上,0.427817,3.312886,1,12,7,0.005202,0.003034,0.000433
天上,宫中,0.427817,3.312886,1,28,3,0.012137,0.0013,0.000433
无情,马上,0.427817,3.312886,1,6,14,0.002601,0.006068,0.000433
歌声,风光,0.427817,3.312886,1,4,21,0.001734,0.009103,0.000433
天上,微风,0.427817,3.312886,1,28,3,0.012137,0.0013,0.000433
尚书,月光,0.427817,3.312886,1,7,12,0.003034,0.005202,0.000433
骨肉,鹦鹉,0.427817,3.312886,1,7,12,0.003034,0.005202,0.000433
功名,芳草,0.427817,3.312886,1,7,12,0.003034,0.005202,0.000433
相识,还家,0.427817,3.312886,1,14,6,0.006068,0.002601,0.000433
始知,迢递,0.427817,3.312886,1,7,12,0.003034,0.005202,0.000433
将军,归来,0.426788,2.713265,4,36,17,0.015605,0.007369,0.001734
别后,洛阳,0.426788,2.713265,4,12,51,0.005202,0.022107,0.001734
古来,可怜,0.426788,2.713265,4,18,34,0.007802,0.014738,0.001734
桃李,青楼,0.426776,2.835962,3,29,14,0.01257,0.006068,0.0013
少年,桃李,0.426776,2.835962,3,14,29,0.006068,0.01257,0.0013
今年,桃李,0.426776,2.835962,3,14,29,0.006068,0.01257,0.0013
桃李,相识,0.426776,2.835962,3,29,14,0.01257,0.006068,0.0013
烟霞,玉树,0.426563,3.007505,2,19,12,0.008236,0.005202,0.000867
空山,纵横,0.426563,3.007505,2,12,19,0.005202,0.008236,0.000867
蛟龙,风吹,0.426563,3.007505,2,6,38,0.002601,0.016472,0.000867
北斗,月光,0.426563,3.007505,2,19,12,0.008236,0.005202,0.000867
烟霞,芳草,0.426563,3.007505,2,19,12,0.008236,0.005202,0.000867
东南,纵横,0.426563,3.007505,2,12,19,0.005202,0.008236,0.000867
红尘,纵横,0.426563,3.007505,2,12,19,0.005202,0.008236,0.000867
纵横,翡翠,0.426563,3.007505,2,19,12,0.008236,0.005202,0.000867
朱门,白日,0.426563,3.007505,2,6,38,0.002601,0.016472,0.000867
白日,青苔,0.426563,3.007505,2,38,6,0.016472,0.002601,0.000867
白日,茫茫,0.426563,3.007505,2,38,6,0.016472,0.002601,0.000867
月满,纵横,0.426563,3.007505,2,12,19,0.005202,0.008236,0.000867
携手,旧游,0.426289,3.301052,1,17,5,0.007369,0.002167,0.000433
东西,携手,0.426289,3.301052,1,5,17,0.002167,0.007369,0.000433
对酒,相逢,0.426289,3.301052,1,5,17,0.002167,0.007369,0.000433
千门,楼前,0.426289,3.301052,1,17,5,0.007369,0.002167,0.000433
意气,楼前,0.426289,3.301052,1,17,5,0.007369,0.002167,0.000433
楼前,相逢,0.426289,3.301052,1,5,17,0.002167,0.007369,0.000433
太守,意气,0.426289,3.301052,1,5,17,0.002167,0.007369,0.000433
古今,携手,0.426289,3.301052,1,5,17,0.002167,0.007369,0.000433
别离,风飘,0.426289,3.301052,1,17,5,0.007369,0.002167,0.000433
人家,意气,0.426289,3.301052,1,5,17,0.002167,0.007369,0.000433
别离,潇湘,0.426289,3.301052,1,17,5,0.007369,0.002167,0.000433
万户,千门,0.426289,3.301052,1,5,17,0.002167,0.007369,0.000433
使君,千门,0.426289,3.301052,1,5,17,0.002167,0.007369,0.000433
万户,青门,0.426289,3.301052,1,5,17,0.002167,0.007369,0.000433
使君,青门,0.426289,3.301052,1,5,17,0.002167,0.007369,0.000433
万户,意气,0.426289,3.301052,1,5,17,0.002167,0.007369,0.000433
使君,意气,0.426289,3.301052,1,5,17,0.002167,0.007369,0.000433
叶落,意气,0.426289,3.301052,1,5,17,0.002167,0.007369,0.000433
叶落,青门,0.426289,3.301052,1,5,17,0.002167,0.007369,0.000433
叶落,梅花,0.426289,3.301052,1,5,17,0.002167,0.007369,0.000433
去年,梅花,0.426289,3.301052,1,5,17,0.002167,0.007369,0.000433
别离,去年,0.426289,3.301052,1,17,5,0.007369,0.002167,0.000433
梅花,残月,0.426289,3.301052,1,17,5,0.007369,0.002167,0.000433
别离,残月,0.426289,3.301052,1,17,5,0.007369,0.002167,0.000433
对酒,青门,0.426289,3.301052,1,5,17,0.002167,0.007369,0.000433
意气,秋水,0.426289,3.301052,1,17,5,0.007369,0.002167,0.000433
归来,潇湘,0.426289,3.301052,1,17,5,0.007369,0.002167,0.000433
人家,梅花,0.426289,3.301052,1,5,17,0.002167,0.007369,0.000433
不归,得意,0.426289,3.301052,1,17,5,0.007369,0.002167,0.000433
得意,携手,0.426289,3.301052,1,5,17,0.002167,0.007369,0.000433
携手,自古,0.426289,3.301052,1,17,5,0.007369,0.002167,0.000433
不归,衣裳,0.426289,3.301052,1,17,5,0.007369,0.002167,0.000433
携手,衣裳,0.426289,3.301052,1,17,5,0.007369,0.002167,0.000433
别离,梧桐,0.426289,3.301052,1,17,5,0.007369,0.002167,0.000433
世上,青门,0.426289,3.301052,1,5,17,0.002167,0.007369,0.000433
归来,故山,0.426289,3.301052,1,17,5,0.007369,0.002167,0.000433
归来,梧桐,0.426289,3.301052,1,17,5,0.007369,0.002167,0.000433
往来,相逢,0.426289,3.301052,1,5,17,0.002167,0.007369,0.000433
得意,相逢,0.426289,3.301052,1,5,17,0.002167,0.007369,0.000433
万国,东方,0.426289,3.301052,1,17,5,0.007369,0.002167,0.000433
可怜,迢递,0.426036,2.831048,3,34,12,0.014738,0.005202,0.0013
可怜,行乐,0.426036,2.831048,3,34,12,0.014738,0.005202,0.0013
洛阳,走马,0.426036,2.831048,3,51,8,0.022107,0.003468,0.0013
寒食,洛阳,0.426036,2.831048,3,8,51,0.003468,0.022107,0.0013
当时,洛阳,0.426036,2.831048,3,8,51,0.003468,0.022107,0.0013
宁知,黄金,0.425763,2.706751,4,28,22,0.012137,0.009536,0.001734
古木,风尘,0.425324,2.998771,2,10,23,0.004335,0.00997,0.000867
旌旗,明主,0.425324,2.998771,2,10,23,0.004335,0.00997,0.000867
封侯,明主,0.425324,2.998771,2,10,23,0.004335,0.00997,0.000867
明主,江水,0.425324,2.998771,2,23,10,0.00997,0.004335,0.000867
天地,萧条,0.425324,2.998771,2,23,10,0.00997,0.004335,0.000867
殷勤,风尘,0.425324,2.998771,2,10,23,0.004335,0.00997,0.000867
十年,故园,0.425324,2.998771,2,23,10,0.00997,0.004335,0.000867
文章,风尘,0.425324,2.998771,2,10,23,0.004335,0.00997,0.000867
悠悠,自言,0.4253,2.826158,3,41,10,0.017772,0.004335,0.0013
可怜,芳树,0.425137,2.607905,5,34,25,0.014738,0.010837,0.002167
蛾眉,高台,0.424709,2.994433,2,21,11,0.009103,0.004768,0.000867
帝乡,高台,0.424709,2.994433,2,21,11,0.009103,0.004768,0.000867
白露,黄叶,0.424709,2.994433,2,21,11,0.009103,0.004768,0.000867
烟波,相思,0.424709,2.994433,2,7,33,0.003034,0.014304,0.000867
年年,烟波,0.424709,2.994433,2,33,7,0.014304,0.003034,0.000867
白露,龙门,0.424709,2.994433,2,21,11,0.009103,0.004768,0.000867
白露,道路,0.424709,2.994433,2,21,11,0.009103,0.004768,0.000867
相思,相见,0.424709,2.994433,2,33,7,0.014304,0.003034,0.000867
天涯,帝乡,0.424709,2.994433,2,11,21,0.004768,0.009103,0.000867
岁月,秋色,0.424709,2.994433,2,21,11,0.009103,0.004768,0.000867
天地,日月,0.424492,2.698667,4,23,27,0.00997,0.011704,0.001734
桃李,玲珑,0.424096,2.990113,2,29,8,0.01257,0.003468,0.000867
桃李,行路,0.424096,2.990113,2,29,8,0.01257,0.003468,0.000867
桃李,路难,0.424096,2.990113,2,29,8,0.01257,0.003468,0.000867
千万,桃李,0.424096,2.990113,2,8,29,0.003468,0.01257,0.000867
单于,桃李,0.424096,2.990113,2,8,29,0.003468,0.01257,0.000867
千年,昆仑,0.424096,2.990113,2,29,8,0.01257,0.003468,0.000867
千年,百尺,0.424096,2.990113,2,29,8,0.01257,0.003468,0.000867
当时,桃李,0.424096,2.990113,2,8,29,0.003468,0.01257,0.000867
昆仑,桃李,0.424096,2.990113,2,8,29,0.003468,0.01257,0.000867
他乡,君王,0.423734,2.693847,4,26,24,0.01127,0.010403,0.001734
桃李,池塘,0.423285,3.277795,1,29,3,0.01257,0.0013,0.000433
千年,夫子,0.423285,3.277795,1,29,3,0.01257,0.0013,0.000433
千年,消息,0.423285,3.277795,1,29,3,0.01257,0.0013,0.000433
春水,桃李,0.423285,3.277795,1,3,29,0.0013,0.01257,0.000433
他人,桃李,0.423285,3.277795,1,3,29,0.0013,0.01257,0.000433
所思,桃李,0.423285,3.277795,1,3,29,0.0013,0.01257,0.000433
桃李,流年,0.423285,3.277795,1,29,3,0.01257,0.0013,0.000433
白头,花落,0.423114,2.81163,3,16,26,0.006935,0.01127,0.0013
明年,花落,0.423114,2.81163,3,16,26,0.006935,0.01127,0.0013
千金,知己,0.423114,2.81163,3,32,13,0.013871,0.005635,0.0013
北斗,南山,0.422979,2.689051,4,19,33,0.008236,0.014304,0.001734
明月,水边,0.422879,2.981529,2,78,3,0.03381,0.0013,0.000867
佳人,江南,0.422879,2.981529,2,18,13,0.007802,0.005635,0.000867
他乡,绿水,0.422879,2.981529,2,26,9,0.01127,0.003901,0.000867
月照,苦辛,0.422879,2.981529,2,18,13,0.007802,0.005635,0.000867
昔时,月照,0.422879,2.981529,2,13,18,0.005635,0.007802,0.000867
故乡,西山,0.422879,2.981529,2,18,13,0.007802,0.005635,0.000867
山水,车马,0.422879,2.981529,2,26,9,0.01127,0.003901,0.000867
百年,竹林,0.422879,2.981529,2,26,9,0.01127,0.003901,0.000867
佳人,昔时,0.422879,2.981529,2,18,13,0.007802,0.005635,0.000867
所思,明月,0.422879,2.981529,2,3,78,0.0013,0.03381,0.000867
夕阳,窈窕,0.422879,2.981529,2,9,26,0.003901,0.01127,0.000867
白发,西山,0.422879,2.981529,2,18,13,0.007802,0.005635,0.000867
故人,野花,0.422879,2.981529,2,39,6,0.016905,0.002601,0.000867
故人,茫茫,0.422879,2.981529,2,39,6,0.016905,0.002601,0.000867
山水,竹林,0.422879,2.981529,2,26,9,0.01127,0.003901,0.000867
百年,高秋,0.422879,2.981529,2,26,9,0.01127,0.003901,0.000867
古来,西山,0.422879,2.981529,2,18,13,0.007802,0.005635,0.000867
凉风,山水,0.422879,2.981529,2,9,26,0.003901,0.01127,0.000867
浮云,秋月,0.422392,2.806834,3,22,19,0.009536,0.008236,0.0013
浮云,纵横,0.422392,2.806834,3,22,19,0.009536,0.008236,0.0013
日照,风吹,0.422392,2.806834,3,11,38,0.004768,0.016472,0.0013
伤心,白日,0.422392,2.806834,3,11,38,0.004768,0.016472,0.0013
纵横,闻道,0.422392,2.806834,3,19,22,0.008236,0.009536,0.0013
可惜,落日,0.421809,3.266366,1,4,22,0.001734,0.009536,0.000433
千万,含情,0.421809,3.266366,1,8,11,0.003468,0.004768,0.000433
千万,日照,0.421809,3.266366,1,8,11,0.003468,0.004768,0.000433
仙人,子孙,0.421809,3.266366,1,22,4,0.009536,0.001734,0.000433
丹砂,仙人,0.421809,3.266366,1,4,22,0.001734,0.009536,0.000433
逢人,黄金,0.421809,3.266366,1,4,22,0.001734,0.009536,0.000433
日夕,道路,0.421809,3.266366,1,8,11,0.003468,0.004768,0.000433
思归,道路,0.421809,3.266366,1,8,11,0.003468,0.004768,0.000433
门前,青松,0.421809,3.266366,1,8,11,0.003468,0.004768,0.000433
青松,须臾,0.421809,3.266366,1,11,8,0.004768,0.003468,0.000433
陌上,青松,0.421809,3.266366,1,8,11,0.003468,0.004768,0.000433
相知,青松,0.421809,3.266366,1,8,11,0.003468,0.004768,0.000433
双阙,青松,0.421809,3.266366,1,8,11,0.003468,0.004768,0.000433
白玉,门前,0.421809,3.266366,1,11,8,0.004768,0.003468,0.000433
白玉,陌上,0.421809,3.266366,1,11,8,0.004768,0.003468,0.000433
白玉,相知,0.421809,3.266366,1,11,8,0.004768,0.003468,0.000433
双阙,白玉,0.421809,3.266366,1,8,11,0.003468,0.004768,0.000433
独坐,莺啼,0.421809,3.266366,1,11,8,0.004768,0.003468,0.000433
昆仑,桃源,0.421809,3.266366,1,8,11,0.003468,0.004768,0.000433
夜月,路难,0.421809,3.266366,1,11,8,0.004768,0.003468,0.000433
杜陵,闻道,0.421809,3.266366,1,4,22,0.001734,0.009536,0.000433
寒食,阳城,0.421809,3.266366,1,8,11,0.003468,0.004768,0.000433
寒食,春草,0.421809,3.266366,1,8,11,0.003468,0.004768,0.000433
思归,春草,0.421809,3.266366,1,8,11,0.003468,0.004768,0.000433
河汉,阳城,0.421809,3.266366,1,8,11,0.003468,0.004768,0.000433
落日,霄汉,0.421809,3.266366,1,22,4,0.009536,0.001734,0.000433
行人,颜色,0.421809,3.266366,1,11,8,0.004768,0.003468,0.000433
单于,行人,0.421809,3.266366,1,8,11,0.003468,0.004768,0.000433
乾坤,汉家,0.421809,3.266366,1,4,22,0.001734,0.009536,0.000433
汉家,诸侯,0.421809,3.266366,1,22,4,0.009536,0.001734,0.000433
朝廷,松柏,0.421809,3.266366,1,8,11,0.003468,0.004768,0.000433
朝廷,道路,0.421809,3.266366,1,8,11,0.003468,0.004768,0.000433
南北,黄金,0.421809,3.266366,1,4,22,0.001734,0.009536,0.000433
天涯,当时,0.421809,3.266366,1,11,8,0.004768,0.003468,0.000433
伤心,当时,0.421809,3.266366,1,11,8,0.004768,0.003468,0.000433
当时,桃源,0.421809,3.266366,1,8,11,0.003468,0.004768,0.000433
当时,龙门,0.421809,3.266366,1,8,11,0.003468,0.004768,0.000433
寥落,浮云,0.421809,3.266366,1,4,22,0.001734,0.009536,0.000433
当时,独坐,0.421809,3.266366,1,8,11,0.003468,0.004768,0.000433
落日,逢人,0.421809,3.266366,1,22,4,0.009536,0.001734,0.000433
日照,莺啼,0.421809,3.266366,1,11,8,0.004768,0.003468,0.000433
君心,日照,0.421809,3.266366,1,8,11,0.003468,0.004768,0.000433
巫山,相对,0.421809,3.266366,1,22,4,0.009536,0.001734,0.000433
君心,春光,0.421809,3.266366,1,8,11,0.003468,0.004768,0.000433
千万,春光,0.421809,3.266366,1,8,11,0.003468,0.004768,0.000433
君心,黄叶,0.421809,3.266366,1,8,11,0.003468,0.004768,0.000433
千万,黄叶,0.421809,3.266366,1,8,11,0.003468,0.004768,0.000433
相对,黄金,0.421809,3.266366,1,4,22,0.001734,0.009536,0.000433
河汉,高楼,0.421809,3.266366,1,8,11,0.003468,0.004768,0.000433
含情,河汉,0.421809,3.266366,1,11,8,0.004768,0.003468,0.000433
东海,巫山,0.421809,3.266366,1,4,22,0.001734,0.009536,0.000433
东海,自怜,0.421809,3.266366,1,4,22,0.001734,0.009536,0.000433
夜月,颜色,0.421809,3.266366,1,11,8,0.004768,0.003468,0.000433
夜月,朝廷,0.421809,3.266366,1,11,8,0.004768,0.003468,0.000433
朝廷,高楼,0.421809,3.266366,1,8,11,0.003468,0.004768,0.000433
春草,朝廷,0.421809,3.266366,1,11,8,0.004768,0.003468,0.000433
秋天,闻道,0.421809,3.266366,1,4,22,0.001734,0.009536,0.000433
万古,伤心,0.421809,3.266366,1,8,11,0.003468,0.004768,0.000433
伤心,断肠,0.421809,3.266366,1,11,8,0.004768,0.003468,0.000433
日照,行路,0.421809,3.266366,1,11,8,0.004768,0.003468,0.000433
伤心,行路,0.421809,3.266366,1,11,8,0.004768,0.003468,0.000433
白玉,颜色,0.421809,3.266366,1,11,8,0.004768,0.003468,0.000433
日晚,颜色,0.421809,3.266366,1,11,8,0.004768,0.003468,0.000433
万物,白玉,0.421809,3.266366,1,8,11,0.003468,0.004768,0.000433
单于,白玉,0.421809,3.266366,1,8,11,0.003468,0.004768,0.000433
昆仑,白玉,0.421809,3.266366,1,8,11,0.003468,0.004768,0.000433
白玉,蹉跎,0.421809,3.266366,1,11,8,0.004768,0.003468,0.000433
清净,闻道,0.421809,3.266366,1,4,22,0.001734,0.009536,0.000433
清净,黄金,0.421809,3.266366,1,4,22,0.001734,0.009536,0.000433
巫山,清净,0.421809,3.266366,1,22,4,0.009536,0.001734,0.000433
万物,日晚,0.421809,3.266366,1,8,11,0.003468,0.004768,0.000433
单于,日晚,0.421809,3.266366,1,8,11,0.003468,0.004768,0.000433
日晚,须臾,0.421809,3.266366,1,11,8,0.004768,0.003468,0.000433
日晚,昆仑,0.421809,3.266366,1,11,8,0.004768,0.003468,0.000433
日晚,蹉跎,0.421809,3.266366,1,11,8,0.004768,0.003468,0.000433
诸侯,闻道,0.421809,3.266366,1,4,22,0.001734,0.009536,0.000433
玉堂,闻道,0.421809,3.266366,1,4,22,0.001734,0.009536,0.000433
诸侯,黄金,0.421809,3.266366,1,4,22,0.001734,0.009536,0.000433
巫山,诸侯,0.421809,3.266366,1,22,4,0.009536,0.001734,0.000433
玉堂,黄金,0.421809,3.266366,1,4,22,0.001734,0.009536,0.000433
巫山,玉堂,0.421809,3.266366,1,22,4,0.009536,0.001734,0.000433
万古,独坐,0.421809,3.266366,1,8,11,0.003468,0.004768,0.000433
秋日,黄金,0.421809,3.266366,1,4,22,0.001734,0.009536,0.000433
白玉,百尺,0.421809,3.266366,1,11,8,0.004768,0.003468,0.000433
乔木,望乡,0.421809,3.266366,1,8,11,0.003468,0.004768,0.000433
日照,朝廷,0.421809,3.266366,1,11,8,0.004768,0.003468,0.000433
寒食,日照,0.421809,3.266366,1,8,11,0.003468,0.004768,0.000433
两相,黄金,0.421809,3.266366,1,4,22,0.001734,0.009536,0.000433
兄弟,自怜,0.421809,3.266366,1,4,22,0.001734,0.009536,0.000433
春光,莺啼,0.421809,3.266366,1,11,8,0.004768,0.003468,0.000433
向东,黄金,0.421809,3.266366,1,4,22,0.001734,0.009536,0.000433
巫山,鬼神,0.421809,3.266366,1,22,4,0.009536,0.001734,0.000433
相忆,闻道,0.421809,3.266366,1,4,22,0.001734,0.009536,0.000433
汉家,相忆,0.421809,3.266366,1,22,4,0.009536,0.001734,0.000433
巫山,梦里,0.421809,3.266366,1,22,4,0.009536,0.001734,0.000433
日晚,河汉,0.421809,3.266366,1,11,8,0.004768,0.003468,0.000433
城中,松柏,0.421809,3.266366,1,8,11,0.003468,0.004768,0.000433
日夕,松柏,0.421809,3.266366,1,8,11,0.003468,0.004768,0.000433
万古,松柏,0.421809,3.266366,1,8,11,0.003468,0.004768,0.000433
主人,白玉,0.421809,3.266366,1,8,11,0.003468,0.004768,0.000433
公子,鸳鸯,0.421674,2.802061,3,21,20,0.009103,0.008669,0.0013
公子,海上,0.421674,2.802061,3,21,20,0.009103,0.008669,0.0013
神仙,行乐,0.421674,2.802061,3,35,12,0.015171,0.005202,0.0013
昔时,歌舞,0.42049,2.673228,4,13,49,0.005635,0.02124,0.001734
可怜,池上,0.420475,2.96458,2,34,7,0.014738,0.003034,0.000867
相逢,青楼,0.420475,2.96458,2,17,14,0.007369,0.006068,0.000867
归来,马上,0.420475,2.96458,2,17,14,0.007369,0.006068,0.000867
可怜,庭前,0.420475,2.96458,2,34,7,0.014738,0.003034,0.000867
意气,相识,0.420475,2.96458,2,17,14,0.007369,0.006068,0.000867
可怜,日夜,0.420475,2.96458,2,34,7,0.014738,0.003034,0.000867
不归,花飞,0.420475,2.96458,2,17,14,0.007369,0.006068,0.000867
意气,青楼,0.420475,2.96458,2,17,14,0.007369,0.006068,0.000867
千门,山河,0.420475,2.96458,2,17,14,0.007369,0.006068,0.000867
山河,意气,0.420475,2.96458,2,14,17,0.006068,0.007369,0.000867
无限,梅花,0.420475,2.96458,2,14,17,0.006068,0.007369,0.000867
梅花,淹留,0.420475,2.96458,2,17,14,0.007369,0.006068,0.000867
万里,秋声,0.42035,3.255067,1,89,1,0.038578,0.000433,0.000433
千载,意气,0.419893,2.790226,3,25,17,0.010837,0.007369,0.0013
东流,长安,0.419751,2.668529,4,16,40,0.006935,0.017339,0.001734
明月,浮云,0.419365,2.375394,8,78,22,0.03381,0.009536,0.003468
今夜,未央,0.419288,2.956212,2,12,20,0.005202,0.008669,0.000867
迢递,鸳鸯,0.419288,2.956212,2,12,20,0.005202,0.008669,0.000867
云间,御沟,0.419288,2.956212,2,15,16,0.006502,0.006935,0.000867
洞庭,湘水,0.419288,2.956212,2,24,10,0.010403,0.004335,0.000867
回首,楼上,0.419288,2.956212,2,16,15,0.006935,0.006502,0.000867
光辉,黄河,0.419288,2.956212,2,30,8,0.013004,0.003468,0.000867
九重,月光,0.419288,2.956212,2,20,12,0.008669,0.005202,0.000867
九重,寂寞,0.419288,2.956212,2,20,12,0.008669,0.005202,0.000867
宛转,白头,0.419288,2.956212,2,15,16,0.006502,0.006935,0.000867
江上,莲花,0.419288,2.956212,2,20,12,0.008669,0.005202,0.000867
千里,名利,0.419288,2.956212,2,80,3,0.034677,0.0013,0.000867
归去,鸳鸯,0.419288,2.956212,2,12,20,0.005202,0.008669,0.000867
归去,海上,0.419288,2.956212,2,12,20,0.005202,0.008669,0.000867
东流,云间,0.419288,2.956212,2,16,15,0.006935,0.006502,0.000867
东流,无穷,0.419288,2.956212,2,16,15,0.006935,0.006502,0.000867
君王,封侯,0.419288,2.956212,2,24,10,0.010403,0.004335,0.000867
君王,江水,0.419288,2.956212,2,24,10,0.010403,0.004335,0.000867
憔悴,氛氲,0.419288,2.956212,2,10,24,0.004335,0.010403,0.000867
君王,落叶,0.419288,2.956212,2,24,10,0.010403,0.004335,0.000867
翡翠,青春,0.419288,2.956212,2,12,20,0.005202,0.008669,0.000867
昔日,氛氲,0.419288,2.956212,2,10,24,0.004335,0.010403,0.000867
草绿,鸳鸯,0.419288,2.956212,2,12,20,0.005202,0.008669,0.000867
云间,山下,0.419288,2.956212,2,15,16,0.006502,0.006935,0.000867
春来,离别,0.419288,2.956212,2,16,15,0.006935,0.006502,0.000867
美人,零落,0.419288,2.956212,2,24,10,0.010403,0.004335,0.000867
红粉,鸳鸯,0.419288,2.956212,2,12,20,0.005202,0.008669,0.000867
光辉,寒食,0.419288,2.956212,2,30,8,0.013004,0.003468,0.000867
古木,鸡鸣,0.418907,3.243894,1,10,9,0.004335,0.003901,0.000433
忆昔,离别,0.418907,3.243894,1,6,15,0.002601,0.006502,0.000433
云飞,登临,0.418907,3.243894,1,10,9,0.004335,0.003901,0.000433
垂杨,日落,0.418907,3.243894,1,6,15,0.002601,0.006502,0.000433
日落,萧萧,0.418907,3.243894,1,15,6,0.006502,0.002601,0.000433
岁寒,王孙,0.418907,3.243894,1,10,9,0.004335,0.003901,0.000433
王孙,自言,0.418907,3.243894,1,9,10,0.003901,0.004335,0.000433
宛转,蛟龙,0.418907,3.243894,1,15,6,0.006502,0.002601,0.000433
回头,平生,0.418907,3.243894,1,2,45,0.000867,0.019506,0.000433
家贫,平生,0.418907,3.243894,1,2,45,0.000867,0.019506,0.000433
今已,萧条,0.418907,3.243894,1,9,10,0.003901,0.004335,0.000433
清晨,路傍,0.418907,3.243894,1,9,10,0.003901,0.004335,0.000433
山阴,故乡,0.418907,3.243894,1,5,18,0.002167,0.007802,0.000433
公卿,封侯,0.418907,3.243894,1,9,10,0.003901,0.004335,0.000433
封侯,干戈,0.418907,3.243894,1,10,9,0.004335,0.003901,0.000433
故乡,梧桐,0.418907,3.243894,1,18,5,0.007802,0.002167,0.000433
双飞,自言,0.418907,3.243894,1,9,10,0.003901,0.004335,0.000433
双飞,花发,0.418907,3.243894,1,9,10,0.003901,0.004335,0.000433
双飞,白马,0.418907,3.243894,1,9,10,0.003901,0.004335,0.000433
楼前,芙蓉,0.418907,3.243894,1,5,18,0.002167,0.007802,0.000433
大道,花发,0.418907,3.243894,1,9,10,0.003901,0.004335,0.000433
大道,白马,0.418907,3.243894,1,9,10,0.003901,0.004335,0.000433
寂寥,自言,0.418907,3.243894,1,9,10,0.003901,0.004335,0.000433
寂寥,花发,0.418907,3.243894,1,9,10,0.003901,0.004335,0.000433
寂寥,白马,0.418907,3.243894,1,9,10,0.003901,0.004335,0.000433
王孙,白马,0.418907,3.243894,1,9,10,0.003901,0.004335,0.000433
湘水,王孙,0.418907,3.243894,1,10,9,0.004335,0.003901,0.000433
清明,鱼龙,0.418907,3.243894,1,10,9,0.004335,0.003901,0.000433
清明,风雨,0.418907,3.243894,1,10,9,0.004335,0.003901,0.000433
公卿,清明,0.418907,3.243894,1,9,10,0.003901,0.004335,0.000433
东方,佳人,0.418907,3.243894,1,5,18,0.002167,0.007802,0.000433
佳人,水流,0.418907,3.243894,1,18,5,0.007802,0.002167,0.000433
今来,草木,0.418907,3.243894,1,10,9,0.004335,0.003901,0.000433
焚香,离别,0.418907,3.243894,1,6,15,0.002601,0.006502,0.000433
无穷,苍生,0.418907,3.243894,1,15,6,0.006502,0.002601,0.000433
去年,故乡,0.418907,3.243894,1,5,18,0.002167,0.007802,0.000433
光辉,八月,0.418907,3.243894,1,30,3,0.013004,0.0013,0.000433
林下,登高,0.418907,3.243894,1,5,18,0.002167,0.007802,0.000433
故园,登临,0.418907,3.243894,1,10,9,0.004335,0.003901,0.000433
佳人,山阴,0.418907,3.243894,1,18,5,0.007802,0.002167,0.000433
紫微,茫茫,0.418907,3.243894,1,15,6,0.006502,0.002601,0.000433
山阴,登高,0.418907,3.243894,1,5,18,0.002167,0.007802,0.000433
垂杨,紫微,0.418907,3.243894,1,6,15,0.002601,0.006502,0.000433
沧海,飘飖,0.418907,3.243894,1,10,9,0.004335,0.003901,0.000433
云雨,明朝,0.418907,3.243894,1,10,9,0.004335,0.003901,0.000433
旧游,白发,0.418907,3.243894,1,5,18,0.002167,0.007802,0.000433
明朝,猿啼,0.418907,3.243894,1,9,10,0.003901,0.004335,0.000433
分明,沧海,0.418907,3.243894,1,9,10,0.003901,0.004335,0.000433
归心,白发,0.418907,3.243894,1,5,18,0.002167,0.007802,0.000433
归心,登高,0.418907,3.243894,1,5,18,0.002167,0.007802,0.000433
寂寥,沧海,0.418907,3.243894,1,9,10,0.003901,0.004335,0.000433
清晨,猿啼,0.418907,3.243894,1,9,10,0.003901,0.004335,0.000433
百花,鱼龙,0.418907,3.243894,1,10,9,0.004335,0.003901,0.000433
萧条,鱼龙,0.418907,3.243894,1,10,9,0.004335,0.003901,0.000433
十里,月照,0.418907,3.243894,1,5,18,0.002167,0.007802,0.000433
天外,逍遥,0.418907,3.243894,1,10,9,0.004335,0.003901,0.000433
无情,管弦,0.418907,3.243894,1,6,15,0.002601,0.006502,0.000433
无情,离别,0.418907,3.243894,1,6,15,0.002601,0.006502,0.000433
春日,闲居,0.418907,3.243894,1,10,9,0.004335,0.003901,0.000433
花满,风月,0.418907,3.243894,1,9,10,0.003901,0.004335,0.000433
云间,萧萧,0.418907,3.243894,1,15,6,0.006502,0.002601,0.000433
草木,萧条,0.418907,3.243894,1,9,10,0.003901,0.004335,0.000433
富贵,昔日,0.418907,3.243894,1,9,10,0.003901,0.004335,0.000433
自然,花满,0.418907,3.243894,1,10,9,0.004335,0.003901,0.000433
从容,风烟,0.418907,3.243894,1,3,30,0.0013,0.013004,0.000433
江海,风雨,0.418907,3.243894,1,10,9,0.004335,0.003901,0.000433
关河,风雨,0.418907,3.243894,1,10,9,0.004335,0.003901,0.000433
江海,草木,0.418907,3.243894,1,10,9,0.004335,0.003901,0.000433
关河,草木,0.418907,3.243894,1,10,9,0.004335,0.003901,0.000433
人心,江水,0.418907,3.243894,1,9,10,0.003901,0.004335,0.000433
江水,竹林,0.418907,3.243894,1,10,9,0.004335,0.003901,0.000433
孤舟,青云,0.418907,3.243894,1,6,15,0.002601,0.006502,0.000433
承恩,登临,0.418907,3.243894,1,10,9,0.004335,0.003901,0.000433
分明,昔日,0.418907,3.243894,1,9,10,0.003901,0.004335,0.000433
无穷,花间,0.418907,3.243894,1,15,6,0.006502,0.002601,0.000433
旌旗,清晨,0.418907,3.243894,1,10,9,0.004335,0.003901,0.000433
江海,生死,0.418907,3.243894,1,10,9,0.004335,0.003901,0.000433
生死,风月,0.418907,3.243894,1,9,10,0.003901,0.004335,0.000433
游人,白雪,0.418907,3.243894,1,15,6,0.006502,0.002601,0.000433
寂寥,知音,0.418907,3.243894,1,9,10,0.003901,0.004335,0.000433
寂寥,风月,0.418907,3.243894,1,9,10,0.003901,0.004335,0.000433
白蘋,风烟,0.418907,3.243894,1,3,30,0.0013,0.013004,0.000433
沧海,生死,0.418907,3.243894,1,10,9,0.004335,0.003901,0.000433
故乡,残月,0.418907,3.243894,1,18,5,0.007802,0.002167,0.000433
大道,经过,0.418907,3.243894,1,9,10,0.003901,0.004335,0.000433
万户,古来,0.418907,3.243894,1,5,18,0.002167,0.007802,0.000433
使君,古来,0.418907,3.243894,1,5,18,0.002167,0.007802,0.000433
知音,衣冠,0.418907,3.243894,1,10,9,0.004335,0.003901,0.000433
知音,飘飖,0.418907,3.243894,1,10,9,0.004335,0.003901,0.000433
知音,高秋,0.418907,3.243894,1,10,9,0.004335,0.003901,0.000433
知音,竹林,0.418907,3.243894,1,10,9,0.004335,0.003901,0.000433
佳期,知音,0.418907,3.243894,1,9,10,0.003901,0.004335,0.000433
昨夜,知音,0.418907,3.243894,1,9,10,0.003901,0.004335,0.000433
故园,衣冠,0.418907,3.243894,1,10,9,0.004335,0.003901,0.000433
故园,飘飖,0.418907,3.243894,1,10,9,0.004335,0.003901,0.000433
故园,高秋,0.418907,3.243894,1,10,9,0.004335,0.003901,0.000433
故园,竹林,0.418907,3.243894,1,10,9,0.004335,0.003901,0.000433
佳期,故园,0.418907,3.243894,1,9,10,0.003901,0.004335,0.000433
故园,昨夜,0.418907,3.243894,1,10,9,0.004335,0.003901,0.000433
无穷,朱门,0.418907,3.243894,1,15,6,0.006502,0.002601,0.000433
自言,衣冠,0.418907,3.243894,1,10,9,0.004335,0.003901,0.000433
花发,衣冠,0.418907,3.243894,1,10,9,0.004335,0.003901,0.000433
白马,衣冠,0.418907,3.243894,1,10,9,0.004335,0.003901,0.000433
衣冠,风月,0.418907,3.243894,1,9,10,0.003901,0.004335,0.000433
憔悴,衣冠,0.418907,3.243894,1,10,9,0.004335,0.003901,0.000433
经过,衣冠,0.418907,3.243894,1,10,9,0.004335,0.003901,0.000433
自言,飘飖,0.418907,3.243894,1,10,9,0.004335,0.003901,0.000433
花发,飘飖,0.418907,3.243894,1,10,9,0.004335,0.003901,0.000433
白马,飘飖,0.418907,3.243894,1,10,9,0.004335,0.003901,0.000433
风月,飘飖,0.418907,3.243894,1,10,9,0.004335,0.003901,0.000433
憔悴,飘飖,0.418907,3.243894,1,10,9,0.004335,0.003901,0.000433
经过,飘飖,0.418907,3.243894,1,10,9,0.004335,0.003901,0.000433
自言,高秋,0.418907,3.243894,1,10,9,0.004335,0.003901,0.000433
花发,高秋,0.418907,3.243894,1,10,9,0.004335,0.003901,0.000433
白马,高秋,0.418907,3.243894,1,10,9,0.004335,0.003901,0.000433
风月,高秋,0.418907,3.243894,1,10,9,0.004335,0.003901,0.000433
憔悴,高秋,0.418907,3.243894,1,10,9,0.004335,0.003901,0.000433
经过,高秋,0.418907,3.243894,1,10,9,0.004335,0.003901,0.000433
叶落,白发,0.418907,3.243894,1,5,18,0.002167,0.007802,0.000433
叶落,登高,0.418907,3.243894,1,5,18,0.002167,0.007802,0.000433
竹林,自言,0.418907,3.243894,1,9,10,0.003901,0.004335,0.000433
昨夜,自言,0.418907,3.243894,1,9,10,0.003901,0.004335,0.000433
竹林,花发,0.418907,3.243894,1,9,10,0.003901,0.004335,0.000433
白马,竹林,0.418907,3.243894,1,10,9,0.004335,0.003901,0.000433
憔悴,竹林,0.418907,3.243894,1,10,9,0.004335,0.003901,0.000433
竹林,经过,0.418907,3.243894,1,9,10,0.003901,0.004335,0.000433
佳期,花发,0.418907,3.243894,1,9,10,0.003901,0.004335,0.000433
佳期,白马,0.418907,3.243894,1,9,10,0.003901,0.004335,0.000433
佳期,风月,0.418907,3.243894,1,9,10,0.003901,0.004335,0.000433
佳期,憔悴,0.418907,3.243894,1,9,10,0.003901,0.004335,0.000433
佳期,经过,0.418907,3.243894,1,9,10,0.003901,0.004335,0.000433
昨夜,花发,0.418907,3.243894,1,9,10,0.003901,0.004335,0.000433
昨夜,白马,0.418907,3.243894,1,9,10,0.003901,0.004335,0.000433
朱门,白首,0.418907,3.243894,1,6,15,0.002601,0.006502,0.000433
昨夜,风月,0.418907,3.243894,1,9,10,0.003901,0.004335,0.000433
憔悴,昨夜,0.418907,3.243894,1,10,9,0.004335,0.003901,0.000433
昨夜,经过,0.418907,3.243894,1,9,10,0.003901,0.004335,0.000433
楼上,相亲,0.418907,3.243894,1,15,6,0.006502,0.002601,0.000433
楼上,相寻,0.418907,3.243894,1,15,6,0.006502,0.002601,0.000433
无穷,相亲,0.418907,3.243894,1,15,6,0.006502,0.002601,0.000433
无穷,相寻,0.418907,3.243894,1,15,6,0.006502,0.002601,0.000433
人间,相亲,0.418907,3.243894,1,15,6,0.006502,0.002601,0.000433
人间,相寻,0.418907,3.243894,1,15,6,0.006502,0.002601,0.000433
月照,秋水,0.418907,3.243894,1,18,5,0.007802,0.002167,0.000433
人间,十载,0.418907,3.243894,1,15,6,0.006502,0.002601,0.000433
今已,今来,0.418907,3.243894,1,9,10,0.003901,0.004335,0.000433
今已,封侯,0.418907,3.243894,1,9,10,0.003901,0.004335,0.000433
今已,岁寒,0.418907,3.243894,1,9,10,0.003901,0.004335,0.000433
古木,生死,0.418907,3.243894,1,10,9,0.004335,0.003901,0.000433
古来,百里,0.418907,3.243894,1,18,5,0.007802,0.002167,0.000433
还家,青云,0.418907,3.243894,1,6,15,0.002601,0.006502,0.000433
相亲,青云,0.418907,3.243894,1,6,15,0.002601,0.006502,0.000433
白首,青苔,0.418907,3.243894,1,15,6,0.006502,0.002601,0.000433
无穷,青苔,0.418907,3.243894,1,15,6,0.006502,0.002601,0.000433
出入,平生,0.418907,3.243894,1,2,45,0.000867,0.019506,0.000433
世人,平生,0.418907,3.243894,1,2,45,0.000867,0.019506,0.000433
平生,感激,0.418907,3.243894,1,45,2,0.019506,0.000867,0.000433
平生,楚水,0.418907,3.243894,1,45,2,0.019506,0.000867,0.000433
佳人,得意,0.418907,3.243894,1,18,5,0.007802,0.002167,0.000433
佳人,自古,0.418907,3.243894,1,18,5,0.007802,0.002167,0.000433
古来,得意,0.418907,3.243894,1,18,5,0.007802,0.002167,0.000433
得意,故乡,0.418907,3.243894,1,5,18,0.002167,0.007802,0.000433
得意,白发,0.418907,3.243894,1,5,18,0.002167,0.007802,0.000433
封侯,怅望,0.418907,3.243894,1,10,9,0.004335,0.003901,0.000433
古来,衣裳,0.418907,3.243894,1,18,5,0.007802,0.002167,0.000433
忆昔,白首,0.418907,3.243894,1,6,15,0.002601,0.006502,0.000433
怅望,昔日,0.418907,3.243894,1,9,10,0.003901,0.004335,0.000433
故乡,自古,0.418907,3.243894,1,18,5,0.007802,0.002167,0.000433
故乡,衣裳,0.418907,3.243894,1,18,5,0.007802,0.002167,0.000433
白发,自古,0.418907,3.243894,1,18,5,0.007802,0.002167,0.000433
白发,衣裳,0.418907,3.243894,1,18,5,0.007802,0.002167,0.000433
怅望,萧条,0.418907,3.243894,1,9,10,0.003901,0.004335,0.000433
怅望,自言,0.418907,3.243894,1,9,10,0.003901,0.004335,0.000433
白首,茫茫,0.418907,3.243894,1,15,6,0.006502,0.002601,0.000433
无穷,茫茫,0.418907,3.243894,1,15,6,0.006502,0.002601,0.000433
怅望,湘水,0.418907,3.243894,1,9,10,0.003901,0.004335,0.000433
茫茫,青云,0.418907,3.243894,1,6,15,0.002601,0.006502,0.000433
苍生,青云,0.418907,3.243894,1,6,15,0.002601,0.006502,0.000433
青云,青苔,0.418907,3.243894,1,15,6,0.006502,0.002601,0.000433
生涯,衣冠,0.418907,3.243894,1,10,9,0.004335,0.003901,0.000433
人心,岁寒,0.418907,3.243894,1,9,10,0.003901,0.004335,0.000433
自然,闲居,0.418907,3.243894,1,10,9,0.004335,0.003901,0.000433
自然,草木,0.418907,3.243894,1,10,9,0.004335,0.003901,0.000433
分明,自言,0.418907,3.243894,1,9,10,0.003901,0.004335,0.000433
承恩,闲居,0.418907,3.243894,1,10,9,0.004335,0.003901,0.000433
百花,闲居,0.418907,3.243894,1,10,9,0.004335,0.003901,0.000433
东山,梦中,0.418907,3.243894,1,15,6,0.006502,0.002601,0.000433
富贵,岁寒,0.418907,3.243894,1,9,10,0.003901,0.004335,0.000433
人间,天台,0.418907,3.243894,1,15,6,0.006502,0.002601,0.000433
白首,黄花,0.418907,3.243894,1,15,6,0.006502,0.002601,0.000433
君子,黄花,0.418907,3.243894,1,15,6,0.006502,0.002601,0.000433
松风,逍遥,0.418907,3.243894,1,10,9,0.004335,0.003901,0.000433
双飞,春日,0.418907,3.243894,1,9,10,0.003901,0.004335,0.000433
白雪,紫微,0.418907,3.243894,1,6,15,0.002601,0.006502,0.000433
承恩,雨露,0.418907,3.243894,1,10,9,0.004335,0.003901,0.000433
依然,南国,0.418907,3.243894,1,9,10,0.003901,0.004335,0.000433
自言,鸡鸣,0.418907,3.243894,1,10,9,0.004335,0.003901,0.000433
夕阳,猿啼,0.418907,3.243894,1,9,10,0.003901,0.004335,0.000433
昨夜,落叶,0.418907,3.243894,1,9,10,0.003901,0.004335,0.000433
清明,肠断,0.418907,3.243894,1,10,9,0.004335,0.003901,0.000433
生死,经过,0.418907,3.243894,1,9,10,0.003901,0.004335,0.000433
云间,泉声,0.418907,3.243894,1,15,6,0.006502,0.002601,0.000433
心事,白首,0.418907,3.243894,1,6,15,0.002601,0.006502,0.000433
万事,古来,0.418907,3.243894,1,5,18,0.002167,0.007802,0.000433
文章,生死,0.418907,3.243894,1,10,9,0.004335,0.003901,0.000433
古来,太守,0.418907,3.243894,1,18,5,0.007802,0.002167,0.000433
文章,雨露,0.418907,3.243894,1,10,9,0.004335,0.003901,0.000433
东山,羽翼,0.418907,3.243894,1,15,6,0.006502,0.002601,0.000433
文章,高秋,0.418907,3.243894,1,10,9,0.004335,0.003901,0.000433
对酒,故乡,0.418907,3.243894,1,5,18,0.002167,0.007802,0.000433
闲居,风月,0.418907,3.243894,1,9,10,0.003901,0.004335,0.000433
天下,天地,0.418771,2.662299,4,28,23,0.012137,0.00997,0.001734
参差,龙门,0.418483,2.780859,3,39,11,0.016905,0.004768,0.0013
白玉,落日,0.418111,2.947913,2,11,22,0.004768,0.009536,0.000867
落日,行人,0.418111,2.947913,2,22,11,0.009536,0.004768,0.000867
汉家,黄叶,0.418111,2.947913,2,22,11,0.009536,0.004768,0.000867
浮云,高楼,0.418111,2.947913,2,22,11,0.009536,0.004768,0.000867
天涯,闻道,0.418111,2.947913,2,11,22,0.004768,0.009536,0.000867
含情,巫山,0.418111,2.947913,2,11,22,0.004768,0.009536,0.000867
今朝,重阳,0.418111,2.947913,2,22,11,0.009536,0.004768,0.000867
白玉,黄金,0.418111,2.947913,2,11,22,0.004768,0.009536,0.000867
古来,将军,0.417797,2.656107,4,18,36,0.007802,0.015605,0.001734
绿水,风起,0.417526,2.943789,2,9,27,0.003901,0.011704,0.000867
怅望,风起,0.417526,2.943789,2,9,27,0.003901,0.011704,0.000867
今已,风起,0.417526,2.943789,2,9,27,0.003901,0.011704,0.000867
佳期,风起,0.417526,2.943789,2,9,27,0.003901,0.011704,0.000867
公卿,日月,0.417526,2.943789,2,9,27,0.003901,0.011704,0.000867
日月,风雨,0.417526,2.943789,2,27,9,0.011704,0.003901,0.000867
富贵,风起,0.417526,2.943789,2,9,27,0.003901,0.011704,0.000867
江南,风波,0.41748,3.232844,1,13,7,0.005635,0.003034,0.000433
江南,烟波,0.41748,3.232844,1,13,7,0.005635,0.003034,0.000433
婵娟,江南,0.41748,3.232844,1,7,13,0.003034,0.005635,0.000433
人生,花枝,0.41748,3.232844,1,13,7,0.005635,0.003034,0.000433
暮雨,江南,0.41748,3.232844,1,7,13,0.003034,0.005635,0.000433
日夜,知己,0.41748,3.232844,1,7,13,0.003034,0.005635,0.000433
蓬莱,阙下,0.41748,3.232844,1,13,7,0.005635,0.003034,0.000433
马蹄,黄鹤,0.41748,3.232844,1,7,13,0.003034,0.005635,0.000433
雨雪,黄鹤,0.41748,3.232844,1,7,13,0.003034,0.005635,0.000433
江南,江流,0.41748,3.232844,1,13,7,0.005635,0.003034,0.000433
丞相,知己,0.41748,3.232844,1,7,13,0.003034,0.005635,0.000433
帝城,蓬莱,0.41748,3.232844,1,7,13,0.003034,0.005635,0.000433
北风,尚书,0.41748,3.232844,1,13,7,0.005635,0.003034,0.000433
帝城,金谷,0.41748,3.232844,1,7,13,0.003034,0.005635,0.000433
潺湲,相送,0.41748,3.232844,1,7,13,0.003034,0.005635,0.000433
同心,潺湲,0.41748,3.232844,1,13,7,0.005635,0.003034,0.000433
昔时,有情,0.41748,3.232844,1,13,7,0.005635,0.003034,0.000433
北风,有情,0.41748,3.232844,1,13,7,0.005635,0.003034,0.000433
相见,西山,0.41748,3.232844,1,7,13,0.003034,0.005635,0.000433
丞相,西山,0.41748,3.232844,1,7,13,0.003034,0.005635,0.000433
西山,骨肉,0.41748,3.232844,1,13,7,0.005635,0.003034,0.000433
咸阳,西山,0.41748,3.232844,1,7,13,0.003034,0.005635,0.000433
婵娟,蓬莱,0.41748,3.232844,1,7,13,0.003034,0.005635,0.000433
柳色,风流,0.41748,3.232844,1,13,7,0.005635,0.003034,0.000433
人生,咸阳,0.41748,3.232844,1,13,7,0.005635,0.003034,0.000433
昔时,池上,0.41748,3.232844,1,13,7,0.005635,0.003034,0.000433
苦辛,马蹄,0.41748,3.232844,1,13,7,0.005635,0.003034,0.000433
将军,行乐,0.417434,2.77389,3,36,12,0.015605,0.005202,0.0013
凤凰,须臾,0.417434,2.77389,3,54,8,0.023407,0.003468,0.0013
山川,江南,0.417312,2.653025,4,50,13,0.021673,0.005635,0.001734
花落,芳树,0.417312,2.653025,4,26,25,0.01127,0.010837,0.001734
关山,风霜,0.416739,2.769271,3,31,14,0.013437,0.006068,0.0013
参差,杨柳,0.416561,2.415134,7,39,37,0.016905,0.016038,0.003034
无穷,桃李,0.416393,2.76697,3,15,29,0.006502,0.01257,0.0013
日夜,神仙,0.416363,2.935592,2,7,35,0.003034,0.015171,0.000867
秋风,衣裳,0.416363,2.935592,2,49,5,0.02124,0.002167,0.000867
十年,秋天,0.416069,3.221915,1,23,4,0.00997,0.001734,0.000433
十年,相对,0.416069,3.221915,1,23,4,0.00997,0.001734,0.000433
向东,桃花,0.416069,3.221915,1,4,23,0.001734,0.00997,0.000433
十年,寥落,0.416069,3.221915,1,23,4,0.00997,0.001734,0.000433
武陵,风尘,0.416069,3.221915,1,4,23,0.001734,0.00997,0.000433
月色,桃花,0.416069,3.221915,1,4,23,0.001734,0.00997,0.000433
凄凉,十年,0.416069,3.221915,1,4,23,0.001734,0.00997,0.000433
天地,清净,0.416069,3.221915,1,23,4,0.00997,0.001734,0.000433
天地,诸侯,0.416069,3.221915,1,23,4,0.00997,0.001734,0.000433
天地,玉堂,0.416069,3.221915,1,23,4,0.00997,0.001734,0.000433
十年,鬼神,0.416069,3.221915,1,23,4,0.00997,0.001734,0.000433
城下,明主,0.416069,3.221915,1,4,23,0.001734,0.00997,0.000433
桃花,道士,0.416069,3.221915,1,23,4,0.00997,0.001734,0.000433
叹息,春风,0.415819,2.550746,5,25,36,0.010837,0.015605,0.002167
忆昔,悠悠,0.415785,2.931519,2,6,41,0.002601,0.017772,0.000867
人生,纵横,0.41521,2.927462,2,13,19,0.005635,0.008236,0.000867
北风,月明,0.41521,2.927462,2,13,19,0.005635,0.008236,0.000867
纵横,金谷,0.41521,2.927462,2,19,13,0.008236,0.005635,0.000867
万物,天子,0.414673,2.755541,3,8,55,0.003468,0.02384,0.0013
愁人,芳菲,0.414673,3.211104,1,3,31,0.0013,0.013437,0.000433
云深,春色,0.414673,3.211104,1,3,31,0.0013,0.013437,0.000433
微风,芳菲,0.414673,3.211104,1,3,31,0.0013,0.013437,0.000433
关山,所以,0.414673,3.211104,1,31,3,0.013437,0.0013,0.000433
人世,芳菲,0.414673,3.211104,1,3,31,0.0013,0.013437,0.000433
玉楼,芳菲,0.414673,3.211104,1,3,31,0.0013,0.013437,0.000433
关山,才子,0.414673,3.211104,1,31,3,0.013437,0.0013,0.000433
关山,心期,0.414673,3.211104,1,31,3,0.013437,0.0013,0.000433
关山,猿声,0.414673,3.211104,1,31,3,0.013437,0.0013,0.000433
才子,芳菲,0.414673,3.211104,1,3,31,0.0013,0.013437,0.000433
心期,芳菲,0.414673,3.211104,1,3,31,0.0013,0.013437,0.000433
猿声,芳菲,0.414673,3.211104,1,3,31,0.0013,0.013437,0.000433
关山,名利,0.414673,3.211104,1,31,3,0.013437,0.0013,0.000433
他人,芳菲,0.414673,3.211104,1,3,31,0.0013,0.013437,0.000433
所思,芳菲,0.414673,3.211104,1,3,31,0.0013,0.013437,0.000433
八月,芳菲,0.414673,3.211104,1,3,31,0.0013,0.013437,0.000433
自知,芳菲,0.414673,3.211104,1,3,31,0.0013,0.013437,0.000433
千万,芳菲,0.414637,2.923422,2,8,31,0.003468,0.013437,0.000867
关山,行路,0.414637,2.923422,2,31,8,0.013437,0.003468,0.000867
关山,路难,0.414637,2.923422,2,31,8,0.013437,0.003468,0.000867
今日,从军,0.414637,2.923422,2,62,4,0.026875,0.001734,0.000867
当时,芳菲,0.414637,2.923422,2,8,31,0.003468,0.013437,0.000867
芳菲,须臾,0.414637,2.923422,2,31,8,0.013437,0.003468,0.000867
帝乡,蛾眉,0.414332,2.753271,3,21,21,0.009103,0.009103,0.0013
歌舞,王孙,0.414332,2.753271,3,49,9,0.02124,0.003901,0.0013
怅望,秋风,0.414332,2.753271,3,9,49,0.003901,0.02124,0.0013
今已,秋风,0.414332,2.753271,3,9,49,0.003901,0.02124,0.0013
今日,千秋,0.413964,2.463889,6,62,19,0.026875,0.008236,0.002601
春日,芳树,0.413498,2.91539,2,10,25,0.004335,0.010837,0.000867
千载,南国,0.413498,2.91539,2,25,10,0.010837,0.004335,0.000867
千载,封侯,0.413498,2.91539,2,25,10,0.010837,0.004335,0.000867
千载,白马,0.413498,2.91539,2,25,10,0.010837,0.004335,0.000867
千载,萧条,0.413498,2.91539,2,25,10,0.010837,0.004335,0.000867
叹息,昔日,0.413498,2.91539,2,25,10,0.010837,0.004335,0.000867
千载,昔日,0.413498,2.91539,2,25,10,0.010837,0.004335,0.000867
杨柳,红粉,0.413311,2.746491,3,37,12,0.016038,0.005202,0.0013
归去,杨柳,0.413311,2.746491,3,12,37,0.005202,0.016038,0.0013
凤凰,别离,0.412591,2.530944,5,54,17,0.023407,0.007369,0.002167
功名,将军,0.412368,2.907421,2,7,36,0.003034,0.015605,0.000867
今夜,帝乡,0.412368,2.907421,2,12,21,0.005202,0.009103,0.000867
春风,池上,0.412368,2.907421,2,36,7,0.015605,0.003034,0.000867
春风,有情,0.412368,2.907421,2,36,7,0.015605,0.003034,0.000867
月光,白露,0.412368,2.907421,2,12,21,0.005202,0.009103,0.000867
少年,白发,0.412368,2.907421,2,14,18,0.006068,0.007802,0.000867
万年,公卿,0.412368,2.907421,2,28,9,0.012137,0.003901,0.000867
公卿,流水,0.412368,2.907421,2,9,28,0.003901,0.012137,0.000867
春风,阙下,0.412368,2.907421,2,36,7,0.015605,0.003034,0.000867
将军,烟波,0.412368,2.907421,2,36,7,0.015605,0.003034,0.000867
天上,鱼龙,0.412368,2.907421,2,28,9,0.012137,0.003901,0.000867
公卿,天下,0.412368,2.907421,2,9,28,0.003901,0.012137,0.000867
月照,风霜,0.412368,2.907421,2,18,14,0.007802,0.006068,0.000867
红尘,风光,0.412368,2.907421,2,12,21,0.005202,0.009103,0.000867
风光,鹦鹉,0.412368,2.907421,2,21,12,0.009103,0.005202,0.000867
天下,衣冠,0.412368,2.907421,2,28,9,0.012137,0.003901,0.000867
山中,登高,0.412368,2.907421,2,14,18,0.006068,0.007802,0.000867
淹留,登高,0.412368,2.907421,2,14,18,0.006068,0.007802,0.000867
山河,登高,0.412368,2.907421,2,14,18,0.006068,0.007802,0.000867
古来,少年,0.412368,2.907421,2,18,14,0.007802,0.006068,0.000867
今年,古来,0.412368,2.907421,2,14,18,0.006068,0.007802,0.000867
无限,白发,0.412368,2.907421,2,14,18,0.006068,0.007802,0.000867
归路,风景,0.412368,2.907421,2,21,12,0.009103,0.005202,0.000867
丈夫,蛾眉,0.412368,2.907421,2,12,21,0.005202,0.009103,0.000867
丈夫,岁月,0.412368,2.907421,2,12,21,0.005202,0.009103,0.000867
寂寞,岁月,0.412368,2.907421,2,12,21,0.005202,0.009103,0.000867
摇落,白露,0.412368,2.907421,2,12,21,0.005202,0.009103,0.000867
月满,白露,0.412368,2.907421,2,12,21,0.005202,0.009103,0.000867
万年,圣主,0.412368,2.907421,2,28,9,0.012137,0.003901,0.000867
万年,欢娱,0.412077,2.619739,4,28,24,0.012137,0.010403,0.001734
千金,徘徊,0.411962,2.737522,3,32,14,0.013871,0.006068,0.0013
楼前,纵横,0.411925,3.189826,1,5,19,0.002167,0.008236,0.000433
东方,北斗,0.411925,3.189826,1,5,19,0.002167,0.008236,0.000433
北斗,梧桐,0.411925,3.189826,1,19,5,0.008236,0.002167,0.000433
林下,烟霞,0.411925,3.189826,1,5,19,0.002167,0.008236,0.000433
烟霞,经年,0.411925,3.189826,1,19,5,0.008236,0.002167,0.000433
古今,烟霞,0.411925,3.189826,1,5,19,0.002167,0.008236,0.000433
叶落,烟霞,0.411925,3.189826,1,5,19,0.002167,0.008236,0.000433
叶落,纵横,0.411925,3.189826,1,5,19,0.002167,0.008236,0.000433
千秋,浮生,0.411925,3.189826,1,19,5,0.008236,0.002167,0.000433
月明,浮生,0.411925,3.189826,1,19,5,0.008236,0.002167,0.000433
寒山,月明,0.411925,3.189826,1,5,19,0.002167,0.008236,0.000433
秋月,衣裳,0.411925,3.189826,1,19,5,0.008236,0.002167,0.000433
纵横,自古,0.411925,3.189826,1,19,5,0.008236,0.002167,0.000433
纵横,衣裳,0.411925,3.189826,1,19,5,0.008236,0.002167,0.000433
世上,纵横,0.411925,3.189826,1,5,19,0.002167,0.008236,0.000433
万事,北斗,0.411925,3.189826,1,5,19,0.002167,0.008236,0.000433
孤城,月明,0.411925,3.189826,1,5,19,0.002167,0.008236,0.000433
十年,黄叶,0.411806,2.903461,2,23,11,0.00997,0.004768,0.000867
天涯,明主,0.411806,2.903461,2,11,23,0.004768,0.00997,0.000867
秋色,风尘,0.411806,2.903461,2,11,23,0.004768,0.00997,0.000867
叹息,风起,0.411376,2.615285,4,25,27,0.010837,0.011704,0.001734
光辉,紫微,0.411291,2.733068,3,30,15,0.013004,0.006502,0.0013
平生,松风,0.411291,2.733068,3,45,10,0.019506,0.004335,0.0013
叹息,白发,0.411291,2.733068,3,25,18,0.010837,0.007802,0.0013
古来,叹息,0.411291,2.733068,3,18,25,0.007802,0.010837,0.0013
平生,风月,0.411291,2.733068,3,45,10,0.019506,0.004335,0.0013
悠悠,白玉,0.410957,2.730848,3,41,11,0.017772,0.004768,0.0013
悠悠,行人,0.410957,2.730848,3,41,11,0.017772,0.004768,0.0013
楼上,相逢,0.410689,2.895587,2,15,17,0.006502,0.007369,0.000867
别离,无穷,0.410689,2.895587,2,17,15,0.007369,0.006502,0.000867
无穷,梅花,0.410689,2.895587,2,15,17,0.006502,0.007369,0.000867
瑶池,白雪,0.410573,3.179355,1,16,6,0.006935,0.002601,0.000433
双阙,玉树,0.410573,3.179355,1,8,12,0.003468,0.005202,0.000433
双阙,清风,0.410573,3.179355,1,8,12,0.003468,0.005202,0.000433
千万,翡翠,0.410573,3.179355,1,8,12,0.003468,0.005202,0.000433
氛氲,鸟飞,0.410573,3.179355,1,24,4,0.010403,0.001734,0.000433
洞庭,鸟飞,0.410573,3.179355,1,24,4,0.010403,0.001734,0.000433
羽翼,路长,0.410573,3.179355,1,6,16,0.002601,0.006935,0.000433
断肠,翡翠,0.410573,3.179355,1,8,12,0.003468,0.005202,0.000433
巫峡,欢娱,0.410573,3.179355,1,4,24,0.001734,0.010403,0.000433
千金,秋来,0.410573,3.179355,1,32,3,0.013871,0.0013,0.000433
明年,蛟龙,0.410573,3.179355,1,16,6,0.006935,0.002601,0.000433
相望,蛟龙,0.410573,3.179355,1,16,6,0.006935,0.002601,0.000433
主人,别后,0.410573,3.179355,1,8,12,0.003468,0.005202,0.000433
中原,君王,0.410573,3.179355,1,4,24,0.001734,0.010403,0.000433
君王,玉堂,0.410573,3.179355,1,24,4,0.010403,0.001734,0.000433
南宫,游子,0.410573,3.179355,1,8,12,0.003468,0.005202,0.000433
无情,逶迤,0.410573,3.179355,1,6,16,0.002601,0.006935,0.000433
御沟,无情,0.410573,3.179355,1,16,6,0.006935,0.002601,0.000433
朝廷,清风,0.410573,3.179355,1,8,12,0.003468,0.005202,0.000433
丈夫,朝廷,0.410573,3.179355,1,12,8,0.005202,0.003468,0.000433
氛氲,玉堂,0.410573,3.179355,1,24,4,0.010403,0.001734,0.000433
红尘,门前,0.410573,3.179355,1,12,8,0.005202,0.003468,0.000433
门前,鹦鹉,0.410573,3.179355,1,8,12,0.003468,0.005202,0.000433
朝朝,门前,0.410573,3.179355,1,12,8,0.005202,0.003468,0.000433
翡翠,门前,0.410573,3.179355,1,12,8,0.005202,0.003468,0.000433
杜陵,氛氲,0.410573,3.179355,1,4,24,0.001734,0.010403,0.000433
红尘,陌上,0.410573,3.179355,1,12,8,0.005202,0.003468,0.000433
相知,红尘,0.410573,3.179355,1,8,12,0.003468,0.005202,0.000433
双阙,红尘,0.410573,3.179355,1,8,12,0.003468,0.005202,0.000433
须臾,鹦鹉,0.410573,3.179355,1,8,12,0.003468,0.005202,0.000433
朝朝,须臾,0.410573,3.179355,1,12,8,0.005202,0.003468,0.000433
陌上,鹦鹉,0.410573,3.179355,1,8,12,0.003468,0.005202,0.000433
相知,鹦鹉,0.410573,3.179355,1,8,12,0.003468,0.005202,0.000433
双阙,鹦鹉,0.410573,3.179355,1,8,12,0.003468,0.005202,0.000433
朝朝,陌上,0.410573,3.179355,1,12,8,0.005202,0.003468,0.000433
朝朝,相知,0.410573,3.179355,1,12,8,0.005202,0.003468,0.000433
相知,翡翠,0.410573,3.179355,1,8,12,0.003468,0.005202,0.000433
双阙,朝朝,0.410573,3.179355,1,8,12,0.003468,0.005202,0.000433
双阙,翡翠,0.410573,3.179355,1,8,12,0.003468,0.005202,0.000433
思君,无情,0.410573,3.179355,1,16,6,0.006935,0.002601,0.000433
名利,日暮,0.410573,3.179355,1,3,32,0.0013,0.013871,0.000433
主人,红尘,0.410573,3.179355,1,8,12,0.003468,0.005202,0.000433
别后,路难,0.410573,3.179355,1,12,8,0.005202,0.003468,0.000433
归去,门前,0.410573,3.179355,1,12,8,0.005202,0.003468,0.000433
回首,焚香,0.410573,3.179355,1,16,6,0.006935,0.002601,0.000433
今夜,寒食,0.410573,3.179355,1,12,8,0.005202,0.003468,0.000433
今夜,思归,0.410573,3.179355,1,12,8,0.005202,0.003468,0.000433
今夜,河汉,0.410573,3.179355,1,12,8,0.005202,0.003468,0.000433
万物,芳草,0.410573,3.179355,1,8,12,0.003468,0.005202,0.000433
行乐,黄河,0.410573,3.179355,1,12,8,0.005202,0.003468,0.000433
思归,行乐,0.410573,3.179355,1,8,12,0.003468,0.005202,0.000433
南宫,行乐,0.410573,3.179355,1,8,12,0.003468,0.005202,0.000433
主人,行乐,0.410573,3.179355,1,8,12,0.003468,0.005202,0.000433
相知,芳草,0.410573,3.179355,1,8,12,0.003468,0.005202,0.000433
丈夫,相知,0.410573,3.179355,1,12,8,0.005202,0.003468,0.000433
山路,莲花,0.410573,3.179355,1,8,12,0.003468,0.005202,0.000433
相望,茫茫,0.410573,3.179355,1,16,6,0.006935,0.002601,0.000433
氛氲,高树,0.410573,3.179355,1,24,4,0.010403,0.001734,0.000433
蛟龙,路长,0.410573,3.179355,1,6,16,0.002601,0.006935,0.000433
月满,玲珑,0.410573,3.179355,1,12,8,0.005202,0.003468,0.000433
城中,物外,0.410573,3.179355,1,8,12,0.003468,0.005202,0.000433
莲花,颜色,0.410573,3.179355,1,12,8,0.005202,0.003468,0.000433
春来,羽翼,0.410573,3.179355,1,16,6,0.006935,0.002601,0.000433
垂杨,春来,0.410573,3.179355,1,6,16,0.002601,0.006935,0.000433
春来,金陵,0.410573,3.179355,1,16,6,0.006935,0.002601,0.000433
归去,当时,0.410573,3.179355,1,12,8,0.005202,0.003468,0.000433
当时,红尘,0.410573,3.179355,1,8,12,0.003468,0.005202,0.000433
当时,长沙,0.410573,3.179355,1,8,12,0.003468,0.005202,0.000433
南宫,归去,0.410573,3.179355,1,8,12,0.003468,0.005202,0.000433
白头,羽翼,0.410573,3.179355,1,16,6,0.006935,0.002601,0.000433
朱门,白头,0.410573,3.179355,1,6,16,0.002601,0.006935,0.000433
垂杨,白头,0.410573,3.179355,1,6,16,0.002601,0.006935,0.000433
白头,金陵,0.410573,3.179355,1,16,6,0.006935,0.002601,0.000433
南宫,长沙,0.410573,3.179355,1,8,12,0.003468,0.005202,0.000433
长沙,须臾,0.410573,3.179355,1,12,8,0.005202,0.003468,0.000433
日暮,玉楼,0.410573,3.179355,1,32,3,0.013871,0.0013,0.000433
丈夫,当时,0.410573,3.179355,1,12,8,0.005202,0.003468,0.000433
当时,迢递,0.410573,3.179355,1,8,12,0.003468,0.005202,0.000433
寂寞,当时,0.410573,3.179355,1,12,8,0.005202,0.003468,0.000433
东南,当时,0.410573,3.179355,1,12,8,0.005202,0.003468,0.000433
别后,当时,0.410573,3.179355,1,12,8,0.005202,0.003468,0.000433
春来,相亲,0.410573,3.179355,1,16,6,0.006935,0.002601,0.000433
春来,相寻,0.410573,3.179355,1,16,6,0.006935,0.002601,0.000433
今夜,莺啼,0.410573,3.179355,1,12,8,0.005202,0.003468,0.000433
今夜,君心,0.410573,3.179355,1,12,8,0.005202,0.003468,0.000433
莺啼,迢递,0.410573,3.179355,1,8,12,0.003468,0.005202,0.000433
君心,迢递,0.410573,3.179355,1,8,12,0.003468,0.005202,0.000433
莺啼,鹦鹉,0.410573,3.179355,1,8,12,0.003468,0.005202,0.000433
朝朝,莺啼,0.410573,3.179355,1,12,8,0.005202,0.003468,0.000433
君心,鹦鹉,0.410573,3.179355,1,8,12,0.003468,0.005202,0.000433
君心,朝朝,0.410573,3.179355,1,8,12,0.003468,0.005202,0.000433
御沟,相寻,0.410573,3.179355,1,16,6,0.006935,0.002601,0.000433
丈夫,君心,0.410573,3.179355,1,12,8,0.005202,0.003468,0.000433
丈夫,千万,0.410573,3.179355,1,12,8,0.005202,0.003468,0.000433
君心,归去,0.410573,3.179355,1,8,12,0.003468,0.005202,0.000433
河汉,迢递,0.410573,3.179355,1,8,12,0.003468,0.005202,0.000433
今夜,朝廷,0.410573,3.179355,1,12,8,0.005202,0.003468,0.000433
朝廷,江山,0.410573,3.179355,1,8,12,0.003468,0.005202,0.000433
朝廷,草绿,0.410573,3.179355,1,8,12,0.003468,0.005202,0.000433
朝廷,辛苦,0.410573,3.179355,1,8,12,0.003468,0.005202,0.000433
思君,还家,0.410573,3.179355,1,16,6,0.006935,0.002601,0.000433
明年,还家,0.410573,3.179355,1,16,6,0.006935,0.002601,0.000433
万古,红粉,0.410573,3.179355,1,8,12,0.003468,0.005202,0.000433
断肠,红粉,0.410573,3.179355,1,8,12,0.003468,0.005202,0.000433
回首,垂杨,0.410573,3.179355,1,16,6,0.006935,0.002601,0.000433
白头,青草,0.410573,3.179355,1,16,6,0.006935,0.002601,0.000433
逶迤,青苔,0.410573,3.179355,1,16,6,0.006935,0.002601,0.000433
瑶池,青苔,0.410573,3.179355,1,16,6,0.006935,0.002601,0.000433
游子,颜色,0.410573,3.179355,1,12,8,0.005202,0.003468,0.000433
翡翠,颜色,0.410573,3.179355,1,12,8,0.005202,0.003468,0.000433
圣人,颜色,0.410573,3.179355,1,12,8,0.005202,0.003468,0.000433
摇落,颜色,0.410573,3.179355,1,12,8,0.005202,0.003468,0.000433
月满,颜色,0.410573,3.179355,1,12,8,0.005202,0.003468,0.000433
忆昔,逶迤,0.410573,3.179355,1,6,16,0.002601,0.006935,0.000433
茫茫,逶迤,0.410573,3.179355,1,6,16,0.002601,0.006935,0.000433
清净,美人,0.410573,3.179355,1,4,24,0.001734,0.010403,0.000433
万物,游子,0.410573,3.179355,1,8,12,0.003468,0.005202,0.000433
单于,游子,0.410573,3.179355,1,8,12,0.003468,0.005202,0.000433
游子,须臾,0.410573,3.179355,1,12,8,0.005202,0.003468,0.000433
昆仑,游子,0.410573,3.179355,1,8,12,0.003468,0.005202,0.000433
游子,蹉跎,0.410573,3.179355,1,12,8,0.005202,0.003468,0.000433
万物,翡翠,0.410573,3.179355,1,8,12,0.003468,0.005202,0.000433
单于,翡翠,0.410573,3.179355,1,8,12,0.003468,0.005202,0.000433
昆仑,翡翠,0.410573,3.179355,1,8,12,0.003468,0.005202,0.000433
翡翠,蹉跎,0.410573,3.179355,1,12,8,0.005202,0.003468,0.000433
万物,圣人,0.410573,3.179355,1,8,12,0.003468,0.005202,0.000433
万物,摇落,0.410573,3.179355,1,8,12,0.003468,0.005202,0.000433
万物,月满,0.410573,3.179355,1,8,12,0.003468,0.005202,0.000433
忆昔,瑶池,0.410573,3.179355,1,6,16,0.002601,0.006935,0.000433
单于,圣人,0.410573,3.179355,1,8,12,0.003468,0.005202,0.000433
单于,摇落,0.410573,3.179355,1,8,12,0.003468,0.005202,0.000433
单于,月满,0.410573,3.179355,1,8,12,0.003468,0.005202,0.000433
玉堂,美人,0.410573,3.179355,1,4,24,0.001734,0.010403,0.000433
圣人,须臾,0.410573,3.179355,1,12,8,0.005202,0.003468,0.000433
圣人,蹉跎,0.410573,3.179355,1,12,8,0.005202,0.003468,0.000433
摇落,须臾,0.410573,3.179355,1,12,8,0.005202,0.003468,0.000433
月满,须臾,0.410573,3.179355,1,12,8,0.005202,0.003468,0.000433
摇落,昆仑,0.410573,3.179355,1,12,8,0.005202,0.003468,0.000433
昆仑,月满,0.410573,3.179355,1,8,12,0.003468,0.005202,0.000433
瑶池,茫茫,0.410573,3.179355,1,16,6,0.006935,0.002601,0.000433
月满,蹉跎,0.410573,3.179355,1,12,8,0.005202,0.003468,0.000433
两相,氛氲,0.410573,3.179355,1,4,24,0.001734,0.010403,0.000433
日暮,深山,0.410573,3.179355,1,32,3,0.013871,0.0013,0.000433
千金,苍茫,0.410573,3.179355,1,32,3,0.013871,0.0013,0.000433
千金,是非,0.410573,3.179355,1,32,3,0.013871,0.0013,0.000433
主人,清风,0.410573,3.179355,1,8,12,0.003468,0.005202,0.000433
别后,陌上,0.410573,3.179355,1,12,8,0.005202,0.003468,0.000433
云深,千金,0.410573,3.179355,1,3,32,0.0013,0.013871,0.000433
行乐,走马,0.410573,3.179355,1,12,8,0.005202,0.003468,0.000433
走马,风景,0.410573,3.179355,1,8,12,0.003468,0.005202,0.000433
东流,茫茫,0.410573,3.179355,1,16,6,0.006935,0.002601,0.000433
八月,千金,0.410573,3.179355,1,3,32,0.0013,0.013871,0.000433
千金,自知,0.410573,3.179355,1,32,3,0.013871,0.0013,0.000433
双阙,行乐,0.410573,3.179355,1,8,12,0.003468,0.005202,0.000433
城中,莲花,0.410573,3.179355,1,8,12,0.003468,0.005202,0.000433
梦里,氛氲,0.410573,3.179355,1,4,24,0.001734,0.010403,0.000433
城中,鹦鹉,0.410573,3.179355,1,8,12,0.003468,0.005202,0.000433
归去,昔年,0.410573,3.179355,1,12,8,0.005202,0.003468,0.000433
圣人,昔年,0.410573,3.179355,1,12,8,0.005202,0.003468,0.000433
寒食,行乐,0.410573,3.179355,1,8,12,0.003468,0.005202,0.000433
摇落,走马,0.410573,3.179355,1,12,8,0.005202,0.003468,0.000433
山下,相寻,0.410573,3.179355,1,16,6,0.006935,0.002601,0.000433
昆仑,鹦鹉,0.410573,3.179355,1,8,12,0.003468,0.005202,0.000433
他人,千金,0.410573,3.179355,1,3,32,0.0013,0.013871,0.000433
日夕,红尘,0.410573,3.179355,1,8,12,0.003468,0.005202,0.000433
千秋,歌舞,0.410299,2.516882,5,19,49,0.008236,0.02124,0.002167
千金,走马,0.410134,2.891673,2,32,8,0.013871,0.003468,0.000867
东流,春来,0.410134,2.891673,2,16,16,0.006935,0.006935,0.000867
相望,路长,0.410134,2.891673,2,16,16,0.006935,0.006935,0.000867
日暮,须臾,0.410134,2.891673,2,32,8,0.013871,0.003468,0.000867
南宫,日暮,0.410134,2.891673,2,8,32,0.003468,0.013871,0.000867
芳菲,黄金,0.409753,2.604968,4,31,22,0.013437,0.009536,0.001734
秋月,美人,0.409298,2.719823,3,19,24,0.008236,0.010403,0.0013
丈夫,白日,0.409298,2.719823,3,12,38,0.005202,0.016472,0.0013
归去,风吹,0.409298,2.719823,3,12,38,0.005202,0.016472,0.0013
有情,杨柳,0.408482,2.880022,2,7,37,0.003034,0.016038,0.000867
杨柳,烟波,0.408482,2.880022,2,37,7,0.016038,0.003034,0.000867
洛阳,王孙,0.408311,2.713265,3,51,9,0.022107,0.003901,0.0013
九重,十年,0.407984,2.711089,3,20,23,0.008669,0.00997,0.0013
九重,绮罗,0.407935,2.876169,2,20,13,0.008669,0.005635,0.000867
九重,北风,0.407935,2.876169,2,20,13,0.008669,0.005635,0.000867
江上,江南,0.407935,2.876169,2,20,13,0.008669,0.005635,0.000867
人生,鸳鸯,0.407935,2.876169,2,13,20,0.005635,0.008669,0.000867
人生,海上,0.407935,2.876169,2,13,20,0.005635,0.008669,0.000867
岐路,苦辛,0.407935,2.876169,2,20,13,0.008669,0.005635,0.000867
他乡,封侯,0.407935,2.876169,2,26,10,0.01127,0.004335,0.000867
他乡,江水,0.407935,2.876169,2,26,10,0.01127,0.004335,0.000867
北风,未央,0.407935,2.876169,2,13,20,0.005635,0.008669,0.000867
北风,鸳鸯,0.407935,2.876169,2,13,20,0.005635,0.008669,0.000867
窈窕,落叶,0.407935,2.876169,2,26,10,0.01127,0.004335,0.000867
山水,风月,0.407935,2.876169,2,26,10,0.01127,0.004335,0.000867
江海,青山,0.407935,2.876169,2,10,26,0.004335,0.01127,0.000867
他乡,风月,0.407935,2.876169,2,26,10,0.01127,0.004335,0.000867
海上,蓬莱,0.407935,2.876169,2,20,13,0.008669,0.005635,0.000867
青山,风月,0.407935,2.876169,2,26,10,0.01127,0.004335,0.000867
白马,百年,0.407935,2.876169,2,10,26,0.004335,0.01127,0.000867
西山,阳春,0.407935,2.876169,2,13,20,0.005635,0.008669,0.000867
徘徊,阙下,0.40791,3.158736,1,14,7,0.006068,0.003034,0.000433
少年,花枝,0.40791,3.158736,1,14,7,0.006068,0.003034,0.000433
山河,潺湲,0.40791,3.158736,1,14,7,0.006068,0.003034,0.000433
山河,惆怅,0.40791,3.158736,1,14,7,0.006068,0.003034,0.000433
惆怅,花飞,0.40791,3.158736,1,7,14,0.003034,0.006068,0.000433
日夜,马上,0.40791,3.158736,1,7,14,0.003034,0.006068,0.000433
咸阳,山河,0.40791,3.158736,1,7,14,0.003034,0.006068,0.000433
歌舞,独立,0.40791,3.158736,1,49,2,0.02124,0.000867,0.000433
歌舞,长江,0.40791,3.158736,1,49,2,0.02124,0.000867,0.000433
雨雪,风霜,0.40791,3.158736,1,7,14,0.003034,0.006068,0.000433
世间,秋风,0.40791,3.158736,1,2,49,0.000867,0.02124,0.000433
徘徊,惆怅,0.40791,3.158736,1,14,7,0.006068,0.003034,0.000433
路岐,马上,0.40791,3.158736,1,7,14,0.003034,0.006068,0.000433
烟波,空馀,0.40791,3.158736,1,7,14,0.003034,0.006068,0.000433
青楼,风流,0.40791,3.158736,1,14,7,0.006068,0.003034,0.000433
尘埃,风流,0.40791,3.158736,1,14,7,0.006068,0.003034,0.000433
无限,风流,0.40791,3.158736,1,14,7,0.006068,0.003034,0.000433
淹留,风流,0.40791,3.158736,1,14,7,0.006068,0.003034,0.000433
潺湲,相识,0.40791,3.158736,1,7,14,0.003034,0.006068,0.000433
月出,秋风,0.40791,3.158736,1,2,49,0.000867,0.02124,0.000433
秋风,飞鸟,0.40791,3.158736,1,49,2,0.02124,0.000867,0.000433
丞相,尘埃,0.40791,3.158736,1,7,14,0.003034,0.006068,0.000433
丞相,马上,0.40791,3.158736,1,7,14,0.003034,0.006068,0.000433
出入,秋风,0.40791,3.158736,1,2,49,0.000867,0.02124,0.000433
尘埃,骨肉,0.40791,3.158736,1,14,7,0.006068,0.003034,0.000433
咸阳,尘埃,0.40791,3.158736,1,7,14,0.003034,0.006068,0.000433
世人,秋风,0.40791,3.158736,1,2,49,0.000867,0.02124,0.000433
感激,秋风,0.40791,3.158736,1,2,49,0.000867,0.02124,0.000433
马上,骨肉,0.40791,3.158736,1,14,7,0.006068,0.003034,0.000433
楚水,秋风,0.40791,3.158736,1,2,49,0.000867,0.02124,0.000433
咸阳,马上,0.40791,3.158736,1,7,14,0.003034,0.006068,0.000433
来往,秋风,0.40791,3.158736,1,2,49,0.000867,0.02124,0.000433
月落,秋风,0.40791,3.158736,1,2,49,0.000867,0.02124,0.000433
汉宫,马上,0.40791,3.158736,1,7,14,0.003034,0.006068,0.000433
山中,马蹄,0.40791,3.158736,1,14,7,0.006068,0.003034,0.000433
尘埃,马蹄,0.40791,3.158736,1,14,7,0.006068,0.003034,0.000433
山僧,秋风,0.40791,3.158736,1,2,49,0.000867,0.02124,0.000433
佳期,桃李,0.407391,2.87233,2,9,29,0.003901,0.01257,0.000867
桃李,绿水,0.407391,2.87233,2,29,9,0.01257,0.003901,0.000867
千年,圣主,0.407391,2.87233,2,29,9,0.01257,0.003901,0.000867
富贵,桃李,0.407391,2.87233,2,9,29,0.003901,0.01257,0.000867
少年,落花,0.407331,2.706751,3,14,33,0.006068,0.014304,0.0013
今年,落花,0.407331,2.706751,3,14,33,0.006068,0.014304,0.0013
公子,汉家,0.407331,2.706751,3,21,22,0.009103,0.009536,0.0013
公子,黄金,0.407331,2.706751,3,21,22,0.009103,0.009536,0.0013
年年,相识,0.407331,2.706751,3,33,14,0.014304,0.006068,0.0013
北阙,南山,0.407331,2.706751,3,14,33,0.006068,0.014304,0.0013
落花,蛾眉,0.407236,2.588968,4,33,21,0.014304,0.009103,0.001734
年年,蛾眉,0.407236,2.588968,4,33,21,0.014304,0.009103,0.001734
落花,风光,0.407236,2.588968,4,33,21,0.014304,0.009103,0.001734
凉风,秋色,0.406599,3.148583,1,9,11,0.003901,0.004768,0.000433
今已,春草,0.406599,3.148583,1,9,11,0.003901,0.004768,0.000433
清晨,白玉,0.406599,3.148583,1,9,11,0.003901,0.004768,0.000433
日晚,清晨,0.406599,3.148583,1,11,9,0.004768,0.003901,0.000433
愁人,落花,0.406599,3.148583,1,3,33,0.0013,0.014304,0.000433
云深,落花,0.406599,3.148583,1,3,33,0.0013,0.014304,0.000433
道路,飘飖,0.406599,3.148583,1,11,9,0.004768,0.003901,0.000433
双飞,青松,0.406599,3.148583,1,9,11,0.003901,0.004768,0.000433
双飞,白玉,0.406599,3.148583,1,9,11,0.003901,0.004768,0.000433
大道,青松,0.406599,3.148583,1,9,11,0.003901,0.004768,0.000433
寂寥,青松,0.406599,3.148583,1,9,11,0.003901,0.004768,0.000433
大道,白玉,0.406599,3.148583,1,9,11,0.003901,0.004768,0.000433
寂寥,白玉,0.406599,3.148583,1,9,11,0.003901,0.004768,0.000433
年年,草色,0.406599,3.148583,1,33,3,0.014304,0.0013,0.000433
夕阳,日晚,0.406599,3.148583,1,9,11,0.003901,0.004768,0.000433
王孙,青松,0.406599,3.148583,1,9,11,0.003901,0.004768,0.000433
圣主,太平,0.406599,3.148583,1,9,11,0.003901,0.004768,0.000433
明朝,春草,0.406599,3.148583,1,9,11,0.003901,0.004768,0.000433
凉风,阳城,0.406599,3.148583,1,9,11,0.003901,0.004768,0.000433
明朝,望乡,0.406599,3.148583,1,9,11,0.003901,0.004768,0.000433
望乡,清晨,0.406599,3.148583,1,11,9,0.004768,0.003901,0.000433
望乡,绿水,0.406599,3.148583,1,11,9,0.004768,0.003901,0.000433
望乡,逍遥,0.406599,3.148583,1,11,9,0.004768,0.003901,0.000433
行人,鱼龙,0.406599,3.148583,1,11,9,0.004768,0.003901,0.000433
花满,阳城,0.406599,3.148583,1,9,11,0.003901,0.004768,0.000433
含情,花满,0.406599,3.148583,1,11,9,0.004768,0.003901,0.000433
春光,逍遥,0.406599,3.148583,1,11,9,0.004768,0.003901,0.000433
世事,南山,0.406599,3.148583,1,3,33,0.0013,0.014304,0.000433
世事,年年,0.406599,3.148583,1,3,33,0.0013,0.014304,0.000433
含情,鸡鸣,0.406599,3.148583,1,11,9,0.004768,0.003901,0.000433
太平,鸡鸣,0.406599,3.148583,1,11,9,0.004768,0.003901,0.000433
年年,消息,0.406599,3.148583,1,33,3,0.014304,0.0013,0.000433
松柏,风雨,0.406599,3.148583,1,11,9,0.004768,0.003901,0.000433
松柏,草木,0.406599,3.148583,1,11,9,0.004768,0.003901,0.000433
道路,风雨,0.406599,3.148583,1,11,9,0.004768,0.003901,0.000433
草木,道路,0.406599,3.148583,1,9,11,0.003901,0.004768,0.000433
南山,宫中,0.406599,3.148583,1,33,3,0.014304,0.0013,0.000433
登临,青松,0.406599,3.148583,1,9,11,0.003901,0.004768,0.000433
依然,青松,0.406599,3.148583,1,9,11,0.003901,0.004768,0.000433
分明,青松,0.406599,3.148583,1,9,11,0.003901,0.004768,0.000433
白云,秋声,0.406599,3.148583,1,99,1,0.042913,0.000433,0.000433
天涯,衣冠,0.406599,3.148583,1,11,9,0.004768,0.003901,0.000433
天涯,飘飖,0.406599,3.148583,1,11,9,0.004768,0.003901,0.000433
天涯,高秋,0.406599,3.148583,1,11,9,0.004768,0.003901,0.000433
天涯,竹林,0.406599,3.148583,1,11,9,0.004768,0.003901,0.000433
佳期,天涯,0.406599,3.148583,1,9,11,0.003901,0.004768,0.000433
天涯,昨夜,0.406599,3.148583,1,11,9,0.004768,0.003901,0.000433
年年,才子,0.406599,3.148583,1,33,3,0.014304,0.0013,0.000433
伤心,衣冠,0.406599,3.148583,1,11,9,0.004768,0.003901,0.000433
桃源,衣冠,0.406599,3.148583,1,11,9,0.004768,0.003901,0.000433
衣冠,龙门,0.406599,3.148583,1,9,11,0.003901,0.004768,0.000433
伤心,飘飖,0.406599,3.148583,1,11,9,0.004768,0.003901,0.000433
桃源,飘飖,0.406599,3.148583,1,11,9,0.004768,0.003901,0.000433
飘飖,龙门,0.406599,3.148583,1,9,11,0.003901,0.004768,0.000433
伤心,高秋,0.406599,3.148583,1,11,9,0.004768,0.003901,0.000433
桃源,高秋,0.406599,3.148583,1,11,9,0.004768,0.003901,0.000433
高秋,龙门,0.406599,3.148583,1,9,11,0.003901,0.004768,0.000433
伤心,竹林,0.406599,3.148583,1,11,9,0.004768,0.003901,0.000433
伤心,佳期,0.406599,3.148583,1,11,9,0.004768,0.003901,0.000433
伤心,昨夜,0.406599,3.148583,1,11,9,0.004768,0.003901,0.000433
年年,心期,0.406599,3.148583,1,33,3,0.014304,0.0013,0.000433
年年,猿声,0.406599,3.148583,1,33,3,0.014304,0.0013,0.000433
桃源,竹林,0.406599,3.148583,1,11,9,0.004768,0.003901,0.000433
竹林,龙门,0.406599,3.148583,1,9,11,0.003901,0.004768,0.000433
佳期,桃源,0.406599,3.148583,1,9,11,0.003901,0.004768,0.000433
昨夜,桃源,0.406599,3.148583,1,9,11,0.003901,0.004768,0.000433
佳期,龙门,0.406599,3.148583,1,9,11,0.003901,0.004768,0.000433
昨夜,龙门,0.406599,3.148583,1,9,11,0.003901,0.004768,0.000433
独坐,肠断,0.406599,3.148583,1,11,9,0.004768,0.003901,0.000433
富贵,独坐,0.406599,3.148583,1,9,11,0.003901,0.004768,0.000433
分明,独坐,0.406599,3.148583,1,9,11,0.003901,0.004768,0.000433
消息,落花,0.406599,3.148583,1,3,33,0.0013,0.014304,0.000433
大道,日照,0.406599,3.148583,1,9,11,0.003901,0.004768,0.000433
独坐,闲居,0.406599,3.148583,1,11,9,0.004768,0.003901,0.000433
楚客,相思,0.406599,3.148583,1,3,33,0.0013,0.014304,0.000433
沧浪,相思,0.406599,3.148583,1,3,33,0.0013,0.014304,0.000433
独坐,生死,0.406599,3.148583,1,11,9,0.004768,0.003901,0.000433
寂寥,黄叶,0.406599,3.148583,1,9,11,0.003901,0.004768,0.000433
今已,春光,0.406599,3.148583,1,9,11,0.003901,0.004768,0.000433
今已,黄叶,0.406599,3.148583,1,9,11,0.003901,0.004768,0.000433
富贵,春草,0.406599,3.148583,1,9,11,0.003901,0.004768,0.000433
双飞,春草,0.406599,3.148583,1,9,11,0.003901,0.004768,0.000433
双飞,行人,0.406599,3.148583,1,9,11,0.003901,0.004768,0.000433
怅望,白玉,0.406599,3.148583,1,9,11,0.003901,0.004768,0.000433
怅望,日晚,0.406599,3.148583,1,9,11,0.003901,0.004768,0.000433
他人,南山,0.406599,3.148583,1,3,33,0.0013,0.014304,0.000433
南山,所思,0.406599,3.148583,1,33,3,0.014304,0.0013,0.000433
扁舟,白云,0.406599,3.148583,1,1,99,0.000433,0.042913,0.000433
凉风,独坐,0.406599,3.148583,1,9,11,0.003901,0.004768,0.000433
独坐,高秋,0.406599,3.148583,1,11,9,0.004768,0.003901,0.000433
富贵,高台,0.406599,3.148583,1,9,11,0.003901,0.004768,0.000433
富贵,高楼,0.406599,3.148583,1,9,11,0.003901,0.004768,0.000433
大道,高楼,0.406599,3.148583,1,9,11,0.003901,0.004768,0.000433
南山,连天,0.406599,3.148583,1,33,3,0.014304,0.0013,0.000433
车马,高台,0.406599,3.148583,1,9,11,0.003901,0.004768,0.000433
凉风,君恩,0.406599,3.148583,1,9,11,0.003901,0.004768,0.000433
凉风,含情,0.406599,3.148583,1,9,11,0.003901,0.004768,0.000433
年年,独自,0.406599,3.148583,1,33,3,0.014304,0.0013,0.000433
寂寥,春草,0.406599,3.148583,1,9,11,0.003901,0.004768,0.000433
圣主,重阳,0.406599,3.148583,1,9,11,0.003901,0.004768,0.000433
春草,高秋,0.406599,3.148583,1,11,9,0.004768,0.003901,0.000433
干戈,日斜,0.406599,3.148583,1,9,11,0.003901,0.004768,0.000433
关山,无穷,0.406357,2.700278,3,31,15,0.013437,0.006502,0.0013
相思,门前,0.40577,2.860901,2,33,8,0.014304,0.003468,0.000867
天涯,洞庭,0.40577,2.860901,2,11,24,0.004768,0.010403,0.000867
归去,落日,0.40577,2.860901,2,12,22,0.005202,0.009536,0.000867
君王,高台,0.40577,2.860901,2,24,11,0.010403,0.004768,0.000867
君王,青松,0.40577,2.860901,2,24,11,0.010403,0.004768,0.000867
年年,黄河,0.40577,2.860901,2,33,8,0.014304,0.003468,0.000867
月光,汉家,0.40577,2.860901,2,12,22,0.005202,0.009536,0.000867
巫山,清风,0.40577,2.860901,2,22,12,0.009536,0.005202,0.000867
君王,高楼,0.40577,2.860901,2,24,11,0.010403,0.004768,0.000867
洞庭,高楼,0.40577,2.860901,2,24,11,0.010403,0.004768,0.000867
迢递,闻道,0.40577,2.860901,2,12,22,0.005202,0.009536,0.000867
朝朝,闻道,0.40577,2.860901,2,12,22,0.005202,0.009536,0.000867
君王,天涯,0.40577,2.860901,2,24,11,0.010403,0.004768,0.000867
相思,行路,0.40577,2.860901,2,33,8,0.014304,0.003468,0.000867
年年,行路,0.40577,2.860901,2,33,8,0.014304,0.003468,0.000867
相思,路难,0.40577,2.860901,2,33,8,0.014304,0.003468,0.000867
年年,路难,0.40577,2.860901,2,33,8,0.014304,0.003468,0.000867
千万,年年,0.40577,2.860901,2,8,33,0.003468,0.014304,0.000867
思归,落花,0.40577,2.860901,2,8,33,0.003468,0.014304,0.000867
南山,须臾,0.40577,2.860901,2,33,8,0.014304,0.003468,0.000867
红尘,黄金,0.40577,2.860901,2,12,22,0.005202,0.009536,0.000867
南山,颜色,0.40577,2.860901,2,33,8,0.014304,0.003468,0.000867
单于,南山,0.40577,2.860901,2,8,33,0.003468,0.014304,0.000867
春光,欢娱,0.40577,2.860901,2,11,24,0.004768,0.010403,0.000867
江山,浮云,0.40577,2.860901,2,12,22,0.005202,0.009536,0.000867
欢娱,黄叶,0.40577,2.860901,2,24,11,0.010403,0.004768,0.000867
美人,高楼,0.40577,2.860901,2,24,11,0.010403,0.004768,0.000867
今朝,风景,0.40577,2.860901,2,22,12,0.009536,0.005202,0.000867
归去,黄金,0.40577,2.860901,2,12,22,0.005202,0.009536,0.000867
东南,浮云,0.40577,2.860901,2,12,22,0.005202,0.009536,0.000867
南山,河汉,0.40577,2.860901,2,33,8,0.014304,0.003468,0.000867
巫山,摇落,0.40577,2.860901,2,22,12,0.009536,0.005202,0.000867
游子,闻道,0.40577,2.860901,2,12,22,0.005202,0.009536,0.000867
巫山,游子,0.40577,2.860901,2,22,12,0.009536,0.005202,0.000867
月满,闻道,0.40577,2.860901,2,12,22,0.005202,0.009536,0.000867
圣人,黄金,0.40577,2.860901,2,12,22,0.005202,0.009536,0.000867
太平,氛氲,0.40577,2.860901,2,11,24,0.004768,0.010403,0.000867
参差,朝朝,0.405389,2.693847,3,39,12,0.016905,0.005202,0.0013
忆昔,明月,0.405389,2.693847,3,6,78,0.002601,0.03381,0.0013
他乡,登高,0.405389,2.693847,3,26,18,0.01127,0.007802,0.0013
春风,西山,0.405389,2.693847,3,36,13,0.015605,0.005635,0.0013
松风,猿啼,0.405301,3.138533,1,10,10,0.004335,0.004335,0.000433
沧海,湘水,0.405301,3.138533,1,10,10,0.004335,0.004335,0.000433
岁寒,自言,0.405301,3.138533,1,10,10,0.004335,0.004335,0.000433
封侯,生涯,0.405301,3.138533,1,10,10,0.004335,0.004335,0.000433
故园,殷勤,0.405301,3.138533,1,10,10,0.004335,0.004335,0.000433
南国,自然,0.405301,3.138533,1,10,10,0.004335,0.004335,0.000433
无力,海上,0.405301,3.138533,1,5,20,0.002167,0.008669,0.000433
楼前,鸳鸯,0.405301,3.138533,1,5,20,0.002167,0.008669,0.000433
湘水,白马,0.405301,3.138533,1,10,10,0.004335,0.004335,0.000433
云雨,关河,0.405301,3.138533,1,10,10,0.004335,0.004335,0.000433
苍梧,落叶,0.405301,3.138533,1,10,10,0.004335,0.004335,0.000433
江海,零落,0.405301,3.138533,1,10,10,0.004335,0.004335,0.000433
归心,江上,0.405301,3.138533,1,5,20,0.002167,0.008669,0.000433
天外,清明,0.405301,3.138533,1,10,10,0.004335,0.004335,0.000433
天外,故园,0.405301,3.138533,1,10,10,0.004335,0.004335,0.000433
故园,清明,0.405301,3.138533,1,10,10,0.004335,0.004335,0.000433
白马,路傍,0.405301,3.138533,1,10,10,0.004335,0.004335,0.000433
百花,萧条,0.405301,3.138533,1,10,10,0.004335,0.004335,0.000433
自然,风月,0.405301,3.138533,1,10,10,0.004335,0.004335,0.000433
殷勤,路傍,0.405301,3.138533,1,10,10,0.004335,0.004335,0.000433
云飞,花发,0.405301,3.138533,1,10,10,0.004335,0.004335,0.000433
自然,花发,0.405301,3.138533,1,10,10,0.004335,0.004335,0.000433
故园,路傍,0.405301,3.138533,1,10,10,0.004335,0.004335,0.000433
关河,江海,0.405301,3.138533,1,10,10,0.004335,0.004335,0.000433
文章,零落,0.405301,3.138533,1,10,10,0.004335,0.004335,0.000433
江海,风月,0.405301,3.138533,1,10,10,0.004335,0.004335,0.000433
潇湘,阳春,0.405301,3.138533,1,5,20,0.002167,0.008669,0.000433
九重,使君,0.405301,3.138533,1,20,5,0.008669,0.002167,0.000433
故园,知音,0.405301,3.138533,1,10,10,0.004335,0.004335,0.000433
知音,自言,0.405301,3.138533,1,10,10,0.004335,0.004335,0.000433
知音,花发,0.405301,3.138533,1,10,10,0.004335,0.004335,0.000433
白马,知音,0.405301,3.138533,1,10,10,0.004335,0.004335,0.000433
憔悴,知音,0.405301,3.138533,1,10,10,0.004335,0.004335,0.000433
知音,经过,0.405301,3.138533,1,10,10,0.004335,0.004335,0.000433
故园,自言,0.405301,3.138533,1,10,10,0.004335,0.004335,0.000433
故园,花发,0.405301,3.138533,1,10,10,0.004335,0.004335,0.000433
故园,白马,0.405301,3.138533,1,10,10,0.004335,0.004335,0.000433
故园,风月,0.405301,3.138533,1,10,10,0.004335,0.004335,0.000433
憔悴,故园,0.405301,3.138533,1,10,10,0.004335,0.004335,0.000433
故园,经过,0.405301,3.138533,1,10,10,0.004335,0.004335,0.000433
自言,风月,0.405301,3.138533,1,10,10,0.004335,0.004335,0.000433
憔悴,自言,0.405301,3.138533,1,10,10,0.004335,0.004335,0.000433
花发,风月,0.405301,3.138533,1,10,10,0.004335,0.004335,0.000433
憔悴,花发,0.405301,3.138533,1,10,10,0.004335,0.004335,0.000433
经过,花发,0.405301,3.138533,1,10,10,0.004335,0.004335,0.000433
白马,风月,0.405301,3.138533,1,10,10,0.004335,0.004335,0.000433
憔悴,白马,0.405301,3.138533,1,10,10,0.004335,0.004335,0.000433
白马,经过,0.405301,3.138533,1,10,10,0.004335,0.004335,0.000433
憔悴,风月,0.405301,3.138533,1,10,10,0.004335,0.004335,0.000433
经过,风月,0.405301,3.138533,1,10,10,0.004335,0.004335,0.000433
憔悴,经过,0.405301,3.138533,1,10,10,0.004335,0.004335,0.000433
今来,松风,0.405301,3.138533,1,10,10,0.004335,0.004335,0.000433
今来,白马,0.405301,3.138533,1,10,10,0.004335,0.004335,0.000433
松风,白马,0.405301,3.138533,1,10,10,0.004335,0.004335,0.000433
岐路,百里,0.405301,3.138533,1,20,5,0.008669,0.002167,0.000433
憔悴,生涯,0.405301,3.138533,1,10,10,0.004335,0.004335,0.000433
今来,封侯,0.405301,3.138533,1,10,10,0.004335,0.004335,0.000433
今来,岁寒,0.405301,3.138533,1,10,10,0.004335,0.004335,0.000433
封侯,岁寒,0.405301,3.138533,1,10,10,0.004335,0.004335,0.000433
憔悴,零落,0.405301,3.138533,1,10,10,0.004335,0.004335,0.000433
知音,零落,0.405301,3.138533,1,10,10,0.004335,0.004335,0.000433
寒山,阳春,0.405301,3.138533,1,5,20,0.002167,0.008669,0.000433
人家,阳春,0.405301,3.138533,1,5,20,0.002167,0.008669,0.000433
萧条,落叶,0.405301,3.138533,1,10,10,0.004335,0.004335,0.000433
得意,海上,0.405301,3.138533,1,5,20,0.002167,0.008669,0.000433
得意,青春,0.405301,3.138533,1,5,20,0.002167,0.008669,0.000433
封侯,昔日,0.405301,3.138533,1,10,10,0.004335,0.004335,0.000433
封侯,萧条,0.405301,3.138533,1,10,10,0.004335,0.004335,0.000433
封侯,自言,0.405301,3.138533,1,10,10,0.004335,0.004335,0.000433
封侯,湘水,0.405301,3.138533,1,10,10,0.004335,0.004335,0.000433
昔日,萧条,0.405301,3.138533,1,10,10,0.004335,0.004335,0.000433
昔日,自言,0.405301,3.138533,1,10,10,0.004335,0.004335,0.000433
昔日,湘水,0.405301,3.138533,1,10,10,0.004335,0.004335,0.000433
海上,自古,0.405301,3.138533,1,20,5,0.008669,0.002167,0.000433
自古,青春,0.405301,3.138533,1,5,20,0.002167,0.008669,0.000433
海上,衣裳,0.405301,3.138533,1,20,5,0.008669,0.002167,0.000433
衣裳,青春,0.405301,3.138533,1,5,20,0.002167,0.008669,0.000433
自言,萧条,0.405301,3.138533,1,10,10,0.004335,0.004335,0.000433
湘水,萧条,0.405301,3.138533,1,10,10,0.004335,0.004335,0.000433
湘水,自言,0.405301,3.138533,1,10,10,0.004335,0.004335,0.000433
梧桐,鸳鸯,0.405301,3.138533,1,5,20,0.002167,0.008669,0.000433
关河,苍梧,0.405301,3.138533,1,10,10,0.004335,0.004335,0.000433
江海,经过,0.405301,3.138533,1,10,10,0.004335,0.004335,0.000433
承恩,清明,0.405301,3.138533,1,10,10,0.004335,0.004335,0.000433
江上,经年,0.405301,3.138533,1,20,5,0.008669,0.002167,0.000433
海上,经年,0.405301,3.138533,1,20,5,0.008669,0.002167,0.000433
承恩,百花,0.405301,3.138533,1,10,10,0.004335,0.004335,0.000433
九重,孤城,0.405301,3.138533,1,20,5,0.008669,0.002167,0.000433
云雨,湘水,0.405301,3.138533,1,10,10,0.004335,0.004335,0.000433
松风,路傍,0.405301,3.138533,1,10,10,0.004335,0.004335,0.000433
湘水,猿啼,0.405301,3.138533,1,10,10,0.004335,0.004335,0.000433
松风,经过,0.405301,3.138533,1,10,10,0.004335,0.004335,0.000433
文章,白马,0.405301,3.138533,1,10,10,0.004335,0.004335,0.000433
花前,路傍,0.405301,3.138533,1,10,10,0.004335,0.004335,0.000433
东西,鸳鸯,0.405301,3.138533,1,5,20,0.002167,0.008669,0.000433
花发,路傍,0.405301,3.138533,1,10,10,0.004335,0.004335,0.000433
芳树,鸟飞,0.405301,3.138533,1,25,4,0.010837,0.001734,0.000433
千载,江湖,0.405301,3.138533,1,25,4,0.010837,0.001734,0.000433
千载,杜陵,0.405301,3.138533,1,25,4,0.010837,0.001734,0.000433
相忆,芳树,0.405301,3.138533,1,4,25,0.001734,0.010837,0.000433
花开,道士,0.405301,3.138533,1,25,4,0.010837,0.001734,0.000433
千载,南北,0.405301,3.138533,1,25,4,0.010837,0.001734,0.000433
南北,叹息,0.405301,3.138533,1,4,25,0.001734,0.010837,0.000433
千载,清净,0.405301,3.138533,1,25,4,0.010837,0.001734,0.000433
叹息,清净,0.405301,3.138533,1,25,4,0.010837,0.001734,0.000433
叹息,诸侯,0.405301,3.138533,1,25,4,0.010837,0.001734,0.000433
叹息,玉堂,0.405301,3.138533,1,25,4,0.010837,0.001734,0.000433
山川,波涛,0.405301,3.138533,1,50,2,0.021673,0.000867,0.000433
阙下,风吹,0.404699,2.853354,2,7,38,0.003034,0.016472,0.000867
北斗,徘徊,0.404699,2.853354,2,19,14,0.008236,0.006068,0.000867
山中,烟霞,0.404699,2.853354,2,14,19,0.006068,0.008236,0.000867
咸阳,白日,0.404699,2.853354,2,7,38,0.003034,0.016472,0.000867
可怜,青楼,0.402838,2.676898,3,34,14,0.014738,0.006068,0.0013
可怜,少年,0.402838,2.676898,3,34,14,0.014738,0.006068,0.0013
可怜,无限,0.402838,2.676898,3,34,14,0.014738,0.006068,0.0013
家贫,洛阳,0.402744,3.11873,1,2,51,0.000867,0.022107,0.000433
洛阳,独立,0.402744,3.11873,1,51,2,0.022107,0.000867,0.000433
来往,洛阳,0.402744,3.11873,1,2,51,0.000867,0.022107,0.000433
携手,相看,0.402744,3.11873,1,17,6,0.007369,0.002601,0.000433
相逢,还家,0.402744,3.11873,1,17,6,0.007369,0.002601,0.000433
不归,无情,0.402744,3.11873,1,17,6,0.007369,0.002601,0.000433
千门,萧索,0.402744,3.11873,1,17,6,0.007369,0.002601,0.000433
千门,苍生,0.402744,3.11873,1,17,6,0.007369,0.002601,0.000433
归来,忆昔,0.402744,3.11873,1,17,6,0.007369,0.002601,0.000433
翠微,金陵,0.402744,3.11873,1,17,6,0.007369,0.002601,0.000433
十载,青门,0.402744,3.11873,1,6,17,0.002601,0.007369,0.000433
不归,人归,0.402744,3.11873,1,17,6,0.007369,0.002601,0.000433
不归,花间,0.402744,3.11873,1,17,6,0.007369,0.002601,0.000433
不归,台上,0.402744,3.11873,1,17,6,0.007369,0.002601,0.000433
可怜,鹧鸪,0.402744,3.11873,1,34,3,0.014738,0.0013,0.000433
意气,焚香,0.402744,3.11873,1,17,6,0.007369,0.002601,0.000433
携手,野花,0.402744,3.11873,1,17,6,0.007369,0.002601,0.000433
可怜,宫中,0.402744,3.11873,1,34,3,0.014738,0.0013,0.000433
别离,花间,0.402744,3.11873,1,17,6,0.007369,0.002601,0.000433
意气,白雪,0.402744,3.11873,1,17,6,0.007369,0.002601,0.000433
千门,羽翼,0.402744,3.11873,1,17,6,0.007369,0.002601,0.000433
千门,朱门,0.402744,3.11873,1,17,6,0.007369,0.002601,0.000433
千门,垂杨,0.402744,3.11873,1,17,6,0.007369,0.002601,0.000433
千门,金陵,0.402744,3.11873,1,17,6,0.007369,0.002601,0.000433
羽翼,青门,0.402744,3.11873,1,6,17,0.002601,0.007369,0.000433
垂杨,青门,0.402744,3.11873,1,6,17,0.002601,0.007369,0.000433
金陵,青门,0.402744,3.11873,1,6,17,0.002601,0.007369,0.000433
意气,羽翼,0.402744,3.11873,1,17,6,0.007369,0.002601,0.000433
垂杨,意气,0.402744,3.11873,1,6,17,0.002601,0.007369,0.000433
意气,金陵,0.402744,3.11873,1,17,6,0.007369,0.002601,0.000433
朱门,梅花,0.402744,3.11873,1,6,17,0.002601,0.007369,0.000433
可怜,消息,0.402744,3.11873,1,34,3,0.014738,0.0013,0.000433
别离,相亲,0.402744,3.11873,1,17,6,0.007369,0.002601,0.000433
梅花,相寻,0.402744,3.11873,1,17,6,0.007369,0.002601,0.000433
别离,相寻,0.402744,3.11873,1,17,6,0.007369,0.002601,0.000433
不归,临风,0.402744,3.11873,1,17,6,0.007369,0.002601,0.000433
意气,相亲,0.402744,3.11873,1,17,6,0.007369,0.002601,0.000433
别离,心事,0.402744,3.11873,1,17,6,0.007369,0.002601,0.000433
人情,意气,0.402744,3.11873,1,6,17,0.002601,0.007369,0.000433
天台,梅花,0.402744,3.11873,1,6,17,0.002601,0.007369,0.000433
可怜,春水,0.402744,3.11873,1,34,3,0.014738,0.0013,0.000433
不归,青苔,0.402744,3.11873,1,17,6,0.007369,0.002601,0.000433
携手,青苔,0.402744,3.11873,1,17,6,0.007369,0.002601,0.000433
不归,忆昔,0.402744,3.11873,1,17,6,0.007369,0.002601,0.000433
不归,茫茫,0.402744,3.11873,1,17,6,0.007369,0.002601,0.000433
他人,可怜,0.402744,3.11873,1,3,34,0.0013,0.014738,0.000433
可怜,所思,0.402744,3.11873,1,34,3,0.014738,0.0013,0.000433
携手,苍生,0.402744,3.11873,1,17,6,0.007369,0.002601,0.000433
翠微,茫茫,0.402744,3.11873,1,17,6,0.007369,0.002601,0.000433
翠微,苍生,0.402744,3.11873,1,17,6,0.007369,0.002601,0.000433
归来,青苔,0.402744,3.11873,1,17,6,0.007369,0.002601,0.000433
别离,十载,0.402744,3.11873,1,17,6,0.007369,0.002601,0.000433
可怜,独自,0.402744,3.11873,1,34,3,0.014738,0.0013,0.000433
送客,青门,0.402744,3.11873,1,6,17,0.002601,0.007369,0.000433
携手,还家,0.402744,3.11873,1,17,6,0.007369,0.002601,0.000433
还家,青门,0.402744,3.11873,1,6,17,0.002601,0.007369,0.000433
凤凰,叶落,0.402582,2.838428,2,54,5,0.023407,0.002167,0.000867
无穷,月照,0.402582,2.838428,2,15,18,0.006502,0.007802,0.000867
凤凰,衣裳,0.402582,2.838428,2,54,5,0.023407,0.002167,0.000867
封侯,日月,0.402582,2.838428,2,10,27,0.004335,0.011704,0.000867
凤凰,残月,0.402582,2.838428,2,54,5,0.023407,0.002167,0.000867
无穷,白发,0.402582,2.838428,2,15,18,0.006502,0.007802,0.000867
古来,白首,0.402582,2.838428,2,18,15,0.007802,0.006502,0.000867
平生,忆昔,0.402582,2.838428,2,45,6,0.019506,0.002601,0.000867
平生,萧索,0.402582,2.838428,2,45,6,0.019506,0.002601,0.000867
平生,青苔,0.402582,2.838428,2,45,6,0.019506,0.002601,0.000867
天子,苦辛,0.40232,2.557715,4,55,13,0.02384,0.005635,0.001734
万里,天涯,0.402103,2.46661,5,89,11,0.038578,0.004768,0.002167
今夜,长安,0.401579,2.668529,3,12,40,0.005202,0.017339,0.0013
美人,青春,0.401579,2.668529,3,24,20,0.010403,0.008669,0.0013
可怜,玲珑,0.401535,2.831048,2,34,8,0.014738,0.003468,0.000867
回首,相逢,0.401535,2.831048,2,16,17,0.006935,0.007369,0.000867
别离,白头,0.401535,2.831048,2,17,16,0.007369,0.006935,0.000867
千门,相望,0.401535,2.831048,2,17,16,0.007369,0.006935,0.000867
意气,相望,0.401535,2.831048,2,17,16,0.007369,0.006935,0.000867
不归,逶迤,0.401535,2.831048,2,17,16,0.007369,0.006935,0.000867
携手,瑶池,0.401535,2.831048,2,17,16,0.007369,0.006935,0.000867
携手,逶迤,0.401535,2.831048,2,17,16,0.007369,0.006935,0.000867
春来,青门,0.401535,2.831048,2,16,17,0.006935,0.007369,0.000867
意气,春来,0.401535,2.831048,2,17,16,0.007369,0.006935,0.000867
千门,白头,0.401535,2.831048,2,17,16,0.007369,0.006935,0.000867
意气,白头,0.401535,2.831048,2,17,16,0.007369,0.006935,0.000867
春来,梅花,0.401535,2.831048,2,16,17,0.006935,0.007369,0.000867
御沟,梅花,0.401535,2.831048,2,16,17,0.006935,0.007369,0.000867
御沟,意气,0.401535,2.831048,2,16,17,0.006935,0.007369,0.000867
年华,风光,0.401015,2.827379,2,13,21,0.005635,0.009103,0.000867
苦辛,风光,0.401015,2.827379,2,13,21,0.005635,0.009103,0.000867
归路,月夜,0.401015,2.827379,2,21,13,0.009103,0.005635,0.000867
岁月,苦辛,0.401015,2.827379,2,21,13,0.009103,0.005635,0.000867
参差,有情,0.401015,2.827379,2,39,7,0.016905,0.003034,0.000867
千万,江南,0.400236,3.099312,1,8,13,0.003468,0.005635,0.000433
日夕,蓬莱,0.400236,3.099312,1,8,13,0.003468,0.005635,0.000433
朝廷,相送,0.400236,3.099312,1,8,13,0.003468,0.005635,0.000433
昔时,门前,0.400236,3.099312,1,13,8,0.005635,0.003468,0.000433
昔时,须臾,0.400236,3.099312,1,13,8,0.005635,0.003468,0.000433
昔时,陌上,0.400236,3.099312,1,13,8,0.005635,0.003468,0.000433
昔时,相知,0.400236,3.099312,1,13,8,0.005635,0.003468,0.000433
双阙,昔时,0.400236,3.099312,1,8,13,0.003468,0.005635,0.000433
年华,莺啼,0.400236,3.099312,1,13,8,0.005635,0.003468,0.000433
主人,知己,0.400236,3.099312,1,8,13,0.003468,0.005635,0.000433
相送,路难,0.400236,3.099312,1,13,8,0.005635,0.003468,0.000433
河汉,西山,0.400236,3.099312,1,8,13,0.003468,0.005635,0.000433
霄汉,青山,0.400236,3.099312,1,4,26,0.001734,0.01127,0.000433
谢公,青山,0.400236,3.099312,1,4,26,0.001734,0.01127,0.000433
颜色,黄鹤,0.400236,3.099312,1,8,13,0.003468,0.005635,0.000433
单于,黄鹤,0.400236,3.099312,1,8,13,0.003468,0.005635,0.000433
山路,江南,0.400236,3.099312,1,8,13,0.003468,0.005635,0.000433
百年,远近,0.400236,3.099312,1,26,4,0.01127,0.001734,0.000433
花落,高树,0.400236,3.099312,1,26,4,0.01127,0.001734,0.000433
知己,莺啼,0.400236,3.099312,1,13,8,0.005635,0.003468,0.000433
君心,柳色,0.400236,3.099312,1,8,13,0.003468,0.005635,0.000433
北风,日夕,0.400236,3.099312,1,13,8,0.005635,0.003468,0.000433
绮罗,蹉跎,0.400236,3.099312,1,13,8,0.005635,0.003468,0.000433
南北,青山,0.400236,3.099312,1,4,26,0.001734,0.01127,0.000433
人生,当时,0.400236,3.099312,1,13,8,0.005635,0.003468,0.000433
同心,当时,0.400236,3.099312,1,13,8,0.005635,0.003468,0.000433
人生,南宫,0.400236,3.099312,1,13,8,0.005635,0.003468,0.000433
南宫,同心,0.400236,3.099312,1,8,13,0.003468,0.005635,0.000433
同心,须臾,0.400236,3.099312,1,13,8,0.005635,0.003468,0.000433
寥落,花落,0.400236,3.099312,1,4,26,0.001734,0.01127,0.000433
当时,知己,0.400236,3.099312,1,8,13,0.003468,0.005635,0.000433
当时,江南,0.400236,3.099312,1,8,13,0.003468,0.005635,0.000433
他乡,寥落,0.400236,3.099312,1,26,4,0.01127,0.001734,0.000433
客心,山路,0.400236,3.099312,1,13,8,0.005635,0.003468,0.000433
千万,相送,0.400236,3.099312,1,8,13,0.003468,0.005635,0.000433
同心,君心,0.400236,3.099312,1,13,8,0.005635,0.003468,0.000433
千万,同心,0.400236,3.099312,1,8,13,0.003468,0.005635,0.000433
东海,花落,0.400236,3.099312,1,4,26,0.001734,0.01127,0.000433
昔时,朝廷,0.400236,3.099312,1,13,8,0.005635,0.003468,0.000433
断肠,西山,0.400236,3.099312,1,8,13,0.003468,0.005635,0.000433
人生,山路,0.400236,3.099312,1,13,8,0.005635,0.003468,0.000433
西山,颜色,0.400236,3.099312,1,13,8,0.005635,0.003468,0.000433
万物,西山,0.400236,3.099312,1,8,13,0.003468,0.005635,0.000433
单于,西山,0.400236,3.099312,1,8,13,0.003468,0.005635,0.000433
昆仑,西山,0.400236,3.099312,1,8,13,0.003468,0.005635,0.000433
西山,蹉跎,0.400236,3.099312,1,13,8,0.005635,0.003468,0.000433
山水,武陵,0.400236,3.099312,1,26,4,0.01127,0.001734,0.000433
山水,江湖,0.400236,3.099312,1,26,4,0.01127,0.001734,0.000433
山水,谢公,0.400236,3.099312,1,26,4,0.01127,0.001734,0.000433
朝廷,柳色,0.400236,3.099312,1,8,13,0.003468,0.005635,0.000433
寒食,柳色,0.400236,3.099312,1,8,13,0.003468,0.005635,0.000433
思归,月夜,0.400236,3.099312,1,8,13,0.003468,0.005635,0.000433
北风,蹉跎,0.400236,3.099312,1,13,8,0.005635,0.003468,0.000433
陌上,黄鹤,0.400236,3.099312,1,8,13,0.003468,0.005635,0.000433
山水,秋日,0.400236,3.099312,1,26,4,0.01127,0.001734,0.000433
乾坤,窈窕,0.400236,3.099312,1,4,26,0.001734,0.01127,0.000433
河汉,蓬莱,0.400236,3.099312,1,8,13,0.003468,0.005635,0.000433
知己,路难,0.400236,3.099312,1,13,8,0.005635,0.003468,0.000433
主人,客心,0.400236,3.099312,1,8,13,0.003468,0.005635,0.000433
花落,道士,0.400236,3.099312,1,26,4,0.01127,0.001734,0.000433
桃李,芳树,0.400136,2.543826,4,29,25,0.01257,0.010837,0.001734
叹息,桃李,0.400136,2.543826,4,25,29,0.010837,0.01257,0.001734
叹息,行人,0.39998,2.820079,2,25,11,0.010837,0.004768,0.000867
千载,白玉,0.39998,2.820079,2,25,11,0.010837,0.004768,0.000867
天子,衣裳,0.39998,2.820079,2,55,5,0.02384,0.002167,0.000867
东流,今日,0.399953,2.453418,5,16,62,0.006935,0.026875,0.002167
公卿,凤凰,0.39971,2.656107,3,9,54,0.003901,0.023407,0.0013
十年,辛苦,0.399465,2.81645,2,23,12,0.00997,0.005202,0.000867
十年,月光,0.399465,2.81645,2,23,12,0.00997,0.005202,0.000867
明主,朝朝,0.399465,2.81645,2,23,12,0.00997,0.005202,0.000867
东南,十年,0.399465,2.81645,2,12,23,0.005202,0.00997,0.000867
十年,红尘,0.399465,2.81645,2,23,12,0.00997,0.005202,0.000867
帝乡,无力,0.399001,3.089743,1,21,5,0.009103,0.002167,0.000433
楼前,风光,0.399001,3.089743,1,5,21,0.002167,0.009103,0.000433
山阴,岁月,0.399001,3.089743,1,5,21,0.002167,0.009103,0.000433
归路,残月,0.399001,3.089743,1,21,5,0.009103,0.002167,0.000433
公子,月中,0.399001,3.089743,1,21,5,0.009103,0.002167,0.000433
帝乡,衣裳,0.399001,3.089743,1,21,5,0.009103,0.002167,0.000433
帝乡,残月,0.399001,3.089743,1,21,5,0.009103,0.002167,0.000433
万户,公子,0.399001,3.089743,1,5,21,0.002167,0.009103,0.000433
使君,公子,0.399001,3.089743,1,5,21,0.002167,0.009103,0.000433
叶落,风光,0.399001,3.089743,1,5,21,0.002167,0.009103,0.000433
叶落,蛾眉,0.399001,3.089743,1,5,21,0.002167,0.009103,0.000433
叶落,帝乡,0.399001,3.089743,1,5,21,0.002167,0.009103,0.000433
叶落,岁月,0.399001,3.089743,1,5,21,0.002167,0.009103,0.000433
去年,风光,0.399001,3.089743,1,5,21,0.002167,0.009103,0.000433
残月,风光,0.399001,3.089743,1,5,21,0.002167,0.009103,0.000433
去年,蛾眉,0.399001,3.089743,1,5,21,0.002167,0.009103,0.000433
残月,蛾眉,0.399001,3.089743,1,5,21,0.002167,0.009103,0.000433
岁月,百里,0.399001,3.089743,1,21,5,0.009103,0.002167,0.000433
岁月,秋水,0.399001,3.089743,1,21,5,0.009103,0.002167,0.000433
公子,得意,0.399001,3.089743,1,21,5,0.009103,0.002167,0.000433
公子,自古,0.399001,3.089743,1,21,5,0.009103,0.002167,0.000433
公子,衣裳,0.399001,3.089743,1,21,5,0.009103,0.002167,0.000433
白露,自古,0.399001,3.089743,1,21,5,0.009103,0.002167,0.000433
自古,蛾眉,0.399001,3.089743,1,5,21,0.002167,0.009103,0.000433
蛾眉,衣裳,0.399001,3.089743,1,21,5,0.009103,0.002167,0.000433
世上,岁月,0.399001,3.089743,1,5,21,0.002167,0.009103,0.000433
归路,得意,0.399001,3.089743,1,21,5,0.009103,0.002167,0.000433
叶落,白露,0.399001,3.089743,1,5,21,0.002167,0.009103,0.000433
离别,风波,0.399001,3.089743,1,15,7,0.006502,0.003034,0.000433
烟波,离别,0.399001,3.089743,1,7,15,0.003034,0.006502,0.000433
婵娟,离别,0.399001,3.089743,1,7,15,0.003034,0.006502,0.000433
微风,神仙,0.399001,3.089743,1,3,35,0.0013,0.015171,0.000433
云间,惆怅,0.399001,3.089743,1,15,7,0.006502,0.003034,0.000433
夫子,神仙,0.399001,3.089743,1,3,35,0.0013,0.015171,0.000433
尚书,白首,0.399001,3.089743,1,7,15,0.003034,0.006502,0.000433
始知,白首,0.399001,3.089743,1,7,15,0.003034,0.006502,0.000433
日落,有情,0.399001,3.089743,1,15,7,0.006502,0.003034,0.000433
相见,离别,0.399001,3.089743,1,7,15,0.003034,0.006502,0.000433
游人,雨雪,0.399001,3.089743,1,15,7,0.006502,0.003034,0.000433
帝城,离别,0.399001,3.089743,1,7,15,0.003034,0.006502,0.000433
楼上,风流,0.399001,3.089743,1,15,7,0.006502,0.003034,0.000433
消息,神仙,0.399001,3.089743,1,3,35,0.0013,0.015171,0.000433
无穷,风流,0.399001,3.089743,1,15,7,0.006502,0.003034,0.000433
人间,风流,0.399001,3.089743,1,15,7,0.006502,0.003034,0.000433
人间,潺湲,0.399001,3.089743,1,15,7,0.006502,0.003034,0.000433
有情,青云,0.399001,3.089743,1,7,15,0.003034,0.006502,0.000433
相见,青云,0.399001,3.089743,1,7,15,0.003034,0.006502,0.000433
丞相,无穷,0.399001,3.089743,1,7,15,0.003034,0.006502,0.000433
白首,骨肉,0.399001,3.089743,1,15,7,0.006502,0.003034,0.000433
无穷,骨肉,0.399001,3.089743,1,15,7,0.006502,0.003034,0.000433
咸阳,白首,0.399001,3.089743,1,7,15,0.003034,0.006502,0.000433
咸阳,无穷,0.399001,3.089743,1,7,15,0.003034,0.006502,0.000433
君子,婵娟,0.399001,3.089743,1,15,7,0.006502,0.003034,0.000433
江流,白首,0.399001,3.089743,1,7,15,0.003034,0.006502,0.000433
暮雨,白首,0.399001,3.089743,1,7,15,0.003034,0.006502,0.000433
离别,骨肉,0.399001,3.089743,1,15,7,0.006502,0.003034,0.000433
少年,神仙,0.398476,2.64791,3,14,35,0.006068,0.015171,0.0013
今年,神仙,0.398476,2.64791,3,14,35,0.006068,0.015171,0.0013
歌舞,花前,0.398476,2.64791,3,49,10,0.02124,0.004335,0.0013
古人,歌舞,0.398476,2.64791,3,10,49,0.004335,0.02124,0.0013
春日,秋风,0.398476,2.64791,3,10,49,0.004335,0.02124,0.0013
神仙,蛾眉,0.397981,2.530127,4,35,21,0.015171,0.009103,0.001734
关山,怅望,0.397932,2.805639,2,31,9,0.013437,0.003901,0.000867
今已,关山,0.397932,2.805639,2,9,31,0.003901,0.013437,0.000867
关山,飘飖,0.397932,2.805639,2,31,9,0.013437,0.003901,0.000867
昨夜,芳菲,0.397932,2.805639,2,9,31,0.003901,0.013437,0.000867
佳期,芳菲,0.397932,2.805639,2,9,31,0.003901,0.013437,0.000867
归去,悠悠,0.397863,2.643837,3,12,41,0.005202,0.017772,0.0013
丈夫,悠悠,0.397863,2.643837,3,12,41,0.005202,0.017772,0.0013
未央,青楼,0.397424,2.802061,2,20,14,0.008669,0.006068,0.000867
青楼,鸳鸯,0.397424,2.802061,2,14,20,0.006068,0.008669,0.000867
池上,长安,0.397424,2.802061,2,7,40,0.003034,0.017339,0.000867
未央,空馀,0.397424,2.802061,2,20,14,0.008669,0.006068,0.000867
万古,神仙,0.397424,2.802061,2,8,35,0.003468,0.015171,0.000867
百尺,神仙,0.397424,2.802061,2,8,35,0.003468,0.015171,0.000867
千万,神仙,0.397424,2.802061,2,8,35,0.003468,0.015171,0.000867
万年,零落,0.397424,2.802061,2,28,10,0.012137,0.004335,0.000867
万年,昔日,0.397424,2.802061,2,28,10,0.012137,0.004335,0.000867
昔日,流水,0.397424,2.802061,2,10,28,0.004335,0.012137,0.000867
长安,阙下,0.397424,2.802061,2,40,7,0.017339,0.003034,0.000867
烟波,长安,0.397424,2.802061,2,7,40,0.003034,0.017339,0.000867
流水,知音,0.397424,2.802061,2,28,10,0.012137,0.004335,0.000867
天下,封侯,0.397424,2.802061,2,28,10,0.012137,0.004335,0.000867
长安,马蹄,0.397424,2.802061,2,40,7,0.017339,0.003034,0.000867
今来,流水,0.397424,2.802061,2,10,28,0.004335,0.012137,0.000867
万年,岁寒,0.397424,2.802061,2,28,10,0.012137,0.004335,0.000867
西山,风吹,0.397253,2.63978,3,13,38,0.005635,0.016472,0.0013
平生,青松,0.396948,2.637758,3,45,11,0.019506,0.004768,0.0013
年年,无穷,0.396948,2.637758,3,33,15,0.014304,0.006502,0.0013
公卿,天子,0.396948,2.637758,3,9,55,0.003901,0.02384,0.0013
天子,鱼龙,0.396948,2.637758,3,55,9,0.02384,0.003901,0.0013
今日,昔年,0.396645,2.63574,3,62,8,0.026875,0.003468,0.0013
关山,春来,0.396645,2.63574,3,31,16,0.013437,0.006935,0.0013
今日,千万,0.396645,2.63574,3,62,8,0.026875,0.003468,0.0013
今日,迢递,0.396066,2.517957,4,62,12,0.026875,0.005202,0.001734
人情,芙蓉,0.395363,3.061572,1,6,18,0.002601,0.007802,0.000433
忆昔,芙蓉,0.395363,3.061572,1,6,18,0.002601,0.007802,0.000433
将军,秋来,0.395363,3.061572,1,36,3,0.015605,0.0013,0.000433
登临,草绿,0.395363,3.061572,1,9,12,0.003901,0.005202,0.000433
清晨,芳草,0.395363,3.061572,1,9,12,0.003901,0.005202,0.000433
依然,空山,0.395363,3.061572,1,9,12,0.003901,0.005202,0.000433
依然,芳草,0.395363,3.061572,1,9,12,0.003901,0.005202,0.000433
月下,王孙,0.395363,3.061572,1,12,9,0.005202,0.003901,0.000433
东南,王孙,0.395363,3.061572,1,12,9,0.005202,0.003901,0.000433
故乡,朱门,0.395363,3.061572,1,18,6,0.007802,0.002601,0.000433
功成,故乡,0.395363,3.061572,1,6,18,0.002601,0.007802,0.000433
日月,道士,0.395363,3.061572,1,27,4,0.011704,0.001734,0.000433
丹砂,日月,0.395363,3.061572,1,4,27,0.001734,0.011704,0.000433
清晨,翡翠,0.395363,3.061572,1,9,12,0.003901,0.005202,0.000433
佳人,萧萧,0.395363,3.061572,1,18,6,0.007802,0.002601,0.000433
先生,将军,0.395363,3.061572,1,3,36,0.0013,0.015605,0.000433
姓名,将军,0.395363,3.061572,1,3,36,0.0013,0.015605,0.000433
公卿,清风,0.395363,3.061572,1,9,12,0.003901,0.005202,0.000433
干戈,清风,0.395363,3.061572,1,9,12,0.003901,0.005202,0.000433
将军,弟子,0.395363,3.061572,1,36,3,0.015605,0.0013,0.000433
丈夫,公卿,0.395363,3.061572,1,12,9,0.005202,0.003901,0.000433
丈夫,干戈,0.395363,3.061572,1,12,9,0.005202,0.003901,0.000433
东南,公卿,0.395363,3.061572,1,12,9,0.005202,0.003901,0.000433
公卿,物外,0.395363,3.061572,1,9,12,0.003901,0.005202,0.000433
双飞,红尘,0.395363,3.061572,1,9,12,0.003901,0.005202,0.000433
双飞,鹦鹉,0.395363,3.061572,1,9,12,0.003901,0.005202,0.000433
双飞,朝朝,0.395363,3.061572,1,9,12,0.003901,0.005202,0.000433
双飞,翡翠,0.395363,3.061572,1,9,12,0.003901,0.005202,0.000433
大道,翡翠,0.395363,3.061572,1,9,12,0.003901,0.005202,0.000433
寂寥,红尘,0.395363,3.061572,1,9,12,0.003901,0.005202,0.000433
寂寥,鹦鹉,0.395363,3.061572,1,9,12,0.003901,0.005202,0.000433
寂寥,朝朝,0.395363,3.061572,1,9,12,0.003901,0.005202,0.000433
寂寥,翡翠,0.395363,3.061572,1,9,12,0.003901,0.005202,0.000433
寂寥,风景,0.395363,3.061572,1,9,12,0.003901,0.005202,0.000433
玉树,肠断,0.395363,3.061572,1,12,9,0.005202,0.003901,0.000433
今夜,凉风,0.395363,3.061572,1,12,9,0.005202,0.003901,0.000433
肠断,行乐,0.395363,3.061572,1,9,12,0.003901,0.005202,0.000433
登临,行乐,0.395363,3.061572,1,9,12,0.003901,0.005202,0.000433
登高,茫茫,0.395363,3.061572,1,18,6,0.007802,0.002601,0.000433
垂杨,登高,0.395363,3.061572,1,6,18,0.002601,0.007802,0.000433
分明,风景,0.395363,3.061572,1,9,12,0.003901,0.005202,0.000433
苍生,镜中,0.395363,3.061572,1,6,18,0.002601,0.007802,0.000433
寂寞,富贵,0.395363,3.061572,1,12,9,0.005202,0.003901,0.000433
竹林,菊花,0.395363,3.061572,1,9,12,0.003901,0.005202,0.000433
月下,竹林,0.395363,3.061572,1,12,9,0.005202,0.003901,0.000433
圣人,渭水,0.395363,3.061572,1,12,9,0.005202,0.003901,0.000433
物外,绿水,0.395363,3.061572,1,12,9,0.005202,0.003901,0.000433
凤凰,圣朝,0.395363,3.061572,1,54,2,0.023407,0.000867,0.000433
故乡,野花,0.395363,3.061572,1,18,6,0.007802,0.002601,0.000433
将军,玉楼,0.395363,3.061572,1,36,3,0.015605,0.0013,0.000433
大道,归去,0.395363,3.061572,1,9,12,0.003901,0.005202,0.000433
大道,长沙,0.395363,3.061572,1,9,12,0.003901,0.005202,0.000433
古来,羽翼,0.395363,3.061572,1,18,6,0.007802,0.002601,0.000433
古来,朱门,0.395363,3.061572,1,18,6,0.007802,0.002601,0.000433
古来,垂杨,0.395363,3.061572,1,18,6,0.007802,0.002601,0.000433
古来,金陵,0.395363,3.061572,1,18,6,0.007802,0.002601,0.000433
才子,裴回,0.395363,3.061572,1,3,36,0.0013,0.015605,0.000433
丈夫,衣冠,0.395363,3.061572,1,12,9,0.005202,0.003901,0.000433
丈夫,飘飖,0.395363,3.061572,1,12,9,0.005202,0.003901,0.000433
丈夫,高秋,0.395363,3.061572,1,12,9,0.005202,0.003901,0.000433
丈夫,竹林,0.395363,3.061572,1,12,9,0.005202,0.003901,0.000433
丈夫,佳期,0.395363,3.061572,1,12,9,0.005202,0.003901,0.000433
丈夫,昨夜,0.395363,3.061572,1,12,9,0.005202,0.003901,0.000433
衣冠,迢递,0.395363,3.061572,1,9,12,0.003901,0.005202,0.000433
迢递,飘飖,0.395363,3.061572,1,12,9,0.005202,0.003901,0.000433
迢递,高秋,0.395363,3.061572,1,12,9,0.005202,0.003901,0.000433
竹林,迢递,0.395363,3.061572,1,9,12,0.003901,0.005202,0.000433
昨夜,迢递,0.395363,3.061572,1,9,12,0.003901,0.005202,0.000433
心期,裴回,0.395363,3.061572,1,3,36,0.0013,0.015605,0.000433
猿声,裴回,0.395363,3.061572,1,3,36,0.0013,0.015605,0.000433
寂寞,衣冠,0.395363,3.061572,1,12,9,0.005202,0.003901,0.000433
寂寞,飘飖,0.395363,3.061572,1,12,9,0.005202,0.003901,0.000433
寂寞,高秋,0.395363,3.061572,1,12,9,0.005202,0.003901,0.000433
寂寞,竹林,0.395363,3.061572,1,12,9,0.005202,0.003901,0.000433
佳期,寂寞,0.395363,3.061572,1,9,12,0.003901,0.005202,0.000433
寂寞,昨夜,0.395363,3.061572,1,12,9,0.005202,0.003901,0.000433
东南,衣冠,0.395363,3.061572,1,12,9,0.005202,0.003901,0.000433
东南,飘飖,0.395363,3.061572,1,12,9,0.005202,0.003901,0.000433
东南,高秋,0.395363,3.061572,1,12,9,0.005202,0.003901,0.000433
东南,竹林,0.395363,3.061572,1,12,9,0.005202,0.003901,0.000433
东南,佳期,0.395363,3.061572,1,12,9,0.005202,0.003901,0.000433
东南,昨夜,0.395363,3.061572,1,12,9,0.005202,0.003901,0.000433
朱门,白发,0.395363,3.061572,1,6,18,0.002601,0.007802,0.000433
朱门,登高,0.395363,3.061572,1,6,18,0.002601,0.007802,0.000433
别后,肠断,0.395363,3.061572,1,12,9,0.005202,0.003901,0.000433
别后,富贵,0.395363,3.061572,1,12,9,0.005202,0.003901,0.000433
分明,别后,0.395363,3.061572,1,9,12,0.003901,0.005202,0.000433
凤凰,多情,0.395363,3.061572,1,54,2,0.023407,0.000867,0.000433
凤凰,来往,0.395363,3.061572,1,54,2,0.023407,0.000867,0.000433
别后,寂寥,0.395363,3.061572,1,12,9,0.005202,0.003901,0.000433
名利,将军,0.395363,3.061572,1,3,36,0.0013,0.015605,0.000433
寂寥,月光,0.395363,3.061572,1,9,12,0.003901,0.005202,0.000433
寂寞,寂寥,0.395363,3.061572,1,12,9,0.005202,0.003901,0.000433
心事,故乡,0.395363,3.061572,1,6,18,0.002601,0.007802,0.000433
丈夫,今已,0.395363,3.061572,1,12,9,0.005202,0.003901,0.000433
今已,归去,0.395363,3.061572,1,9,12,0.003901,0.005202,0.000433
东海,风起,0.395363,3.061572,1,4,27,0.001734,0.011704,0.000433
富贵,草绿,0.395363,3.061572,1,9,12,0.003901,0.005202,0.000433
春风,玉楼,0.395363,3.061572,1,36,3,0.015605,0.0013,0.000433
双飞,草绿,0.395363,3.061572,1,9,12,0.003901,0.005202,0.000433
东南,双飞,0.395363,3.061572,1,12,9,0.005202,0.003901,0.000433
双飞,月下,0.395363,3.061572,1,9,12,0.003901,0.005202,0.000433
双飞,游子,0.395363,3.061572,1,9,12,0.003901,0.005202,0.000433
佳人,还家,0.395363,3.061572,1,18,6,0.007802,0.002601,0.000433
春水,裴回,0.395363,3.061572,1,3,36,0.0013,0.015605,0.000433
古来,相亲,0.395363,3.061572,1,18,6,0.007802,0.002601,0.000433
佳人,青苔,0.395363,3.061572,1,18,6,0.007802,0.002601,0.000433
古来,青苔,0.395363,3.061572,1,18,6,0.007802,0.002601,0.000433
故乡,青苔,0.395363,3.061572,1,18,6,0.007802,0.002601,0.000433
白发,青苔,0.395363,3.061572,1,18,6,0.007802,0.002601,0.000433
佳人,忆昔,0.395363,3.061572,1,18,6,0.007802,0.002601,0.000433
日月,清净,0.395363,3.061572,1,27,4,0.011704,0.001734,0.000433
怅望,游子,0.395363,3.061572,1,9,12,0.003901,0.005202,0.000433
怅望,翡翠,0.395363,3.061572,1,9,12,0.003901,0.005202,0.000433
古来,忆昔,0.395363,3.061572,1,18,6,0.007802,0.002601,0.000433
古来,茫茫,0.395363,3.061572,1,18,6,0.007802,0.002601,0.000433
忆昔,故乡,0.395363,3.061572,1,6,18,0.002601,0.007802,0.000433
忆昔,白发,0.395363,3.061572,1,6,18,0.002601,0.007802,0.000433
故乡,茫茫,0.395363,3.061572,1,18,6,0.007802,0.002601,0.000433
圣人,怅望,0.395363,3.061572,1,12,9,0.005202,0.003901,0.000433
白发,茫茫,0.395363,3.061572,1,18,6,0.007802,0.002601,0.000433
怅望,摇落,0.395363,3.061572,1,9,12,0.003901,0.005202,0.000433
日月,玉堂,0.395363,3.061572,1,27,4,0.011704,0.001734,0.000433
怅望,月满,0.395363,3.061572,1,9,12,0.003901,0.005202,0.000433
春风,烟雨,0.395363,3.061572,1,36,3,0.015605,0.0013,0.000433
登高,青苔,0.395363,3.061572,1,18,6,0.007802,0.002601,0.000433
春风,苍茫,0.395363,3.061572,1,36,3,0.015605,0.0013,0.000433
春风,白蘋,0.395363,3.061572,1,36,3,0.015605,0.0013,0.000433
圣人,鱼龙,0.395363,3.061572,1,12,9,0.005202,0.003901,0.000433
丹青,昨夜,0.395363,3.061572,1,12,9,0.005202,0.003901,0.000433
寂寞,闲居,0.395363,3.061572,1,12,9,0.005202,0.003901,0.000433
玉树,衣冠,0.395363,3.061572,1,12,9,0.005202,0.003901,0.000433
白发,青草,0.395363,3.061572,1,18,6,0.007802,0.002601,0.000433
分明,清风,0.395363,3.061572,1,9,12,0.003901,0.005202,0.000433
佳期,清风,0.395363,3.061572,1,9,12,0.003901,0.005202,0.000433
圣人,富贵,0.395363,3.061572,1,12,9,0.005202,0.003901,0.000433
富贵,红粉,0.395363,3.061572,1,9,12,0.003901,0.005202,0.000433
圣人,大道,0.395363,3.061572,1,12,9,0.005202,0.003901,0.000433
大道,红粉,0.395363,3.061572,1,9,12,0.003901,0.005202,0.000433
圣人,闲居,0.395363,3.061572,1,12,9,0.005202,0.003901,0.000433
富贵,摇落,0.395363,3.061572,1,9,12,0.003901,0.005202,0.000433
游子,绿水,0.395363,3.061572,1,12,9,0.005202,0.003901,0.000433
月满,鱼龙,0.395363,3.061572,1,12,9,0.005202,0.003901,0.000433
竹林,行乐,0.395363,3.061572,1,9,12,0.003901,0.005202,0.000433
摇落,逍遥,0.395363,3.061572,1,12,9,0.005202,0.003901,0.000433
大道,摇落,0.395363,3.061572,1,9,12,0.003901,0.005202,0.000433
登高,黄花,0.395363,3.061572,1,18,6,0.007802,0.002601,0.000433
双飞,红粉,0.395363,3.061572,1,9,12,0.003901,0.005202,0.000433
凉风,摇落,0.395363,3.061572,1,9,12,0.003901,0.005202,0.000433
乾坤,日月,0.395363,3.061572,1,4,27,0.001734,0.011704,0.000433
圣主,摇落,0.395363,3.061572,1,9,12,0.003901,0.005202,0.000433
生死,长沙,0.395363,3.061572,1,9,12,0.003901,0.005202,0.000433
古来,相看,0.395363,3.061572,1,18,6,0.007802,0.002601,0.000433
雨露,鹦鹉,0.395363,3.061572,1,9,12,0.003901,0.005202,0.000433
登高,还家,0.395363,3.061572,1,18,6,0.007802,0.002601,0.000433
游子,高秋,0.395363,3.061572,1,12,9,0.005202,0.003901,0.000433
凉风,芳草,0.395363,3.061572,1,9,12,0.003901,0.005202,0.000433
半夜,将军,0.395363,3.061572,1,3,36,0.0013,0.015605,0.000433
古来,还家,0.395363,3.061572,1,18,6,0.007802,0.002601,0.000433
人心,月下,0.395363,3.061572,1,9,12,0.003901,0.005202,0.000433
离别,秋月,0.394914,2.784361,2,15,19,0.006502,0.008236,0.000867
人间,千秋,0.394914,2.784361,2,15,19,0.006502,0.008236,0.000867
北斗,管弦,0.394914,2.784361,2,19,15,0.008236,0.006502,0.000867
东山,北斗,0.394914,2.784361,2,15,19,0.006502,0.008236,0.000867
无穷,纵横,0.394914,2.784361,2,15,19,0.006502,0.008236,0.000867
白首,纵横,0.394914,2.784361,2,15,19,0.006502,0.008236,0.000867
山川,管弦,0.394803,2.509924,4,50,15,0.021673,0.006502,0.001734
北风,汉家,0.394417,2.780859,2,13,22,0.005635,0.009536,0.000867
窈窕,黄叶,0.394417,2.780859,2,26,11,0.01127,0.004768,0.000867
巫山,相送,0.394417,2.780859,2,22,13,0.009536,0.005635,0.000867
巫山,金谷,0.394417,2.780859,2,22,13,0.009536,0.005635,0.000867
巫山,江南,0.394417,2.780859,2,22,13,0.009536,0.005635,0.000867
他乡,高楼,0.394417,2.780859,2,26,11,0.01127,0.004768,0.000867
汉家,西山,0.394417,2.780859,2,22,13,0.009536,0.005635,0.000867
苦辛,闻道,0.394417,2.780859,2,13,22,0.005635,0.009536,0.000867
他乡,道路,0.394417,2.780859,2,26,11,0.01127,0.004768,0.000867
独坐,百年,0.394417,2.780859,2,11,26,0.004768,0.01127,0.000867
他乡,伤心,0.394417,2.780859,2,26,11,0.01127,0.004768,0.000867
山水,独坐,0.394417,2.780859,2,26,11,0.01127,0.004768,0.000867
春草,花落,0.394417,2.780859,2,11,26,0.004768,0.01127,0.000867
桃源,花落,0.394417,2.780859,2,11,26,0.004768,0.01127,0.000867
知己,黄金,0.394417,2.780859,2,13,22,0.005635,0.009536,0.000867
同心,黄金,0.394417,2.780859,2,13,22,0.005635,0.009536,0.000867
伤心,百年,0.394417,2.780859,2,11,26,0.004768,0.01127,0.000867
巫山,西山,0.394417,2.780859,2,22,13,0.009536,0.005635,0.000867
春风,花飞,0.394237,2.619739,3,36,14,0.015605,0.006068,0.0013
春风,相识,0.394237,2.619739,3,36,14,0.015605,0.006068,0.0013
将军,少年,0.394237,2.619739,3,36,14,0.015605,0.006068,0.0013
将军,马上,0.394237,2.619739,3,36,14,0.015605,0.006068,0.0013
宁知,故乡,0.394237,2.619739,3,28,18,0.012137,0.007802,0.0013
帝乡,洞庭,0.394237,2.619739,3,21,24,0.009103,0.010403,0.0013
桃李,花落,0.393966,2.504605,4,29,26,0.01257,0.01127,0.001734
功名,悠悠,0.393922,2.777368,2,7,41,0.003034,0.017772,0.000867
悠悠,有情,0.393922,2.777368,2,41,7,0.017772,0.003034,0.000867
咸阳,悠悠,0.393922,2.777368,2,7,41,0.003034,0.017772,0.000867
十年,汉家,0.393641,2.615779,3,23,22,0.00997,0.009536,0.0013
凤凰,青楼,0.39355,2.501956,4,54,14,0.023407,0.006068,0.001734
春风,玲珑,0.393429,2.77389,2,36,8,0.015605,0.003468,0.000867
氛氲,翡翠,0.393429,2.77389,2,24,12,0.010403,0.005202,0.000867
将军,黄河,0.393429,2.77389,2,36,8,0.015605,0.003468,0.000867
万古,春风,0.393429,2.77389,2,8,36,0.003468,0.015605,0.000867
春风,百尺,0.393429,2.77389,2,36,8,0.015605,0.003468,0.000867
千万,春风,0.393429,2.77389,2,8,36,0.003468,0.015605,0.000867
春来,月照,0.393429,2.77389,2,16,18,0.006935,0.007802,0.000867
将军,行路,0.393429,2.77389,2,36,8,0.015605,0.003468,0.000867
君王,迢递,0.393429,2.77389,2,24,12,0.010403,0.005202,0.000867
将军,路难,0.393429,2.77389,2,36,8,0.015605,0.003468,0.000867
东流,月照,0.393429,2.77389,2,16,18,0.006935,0.007802,0.000867
千万,将军,0.393429,2.77389,2,8,36,0.003468,0.015605,0.000867
君王,朝朝,0.393429,2.77389,2,24,12,0.010403,0.005202,0.000867
君王,翡翠,0.393429,2.77389,2,24,12,0.010403,0.005202,0.000867
美人,翡翠,0.393429,2.77389,2,24,12,0.010403,0.005202,0.000867
大道,日暮,0.393429,2.77389,2,9,32,0.003901,0.013871,0.000867
古来,明年,0.393429,2.77389,2,18,16,0.007802,0.006935,0.000867
摇落,洞庭,0.393429,2.77389,2,12,24,0.005202,0.010403,0.000867
人心,千金,0.393429,2.77389,2,9,32,0.003901,0.013871,0.000867
美人,行乐,0.393429,2.77389,2,24,12,0.010403,0.005202,0.000867
天涯,沧海,0.392993,3.043223,1,11,10,0.004768,0.004335,0.000433
天涯,湘水,0.392993,3.043223,1,11,10,0.004768,0.004335,0.000433
含情,沧海,0.392993,3.043223,1,11,10,0.004768,0.004335,0.000433
含情,湘水,0.392993,3.043223,1,11,10,0.004768,0.004335,0.000433
日照,沧海,0.392993,3.043223,1,11,10,0.004768,0.004335,0.000433
日照,湘水,0.392993,3.043223,1,11,10,0.004768,0.004335,0.000433
独坐,生涯,0.392993,3.043223,1,11,10,0.004768,0.004335,0.000433
桃源,萧条,0.392993,3.043223,1,11,10,0.004768,0.004335,0.000433
对酒,黄金,0.392993,3.043223,1,5,22,0.002167,0.009536,0.000433
白玉,路傍,0.392993,3.043223,1,11,10,0.004768,0.004335,0.000433
古人,秋色,0.392993,3.043223,1,10,11,0.004335,0.004768,0.000433
古人,独坐,0.392993,3.043223,1,10,11,0.004335,0.004768,0.000433
对酒,浮云,0.392993,3.043223,1,5,22,0.002167,0.009536,0.000433
无力,自怜,0.392993,3.043223,1,5,22,0.002167,0.009536,0.000433
自言,青松,0.392993,3.043223,1,10,11,0.004335,0.004768,0.000433
花发,青松,0.392993,3.043223,1,10,11,0.004335,0.004768,0.000433
白玉,花发,0.392993,3.043223,1,11,10,0.004768,0.004335,0.000433
白玉,白马,0.392993,3.043223,1,11,10,0.004768,0.004335,0.000433
湘水,青松,0.392993,3.043223,1,10,11,0.004335,0.004768,0.000433
人皆,天子,0.392993,3.043223,1,2,55,0.000867,0.02384,0.000433
天子,宫殿,0.392993,3.043223,1,55,2,0.02384,0.000867,0.000433
云雨,桃源,0.392993,3.043223,1,10,11,0.004335,0.004768,0.000433
经年,落日,0.392993,3.043223,1,5,22,0.002167,0.009536,0.000433
憔悴,望乡,0.392993,3.043223,1,10,11,0.004335,0.004768,0.000433
万事,汉家,0.392993,3.043223,1,5,22,0.002167,0.009536,0.000433
望乡,猿啼,0.392993,3.043223,1,11,10,0.004768,0.004335,0.000433
路傍,阳城,0.392993,3.043223,1,10,11,0.004335,0.004768,0.000433
百花,行人,0.392993,3.043223,1,10,11,0.004335,0.004768,0.000433
萧条,行人,0.392993,3.043223,1,10,11,0.004335,0.004768,0.000433
天外,春光,0.392993,3.043223,1,10,11,0.004335,0.004768,0.000433
望乡,沧海,0.392993,3.043223,1,11,10,0.004768,0.004335,0.000433
天涯,苍梧,0.392993,3.043223,1,11,10,0.004768,0.004335,0.000433
太守,汉家,0.392993,3.043223,1,5,22,0.002167,0.009536,0.000433
东西,落日,0.392993,3.043223,1,5,22,0.002167,0.009536,0.000433
山阴,汉家,0.392993,3.043223,1,5,22,0.002167,0.009536,0.000433
残月,汉家,0.392993,3.043223,1,5,22,0.002167,0.009536,0.000433
松柏,江海,0.392993,3.043223,1,11,10,0.004768,0.004335,0.000433
关河,松柏,0.392993,3.043223,1,10,11,0.004335,0.004768,0.000433
江海,道路,0.392993,3.043223,1,10,11,0.004335,0.004768,0.000433
关河,道路,0.392993,3.043223,1,10,11,0.004335,0.004768,0.000433
仙人,林下,0.392993,3.043223,1,22,5,0.009536,0.002167,0.000433
人家,黄金,0.392993,3.043223,1,5,22,0.002167,0.009536,0.000433
殷勤,秋色,0.392993,3.043223,1,10,11,0.004335,0.004768,0.000433
万户,黄金,0.392993,3.043223,1,5,22,0.002167,0.009536,0.000433
使君,黄金,0.392993,3.043223,1,5,22,0.002167,0.009536,0.000433
万户,浮云,0.392993,3.043223,1,5,22,0.002167,0.009536,0.000433
使君,浮云,0.392993,3.043223,1,5,22,0.002167,0.009536,0.000433
万户,汉家,0.392993,3.043223,1,5,22,0.002167,0.009536,0.000433
使君,汉家,0.392993,3.043223,1,5,22,0.002167,0.009536,0.000433
天涯,知音,0.392993,3.043223,1,11,10,0.004768,0.004335,0.000433
天涯,故园,0.392993,3.043223,1,11,10,0.004768,0.004335,0.000433
天涯,自言,0.392993,3.043223,1,11,10,0.004768,0.004335,0.000433
天涯,花发,0.392993,3.043223,1,11,10,0.004768,0.004335,0.000433
天涯,白马,0.392993,3.043223,1,11,10,0.004768,0.004335,0.000433
天涯,风月,0.392993,3.043223,1,11,10,0.004768,0.004335,0.000433
天涯,憔悴,0.392993,3.043223,1,11,10,0.004768,0.004335,0.000433
天涯,经过,0.392993,3.043223,1,11,10,0.004768,0.004335,0.000433
伤心,知音,0.392993,3.043223,1,11,10,0.004768,0.004335,0.000433
桃源,知音,0.392993,3.043223,1,11,10,0.004768,0.004335,0.000433
知音,龙门,0.392993,3.043223,1,10,11,0.004335,0.004768,0.000433
伤心,故园,0.392993,3.043223,1,11,10,0.004768,0.004335,0.000433
故园,桃源,0.392993,3.043223,1,10,11,0.004335,0.004768,0.000433
故园,龙门,0.392993,3.043223,1,10,11,0.004335,0.004768,0.000433
叶落,浮云,0.392993,3.043223,1,5,22,0.002167,0.009536,0.000433
伤心,自言,0.392993,3.043223,1,11,10,0.004768,0.004335,0.000433
伤心,花发,0.392993,3.043223,1,11,10,0.004768,0.004335,0.000433
伤心,白马,0.392993,3.043223,1,11,10,0.004768,0.004335,0.000433
伤心,风月,0.392993,3.043223,1,11,10,0.004768,0.004335,0.000433
伤心,憔悴,0.392993,3.043223,1,11,10,0.004768,0.004335,0.000433
伤心,经过,0.392993,3.043223,1,11,10,0.004768,0.004335,0.000433
桃源,自言,0.392993,3.043223,1,11,10,0.004768,0.004335,0.000433
自言,龙门,0.392993,3.043223,1,10,11,0.004335,0.004768,0.000433
桃源,花发,0.392993,3.043223,1,11,10,0.004768,0.004335,0.000433
桃源,白马,0.392993,3.043223,1,11,10,0.004768,0.004335,0.000433
憔悴,桃源,0.392993,3.043223,1,10,11,0.004335,0.004768,0.000433
桃源,经过,0.392993,3.043223,1,11,10,0.004768,0.004335,0.000433
花发,龙门,0.392993,3.043223,1,10,11,0.004335,0.004768,0.000433
白马,龙门,0.392993,3.043223,1,10,11,0.004335,0.004768,0.000433
风月,龙门,0.392993,3.043223,1,10,11,0.004335,0.004768,0.000433
憔悴,龙门,0.392993,3.043223,1,10,11,0.004335,0.004768,0.000433
经过,龙门,0.392993,3.043223,1,10,11,0.004335,0.004768,0.000433
日照,自言,0.392993,3.043223,1,11,10,0.004768,0.004335,0.000433
伤心,古木,0.392993,3.043223,1,11,10,0.004768,0.004335,0.000433
古木,松柏,0.392993,3.043223,1,10,11,0.004335,0.004768,0.000433
古木,青松,0.392993,3.043223,1,10,11,0.004335,0.004768,0.000433
古木,秋色,0.392993,3.043223,1,10,11,0.004335,0.004768,0.000433
今来,春光,0.392993,3.043223,1,10,11,0.004335,0.004768,0.000433
今来,黄叶,0.392993,3.043223,1,10,11,0.004335,0.004768,0.000433
封侯,春光,0.392993,3.043223,1,10,11,0.004335,0.004768,0.000433
封侯,黄叶,0.392993,3.043223,1,10,11,0.004335,0.004768,0.000433
岁寒,春光,0.392993,3.043223,1,10,11,0.004335,0.004768,0.000433
憔悴,高楼,0.392993,3.043223,1,10,11,0.004335,0.004768,0.000433
零落,高楼,0.392993,3.043223,1,10,11,0.004335,0.004768,0.000433
含情,憔悴,0.392993,3.043223,1,11,10,0.004768,0.004335,0.000433
含情,零落,0.392993,3.043223,1,11,10,0.004768,0.004335,0.000433
春草,江水,0.392993,3.043223,1,11,10,0.004768,0.004335,0.000433
夜月,零落,0.392993,3.043223,1,11,10,0.004768,0.004335,0.000433
夜月,知音,0.392993,3.043223,1,11,10,0.004768,0.004335,0.000433
独坐,自然,0.392993,3.043223,1,11,10,0.004768,0.004335,0.000433
潇湘,落日,0.392993,3.043223,1,5,22,0.002167,0.009536,0.000433
巫山,潇湘,0.392993,3.043223,1,22,5,0.009536,0.002167,0.000433
封侯,白玉,0.392993,3.043223,1,10,11,0.004335,0.004768,0.000433
昔日,白玉,0.392993,3.043223,1,10,11,0.004335,0.004768,0.000433
白玉,萧条,0.392993,3.043223,1,11,10,0.004768,0.004335,0.000433
湘水,白玉,0.392993,3.043223,1,10,11,0.004335,0.004768,0.000433
封侯,日晚,0.392993,3.043223,1,10,11,0.004335,0.004768,0.000433
日晚,萧条,0.392993,3.043223,1,11,10,0.004768,0.004335,0.000433
日晚,自言,0.392993,3.043223,1,11,10,0.004768,0.004335,0.000433
日晚,湘水,0.392993,3.043223,1,11,10,0.004768,0.004335,0.000433
自古,闻道,0.392993,3.043223,1,5,22,0.002167,0.009536,0.000433
出入,天子,0.392993,3.043223,1,2,55,0.000867,0.02384,0.000433
世人,天子,0.392993,3.043223,1,2,55,0.000867,0.02384,0.000433
天子,感激,0.392993,3.043223,1,55,2,0.02384,0.000867,0.000433
自古,黄金,0.392993,3.043223,1,5,22,0.002167,0.009536,0.000433
巫山,自古,0.392993,3.043223,1,22,5,0.009536,0.002167,0.000433
衣裳,黄金,0.392993,3.043223,1,5,22,0.002167,0.009536,0.000433
巫山,衣裳,0.392993,3.043223,1,22,5,0.009536,0.002167,0.000433
天子,楚水,0.392993,3.043223,1,55,2,0.02384,0.000867,0.000433
山阴,闻道,0.392993,3.043223,1,5,22,0.002167,0.009536,0.000433
古木,道路,0.392993,3.043223,1,10,11,0.004335,0.004768,0.000433
世上,闻道,0.392993,3.043223,1,5,22,0.002167,0.009536,0.000433
仙人,古今,0.392993,3.043223,1,22,5,0.009536,0.002167,0.000433
太平,苍梧,0.392993,3.043223,1,11,10,0.004768,0.004335,0.000433
岁寒,松柏,0.392993,3.043223,1,10,11,0.004335,0.004768,0.000433
文章,望乡,0.392993,3.043223,1,10,11,0.004335,0.004768,0.000433
日照,清明,0.392993,3.043223,1,11,10,0.004768,0.004335,0.000433
潇湘,自怜,0.392993,3.043223,1,5,22,0.002167,0.009536,0.000433
自怜,莓苔,0.392993,3.043223,1,22,5,0.009536,0.002167,0.000433
云飞,夜月,0.392993,3.043223,1,10,11,0.004335,0.004768,0.000433
夜月,萧条,0.392993,3.043223,1,11,10,0.004768,0.004335,0.000433
秋水,自怜,0.392993,3.043223,1,5,22,0.002167,0.009536,0.000433
使君,巫山,0.392993,3.043223,1,5,22,0.002167,0.009536,0.000433
天子,秋雨,0.392993,3.043223,1,55,2,0.02384,0.000867,0.000433
秋色,萧条,0.392993,3.043223,1,11,10,0.004768,0.004335,0.000433
天涯,萧条,0.392993,3.043223,1,11,10,0.004768,0.004335,0.000433
日晚,花前,0.392993,3.043223,1,11,10,0.004768,0.004335,0.000433
故山,自怜,0.392993,3.043223,1,5,22,0.002167,0.009536,0.000433
自然,高楼,0.392993,3.043223,1,10,11,0.004335,0.004768,0.000433
万国,梅花,0.392937,2.770424,2,17,17,0.007369,0.007369,0.000867
千门,青门,0.392937,2.770424,2,17,17,0.007369,0.007369,0.000867
意气,相逢,0.392937,2.770424,2,17,17,0.007369,0.007369,0.000867
意气,青门,0.392937,2.770424,2,17,17,0.007369,0.007369,0.000867
意气,梅花,0.392937,2.770424,2,17,17,0.007369,0.007369,0.000867
可怜,离别,0.392456,2.607905,3,34,15,0.014738,0.006502,0.0013
洛阳,花前,0.392456,2.607905,3,51,10,0.022107,0.004335,0.0013
古人,洛阳,0.392456,2.607905,3,10,51,0.004335,0.022107,0.0013
故园,洛阳,0.392456,2.607905,3,10,51,0.004335,0.022107,0.0013
关河,千年,0.392447,2.76697,2,10,29,0.004335,0.01257,0.000867
桃李,萧条,0.392447,2.76697,2,29,10,0.01257,0.004335,0.000867
千里,知己,0.39225,2.406165,5,80,13,0.034677,0.005635,0.002167
姓名,杨柳,0.391825,3.034173,1,3,37,0.0013,0.016038,0.000433
杨柳,玉楼,0.391825,3.034173,1,37,3,0.016038,0.0013,0.000433
杨柳,苍茫,0.391825,3.034173,1,37,3,0.016038,0.0013,0.000433
杨柳,白蘋,0.391825,3.034173,1,37,3,0.016038,0.0013,0.000433
杨柳,连天,0.391825,3.034173,1,37,3,0.016038,0.0013,0.000433
星辰,杨柳,0.391825,3.034173,1,3,37,0.0013,0.016038,0.000433
平生,意气,0.391688,2.490122,4,45,17,0.019506,0.007369,0.001734
月明,风起,0.391573,2.60204,3,19,27,0.008236,0.011704,0.0013
双阙,淹留,0.390666,3.025204,1,8,14,0.003468,0.006068,0.000433
有情,逶迤,0.390666,3.025204,1,7,16,0.003034,0.006935,0.000433
淹留,百尺,0.390666,3.025204,1,14,8,0.006068,0.003468,0.000433
思归,花飞,0.390666,3.025204,1,8,14,0.003468,0.006068,0.000433
尘埃,玲珑,0.390666,3.025204,1,14,8,0.006068,0.003468,0.000433
尘埃,山路,0.390666,3.025204,1,14,8,0.006068,0.003468,0.000433
日夜,相望,0.390666,3.025204,1,7,16,0.003034,0.006935,0.000433
日夕,风霜,0.390666,3.025204,1,8,14,0.003468,0.006068,0.000433
思归,风霜,0.390666,3.025204,1,8,14,0.003468,0.006068,0.000433
相识,门前,0.390666,3.025204,1,14,8,0.006068,0.003468,0.000433
相识,陌上,0.390666,3.025204,1,14,8,0.006068,0.003468,0.000433
相知,相识,0.390666,3.025204,1,8,14,0.003468,0.006068,0.000433
双阙,相识,0.390666,3.025204,1,8,14,0.003468,0.006068,0.000433
河汉,淹留,0.390666,3.025204,1,8,14,0.003468,0.006068,0.000433
中原,天下,0.390666,3.025204,1,4,28,0.001734,0.012137,0.000433
无限,门前,0.390666,3.025204,1,14,8,0.006068,0.003468,0.000433
山下,日夜,0.390666,3.025204,1,16,7,0.006935,0.003034,0.000433
寒食,山中,0.390666,3.025204,1,8,14,0.003468,0.006068,0.000433
今年,思归,0.390666,3.025204,1,14,8,0.006068,0.003468,0.000433
万物,山中,0.390666,3.025204,1,8,14,0.003468,0.006068,0.000433
万物,淹留,0.390666,3.025204,1,8,14,0.003468,0.006068,0.000433
万物,楼台,0.390666,3.025204,1,8,14,0.003468,0.006068,0.000433
万物,山河,0.390666,3.025204,1,8,14,0.003468,0.006068,0.000433
北阙,黄河,0.390666,3.025204,1,14,8,0.006068,0.003468,0.000433
北阙,颜色,0.390666,3.025204,1,14,8,0.006068,0.003468,0.000433
北阙,思归,0.390666,3.025204,1,14,8,0.006068,0.003468,0.000433
主人,北阙,0.390666,3.025204,1,8,14,0.003468,0.006068,0.000433
寒食,马上,0.390666,3.025204,1,8,14,0.003468,0.006068,0.000433
咸阳,路长,0.390666,3.025204,1,7,16,0.003034,0.006935,0.000433
江流,相望,0.390666,3.025204,1,7,16,0.003034,0.006935,0.000433
相望,相见,0.390666,3.025204,1,16,7,0.006935,0.003034,0.000433
庭前,思君,0.390666,3.025204,1,7,16,0.003034,0.006935,0.000433
丞相,回首,0.390666,3.025204,1,7,16,0.003034,0.006935,0.000433
万年,诸侯,0.390666,3.025204,1,28,4,0.012137,0.001734,0.000433
断肠,青楼,0.390666,3.025204,1,8,14,0.003468,0.006068,0.000433
千古,天下,0.390666,3.025204,1,4,28,0.001734,0.012137,0.000433
南北,流水,0.390666,3.025204,1,4,28,0.001734,0.012137,0.000433
空馀,行路,0.390666,3.025204,1,14,8,0.006068,0.003468,0.000433
空馀,路难,0.390666,3.025204,1,14,8,0.006068,0.003468,0.000433
千万,空馀,0.390666,3.025204,1,8,14,0.003468,0.006068,0.000433
当时,青楼,0.390666,3.025204,1,8,14,0.003468,0.006068,0.000433
南宫,青楼,0.390666,3.025204,1,8,14,0.003468,0.006068,0.000433
青楼,须臾,0.390666,3.025204,1,14,8,0.006068,0.003468,0.000433
北阙,当时,0.390666,3.025204,1,14,8,0.006068,0.003468,0.000433
山河,当时,0.390666,3.025204,1,14,8,0.006068,0.003468,0.000433
南宫,山河,0.390666,3.025204,1,8,14,0.003468,0.006068,0.000433
北阙,须臾,0.390666,3.025204,1,14,8,0.006068,0.003468,0.000433
山河,须臾,0.390666,3.025204,1,14,8,0.006068,0.003468,0.000433
少年,当时,0.390666,3.025204,1,14,8,0.006068,0.003468,0.000433
当时,无限,0.390666,3.025204,1,8,14,0.003468,0.006068,0.000433
山中,当时,0.390666,3.025204,1,14,8,0.006068,0.003468,0.000433
当时,淹留,0.390666,3.025204,1,8,14,0.003468,0.006068,0.000433
帝城,春来,0.390666,3.025204,1,7,16,0.003034,0.006935,0.000433
帝城,思君,0.390666,3.025204,1,7,16,0.003034,0.006935,0.000433
帝城,相望,0.390666,3.025204,1,7,16,0.003034,0.006935,0.000433
春来,风流,0.390666,3.025204,1,16,7,0.006935,0.003034,0.000433
莺啼,青楼,0.390666,3.025204,1,8,14,0.003468,0.006068,0.000433
君心,青楼,0.390666,3.025204,1,8,14,0.003468,0.006068,0.000433
尘埃,莺啼,0.390666,3.025204,1,14,8,0.006068,0.003468,0.000433
君心,尘埃,0.390666,3.025204,1,8,14,0.003468,0.006068,0.000433
无限,莺啼,0.390666,3.025204,1,14,8,0.006068,0.003468,0.000433
君心,无限,0.390666,3.025204,1,8,14,0.003468,0.006068,0.000433
淹留,莺啼,0.390666,3.025204,1,14,8,0.006068,0.003468,0.000433
君心,淹留,0.390666,3.025204,1,8,14,0.003468,0.006068,0.000433
御沟,风流,0.390666,3.025204,1,16,7,0.006935,0.003034,0.000433
君心,相识,0.390666,3.025204,1,8,14,0.003468,0.006068,0.000433
千万,相识,0.390666,3.025204,1,8,14,0.003468,0.006068,0.000433
万年,相对,0.390666,3.025204,1,28,4,0.012137,0.001734,0.000433
流水,相对,0.390666,3.025204,1,28,4,0.012137,0.001734,0.000433
朝廷,空馀,0.390666,3.025204,1,8,14,0.003468,0.006068,0.000433
山河,朝廷,0.390666,3.025204,1,14,8,0.006068,0.003468,0.000433
思君,有情,0.390666,3.025204,1,16,7,0.006935,0.003034,0.000433
明年,有情,0.390666,3.025204,1,16,7,0.006935,0.003034,0.000433
山路,青楼,0.390666,3.025204,1,8,14,0.003468,0.006068,0.000433
尘埃,颜色,0.390666,3.025204,1,14,8,0.006068,0.003468,0.000433
颜色,马上,0.390666,3.025204,1,8,14,0.003468,0.006068,0.000433
丞相,逶迤,0.390666,3.025204,1,7,16,0.003034,0.006935,0.000433
逶迤,骨肉,0.390666,3.025204,1,16,7,0.006935,0.003034,0.000433
咸阳,逶迤,0.390666,3.025204,1,7,16,0.003034,0.006935,0.000433
宁知,清净,0.390666,3.025204,1,28,4,0.012137,0.001734,0.000433
天下,清净,0.390666,3.025204,1,28,4,0.012137,0.001734,0.000433
宁知,诸侯,0.390666,3.025204,1,28,4,0.012137,0.001734,0.000433
宁知,玉堂,0.390666,3.025204,1,28,4,0.012137,0.001734,0.000433
丞相,瑶池,0.390666,3.025204,1,7,16,0.003034,0.006935,0.000433
万物,尘埃,0.390666,3.025204,1,8,14,0.003468,0.006068,0.000433
单于,尘埃,0.390666,3.025204,1,8,14,0.003468,0.006068,0.000433
尘埃,须臾,0.390666,3.025204,1,14,8,0.006068,0.003468,0.000433
尘埃,昆仑,0.390666,3.025204,1,14,8,0.006068,0.003468,0.000433
尘埃,蹉跎,0.390666,3.025204,1,14,8,0.006068,0.003468,0.000433
万物,马上,0.390666,3.025204,1,8,14,0.003468,0.006068,0.000433
单于,马上,0.390666,3.025204,1,8,14,0.003468,0.006068,0.000433
瑶池,骨肉,0.390666,3.025204,1,16,7,0.006935,0.003034,0.000433
咸阳,瑶池,0.390666,3.025204,1,7,16,0.003034,0.006935,0.000433
须臾,马上,0.390666,3.025204,1,8,14,0.003468,0.006068,0.000433
昆仑,马上,0.390666,3.025204,1,8,14,0.003468,0.006068,0.000433
蹉跎,马上,0.390666,3.025204,1,8,14,0.003468,0.006068,0.000433
天下,玉堂,0.390666,3.025204,1,28,4,0.012137,0.001734,0.000433
两相,天下,0.390666,3.025204,1,4,28,0.001734,0.012137,0.000433
明年,风流,0.390666,3.025204,1,16,7,0.006935,0.003034,0.000433
万年,两相,0.390666,3.025204,1,28,4,0.012137,0.001734,0.000433
兄弟,宁知,0.390666,3.025204,1,4,28,0.001734,0.012137,0.000433
徘徊,昆仑,0.390666,3.025204,1,14,8,0.006068,0.003468,0.000433
暮雨,逶迤,0.390666,3.025204,1,7,16,0.003034,0.006935,0.000433
北阙,莺啼,0.390666,3.025204,1,14,8,0.006068,0.003468,0.000433
朝廷,马上,0.390666,3.025204,1,8,14,0.003468,0.006068,0.000433
东海,天上,0.390666,3.025204,1,4,28,0.001734,0.012137,0.000433
天下,梦里,0.390666,3.025204,1,28,4,0.012137,0.001734,0.000433
单于,少年,0.390666,3.025204,1,8,14,0.003468,0.006068,0.000433
空馀,陌上,0.390666,3.025204,1,14,8,0.006068,0.003468,0.000433
回首,烟波,0.390666,3.025204,1,16,7,0.006935,0.003034,0.000433
春来,池上,0.390666,3.025204,1,16,7,0.006935,0.003034,0.000433
北阙,城中,0.390666,3.025204,1,14,8,0.006068,0.003468,0.000433
城中,楼台,0.390666,3.025204,1,8,14,0.003468,0.006068,0.000433
今年,昔年,0.390666,3.025204,1,14,8,0.006068,0.003468,0.000433
山下,造化,0.390666,3.025204,1,16,7,0.006935,0.003034,0.000433
北阙,河汉,0.390666,3.025204,1,14,8,0.006068,0.003468,0.000433
万年,武陵,0.390666,3.025204,1,28,4,0.012137,0.001734,0.000433
天上,武陵,0.390666,3.025204,1,28,4,0.012137,0.001734,0.000433
尘埃,笙歌,0.390666,3.025204,1,14,8,0.006068,0.003468,0.000433
日夕,相识,0.390666,3.025204,1,8,14,0.003468,0.006068,0.000433
帝乡,青楼,0.390504,2.753271,2,21,14,0.009103,0.006068,0.000867
少年,归路,0.390504,2.753271,2,14,21,0.006068,0.009103,0.000867
公子,相识,0.390504,2.753271,2,21,14,0.009103,0.006068,0.000867
秋风,茫茫,0.390504,2.753271,2,49,6,0.02124,0.002601,0.000867
少年,岁月,0.390504,2.753271,2,14,21,0.006068,0.009103,0.000867
无限,风光,0.390504,2.753271,2,14,21,0.006068,0.009103,0.000867
淹留,风光,0.390504,2.753271,2,14,21,0.006068,0.009103,0.000867
无限,蛾眉,0.390504,2.753271,2,14,21,0.006068,0.009103,0.000867
淹留,蛾眉,0.390504,2.753271,2,14,21,0.006068,0.009103,0.000867
尘埃,蛾眉,0.390504,2.753271,2,14,21,0.006068,0.009103,0.000867
山河,岁月,0.390504,2.753271,2,14,21,0.006068,0.009103,0.000867
忆昔,秋风,0.390504,2.753271,2,6,49,0.002601,0.02124,0.000867
蛾眉,马上,0.390504,2.753271,2,21,14,0.009103,0.006068,0.000867
杨柳,花飞,0.390114,2.59234,3,37,14,0.016038,0.006068,0.0013
杨柳,青楼,0.390114,2.59234,3,37,14,0.016038,0.006068,0.0013
千载,芳菲,0.389645,2.477135,4,25,31,0.010837,0.013437,0.001734
君心,杨柳,0.389542,2.746491,2,8,37,0.003468,0.016038,0.000867
杨柳,行路,0.389542,2.746491,2,37,8,0.016038,0.003468,0.000867
杨柳,路难,0.389542,2.746491,2,37,8,0.016038,0.003468,0.000867
千万,杨柳,0.389542,2.746491,2,8,37,0.003468,0.016038,0.000867
杨柳,莺啼,0.389542,2.746491,2,37,8,0.016038,0.003468,0.000867
九重,窈窕,0.389534,2.588487,3,20,26,0.008669,0.01127,0.0013
知己,长安,0.389534,2.588487,3,13,40,0.005635,0.017339,0.0013
苦辛,长安,0.389534,2.588487,3,13,40,0.005635,0.017339,0.0013
昔时,长安,0.389534,2.588487,3,13,40,0.005635,0.017339,0.0013
海上,花落,0.389534,2.588487,3,20,26,0.008669,0.01127,0.0013
日斜,风起,0.389064,2.743118,2,11,27,0.004768,0.011704,0.000867
双飞,相思,0.389064,2.743118,2,9,33,0.003901,0.014304,0.000867
怅望,相思,0.389064,2.743118,2,9,33,0.003901,0.014304,0.000867
佳期,相思,0.389064,2.743118,2,9,33,0.003901,0.014304,0.000867
年年,绿水,0.389064,2.743118,2,33,9,0.014304,0.003901,0.000867
依然,落花,0.389064,2.743118,2,9,33,0.003901,0.014304,0.000867
南山,鱼龙,0.389064,2.743118,2,33,9,0.014304,0.003901,0.000867
风起,黄叶,0.389064,2.743118,2,27,11,0.011704,0.004768,0.000867
南山,雨露,0.389064,2.743118,2,33,9,0.014304,0.003901,0.000867
年年,昨夜,0.389064,2.743118,2,33,9,0.014304,0.003901,0.000867
所思,白云,0.389064,2.743118,2,3,99,0.0013,0.042913,0.000867
悠悠,纵横,0.388836,2.471987,4,41,19,0.017772,0.008236,0.001734
青山,风烟,0.388634,2.470704,4,26,30,0.01127,0.013004,0.001734
烟霞,白雪,0.388381,3.007505,1,19,6,0.008236,0.002601,0.000433
人情,月明,0.388381,3.007505,1,6,19,0.002601,0.008236,0.000433
忆昔,月明,0.388381,3.007505,1,6,19,0.002601,0.008236,0.000433
白日,秋来,0.388381,3.007505,1,38,3,0.016472,0.0013,0.000433
烟霞,还家,0.388381,3.007505,1,19,6,0.008236,0.002601,0.000433
千秋,萧萧,0.388381,3.007505,1,19,6,0.008236,0.002601,0.000433
千秋,苍生,0.388381,3.007505,1,19,6,0.008236,0.002601,0.000433
孤舟,纵横,0.388381,3.007505,1,6,19,0.002601,0.008236,0.000433
千秋,焚香,0.388381,3.007505,1,19,6,0.008236,0.002601,0.000433
烟霞,野花,0.388381,3.007505,1,19,6,0.008236,0.002601,0.000433
玉楼,白日,0.388381,3.007505,1,3,38,0.0013,0.016472,0.000433
才子,白日,0.388381,3.007505,1,3,38,0.0013,0.016472,0.000433
朱门,烟霞,0.388381,3.007505,1,6,19,0.002601,0.008236,0.000433
心期,白日,0.388381,3.007505,1,3,38,0.0013,0.016472,0.000433
猿声,白日,0.388381,3.007505,1,3,38,0.0013,0.016472,0.000433
朱门,纵横,0.388381,3.007505,1,6,19,0.002601,0.008236,0.000433
秋月,还家,0.388381,3.007505,1,19,6,0.008236,0.002601,0.000433
春水,白日,0.388381,3.007505,1,3,38,0.0013,0.016472,0.000433
千秋,相亲,0.388381,3.007505,1,19,6,0.008236,0.002601,0.000433
纵横,青苔,0.388381,3.007505,1,19,6,0.008236,0.002601,0.000433
他人,白日,0.388381,3.007505,1,3,38,0.0013,0.016472,0.000433
所思,白日,0.388381,3.007505,1,3,38,0.0013,0.016472,0.000433
他人,风吹,0.388381,3.007505,1,3,38,0.0013,0.016472,0.000433
所思,风吹,0.388381,3.007505,1,3,38,0.0013,0.016472,0.000433
忆昔,纵横,0.388381,3.007505,1,6,19,0.002601,0.008236,0.000433
纵横,茫茫,0.388381,3.007505,1,19,6,0.008236,0.002601,0.000433
烟雨,白日,0.388381,3.007505,1,3,38,0.0013,0.016472,0.000433
石上,风吹,0.388381,3.007505,1,3,38,0.0013,0.016472,0.000433
东风,月明,0.388381,3.007505,1,6,19,0.002601,0.008236,0.000433
世事,白日,0.388381,3.007505,1,3,38,0.0013,0.016472,0.000433
北风,十年,0.388112,2.736407,2,13,23,0.005635,0.00997,0.000867
明主,昔时,0.388112,2.736407,2,23,13,0.00997,0.005635,0.000867
苦辛,风尘,0.388112,2.736407,2,13,23,0.005635,0.00997,0.000867
柳色,桃花,0.388112,2.736407,2,13,23,0.005635,0.00997,0.000867
云间,神仙,0.388094,2.578917,3,15,35,0.006502,0.015171,0.0013
花开,蛾眉,0.388094,2.578917,3,25,21,0.010837,0.009103,0.0013
芳树,蛾眉,0.388094,2.578917,3,25,21,0.010837,0.009103,0.0013
公子,花开,0.388094,2.578917,3,21,25,0.009103,0.010837,0.0013
公子,芳树,0.388094,2.578917,3,21,25,0.009103,0.010837,0.0013
歌舞,白头,0.387829,2.465589,4,49,16,0.02124,0.006935,0.001734
明年,歌舞,0.387829,2.465589,4,16,49,0.006935,0.02124,0.001734
朝朝,芳树,0.387639,2.733068,2,12,25,0.005202,0.010837,0.000867
云间,未央,0.387639,2.733068,2,15,20,0.006502,0.008669,0.000867
叹息,归去,0.387639,2.733068,2,25,12,0.010837,0.005202,0.000867
九重,宛转,0.387639,2.733068,2,20,15,0.008669,0.006502,0.000867
游人,鸳鸯,0.387639,2.733068,2,15,20,0.006502,0.008669,0.000867
海上,游人,0.387639,2.733068,2,20,15,0.008669,0.006502,0.000867
宛转,鸳鸯,0.387639,2.733068,2,15,20,0.006502,0.008669,0.000867
朝朝,花开,0.387639,2.733068,2,12,25,0.005202,0.010837,0.000867
千载,红尘,0.387639,2.733068,2,25,12,0.010837,0.005202,0.000867
千载,翡翠,0.387639,2.733068,2,25,12,0.010837,0.005202,0.000867
人间,海上,0.387639,2.733068,2,15,20,0.006502,0.008669,0.000867
叹息,寂寞,0.387639,2.733068,2,25,12,0.010837,0.005202,0.000867
千载,摇落,0.387639,2.733068,2,25,12,0.010837,0.005202,0.000867
叹息,游子,0.387639,2.733068,2,25,12,0.010837,0.005202,0.000867
叹息,月满,0.387639,2.733068,2,25,12,0.010837,0.005202,0.000867
海上,青云,0.387639,2.733068,2,20,15,0.008669,0.006502,0.000867
关山,意气,0.387521,2.575115,3,31,17,0.013437,0.007369,0.0013
关山,梅花,0.387521,2.575115,3,31,17,0.013437,0.007369,0.0013
携手,芳菲,0.387521,2.575115,3,17,31,0.007369,0.013437,0.0013
意气,芳菲,0.387521,2.575115,3,17,31,0.007369,0.013437,0.0013
平生,白日,0.387279,2.245365,7,45,38,0.019506,0.016472,0.003034
往来,风尘,0.387253,2.998771,1,5,23,0.002167,0.00997,0.000433
天地,旧游,0.387253,2.998771,1,23,5,0.00997,0.002167,0.000433
东西,天地,0.387253,2.998771,1,5,23,0.002167,0.00997,0.000433
十年,自古,0.387253,2.998771,1,23,5,0.00997,0.002167,0.000433
东方,桃花,0.387253,2.998771,1,5,23,0.002167,0.00997,0.000433
使君,桃花,0.387253,2.998771,1,5,23,0.002167,0.00997,0.000433
潇湘,风尘,0.387253,2.998771,1,5,23,0.002167,0.00997,0.000433
万户,十年,0.387253,2.998771,1,5,23,0.002167,0.00997,0.000433
使君,十年,0.387253,2.998771,1,5,23,0.002167,0.00997,0.000433
十年,叶落,0.387253,2.998771,1,23,5,0.00997,0.002167,0.000433
去年,风尘,0.387253,2.998771,1,5,23,0.002167,0.00997,0.000433
残月,风尘,0.387253,2.998771,1,5,23,0.002167,0.00997,0.000433
对酒,桃花,0.387253,2.998771,1,5,23,0.002167,0.00997,0.000433
秋水,风尘,0.387253,2.998771,1,5,23,0.002167,0.00997,0.000433
十年,得意,0.387253,2.998771,1,23,5,0.00997,0.002167,0.000433
天地,寒山,0.387253,2.998771,1,23,5,0.00997,0.002167,0.000433
天地,得意,0.387253,2.998771,1,23,5,0.00997,0.002167,0.000433
天地,衣裳,0.387253,2.998771,1,23,5,0.00997,0.002167,0.000433
天地,经年,0.387253,2.998771,1,23,5,0.00997,0.002167,0.000433
去年,明主,0.387253,2.998771,1,5,23,0.002167,0.00997,0.000433
归心,桃花,0.387253,2.998771,1,5,23,0.002167,0.00997,0.000433
浮云,美人,0.387236,2.573219,3,22,24,0.009536,0.010403,0.0013
明年,落花,0.387236,2.573219,3,16,33,0.006935,0.014304,0.0013
年年,春来,0.387236,2.573219,3,33,16,0.014304,0.006935,0.0013
杨柳,桃李,0.387158,2.374927,5,37,29,0.016038,0.01257,0.002167
君王,年年,0.386232,2.455436,4,24,33,0.010403,0.014304,0.001734
自怜,裴回,0.386232,2.455436,4,22,36,0.009536,0.015605,0.001734
杜陵,桃李,0.386135,2.990113,1,4,29,0.001734,0.01257,0.000433
千年,秋天,0.386135,2.990113,1,29,4,0.01257,0.001734,0.000433
桃李,相忆,0.386135,2.990113,1,29,4,0.01257,0.001734,0.000433
桃李,逢人,0.386135,2.990113,1,29,4,0.01257,0.001734,0.000433
东海,桃李,0.386135,2.990113,1,4,29,0.001734,0.01257,0.000433
桃李,清净,0.386135,2.990113,1,29,4,0.01257,0.001734,0.000433
桃李,诸侯,0.386135,2.990113,1,29,4,0.01257,0.001734,0.000433
千年,马嘶,0.386135,2.990113,1,29,4,0.01257,0.001734,0.000433
花飞,风吹,0.3861,2.565672,3,14,38,0.006068,0.016472,0.0013
千秋,天上,0.3861,2.565672,3,19,28,0.008236,0.012137,0.0013
悠悠,西山,0.385818,2.563794,3,41,13,0.017772,0.005635,0.0013
白日,黄河,0.38576,2.719823,2,38,8,0.016472,0.003468,0.000867
万古,风吹,0.38576,2.719823,2,8,38,0.003468,0.016472,0.000867
百尺,风吹,0.38576,2.719823,2,8,38,0.003468,0.016472,0.000867
月明,路长,0.38576,2.719823,2,19,16,0.008236,0.006935,0.000867
当时,白日,0.38576,2.719823,2,8,38,0.003468,0.016472,0.000867
白日,须臾,0.38576,2.719823,2,38,8,0.016472,0.003468,0.000867
春来,纵横,0.38576,2.719823,2,16,19,0.006935,0.008236,0.000867
明年,秋月,0.38576,2.719823,2,16,19,0.006935,0.008236,0.000867
依然,年华,0.385026,2.981529,1,9,13,0.003901,0.005635,0.000433
人生,今已,0.385026,2.981529,1,13,9,0.005635,0.003901,0.000433
公卿,相送,0.385026,2.981529,1,9,13,0.003901,0.005635,0.000433
干戈,相送,0.385026,2.981529,1,9,13,0.003901,0.005635,0.000433
大道,昔时,0.385026,2.981529,1,9,13,0.003901,0.005635,0.000433
寂寥,昔时,0.385026,2.981529,1,9,13,0.003901,0.005635,0.000433
凉风,西山,0.385026,2.981529,1,9,13,0.003901,0.005635,0.000433
故人,自知,0.385026,2.981529,1,39,3,0.016905,0.0013,0.000433
鱼龙,黄鹤,0.385026,2.981529,1,9,13,0.003901,0.005635,0.000433
故人,江城,0.385026,2.981529,1,39,3,0.016905,0.0013,0.000433
富贵,昔时,0.385026,2.981529,1,9,13,0.003901,0.005635,0.000433
寂寥,苦辛,0.385026,2.981529,1,9,13,0.003901,0.005635,0.000433
人生,大道,0.385026,2.981529,1,13,9,0.005635,0.003901,0.000433
同心,大道,0.385026,2.981529,1,13,9,0.005635,0.003901,0.000433
故人,玉楼,0.385026,2.981529,1,39,3,0.016905,0.0013,0.000433
参差,才子,0.385026,2.981529,1,39,3,0.016905,0.0013,0.000433
衣冠,金谷,0.385026,2.981529,1,9,13,0.003901,0.005635,0.000433
金谷,飘飖,0.385026,2.981529,1,13,9,0.005635,0.003901,0.000433
金谷,高秋,0.385026,2.981529,1,13,9,0.005635,0.003901,0.000433
竹林,金谷,0.385026,2.981529,1,9,13,0.003901,0.005635,0.000433
佳期,金谷,0.385026,2.981529,1,9,13,0.003901,0.005635,0.000433
昨夜,金谷,0.385026,2.981529,1,9,13,0.003901,0.005635,0.000433
知己,衣冠,0.385026,2.981529,1,13,9,0.005635,0.003901,0.000433
知己,飘飖,0.385026,2.981529,1,13,9,0.005635,0.003901,0.000433
知己,高秋,0.385026,2.981529,1,13,9,0.005635,0.003901,0.000433
知己,竹林,0.385026,2.981529,1,13,9,0.005635,0.003901,0.000433
佳期,知己,0.385026,2.981529,1,9,13,0.003901,0.005635,0.000433
昨夜,知己,0.385026,2.981529,1,9,13,0.003901,0.005635,0.000433
江南,衣冠,0.385026,2.981529,1,13,9,0.005635,0.003901,0.000433
江南,飘飖,0.385026,2.981529,1,13,9,0.005635,0.003901,0.000433
江南,高秋,0.385026,2.981529,1,13,9,0.005635,0.003901,0.000433
江南,竹林,0.385026,2.981529,1,13,9,0.005635,0.003901,0.000433
昨夜,江南,0.385026,2.981529,1,9,13,0.003901,0.005635,0.000433
参差,心期,0.385026,2.981529,1,39,3,0.016905,0.0013,0.000433
参差,猿声,0.385026,2.981529,1,39,3,0.016905,0.0013,0.000433
肠断,金谷,0.385026,2.981529,1,9,13,0.003901,0.005635,0.000433
富贵,金谷,0.385026,2.981529,1,9,13,0.003901,0.005635,0.000433
分明,金谷,0.385026,2.981529,1,9,13,0.003901,0.005635,0.000433
参差,消息,0.385026,2.981529,1,39,3,0.016905,0.0013,0.000433
北风,寂寥,0.385026,2.981529,1,13,9,0.005635,0.003901,0.000433
今已,同心,0.385026,2.981529,1,9,13,0.003901,0.005635,0.000433
富贵,西山,0.385026,2.981529,1,9,13,0.003901,0.005635,0.000433
北风,双飞,0.385026,2.981529,1,13,9,0.005635,0.003901,0.000433
怅望,西山,0.385026,2.981529,1,9,13,0.003901,0.005635,0.000433
故人,苍茫,0.385026,2.981529,1,39,3,0.016905,0.0013,0.000433
明日,黄鹤,0.385026,2.981529,1,9,13,0.003901,0.005635,0.000433
临水,参差,0.385026,2.981529,1,3,39,0.0013,0.016905,0.000433
北风,逍遥,0.385026,2.981529,1,13,9,0.005635,0.003901,0.000433
北风,大道,0.385026,2.981529,1,13,9,0.005635,0.003901,0.000433
凉风,昔时,0.385026,2.981529,1,9,13,0.003901,0.005635,0.000433
客心,高秋,0.385026,2.981529,1,13,9,0.005635,0.003901,0.000433
月夜,生死,0.385026,2.981529,1,13,9,0.005635,0.003901,0.000433
半夜,故人,0.385026,2.981529,1,3,39,0.0013,0.016905,0.000433
佳期,可怜,0.38483,2.713265,2,9,34,0.003901,0.014738,0.000867
别离,芙蓉,0.38483,2.713265,2,17,18,0.007369,0.007802,0.000867
佳人,相逢,0.38483,2.713265,2,18,17,0.007802,0.007369,0.000867
佳人,别离,0.38483,2.713265,2,18,17,0.007802,0.007369,0.000867
垂杨,洛阳,0.38483,2.713265,2,6,51,0.002601,0.022107,0.000867
可怜,花满,0.38483,2.713265,2,34,9,0.014738,0.003901,0.000867
古来,青门,0.38483,2.713265,2,18,17,0.007802,0.007369,0.000867
古来,携手,0.38483,2.713265,2,18,17,0.007802,0.007369,0.000867
不归,白发,0.38483,2.713265,2,17,18,0.007369,0.007802,0.000867
千里,古木,0.384651,2.445386,4,80,10,0.034677,0.004335,0.001734
歌舞,高台,0.384133,2.5526,3,49,11,0.02124,0.004768,0.0013
歌舞,青松,0.384133,2.5526,3,49,11,0.02124,0.004768,0.0013
松柏,歌舞,0.384133,2.5526,3,11,49,0.004768,0.02124,0.0013
歌舞,阳城,0.384133,2.5526,3,49,11,0.02124,0.004768,0.0013
君恩,秋风,0.384133,2.5526,3,11,49,0.004768,0.02124,0.0013
夜月,秋风,0.384133,2.5526,3,11,49,0.004768,0.02124,0.0013
春草,秋风,0.384133,2.5526,3,11,49,0.004768,0.02124,0.0013
落日,青楼,0.383906,2.706751,2,22,14,0.009536,0.006068,0.000867
相识,落日,0.383906,2.706751,2,14,22,0.006068,0.009536,0.000867
浮云,马上,0.383906,2.706751,2,22,14,0.009536,0.006068,0.000867
今年,闻道,0.383906,2.706751,2,14,22,0.006068,0.009536,0.000867
无限,闻道,0.383906,2.706751,2,14,22,0.006068,0.009536,0.000867
汉家,青楼,0.383906,2.706751,2,22,14,0.009536,0.006068,0.000867
浮云,淹留,0.383906,2.706751,2,22,14,0.009536,0.006068,0.000867
相识,黄金,0.383906,2.706751,2,14,22,0.006068,0.009536,0.000867
凤凰,自言,0.383854,2.550746,3,54,10,0.023407,0.004335,0.0013
旌旗,春色,0.382988,2.700278,2,10,31,0.004335,0.013437,0.000867
湘水,芳菲,0.382988,2.700278,2,10,31,0.004335,0.013437,0.000867
春色,花前,0.382988,2.700278,2,31,10,0.013437,0.004335,0.000867
关山,封侯,0.382988,2.700278,2,31,10,0.013437,0.004335,0.000867
关山,江水,0.382988,2.700278,2,31,10,0.013437,0.004335,0.000867
南国,芳菲,0.382988,2.700278,2,10,31,0.004335,0.013437,0.000867
关山,经过,0.382988,2.700278,2,31,10,0.013437,0.004335,0.000867
关山,白马,0.382988,2.700278,2,31,10,0.013437,0.004335,0.000867
芳菲,风月,0.382988,2.700278,2,31,10,0.013437,0.004335,0.000867
关山,故园,0.382988,2.700278,2,31,10,0.013437,0.004335,0.000867
经过,芳菲,0.382988,2.700278,2,10,31,0.004335,0.013437,0.000867
封侯,芳菲,0.382988,2.700278,2,10,31,0.004335,0.013437,0.000867
携手,花枝,0.382837,2.96458,1,17,7,0.007369,0.003034,0.000433
意气,日夜,0.382837,2.96458,1,17,7,0.007369,0.003034,0.000433
梅花,造化,0.382837,2.96458,1,17,7,0.007369,0.003034,0.000433
携手,相见,0.382837,2.96458,1,17,7,0.007369,0.003034,0.000433
归来,相见,0.382837,2.96458,1,17,7,0.007369,0.003034,0.000433
丞相,归来,0.382837,2.96458,1,7,17,0.003034,0.007369,0.000433
路岐,青门,0.382837,2.96458,1,7,17,0.003034,0.007369,0.000433
翠微,骨肉,0.382837,2.96458,1,17,7,0.007369,0.003034,0.000433
不归,阙下,0.382837,2.96458,1,17,7,0.007369,0.003034,0.000433
相见,青门,0.382837,2.96458,1,7,17,0.003034,0.007369,0.000433
别离,罗衣,0.382837,2.96458,1,17,7,0.007369,0.003034,0.000433
咸阳,翠微,0.382837,2.96458,1,7,17,0.003034,0.007369,0.000433
梅花,风流,0.382837,2.96458,1,17,7,0.007369,0.003034,0.000433
别离,风流,0.382837,2.96458,1,17,7,0.007369,0.003034,0.000433
别离,潺湲,0.382837,2.96458,1,17,7,0.007369,0.003034,0.000433
归来,潺湲,0.382837,2.96458,1,17,7,0.007369,0.003034,0.000433
不归,丞相,0.382837,2.96458,1,17,7,0.007369,0.003034,0.000433
丞相,携手,0.382837,2.96458,1,7,17,0.003034,0.007369,0.000433
不归,骨肉,0.382837,2.96458,1,17,7,0.007369,0.003034,0.000433
携手,骨肉,0.382837,2.96458,1,17,7,0.007369,0.003034,0.000433
不归,咸阳,0.382837,2.96458,1,17,7,0.007369,0.003034,0.000433
咸阳,携手,0.382837,2.96458,1,7,17,0.003034,0.007369,0.000433
携手,潺湲,0.382837,2.96458,1,17,7,0.007369,0.003034,0.000433
帝城,青门,0.382837,2.96458,1,7,17,0.003034,0.007369,0.000433
可怜,御沟,0.382744,2.543366,3,34,16,0.014738,0.006935,0.0013
可怜,白头,0.382744,2.543366,3,34,16,0.014738,0.006935,0.0013
千年,天上,0.382309,2.430497,4,29,28,0.01257,0.012137,0.001734
参差,淹留,0.382191,2.539697,3,39,14,0.016905,0.006068,0.0013
公子,花落,0.382191,2.539697,3,21,26,0.009103,0.01127,0.0013
他乡,风光,0.382191,2.539697,3,26,21,0.01127,0.009103,0.0013
他乡,白露,0.382191,2.539697,3,26,21,0.01127,0.009103,0.0013
山河,故人,0.382191,2.539697,3,14,39,0.006068,0.016905,0.0013
百年,风光,0.382191,2.539697,3,26,21,0.01127,0.009103,0.0013
参差,双阙,0.382076,2.693847,2,39,8,0.016905,0.003468,0.000867
江南,洞庭,0.382076,2.693847,2,13,24,0.005635,0.010403,0.000867
君王,绮罗,0.382076,2.693847,2,24,13,0.010403,0.005635,0.000867
寂寞,窈窕,0.382076,2.693847,2,12,26,0.005202,0.01127,0.000867
南北,明月,0.382076,2.693847,2,4,78,0.001734,0.03381,0.000867
君王,苦辛,0.382076,2.693847,2,24,13,0.010403,0.005635,0.000867
君王,昔时,0.382076,2.693847,2,24,13,0.010403,0.005635,0.000867
月下,花落,0.382076,2.693847,2,12,26,0.005202,0.01127,0.000867
故人,蹉跎,0.382076,2.693847,2,39,8,0.016905,0.003468,0.000867
百年,迢递,0.382076,2.693847,2,26,12,0.01127,0.005202,0.000867
朝朝,百年,0.382076,2.693847,2,12,26,0.005202,0.01127,0.000867
山水,长沙,0.382076,2.693847,2,26,12,0.01127,0.005202,0.000867
杨柳,落日,0.381922,2.428037,4,37,22,0.016038,0.009536,0.001734
九重,白雪,0.381757,2.956212,1,20,6,0.008669,0.002601,0.000433
可惜,风烟,0.381757,2.956212,1,4,30,0.001734,0.013004,0.000433
物外,百花,0.381757,2.956212,1,12,10,0.005202,0.004335,0.000433
千万,离别,0.381757,2.956212,1,8,15,0.003468,0.006502,0.000433
沧海,翡翠,0.381757,2.956212,1,10,12,0.004335,0.005202,0.000433
云飞,草绿,0.381757,2.956212,1,10,12,0.004335,0.005202,0.000433
垂杨,未央,0.381757,2.956212,1,6,20,0.002601,0.008669,0.000433
菊花,落叶,0.381757,2.956212,1,12,10,0.005202,0.004335,0.000433
承恩,莲花,0.381757,2.956212,1,10,12,0.004335,0.005202,0.000433
承恩,月下,0.381757,2.956212,1,10,12,0.004335,0.005202,0.000433
岁寒,月下,0.381757,2.956212,1,10,12,0.004335,0.005202,0.000433
东南,岁寒,0.381757,2.956212,1,12,10,0.005202,0.004335,0.000433
月下,自言,0.381757,2.956212,1,12,10,0.005202,0.004335,0.000433
朝朝,生涯,0.381757,2.956212,1,12,10,0.005202,0.004335,0.000433
未央,萧萧,0.381757,2.956212,1,20,6,0.008669,0.002601,0.000433
岐路,萧萧,0.381757,2.956212,1,20,6,0.008669,0.002601,0.000433
萧萧,鸳鸯,0.381757,2.956212,1,6,20,0.002601,0.008669,0.000433
翡翠,路傍,0.381757,2.956212,1,12,10,0.005202,0.004335,0.000433
别后,风月,0.381757,2.956212,1,12,10,0.005202,0.004335,0.000433
天外,草绿,0.381757,2.956212,1,10,12,0.004335,0.005202,0.000433
人归,鸳鸯,0.381757,2.956212,1,6,20,0.002601,0.008669,0.000433
红尘,自然,0.381757,2.956212,1,12,10,0.005202,0.004335,0.000433
南国,红尘,0.381757,2.956212,1,10,12,0.004335,0.005202,0.000433
封侯,清风,0.381757,2.956212,1,10,12,0.004335,0.005202,0.000433
楼前,氛氲,0.381757,2.956212,1,5,24,0.002167,0.010403,0.000433
红尘,花发,0.381757,2.956212,1,12,10,0.005202,0.004335,0.000433
白马,红尘,0.381757,2.956212,1,10,12,0.004335,0.005202,0.000433
花发,鹦鹉,0.381757,2.956212,1,10,12,0.004335,0.005202,0.000433
朝朝,花发,0.381757,2.956212,1,12,10,0.005202,0.004335,0.000433
翡翠,花发,0.381757,2.956212,1,12,10,0.005202,0.004335,0.000433
白马,鹦鹉,0.381757,2.956212,1,10,12,0.004335,0.005202,0.000433
朝朝,白马,0.381757,2.956212,1,12,10,0.005202,0.004335,0.000433
白马,翡翠,0.381757,2.956212,1,10,12,0.004335,0.005202,0.000433
月光,江水,0.381757,2.956212,1,12,10,0.005202,0.004335,0.000433
日落,河汉,0.381757,2.956212,1,15,8,0.006502,0.003468,0.000433
百里,美人,0.381757,2.956212,1,5,24,0.002167,0.010403,0.000433
美人,莓苔,0.381757,2.956212,1,24,5,0.010403,0.002167,0.000433
南国,江山,0.381757,2.956212,1,10,12,0.004335,0.005202,0.000433
云雨,菊花,0.381757,2.956212,1,10,12,0.004335,0.005202,0.000433
关河,菊花,0.381757,2.956212,1,10,12,0.004335,0.005202,0.000433
日落,百尺,0.381757,2.956212,1,15,8,0.006502,0.003468,0.000433
东西,洞庭,0.381757,2.956212,1,5,24,0.002167,0.010403,0.000433
人归,岐路,0.381757,2.956212,1,6,20,0.002601,0.008669,0.000433
紫微,黄河,0.381757,2.956212,1,15,8,0.006502,0.003468,0.000433
故园,行乐,0.381757,2.956212,1,10,12,0.004335,0.005202,0.000433
紫微,颜色,0.381757,2.956212,1,15,8,0.006502,0.003468,0.000433
思归,紫微,0.381757,2.956212,1,8,15,0.003468,0.006502,0.000433
南宫,紫微,0.381757,2.956212,1,8,15,0.003468,0.006502,0.000433
主人,紫微,0.381757,2.956212,1,8,15,0.003468,0.006502,0.000433
君心,青云,0.381757,2.956212,1,8,15,0.003468,0.006502,0.000433
南国,长沙,0.381757,2.956212,1,10,12,0.004335,0.005202,0.000433
万事,君王,0.381757,2.956212,1,5,24,0.002167,0.010403,0.000433
光辉,千古,0.381757,2.956212,1,30,4,0.013004,0.001734,0.000433
焚香,阳春,0.381757,2.956212,1,6,20,0.002601,0.008669,0.000433
沧海,风景,0.381757,2.956212,1,10,12,0.004335,0.005202,0.000433
故园,翡翠,0.381757,2.956212,1,10,12,0.004335,0.005202,0.000433
东南,江海,0.381757,2.956212,1,12,10,0.005202,0.004335,0.000433
东山,乔木,0.381757,2.956212,1,15,8,0.006502,0.003468,0.000433
萧索,阳春,0.381757,2.956212,1,6,20,0.002601,0.008669,0.000433
岐路,萧索,0.381757,2.956212,1,20,6,0.008669,0.002601,0.000433
寥落,风烟,0.381757,2.956212,1,4,30,0.001734,0.013004,0.000433
江山,沧海,0.381757,2.956212,1,12,10,0.005202,0.004335,0.000433
沧海,物外,0.381757,2.956212,1,10,12,0.004335,0.005202,0.000433
朝朝,苍梧,0.381757,2.956212,1,12,10,0.005202,0.004335,0.000433
太守,欢娱,0.381757,2.956212,1,5,24,0.002167,0.010403,0.000433
寂寞,昔日,0.381757,2.956212,1,12,10,0.005202,0.004335,0.000433
殷勤,风景,0.381757,2.956212,1,10,12,0.004335,0.005202,0.000433
路傍,风景,0.381757,2.956212,1,10,12,0.004335,0.005202,0.000433
东南,湘水,0.381757,2.956212,1,12,10,0.005202,0.004335,0.000433
君子,百尺,0.381757,2.956212,1,15,8,0.006502,0.003468,0.000433
远近,风烟,0.381757,2.956212,1,4,30,0.001734,0.013004,0.000433
玉树,知音,0.381757,2.956212,1,12,10,0.005202,0.004335,0.000433
城中,离别,0.381757,2.956212,1,8,15,0.003468,0.006502,0.000433
莲花,零落,0.381757,2.956212,1,12,10,0.005202,0.004335,0.000433
文章,莲花,0.381757,2.956212,1,10,12,0.004335,0.005202,0.000433
君子,颜色,0.381757,2.956212,1,15,8,0.006502,0.003468,0.000433
人间,双阙,0.381757,2.956212,1,15,8,0.006502,0.003468,0.000433
双阙,紫微,0.381757,2.956212,1,8,15,0.003468,0.006502,0.000433
日夕,紫微,0.381757,2.956212,1,8,15,0.003468,0.006502,0.000433
南北,风烟,0.381757,2.956212,1,4,30,0.001734,0.013004,0.000433
摇落,知音,0.381757,2.956212,1,12,10,0.005202,0.004335,0.000433
摇落,风月,0.381757,2.956212,1,12,10,0.005202,0.004335,0.000433
归去,自言,0.381757,2.956212,1,12,10,0.005202,0.004335,0.000433
归去,经过,0.381757,2.956212,1,12,10,0.005202,0.004335,0.000433
自言,长沙,0.381757,2.956212,1,10,12,0.004335,0.005202,0.000433
经过,长沙,0.381757,2.956212,1,10,12,0.004335,0.005202,0.000433
九重,羽翼,0.381757,2.956212,1,20,6,0.008669,0.002601,0.000433
九重,朱门,0.381757,2.956212,1,20,6,0.008669,0.002601,0.000433
九重,垂杨,0.381757,2.956212,1,20,6,0.008669,0.002601,0.000433
九重,金陵,0.381757,2.956212,1,20,6,0.008669,0.002601,0.000433
当时,无穷,0.381757,2.956212,1,8,15,0.003468,0.006502,0.000433
当时,白首,0.381757,2.956212,1,8,15,0.003468,0.006502,0.000433
丈夫,知音,0.381757,2.956212,1,12,10,0.005202,0.004335,0.000433
知音,迢递,0.381757,2.956212,1,10,12,0.004335,0.005202,0.000433
寂寞,知音,0.381757,2.956212,1,12,10,0.005202,0.004335,0.000433
东南,知音,0.381757,2.956212,1,12,10,0.005202,0.004335,0.000433
丈夫,故园,0.381757,2.956212,1,12,10,0.005202,0.004335,0.000433
故园,迢递,0.381757,2.956212,1,10,12,0.004335,0.005202,0.000433
寂寞,故园,0.381757,2.956212,1,12,10,0.005202,0.004335,0.000433
东南,故园,0.381757,2.956212,1,12,10,0.005202,0.004335,0.000433
丈夫,自言,0.381757,2.956212,1,12,10,0.005202,0.004335,0.000433
丈夫,花发,0.381757,2.956212,1,12,10,0.005202,0.004335,0.000433
丈夫,白马,0.381757,2.956212,1,12,10,0.005202,0.004335,0.000433
丈夫,风月,0.381757,2.956212,1,12,10,0.005202,0.004335,0.000433
丈夫,憔悴,0.381757,2.956212,1,12,10,0.005202,0.004335,0.000433
丈夫,经过,0.381757,2.956212,1,12,10,0.005202,0.004335,0.000433
花发,迢递,0.381757,2.956212,1,10,12,0.004335,0.005202,0.000433
白马,迢递,0.381757,2.956212,1,10,12,0.004335,0.005202,0.000433
迢递,风月,0.381757,2.956212,1,12,10,0.005202,0.004335,0.000433
经过,迢递,0.381757,2.956212,1,10,12,0.004335,0.005202,0.000433
寂寞,自言,0.381757,2.956212,1,12,10,0.005202,0.004335,0.000433
寂寞,花发,0.381757,2.956212,1,12,10,0.005202,0.004335,0.000433
寂寞,白马,0.381757,2.956212,1,12,10,0.005202,0.004335,0.000433
寂寞,风月,0.381757,2.956212,1,12,10,0.005202,0.004335,0.000433
寂寞,憔悴,0.381757,2.956212,1,12,10,0.005202,0.004335,0.000433
寂寞,经过,0.381757,2.956212,1,12,10,0.005202,0.004335,0.000433
东南,花发,0.381757,2.956212,1,12,10,0.005202,0.004335,0.000433
东南,白马,0.381757,2.956212,1,12,10,0.005202,0.004335,0.000433
东南,风月,0.381757,2.956212,1,12,10,0.005202,0.004335,0.000433
东南,憔悴,0.381757,2.956212,1,12,10,0.005202,0.004335,0.000433
东南,经过,0.381757,2.956212,1,12,10,0.005202,0.004335,0.000433
当时,离别,0.381757,2.956212,1,8,15,0.003468,0.006502,0.000433
今夜,自言,0.381757,2.956212,1,12,10,0.005202,0.004335,0.000433
楼上,莺啼,0.381757,2.956212,1,15,8,0.006502,0.003468,0.000433
君心,楼上,0.381757,2.956212,1,8,15,0.003468,0.006502,0.000433
消息,长安,0.381757,2.956212,1,3,40,0.0013,0.017339,0.000433
君心,无穷,0.381757,2.956212,1,8,15,0.003468,0.006502,0.000433
人间,莺啼,0.381757,2.956212,1,15,8,0.006502,0.003468,0.000433
丈夫,古木,0.381757,2.956212,1,12,10,0.005202,0.004335,0.000433
东南,古木,0.381757,2.956212,1,12,10,0.005202,0.004335,0.000433
丈夫,今来,0.381757,2.956212,1,12,10,0.005202,0.004335,0.000433
丈夫,岁寒,0.381757,2.956212,1,12,10,0.005202,0.004335,0.000433
得意,欢娱,0.381757,2.956212,1,5,24,0.002167,0.010403,0.000433
人间,千万,0.381757,2.956212,1,15,8,0.006502,0.003468,0.000433
今来,归去,0.381757,2.956212,1,10,12,0.004335,0.005202,0.000433
封侯,归去,0.381757,2.956212,1,10,12,0.004335,0.005202,0.000433
岁寒,归去,0.381757,2.956212,1,10,12,0.004335,0.005202,0.000433
宛转,河汉,0.381757,2.956212,1,15,8,0.006502,0.003468,0.000433
迢递,零落,0.381757,2.956212,1,12,10,0.005202,0.004335,0.000433
台上,未央,0.381757,2.956212,1,6,20,0.002601,0.008669,0.000433
江水,草绿,0.381757,2.956212,1,10,12,0.004335,0.005202,0.000433
忆昔,阳春,0.381757,2.956212,1,6,20,0.002601,0.008669,0.000433
寒山,美人,0.381757,2.956212,1,5,24,0.002167,0.010403,0.000433
归去,自然,0.381757,2.956212,1,12,10,0.005202,0.004335,0.000433
摇落,猿啼,0.381757,2.956212,1,12,10,0.005202,0.004335,0.000433
古人,月光,0.381757,2.956212,1,10,12,0.004335,0.005202,0.000433
朝廷,白首,0.381757,2.956212,1,8,15,0.003468,0.006502,0.000433
天台,阳春,0.381757,2.956212,1,6,20,0.002601,0.008669,0.000433
万古,青云,0.381757,2.956212,1,8,15,0.003468,0.006502,0.000433
相亲,鸳鸯,0.381757,2.956212,1,6,20,0.002601,0.008669,0.000433
断肠,青云,0.381757,2.956212,1,8,15,0.003468,0.006502,0.000433
垂杨,鸳鸯,0.381757,2.956212,1,6,20,0.002601,0.008669,0.000433
白首,颜色,0.381757,2.956212,1,15,8,0.006502,0.003468,0.000433
无穷,颜色,0.381757,2.956212,1,15,8,0.006502,0.003468,0.000433
得意,美人,0.381757,2.956212,1,5,24,0.002167,0.010403,0.000433
封侯,游子,0.381757,2.956212,1,10,12,0.004335,0.005202,0.000433
封侯,翡翠,0.381757,2.956212,1,10,12,0.004335,0.005202,0.000433
圣人,封侯,0.381757,2.956212,1,12,10,0.005202,0.004335,0.000433
封侯,摇落,0.381757,2.956212,1,10,12,0.004335,0.005202,0.000433
封侯,月满,0.381757,2.956212,1,10,12,0.004335,0.005202,0.000433
昔日,游子,0.381757,2.956212,1,10,12,0.004335,0.005202,0.000433
游子,萧条,0.381757,2.956212,1,12,10,0.005202,0.004335,0.000433
游子,自言,0.381757,2.956212,1,12,10,0.005202,0.004335,0.000433
游子,湘水,0.381757,2.956212,1,12,10,0.005202,0.004335,0.000433
昔日,翡翠,0.381757,2.956212,1,10,12,0.004335,0.005202,0.000433
翡翠,萧条,0.381757,2.956212,1,12,10,0.005202,0.004335,0.000433
万物,白首,0.381757,2.956212,1,8,15,0.003468,0.006502,0.000433
万物,无穷,0.381757,2.956212,1,8,15,0.003468,0.006502,0.000433
忆昔,海上,0.381757,2.956212,1,6,20,0.002601,0.008669,0.000433
忆昔,青春,0.381757,2.956212,1,6,20,0.002601,0.008669,0.000433
摇落,昔日,0.381757,2.956212,1,12,10,0.005202,0.004335,0.000433
昔日,月满,0.381757,2.956212,1,10,12,0.004335,0.005202,0.000433
单于,白首,0.381757,2.956212,1,8,15,0.003468,0.006502,0.000433
单于,无穷,0.381757,2.956212,1,8,15,0.003468,0.006502,0.000433
美人,自古,0.381757,2.956212,1,24,5,0.010403,0.002167,0.000433
美人,衣裳,0.381757,2.956212,1,24,5,0.010403,0.002167,0.000433
圣人,萧条,0.381757,2.956212,1,12,10,0.005202,0.004335,0.000433
摇落,萧条,0.381757,2.956212,1,12,10,0.005202,0.004335,0.000433
月满,萧条,0.381757,2.956212,1,12,10,0.005202,0.004335,0.000433
圣人,自言,0.381757,2.956212,1,12,10,0.005202,0.004335,0.000433
圣人,湘水,0.381757,2.956212,1,12,10,0.005202,0.004335,0.000433
摇落,自言,0.381757,2.956212,1,12,10,0.005202,0.004335,0.000433
月满,自言,0.381757,2.956212,1,12,10,0.005202,0.004335,0.000433
白首,须臾,0.381757,2.956212,1,15,8,0.006502,0.003468,0.000433
无穷,须臾,0.381757,2.956212,1,15,8,0.006502,0.003468,0.000433
昆仑,白首,0.381757,2.956212,1,8,15,0.003468,0.006502,0.000433
无穷,昆仑,0.381757,2.956212,1,15,8,0.006502,0.003468,0.000433
无穷,蹉跎,0.381757,2.956212,1,15,8,0.006502,0.003468,0.000433
摇落,湘水,0.381757,2.956212,1,12,10,0.005202,0.004335,0.000433
月满,湘水,0.381757,2.956212,1,12,10,0.005202,0.004335,0.000433
梧桐,美人,0.381757,2.956212,1,5,24,0.002167,0.010403,0.000433
蹉跎,青云,0.381757,2.956212,1,8,15,0.003468,0.006502,0.000433
单于,青云,0.381757,2.956212,1,8,15,0.003468,0.006502,0.000433
阳春,青苔,0.381757,2.956212,1,20,6,0.008669,0.002601,0.000433
丹青,江海,0.381757,2.956212,1,12,10,0.005202,0.004335,0.000433
寂寞,殷勤,0.381757,2.956212,1,12,10,0.005202,0.004335,0.000433
玉树,生涯,0.381757,2.956212,1,12,10,0.005202,0.004335,0.000433
承恩,芳草,0.381757,2.956212,1,10,12,0.004335,0.005202,0.000433
承恩,行乐,0.381757,2.956212,1,10,12,0.004335,0.005202,0.000433
古人,长沙,0.381757,2.956212,1,10,12,0.004335,0.005202,0.000433
江上,茫茫,0.381757,2.956212,1,20,6,0.008669,0.002601,0.000433
清风,自言,0.381757,2.956212,1,12,10,0.005202,0.004335,0.000433
今夜,关河,0.381757,2.956212,1,12,10,0.005202,0.004335,0.000433
圣人,承恩,0.381757,2.956212,1,12,10,0.005202,0.004335,0.000433
圣人,百花,0.381757,2.956212,1,12,10,0.005202,0.004335,0.000433
东山,思归,0.381757,2.956212,1,15,8,0.006502,0.003468,0.000433
江上,送客,0.381757,2.956212,1,20,6,0.008669,0.002601,0.000433
云雨,江山,0.381757,2.956212,1,10,12,0.004335,0.005202,0.000433
岁寒,摇落,0.381757,2.956212,1,10,12,0.004335,0.005202,0.000433
双阙,管弦,0.381757,2.956212,1,8,15,0.003468,0.006502,0.000433
朝廷,楼上,0.381757,2.956212,1,8,15,0.003468,0.006502,0.000433
君子,蹉跎,0.381757,2.956212,1,15,8,0.006502,0.003468,0.000433
关河,长沙,0.381757,2.956212,1,10,12,0.004335,0.005202,0.000433
春日,红粉,0.381757,2.956212,1,10,12,0.004335,0.005202,0.000433
去年,洞庭,0.381757,2.956212,1,5,24,0.002167,0.010403,0.000433
清风,零落,0.381757,2.956212,1,12,10,0.005202,0.004335,0.000433
丹青,风月,0.381757,2.956212,1,12,10,0.005202,0.004335,0.000433
未央,泉声,0.381757,2.956212,1,20,6,0.008669,0.002601,0.000433
昔日,红粉,0.381757,2.956212,1,10,12,0.004335,0.005202,0.000433
九重,野花,0.381757,2.956212,1,20,6,0.008669,0.002601,0.000433
白马,莲花,0.381757,2.956212,1,10,12,0.004335,0.005202,0.000433
光辉,秋日,0.381757,2.956212,1,30,4,0.013004,0.001734,0.000433
使君,氛氲,0.381757,2.956212,1,5,24,0.002167,0.010403,0.000433
光辉,高树,0.381757,2.956212,1,30,4,0.013004,0.001734,0.000433
红粉,经过,0.381757,2.956212,1,12,10,0.005202,0.004335,0.000433
旌旗,莲花,0.381757,2.956212,1,10,12,0.004335,0.005202,0.000433
文章,长沙,0.381757,2.956212,1,10,12,0.004335,0.005202,0.000433
丈夫,萧条,0.381757,2.956212,1,12,10,0.005202,0.004335,0.000433
云间,路难,0.381757,2.956212,1,15,8,0.006502,0.003468,0.000433
姓名,长安,0.381757,2.956212,1,3,40,0.0013,0.017339,0.000433
岐路,还家,0.381757,2.956212,1,20,6,0.008669,0.002601,0.000433
文章,游子,0.381757,2.956212,1,10,12,0.004335,0.005202,0.000433
还家,青春,0.381757,2.956212,1,6,20,0.002601,0.008669,0.000433
台上,青春,0.381757,2.956212,1,6,20,0.002601,0.008669,0.000433
心期,长安,0.381757,2.956212,1,3,40,0.0013,0.017339,0.000433
朝朝,殷勤,0.381757,2.956212,1,12,10,0.005202,0.004335,0.000433
丈夫,殷勤,0.381757,2.956212,1,12,10,0.005202,0.004335,0.000433
洛阳,白头,0.381536,2.425583,4,51,16,0.022107,0.006935,0.001734
春来,洛阳,0.381536,2.425583,4,16,51,0.006935,0.022107,0.001734
千载,黄金,0.381093,2.532397,3,25,22,0.010837,0.009536,0.0013
桃李,纵横,0.38082,2.530581,3,29,19,0.01257,0.008236,0.0013
关山,将军,0.380752,2.335635,5,31,36,0.013437,0.015605,0.002167
云间,蛾眉,0.380719,2.684278,2,15,21,0.006502,0.009103,0.000867
平生,风波,0.380719,2.684278,2,45,7,0.019506,0.003034,0.000867
平生,罗衣,0.380719,2.684278,2,45,7,0.019506,0.003034,0.000867
宛转,白露,0.380719,2.684278,2,15,21,0.006502,0.009103,0.000867
宛转,蛾眉,0.380719,2.684278,2,15,21,0.006502,0.009103,0.000867
公子,宛转,0.380719,2.684278,2,21,15,0.009103,0.006502,0.000867
云间,公子,0.380719,2.684278,2,15,21,0.006502,0.009103,0.000867
白露,青云,0.380719,2.684278,2,21,15,0.009103,0.006502,0.000867
白首,蛾眉,0.380719,2.684278,2,15,21,0.006502,0.009103,0.000867
人间,蛾眉,0.380719,2.684278,2,15,21,0.006502,0.009103,0.000867
平生,骨肉,0.380719,2.684278,2,45,7,0.019506,0.003034,0.000867
含情,天涯,0.380685,2.947913,1,11,11,0.004768,0.004768,0.000433
天涯,日照,0.380685,2.947913,1,11,11,0.004768,0.004768,0.000433
含情,日照,0.380685,2.947913,1,11,11,0.004768,0.004768,0.000433
独坐,秋色,0.380685,2.947913,1,11,11,0.004768,0.004768,0.000433
白玉,青松,0.380685,2.947913,1,11,11,0.004768,0.004768,0.000433
太平,阳城,0.380685,2.947913,1,11,11,0.004768,0.004768,0.000433
独坐,青松,0.380685,2.947913,1,11,11,0.004768,0.004768,0.000433
独坐,行人,0.380685,2.947913,1,11,11,0.004768,0.004768,0.000433
行人,青松,0.380685,2.947913,1,11,11,0.004768,0.004768,0.000433
含情,阳城,0.380685,2.947913,1,11,11,0.004768,0.004768,0.000433
春光,龙门,0.380685,2.947913,1,11,11,0.004768,0.004768,0.000433
含情,太平,0.380685,2.947913,1,11,11,0.004768,0.004768,0.000433
松柏,道路,0.380685,2.947913,1,11,11,0.004768,0.004768,0.000433
夜月,高楼,0.380685,2.947913,1,11,11,0.004768,0.004768,0.000433
伤心,天涯,0.380685,2.947913,1,11,11,0.004768,0.004768,0.000433
天涯,桃源,0.380685,2.947913,1,11,11,0.004768,0.004768,0.000433
天涯,龙门,0.380685,2.947913,1,11,11,0.004768,0.004768,0.000433
伤心,桃源,0.380685,2.947913,1,11,11,0.004768,0.004768,0.000433
伤心,龙门,0.380685,2.947913,1,11,11,0.004768,0.004768,0.000433
桃源,龙门,0.380685,2.947913,1,11,11,0.004768,0.004768,0.000433
伤心,松柏,0.380685,2.947913,1,11,11,0.004768,0.004768,0.000433
春光,黄叶,0.380685,2.947913,1,11,11,0.004768,0.004768,0.000433
含情,高楼,0.380685,2.947913,1,11,11,0.004768,0.004768,0.000433
春草,高楼,0.380685,2.947913,1,11,11,0.004768,0.004768,0.000433
春草,行人,0.380685,2.947913,1,11,11,0.004768,0.004768,0.000433
伤心,日照,0.380685,2.947913,1,11,11,0.004768,0.004768,0.000433
君恩,含情,0.380685,2.947913,1,11,11,0.004768,0.004768,0.000433
天涯,秋色,0.380685,2.947913,1,11,11,0.004768,0.004768,0.000433
可怜,落花,0.379878,2.330273,5,34,33,0.014738,0.014304,0.002167
叹息,年年,0.379811,2.414614,4,25,33,0.010837,0.014304,0.001734
无穷,杨柳,0.379731,2.523347,3,15,37,0.006502,0.016038,0.0013
桃李,高台,0.378929,2.671659,2,29,11,0.01257,0.004768,0.000867
千年,望乡,0.378929,2.671659,2,29,11,0.01257,0.004768,0.000867
天涯,桃李,0.378929,2.671659,2,11,29,0.004768,0.01257,0.000867
桃李,白玉,0.378929,2.671659,2,29,11,0.01257,0.004768,0.000867
千年,日照,0.378929,2.671659,2,29,11,0.01257,0.004768,0.000867
关山,芙蓉,0.37892,2.517957,3,31,18,0.013437,0.007802,0.0013
关山,月照,0.37892,2.517957,3,31,18,0.013437,0.007802,0.0013
今日,衣冠,0.37892,2.517957,3,62,9,0.026875,0.003901,0.0013
悠悠,秋来,0.378568,2.931519,1,41,3,0.017772,0.0013,0.000433
先生,悠悠,0.378568,2.931519,1,3,41,0.0013,0.017772,0.000433
姓名,悠悠,0.378568,2.931519,1,3,41,0.0013,0.017772,0.000433
弟子,悠悠,0.378568,2.931519,1,3,41,0.0013,0.017772,0.000433
悠悠,愁人,0.378568,2.931519,1,41,3,0.017772,0.0013,0.000433
悠悠,曲江,0.378568,2.931519,1,41,3,0.017772,0.0013,0.000433
悠悠,汉水,0.378568,2.931519,1,41,3,0.017772,0.0013,0.000433
悠悠,才子,0.378568,2.931519,1,41,3,0.017772,0.0013,0.000433
心期,悠悠,0.378568,2.931519,1,3,41,0.0013,0.017772,0.000433
悠悠,猿声,0.378568,2.931519,1,41,3,0.017772,0.0013,0.000433
悠悠,玉楼,0.378568,2.931519,1,41,3,0.017772,0.0013,0.000433
他人,悠悠,0.378568,2.931519,1,3,41,0.0013,0.017772,0.000433
悠悠,所思,0.378568,2.931519,1,41,3,0.017772,0.0013,0.000433
千里,远近,0.378485,2.668529,2,80,4,0.034677,0.001734,0.000867
御沟,未央,0.378485,2.668529,2,16,20,0.006935,0.008669,0.000867
玲珑,长安,0.378485,2.668529,2,8,40,0.003468,0.017339,0.000867
御沟,鸳鸯,0.378485,2.668529,2,16,20,0.006935,0.008669,0.000867
中原,千里,0.378485,2.668529,2,4,80,0.001734,0.034677,0.000867
千里,南北,0.378485,2.668529,2,80,4,0.034677,0.001734,0.000867
千金,春日,0.378485,2.668529,2,32,10,0.013871,0.004335,0.000867
万古,长安,0.378485,2.668529,2,8,40,0.003468,0.017339,0.000867
百尺,长安,0.378485,2.668529,2,8,40,0.003468,0.017339,0.000867
东流,鸳鸯,0.378485,2.668529,2,16,20,0.006935,0.008669,0.000867
东流,海上,0.378485,2.668529,2,16,20,0.006935,0.008669,0.000867
行路,长安,0.378485,2.668529,2,8,40,0.003468,0.017339,0.000867
从军,千里,0.378485,2.668529,2,4,80,0.001734,0.034677,0.000867
未央,路长,0.378485,2.668529,2,20,16,0.008669,0.006935,0.000867
路长,鸳鸯,0.378485,2.668529,2,16,20,0.006935,0.008669,0.000867
岐路,御沟,0.378485,2.668529,2,20,16,0.008669,0.006935,0.000867
千金,岁寒,0.378485,2.668529,2,32,10,0.013871,0.004335,0.000867
日暮,自言,0.378485,2.668529,2,32,10,0.013871,0.004335,0.000867
长安,陌上,0.378485,2.668529,2,40,8,0.017339,0.003468,0.000867
相知,长安,0.378485,2.668529,2,8,40,0.003468,0.017339,0.000867
逶迤,鸳鸯,0.378485,2.668529,2,16,20,0.006935,0.008669,0.000867
逶迤,青春,0.378485,2.668529,2,16,20,0.006935,0.008669,0.000867
千金,猿啼,0.378485,2.668529,2,32,10,0.013871,0.004335,0.000867
海上,逶迤,0.378485,2.668529,2,20,16,0.008669,0.006935,0.000867
瑶池,神仙,0.378381,2.514379,3,16,35,0.006935,0.015171,0.0013
长安,青楼,0.378381,2.514379,3,40,14,0.017339,0.006068,0.0013
千里,烟波,0.378381,2.514379,3,80,7,0.034677,0.003034,0.0013
明年,神仙,0.378381,2.514379,3,16,35,0.006935,0.015171,0.0013
万年,鸳鸯,0.378381,2.514379,3,28,20,0.012137,0.008669,0.0013
流水,鸳鸯,0.378381,2.514379,3,28,20,0.012137,0.008669,0.0013
别离,秋风,0.378293,2.404964,4,17,49,0.007369,0.02124,0.001734
松柏,洛阳,0.378113,2.512595,3,11,51,0.004768,0.022107,0.0013
南山,意气,0.378113,2.512595,3,33,17,0.014304,0.007369,0.0013
年年,意气,0.378113,2.512595,3,33,17,0.014304,0.007369,0.0013
十年,相识,0.377601,2.662299,2,23,14,0.00997,0.006068,0.000867
关山,鸟飞,0.377522,2.923422,1,31,4,0.013437,0.001734,0.000433
芳菲,鸟飞,0.377522,2.923422,1,31,4,0.013437,0.001734,0.000433
人皆,今日,0.377522,2.923422,1,2,62,0.000867,0.026875,0.000433
向东,春色,0.377522,2.923422,1,4,31,0.001734,0.013437,0.000433
杜陵,芳菲,0.377522,2.923422,1,4,31,0.001734,0.013437,0.000433
南北,芳菲,0.377522,2.923422,1,4,31,0.001734,0.013437,0.000433
关山,寥落,0.377522,2.923422,1,31,4,0.013437,0.001734,0.000433
寥落,芳菲,0.377522,2.923422,1,4,31,0.001734,0.013437,0.000433
相对,芳菲,0.377522,2.923422,1,4,31,0.001734,0.013437,0.000433
清净,芳菲,0.377522,2.923422,1,4,31,0.001734,0.013437,0.000433
芳菲,诸侯,0.377522,2.923422,1,31,4,0.013437,0.001734,0.000433
玉堂,芳菲,0.377522,2.923422,1,4,31,0.001734,0.013437,0.000433
今日,细雨,0.377522,2.923422,1,62,2,0.026875,0.000867,0.000433
今日,昨日,0.377522,2.923422,1,62,2,0.026875,0.000867,0.000433
相逢,秋月,0.377161,2.659198,2,17,19,0.007369,0.008236,0.000867
携手,烟霞,0.377161,2.659198,2,17,19,0.007369,0.008236,0.000867
纵横,青门,0.377161,2.659198,2,19,17,0.008236,0.007369,0.000867
长安,风光,0.376977,2.396596,4,40,21,0.017339,0.009103,0.001734
佳期,春风,0.376723,2.656107,2,9,36,0.003901,0.015605,0.000867
佳人,芙蓉,0.376723,2.656107,2,18,18,0.007802,0.007802,0.000867
莲花,风起,0.376723,2.656107,2,12,27,0.005202,0.011704,0.000867
公卿,春风,0.376723,2.656107,2,9,36,0.003901,0.015605,0.000867
将军,绿水,0.376723,2.656107,2,36,9,0.015605,0.003901,0.000867
双飞,春风,0.376723,2.656107,2,9,36,0.003901,0.015605,0.000867
登高,白发,0.376723,2.656107,2,18,18,0.007802,0.007802,0.000867
佳期,裴回,0.376723,2.656107,2,9,36,0.003901,0.015605,0.000867
裴回,高秋,0.376723,2.656107,2,36,9,0.015605,0.003901,0.000867
古来,白发,0.376723,2.656107,2,18,18,0.007802,0.007802,0.000867
圣人,日月,0.376723,2.656107,2,12,27,0.005202,0.011704,0.000867
花开,风动,0.376485,2.91539,1,25,5,0.010837,0.002167,0.000433
千载,楼前,0.376485,2.91539,1,25,5,0.010837,0.002167,0.000433
叹息,山阴,0.376485,2.91539,1,25,5,0.010837,0.002167,0.000433
千载,古今,0.376485,2.91539,1,25,5,0.010837,0.002167,0.000433
叹息,太守,0.376485,2.91539,1,25,5,0.010837,0.002167,0.000433
人家,千载,0.376485,2.91539,1,5,25,0.002167,0.010837,0.000433
人家,叹息,0.376485,2.91539,1,5,25,0.002167,0.010837,0.000433
万户,千载,0.376485,2.91539,1,5,25,0.002167,0.010837,0.000433
使君,千载,0.376485,2.91539,1,5,25,0.002167,0.010837,0.000433
千载,浮生,0.376485,2.91539,1,25,5,0.010837,0.002167,0.000433
千载,得意,0.376485,2.91539,1,25,5,0.010837,0.002167,0.000433
千载,衣裳,0.376485,2.91539,1,25,5,0.010837,0.002167,0.000433
叹息,自古,0.376485,2.91539,1,25,5,0.010837,0.002167,0.000433
叹息,衣裳,0.376485,2.91539,1,25,5,0.010837,0.002167,0.000433
世上,千载,0.376485,2.91539,1,5,25,0.002167,0.010837,0.000433
千载,风动,0.376485,2.91539,1,25,5,0.010837,0.002167,0.000433
叹息,故山,0.376485,2.91539,1,25,5,0.010837,0.002167,0.000433
花开,黄鹤,0.376286,2.653025,2,25,13,0.010837,0.005635,0.000867
年华,芳树,0.376286,2.653025,2,13,25,0.005635,0.010837,0.000867
千载,昔时,0.376286,2.653025,2,25,13,0.010837,0.005635,0.000867
叹息,西山,0.376286,2.653025,2,25,13,0.010837,0.005635,0.000867
桃李,洛阳,0.375733,2.236341,6,29,51,0.01257,0.022107,0.002601
芙蓉,风波,0.375456,2.907421,1,18,7,0.007802,0.003034,0.000433
烟波,芙蓉,0.375456,2.907421,1,7,18,0.003034,0.007802,0.000433
婵娟,芙蓉,0.375456,2.907421,1,7,18,0.003034,0.007802,0.000433
徘徊,怅望,0.375456,2.907421,1,14,9,0.006068,0.003901,0.000433
今已,徘徊,0.375456,2.907421,1,9,14,0.003901,0.006068,0.000433
佳期,徘徊,0.375456,2.907421,1,9,14,0.003901,0.006068,0.000433
徘徊,鱼龙,0.375456,2.907421,1,14,9,0.006068,0.003901,0.000433
岁月,蛟龙,0.375456,2.907421,1,21,6,0.009103,0.002601,0.000433
今已,少年,0.375456,2.907421,1,9,14,0.003901,0.006068,0.000433
尘埃,王孙,0.375456,2.907421,1,14,9,0.006068,0.003901,0.000433
风霜,飘飖,0.375456,2.907421,1,14,9,0.006068,0.003901,0.000433
双飞,相识,0.375456,2.907421,1,9,14,0.003901,0.006068,0.000433
大道,相识,0.375456,2.907421,1,9,14,0.003901,0.006068,0.000433
寂寥,相识,0.375456,2.907421,1,9,14,0.003901,0.006068,0.000433
公子,无情,0.375456,2.907421,1,21,6,0.009103,0.002601,0.000433
夕阳,无限,0.375456,2.907421,1,9,14,0.003901,0.006068,0.000433
今年,明朝,0.375456,2.907421,1,14,9,0.006068,0.003901,0.000433
北阙,肠断,0.375456,2.907421,1,14,9,0.006068,0.003901,0.000433
北阙,登临,0.375456,2.907421,1,14,9,0.006068,0.003901,0.000433
岁月,茫茫,0.375456,2.907421,1,21,6,0.009103,0.002601,0.000433
垂杨,岁月,0.375456,2.907421,1,6,21,0.002601,0.009103,0.000433
垂杨,归路,0.375456,2.907421,1,6,21,0.002601,0.009103,0.000433
肠断,马上,0.375456,2.907421,1,9,14,0.003901,0.006068,0.000433
山河,渭水,0.375456,2.907421,1,14,9,0.006068,0.003901,0.000433
镜中,风流,0.375456,2.907421,1,18,7,0.007802,0.003034,0.000433
岁月,焚香,0.375456,2.907421,1,21,6,0.009103,0.002601,0.000433
花飞,逍遥,0.375456,2.907421,1,14,9,0.006068,0.003901,0.000433
山河,逍遥,0.375456,2.907421,1,14,9,0.006068,0.003901,0.000433
山河,草木,0.375456,2.907421,1,14,9,0.006068,0.003901,0.000433
绿水,风霜,0.375456,2.907421,1,9,14,0.003901,0.006068,0.000433
干戈,风霜,0.375456,2.907421,1,9,14,0.003901,0.006068,0.000433
富贵,青楼,0.375456,2.907421,1,9,14,0.003901,0.006068,0.000433
竹林,风霜,0.375456,2.907421,1,9,14,0.003901,0.006068,0.000433
明日,风霜,0.375456,2.907421,1,9,14,0.003901,0.006068,0.000433
池上,镜中,0.375456,2.907421,1,7,18,0.003034,0.007802,0.000433
淹留,花满,0.375456,2.907421,1,14,9,0.006068,0.003901,0.000433
无限,花满,0.375456,2.907421,1,14,9,0.006068,0.003901,0.000433
草木,风霜,0.375456,2.907421,1,9,14,0.003901,0.006068,0.000433
镜中,阙下,0.375456,2.907421,1,18,7,0.007802,0.003034,0.000433
登临,花飞,0.375456,2.907421,1,9,14,0.003901,0.006068,0.000433
公卿,楼台,0.375456,2.907421,1,9,14,0.003901,0.006068,0.000433
圣主,楼台,0.375456,2.907421,1,9,14,0.003901,0.006068,0.000433
空馀,绿水,0.375456,2.907421,1,14,9,0.006068,0.003901,0.000433
北阙,大道,0.375456,2.907421,1,14,9,0.006068,0.003901,0.000433
大道,山河,0.375456,2.907421,1,9,14,0.003901,0.006068,0.000433
公子,羽翼,0.375456,2.907421,1,21,6,0.009103,0.002601,0.000433
公子,朱门,0.375456,2.907421,1,21,6,0.009103,0.002601,0.000433
公子,金陵,0.375456,2.907421,1,21,6,0.009103,0.002601,0.000433
少年,衣冠,0.375456,2.907421,1,14,9,0.006068,0.003901,0.000433
少年,飘飖,0.375456,2.907421,1,14,9,0.006068,0.003901,0.000433
少年,高秋,0.375456,2.907421,1,14,9,0.006068,0.003901,0.000433
少年,竹林,0.375456,2.907421,1,14,9,0.006068,0.003901,0.000433
佳期,少年,0.375456,2.907421,1,9,14,0.003901,0.006068,0.000433
少年,昨夜,0.375456,2.907421,1,14,9,0.006068,0.003901,0.000433
朱门,风光,0.375456,2.907421,1,6,21,0.002601,0.009103,0.000433
无限,衣冠,0.375456,2.907421,1,14,9,0.006068,0.003901,0.000433
山中,衣冠,0.375456,2.907421,1,14,9,0.006068,0.003901,0.000433
淹留,衣冠,0.375456,2.907421,1,14,9,0.006068,0.003901,0.000433
无限,飘飖,0.375456,2.907421,1,14,9,0.006068,0.003901,0.000433
山中,飘飖,0.375456,2.907421,1,14,9,0.006068,0.003901,0.000433
淹留,飘飖,0.375456,2.907421,1,14,9,0.006068,0.003901,0.000433
无限,高秋,0.375456,2.907421,1,14,9,0.006068,0.003901,0.000433
山中,高秋,0.375456,2.907421,1,14,9,0.006068,0.003901,0.000433
淹留,高秋,0.375456,2.907421,1,14,9,0.006068,0.003901,0.000433
朱门,蛾眉,0.375456,2.907421,1,6,21,0.002601,0.009103,0.000433
无限,竹林,0.375456,2.907421,1,14,9,0.006068,0.003901,0.000433
佳期,无限,0.375456,2.907421,1,9,14,0.003901,0.006068,0.000433
无限,昨夜,0.375456,2.907421,1,14,9,0.006068,0.003901,0.000433
山中,竹林,0.375456,2.907421,1,14,9,0.006068,0.003901,0.000433
佳期,山中,0.375456,2.907421,1,9,14,0.003901,0.006068,0.000433
山中,昨夜,0.375456,2.907421,1,14,9,0.006068,0.003901,0.000433
淹留,竹林,0.375456,2.907421,1,14,9,0.006068,0.003901,0.000433
帝乡,朱门,0.375456,2.907421,1,21,6,0.009103,0.002601,0.000433
佳期,淹留,0.375456,2.907421,1,9,14,0.003901,0.006068,0.000433
岁月,朱门,0.375456,2.907421,1,21,6,0.009103,0.002601,0.000433
昨夜,淹留,0.375456,2.907421,1,9,14,0.003901,0.006068,0.000433
大道,尘埃,0.375456,2.907421,1,9,14,0.003901,0.006068,0.000433
相亲,风光,0.375456,2.907421,1,6,21,0.002601,0.009103,0.000433
相寻,风光,0.375456,2.907421,1,6,21,0.002601,0.009103,0.000433
相亲,蛾眉,0.375456,2.907421,1,6,21,0.002601,0.009103,0.000433
相寻,蛾眉,0.375456,2.907421,1,6,21,0.002601,0.009103,0.000433
大道,无限,0.375456,2.907421,1,9,14,0.003901,0.006068,0.000433
大道,淹留,0.375456,2.907421,1,9,14,0.003901,0.006068,0.000433
生死,空馀,0.375456,2.907421,1,9,14,0.003901,0.006068,0.000433
临风,归路,0.375456,2.907421,1,6,21,0.002601,0.009103,0.000433
故乡,潺湲,0.375456,2.907421,1,18,7,0.007802,0.003034,0.000433
十载,蛾眉,0.375456,2.907421,1,6,21,0.002601,0.009103,0.000433
今已,相识,0.375456,2.907421,1,9,14,0.003901,0.006068,0.000433
佳人,有情,0.375456,2.907421,1,18,7,0.007802,0.003034,0.000433
公子,相亲,0.375456,2.907421,1,21,6,0.009103,0.002601,0.000433
古来,相见,0.375456,2.907421,1,18,7,0.007802,0.003034,0.000433
公子,青苔,0.375456,2.907421,1,21,6,0.009103,0.002601,0.000433
白露,青苔,0.375456,2.907421,1,21,6,0.009103,0.002601,0.000433
蛾眉,青苔,0.375456,2.907421,1,21,6,0.009103,0.002601,0.000433
丞相,佳人,0.375456,2.907421,1,7,18,0.003034,0.007802,0.000433
佳人,骨肉,0.375456,2.907421,1,18,7,0.007802,0.003034,0.000433
佳人,咸阳,0.375456,2.907421,1,18,7,0.007802,0.003034,0.000433
公子,忆昔,0.375456,2.907421,1,21,6,0.009103,0.002601,0.000433
公子,茫茫,0.375456,2.907421,1,21,6,0.009103,0.002601,0.000433
丞相,古来,0.375456,2.907421,1,7,18,0.003034,0.007802,0.000433
丞相,故乡,0.375456,2.907421,1,7,18,0.003034,0.007802,0.000433
丞相,白发,0.375456,2.907421,1,7,18,0.003034,0.007802,0.000433
尘埃,怅望,0.375456,2.907421,1,14,9,0.006068,0.003901,0.000433
忆昔,白露,0.375456,2.907421,1,6,21,0.002601,0.009103,0.000433
古来,咸阳,0.375456,2.907421,1,18,7,0.007802,0.003034,0.000433
忆昔,蛾眉,0.375456,2.907421,1,6,21,0.002601,0.009103,0.000433
故乡,骨肉,0.375456,2.907421,1,18,7,0.007802,0.003034,0.000433
咸阳,故乡,0.375456,2.907421,1,7,18,0.003034,0.007802,0.000433
白发,骨肉,0.375456,2.907421,1,18,7,0.007802,0.003034,0.000433
咸阳,白发,0.375456,2.907421,1,7,18,0.003034,0.007802,0.000433
怅望,马上,0.375456,2.907421,1,9,14,0.003901,0.006068,0.000433
茫茫,蛾眉,0.375456,2.907421,1,6,21,0.002601,0.009103,0.000433
白露,苍生,0.375456,2.907421,1,21,6,0.009103,0.002601,0.000433
山河,风雨,0.375456,2.907421,1,14,9,0.006068,0.003901,0.000433
花飞,车马,0.375456,2.907421,1,14,9,0.006068,0.003901,0.000433
江流,白发,0.375456,2.907421,1,7,18,0.003034,0.007802,0.000433
登高,阳台,0.375456,2.907421,1,18,7,0.007802,0.003034,0.000433
楼台,闲居,0.375456,2.907421,1,14,9,0.006068,0.003901,0.000433
古来,风流,0.375456,2.907421,1,18,7,0.007802,0.003034,0.000433
登高,造化,0.375456,2.907421,1,18,7,0.007802,0.003034,0.000433
无限,雨露,0.375456,2.907421,1,14,9,0.006068,0.003901,0.000433
功名,登高,0.375456,2.907421,1,7,18,0.003034,0.007802,0.000433
公子,还家,0.375456,2.907421,1,21,6,0.009103,0.002601,0.000433
公子,台上,0.375456,2.907421,1,21,6,0.009103,0.002601,0.000433
有情,白发,0.375456,2.907421,1,7,18,0.003034,0.007802,0.000433
月照,有情,0.375456,2.907421,1,18,7,0.007802,0.003034,0.000433
归路,送客,0.375456,2.907421,1,21,6,0.009103,0.002601,0.000433
汉家,窈窕,0.375191,2.493177,3,22,26,0.009536,0.01127,0.0013
浮云,花落,0.375191,2.493177,3,22,26,0.009536,0.01127,0.0013
可怜,叹息,0.375115,2.384761,4,34,25,0.014738,0.010837,0.001734
君心,悠悠,0.374983,2.643837,2,8,41,0.003468,0.017772,0.000867
悠悠,颜色,0.374983,2.643837,2,41,8,0.017772,0.003468,0.000867
单于,悠悠,0.374983,2.643837,2,8,41,0.003468,0.017772,0.000867
当时,悠悠,0.374983,2.643837,2,8,41,0.003468,0.017772,0.000867
万里,知己,0.374871,2.299555,5,89,13,0.038578,0.005635,0.002167
悠悠,相识,0.374665,2.489686,3,41,14,0.017772,0.006068,0.0013
桃李,长安,0.374448,2.296966,5,29,40,0.01257,0.017339,0.002167
山下,裴回,0.374142,2.486208,3,16,36,0.006935,0.015605,0.0013
将军,春来,0.374142,2.486208,3,36,16,0.015605,0.006935,0.0013
故乡,日暮,0.374142,2.486208,3,18,32,0.007802,0.013871,0.0013
宛转,汉家,0.374121,2.637758,2,15,22,0.006502,0.009536,0.000867
管弦,自怜,0.374121,2.637758,2,15,22,0.006502,0.009536,0.000867
日斜,风烟,0.374121,2.637758,2,11,30,0.004768,0.013004,0.000867
年年,春日,0.374121,2.637758,2,33,10,0.014304,0.004335,0.000867
云间,汉家,0.374121,2.637758,2,15,22,0.006502,0.009536,0.000867
汉家,游人,0.374121,2.637758,2,22,15,0.009536,0.006502,0.000867
封侯,年年,0.374121,2.637758,2,10,33,0.004335,0.014304,0.000867
年年,江水,0.374121,2.637758,2,33,10,0.014304,0.004335,0.000867
年年,自言,0.374121,2.637758,2,33,10,0.014304,0.004335,0.000867
年年,花发,0.374121,2.637758,2,33,10,0.014304,0.004335,0.000867
年年,白马,0.374121,2.637758,2,33,10,0.014304,0.004335,0.000867
天子,萧索,0.374121,2.637758,2,55,6,0.02384,0.002601,0.000867
光辉,太平,0.374121,2.637758,2,30,11,0.013004,0.004768,0.000867
南山,萧条,0.374121,2.637758,2,33,10,0.014304,0.004335,0.000867
离别,落日,0.374121,2.637758,2,15,22,0.006502,0.009536,0.000867
紫微,黄金,0.374121,2.637758,2,15,22,0.006502,0.009536,0.000867
南山,昔日,0.374121,2.637758,2,33,10,0.014304,0.004335,0.000867
南山,江海,0.374121,2.637758,2,33,10,0.014304,0.004335,0.000867
白首,黄金,0.374121,2.637758,2,15,22,0.006502,0.009536,0.000867
年年,花落,0.373642,2.375394,4,33,26,0.014304,0.01127,0.001734
他乡,相思,0.373642,2.375394,4,26,33,0.01127,0.014304,0.001734
双阙,瑶池,0.373422,2.891673,1,8,16,0.003468,0.006935,0.000433
千金,江湖,0.373422,2.891673,1,32,4,0.013871,0.001734,0.000433
日夕,路长,0.373422,2.891673,1,8,16,0.003468,0.006935,0.000433
思归,路长,0.373422,2.891673,1,8,16,0.003468,0.006935,0.000433
日暮,玉堂,0.373422,2.891673,1,32,4,0.013871,0.001734,0.000433
相望,门前,0.373422,2.891673,1,16,8,0.006935,0.003468,0.000433
相望,须臾,0.373422,2.891673,1,16,8,0.006935,0.003468,0.000433
相望,陌上,0.373422,2.891673,1,16,8,0.006935,0.003468,0.000433
相望,相知,0.373422,2.891673,1,16,8,0.006935,0.003468,0.000433
双阙,相望,0.373422,2.891673,1,8,16,0.003468,0.006935,0.000433
日暮,杜陵,0.373422,2.891673,1,32,4,0.013871,0.001734,0.000433
思君,河汉,0.373422,2.891673,1,16,8,0.006935,0.003468,0.000433
御沟,路难,0.373422,2.891673,1,16,8,0.006935,0.003468,0.000433
河汉,逶迤,0.373422,2.891673,1,8,16,0.003468,0.006935,0.000433
相知,逶迤,0.373422,2.891673,1,8,16,0.003468,0.006935,0.000433
回首,莺啼,0.373422,2.891673,1,16,8,0.006935,0.003468,0.000433
南宫,春来,0.373422,2.891673,1,8,16,0.003468,0.006935,0.000433
春来,须臾,0.373422,2.891673,1,16,8,0.006935,0.003468,0.000433
当时,白头,0.373422,2.891673,1,8,16,0.003468,0.006935,0.000433
南宫,白头,0.373422,2.891673,1,8,16,0.003468,0.006935,0.000433
当时,思君,0.373422,2.891673,1,8,16,0.003468,0.006935,0.000433
当时,相望,0.373422,2.891673,1,8,16,0.003468,0.006935,0.000433
春来,莺啼,0.373422,2.891673,1,16,8,0.006935,0.003468,0.000433
君心,春来,0.373422,2.891673,1,8,16,0.003468,0.006935,0.000433
御沟,莺啼,0.373422,2.891673,1,16,8,0.006935,0.003468,0.000433
君心,御沟,0.373422,2.891673,1,8,16,0.003468,0.006935,0.000433
山路,御沟,0.373422,2.891673,1,8,16,0.003468,0.006935,0.000433
山下,山路,0.373422,2.891673,1,16,8,0.006935,0.003468,0.000433
东流,颜色,0.373422,2.891673,1,16,8,0.006935,0.003468,0.000433
相望,颜色,0.373422,2.891673,1,16,8,0.006935,0.003468,0.000433
朝廷,白头,0.373422,2.891673,1,8,16,0.003468,0.006935,0.000433
回首,行路,0.373422,2.891673,1,16,8,0.006935,0.003468,0.000433
逶迤,颜色,0.373422,2.891673,1,16,8,0.006935,0.003468,0.000433
瑶池,颜色,0.373422,2.891673,1,16,8,0.006935,0.003468,0.000433
万物,逶迤,0.373422,2.891673,1,8,16,0.003468,0.006935,0.000433
单于,逶迤,0.373422,2.891673,1,8,16,0.003468,0.006935,0.000433
逶迤,须臾,0.373422,2.891673,1,16,8,0.006935,0.003468,0.000433
昆仑,逶迤,0.373422,2.891673,1,8,16,0.003468,0.006935,0.000433
蹉跎,逶迤,0.373422,2.891673,1,8,16,0.003468,0.006935,0.000433
单于,瑶池,0.373422,2.891673,1,8,16,0.003468,0.006935,0.000433
瑶池,须臾,0.373422,2.891673,1,16,8,0.006935,0.003468,0.000433
瑶池,蹉跎,0.373422,2.891673,1,16,8,0.006935,0.003468,0.000433
日暮,沧洲,0.373422,2.891673,1,32,4,0.013871,0.001734,0.000433
单于,白头,0.373422,2.891673,1,8,16,0.003468,0.006935,0.000433
交亲,千金,0.373422,2.891673,1,4,32,0.001734,0.013871,0.000433
明年,朝廷,0.373422,2.891673,1,16,8,0.006935,0.003468,0.000433
寒食,明年,0.373422,2.891673,1,8,16,0.003468,0.006935,0.000433
昆仑,明年,0.373422,2.891673,1,8,16,0.003468,0.006935,0.000433
御沟,朝廷,0.373422,2.891673,1,16,8,0.006935,0.003468,0.000433
寒食,春来,0.373422,2.891673,1,8,16,0.003468,0.006935,0.000433
桃李,阳春,0.373101,2.479287,3,29,20,0.01257,0.008669,0.0013
杨柳,绿水,0.372837,2.628708,2,37,9,0.016038,0.003901,0.000867
凤凰,相望,0.372546,2.368425,4,54,16,0.023407,0.006935,0.001734
千里,相思,0.371838,2.062394,9,80,33,0.034677,0.014304,0.003901
君王,楼台,0.371565,2.619739,2,24,14,0.010403,0.006068,0.000867
帝乡,御沟,0.371565,2.619739,2,21,16,0.009103,0.006935,0.000867
东流,公子,0.371565,2.619739,2,16,21,0.006935,0.009103,0.000867
东流,风光,0.371565,2.619739,2,16,21,0.006935,0.009103,0.000867
白露,路长,0.371565,2.619739,2,21,16,0.009103,0.006935,0.000867
白露,相望,0.371565,2.619739,2,21,16,0.009103,0.006935,0.000867
今年,欢娱,0.371565,2.619739,2,14,24,0.006068,0.010403,0.000867
无限,欢娱,0.371565,2.619739,2,14,24,0.006068,0.010403,0.000867
君王,徘徊,0.371565,2.619739,2,24,14,0.010403,0.006068,0.000867
氛氲,相识,0.371565,2.619739,2,24,14,0.010403,0.006068,0.000867
宁知,辛苦,0.371565,2.619739,2,28,12,0.012137,0.005202,0.000867
天下,月满,0.371565,2.619739,2,28,12,0.012137,0.005202,0.000867
宁知,游子,0.371565,2.619739,2,28,12,0.012137,0.005202,0.000867
春来,蛾眉,0.371565,2.619739,2,16,21,0.006935,0.009103,0.000867
帝乡,春来,0.371565,2.619739,2,21,16,0.009103,0.006935,0.000867
岁月,白头,0.371565,2.619739,2,21,16,0.009103,0.006935,0.000867
宁知,月满,0.371565,2.619739,2,28,12,0.012137,0.005202,0.000867
圣人,天下,0.371565,2.619739,2,12,28,0.005202,0.012137,0.000867
万年,圣人,0.371565,2.619739,2,28,12,0.012137,0.005202,0.000867
宁知,寂寞,0.371565,2.619739,2,28,12,0.012137,0.005202,0.000867
江南,沧海,0.37142,2.876169,1,13,10,0.005635,0.004335,0.000433
江南,湘水,0.37142,2.876169,1,13,10,0.005635,0.004335,0.000433
人生,萧条,0.37142,2.876169,1,13,10,0.005635,0.004335,0.000433
万事,百年,0.37142,2.876169,1,5,26,0.002167,0.01127,0.000433
天外,月夜,0.37142,2.876169,1,10,13,0.004335,0.005635,0.000433
封侯,相送,0.37142,2.876169,1,10,13,0.004335,0.005635,0.000433
对酒,青山,0.37142,2.876169,1,5,26,0.002167,0.01127,0.000433
昔时,自言,0.37142,2.876169,1,13,10,0.005635,0.004335,0.000433
昔时,花发,0.37142,2.876169,1,13,10,0.005635,0.004335,0.000433
昔时,白马,0.37142,2.876169,1,13,10,0.005635,0.004335,0.000433
他乡,归心,0.37142,2.876169,1,26,5,0.01127,0.002167,0.000433
南国,知己,0.37142,2.876169,1,10,13,0.004335,0.005635,0.000433
关河,相送,0.37142,2.876169,1,10,13,0.004335,0.005635,0.000433
自然,蓬莱,0.37142,2.876169,1,10,13,0.004335,0.005635,0.000433
林下,花落,0.37142,2.876169,1,5,26,0.002167,0.01127,0.000433
山水,林下,0.37142,2.876169,1,26,5,0.01127,0.002167,0.000433
经年,青山,0.37142,2.876169,1,5,26,0.002167,0.01127,0.000433
云飞,蓬莱,0.37142,2.876169,1,10,13,0.004335,0.005635,0.000433
百花,黄鹤,0.37142,2.876169,1,10,13,0.004335,0.005635,0.000433
萧条,黄鹤,0.37142,2.876169,1,10,13,0.004335,0.005635,0.000433
生涯,苦辛,0.37142,2.876169,1,10,13,0.004335,0.005635,0.000433
百年,风飘,0.37142,2.876169,1,26,5,0.01127,0.002167,0.000433
残月,窈窕,0.37142,2.876169,1,5,26,0.002167,0.01127,0.000433
昔日,昔时,0.37142,2.876169,1,10,13,0.004335,0.005635,0.000433
同心,殷勤,0.37142,2.876169,1,13,10,0.005635,0.004335,0.000433
同心,知音,0.37142,2.876169,1,13,10,0.005635,0.004335,0.000433
人家,青山,0.37142,2.876169,1,5,26,0.002167,0.01127,0.000433
知音,苦辛,0.37142,2.876169,1,10,13,0.004335,0.005635,0.000433
苦辛,风月,0.37142,2.876169,1,13,10,0.005635,0.004335,0.000433
殷勤,苦辛,0.37142,2.876169,1,10,13,0.004335,0.005635,0.000433
古木,昔时,0.37142,2.876169,1,10,13,0.004335,0.005635,0.000433
人生,自言,0.37142,2.876169,1,13,10,0.005635,0.004335,0.000433
人生,经过,0.37142,2.876169,1,13,10,0.005635,0.004335,0.000433
同心,自言,0.37142,2.876169,1,13,10,0.005635,0.004335,0.000433
同心,经过,0.37142,2.876169,1,13,10,0.005635,0.004335,0.000433
万户,窈窕,0.37142,2.876169,1,5,26,0.002167,0.01127,0.000433
使君,窈窕,0.37142,2.876169,1,5,26,0.002167,0.01127,0.000433
叶落,花落,0.37142,2.876169,1,5,26,0.002167,0.01127,0.000433
知音,金谷,0.37142,2.876169,1,10,13,0.004335,0.005635,0.000433
知己,知音,0.37142,2.876169,1,13,10,0.005635,0.004335,0.000433
江南,知音,0.37142,2.876169,1,13,10,0.005635,0.004335,0.000433
自言,金谷,0.37142,2.876169,1,10,13,0.004335,0.005635,0.000433
花发,金谷,0.37142,2.876169,1,10,13,0.004335,0.005635,0.000433
白马,金谷,0.37142,2.876169,1,10,13,0.004335,0.005635,0.000433
金谷,风月,0.37142,2.876169,1,13,10,0.005635,0.004335,0.000433
憔悴,金谷,0.37142,2.876169,1,10,13,0.004335,0.005635,0.000433
经过,金谷,0.37142,2.876169,1,10,13,0.004335,0.005635,0.000433
故园,知己,0.37142,2.876169,1,10,13,0.004335,0.005635,0.000433
故园,江南,0.37142,2.876169,1,10,13,0.004335,0.005635,0.000433
知己,自言,0.37142,2.876169,1,13,10,0.005635,0.004335,0.000433
知己,花发,0.37142,2.876169,1,13,10,0.005635,0.004335,0.000433
白马,知己,0.37142,2.876169,1,10,13,0.004335,0.005635,0.000433
知己,风月,0.37142,2.876169,1,13,10,0.005635,0.004335,0.000433
憔悴,知己,0.37142,2.876169,1,10,13,0.004335,0.005635,0.000433
知己,经过,0.37142,2.876169,1,13,10,0.005635,0.004335,0.000433
江南,自言,0.37142,2.876169,1,13,10,0.005635,0.004335,0.000433
江南,花发,0.37142,2.876169,1,13,10,0.005635,0.004335,0.000433
江南,白马,0.37142,2.876169,1,13,10,0.005635,0.004335,0.000433
江南,风月,0.37142,2.876169,1,13,10,0.005635,0.004335,0.000433
憔悴,江南,0.37142,2.876169,1,10,13,0.004335,0.005635,0.000433
江南,经过,0.37142,2.876169,1,13,10,0.005635,0.004335,0.000433
他乡,叶落,0.37142,2.876169,1,26,5,0.01127,0.002167,0.000433
叶落,百年,0.37142,2.876169,1,5,26,0.002167,0.01127,0.000433
去年,百年,0.37142,2.876169,1,5,26,0.002167,0.01127,0.000433
残月,百年,0.37142,2.876169,1,5,26,0.002167,0.01127,0.000433
浮生,百年,0.37142,2.876169,1,5,26,0.002167,0.01127,0.000433
客心,封侯,0.37142,2.876169,1,13,10,0.005635,0.004335,0.000433
年华,憔悴,0.37142,2.876169,1,13,10,0.005635,0.004335,0.000433
年华,生涯,0.37142,2.876169,1,13,10,0.005635,0.004335,0.000433
今来,同心,0.37142,2.876169,1,10,13,0.004335,0.005635,0.000433
同心,封侯,0.37142,2.876169,1,13,10,0.005635,0.004335,0.000433
同心,岁寒,0.37142,2.876169,1,13,10,0.005635,0.004335,0.000433
江水,西山,0.37142,2.876169,1,10,13,0.004335,0.005635,0.000433
江南,落叶,0.37142,2.876169,1,13,10,0.005635,0.004335,0.000433
江南,萧条,0.37142,2.876169,1,13,10,0.005635,0.004335,0.000433
封侯,西山,0.37142,2.876169,1,10,13,0.004335,0.005635,0.000433
萧条,西山,0.37142,2.876169,1,10,13,0.004335,0.005635,0.000433
自言,西山,0.37142,2.876169,1,10,13,0.004335,0.005635,0.000433
湘水,西山,0.37142,2.876169,1,10,13,0.004335,0.005635,0.000433
苍梧,蓬莱,0.37142,2.876169,1,10,13,0.004335,0.005635,0.000433
山阴,窈窕,0.37142,2.876169,1,5,26,0.002167,0.01127,0.000433
今来,昔时,0.37142,2.876169,1,10,13,0.004335,0.005635,0.000433
古今,百年,0.37142,2.876169,1,5,26,0.002167,0.01127,0.000433
花发,蓬莱,0.37142,2.876169,1,10,13,0.004335,0.005635,0.000433
柳色,清明,0.37142,2.876169,1,13,10,0.005635,0.004335,0.000433
同心,花发,0.37142,2.876169,1,13,10,0.005635,0.004335,0.000433
去年,山水,0.37142,2.876169,1,5,26,0.002167,0.01127,0.000433
客心,生涯,0.37142,2.876169,1,13,10,0.005635,0.004335,0.000433
九衢,窈窕,0.37142,2.876169,1,5,26,0.002167,0.01127,0.000433
文章,月夜,0.37142,2.876169,1,10,13,0.004335,0.005635,0.000433
同心,江水,0.37142,2.876169,1,13,10,0.005635,0.004335,0.000433
千里,纵横,0.371139,2.208997,6,80,19,0.034677,0.008236,0.002601
秋风,红粉,0.371039,2.465589,3,49,12,0.02124,0.005202,0.0013
公子,流水,0.371039,2.465589,3,21,28,0.009103,0.012137,0.0013
青山,黄鹤,0.370723,2.613805,2,26,13,0.01127,0.005635,0.000867
北风,窈窕,0.370723,2.613805,2,13,26,0.005635,0.01127,0.000867
他乡,苦辛,0.370723,2.613805,2,26,13,0.01127,0.005635,0.000867
他乡,昔时,0.370723,2.613805,2,26,13,0.01127,0.005635,0.000867
他乡,北风,0.370723,2.613805,2,26,13,0.01127,0.005635,0.000867
柳色,花落,0.370723,2.613805,2,13,26,0.005635,0.01127,0.000867
他乡,江南,0.370723,2.613805,2,26,13,0.01127,0.005635,0.000867
人生,窈窕,0.370723,2.613805,2,13,26,0.005635,0.01127,0.000867
百年,金谷,0.370723,2.613805,2,26,13,0.01127,0.005635,0.000867
将军,年年,0.37056,2.273115,5,36,33,0.015605,0.014304,0.002167
万国,未央,0.369886,2.607905,2,17,20,0.007369,0.008669,0.000867
可怜,湘水,0.369886,2.607905,2,34,10,0.014738,0.004335,0.000867
江上,相逢,0.369886,2.607905,2,20,17,0.008669,0.007369,0.000867
别离,江上,0.369886,2.607905,2,17,20,0.007369,0.008669,0.000867
万国,海上,0.369886,2.607905,2,17,20,0.007369,0.008669,0.000867
梅花,海上,0.369886,2.607905,2,17,20,0.007369,0.008669,0.000867
九重,青门,0.369886,2.607905,2,20,17,0.008669,0.007369,0.000867
千门,鸳鸯,0.369886,2.607905,2,17,20,0.007369,0.008669,0.000867
归来,海上,0.369886,2.607905,2,17,20,0.007369,0.008669,0.000867
可怜,自言,0.369886,2.607905,2,34,10,0.014738,0.004335,0.000867
梅花,阳春,0.369886,2.607905,2,17,20,0.007369,0.008669,0.000867
千里,天涯,0.369659,2.350076,4,80,11,0.034677,0.004768,0.001734
长安,闻道,0.369659,2.350076,4,40,22,0.017339,0.009536,0.001734
年年,白发,0.369511,2.455436,3,33,18,0.014304,0.007802,0.0013
相思,芙蓉,0.369511,2.455436,3,33,18,0.014304,0.007802,0.0013
月照,相思,0.369511,2.455436,3,18,33,0.007802,0.014304,0.0013
白云,青苔,0.369511,2.455436,3,99,6,0.042913,0.002601,0.0013
关山,日照,0.36947,2.604968,2,31,11,0.013437,0.004768,0.000867
天涯,芳菲,0.36947,2.604968,2,11,31,0.004768,0.013437,0.000867
含情,芳菲,0.36947,2.604968,2,11,31,0.004768,0.013437,0.000867
春色,行人,0.36947,2.604968,2,31,11,0.013437,0.004768,0.000867
关山,道路,0.36947,2.604968,2,31,11,0.013437,0.004768,0.000867
白雪,落日,0.369449,2.860901,1,6,22,0.002601,0.009536,0.000433
天涯,翡翠,0.369449,2.860901,1,11,12,0.004768,0.005202,0.000433
含情,翡翠,0.369449,2.860901,1,11,12,0.004768,0.005202,0.000433
日照,翡翠,0.369449,2.860901,1,11,12,0.004768,0.005202,0.000433
南北,相思,0.369449,2.860901,1,4,33,0.001734,0.014304,0.000433
含情,红粉,0.369449,2.860901,1,11,12,0.004768,0.005202,0.000433
落日,霓裳,0.369449,2.860901,1,22,6,0.009536,0.002601,0.000433
玉树,秋色,0.369449,2.860901,1,12,11,0.005202,0.004768,0.000433
朝朝,独坐,0.369449,2.860901,1,12,11,0.005202,0.004768,0.000433
仙人,霓裳,0.369449,2.860901,1,22,6,0.009536,0.002601,0.000433
仙人,还家,0.369449,2.860901,1,22,6,0.009536,0.002601,0.000433
今朝,梦中,0.369449,2.860901,1,22,6,0.009536,0.002601,0.000433
别后,桃源,0.369449,2.860901,1,12,11,0.005202,0.004768,0.000433
红尘,青松,0.369449,2.860901,1,12,11,0.005202,0.004768,0.000433
青松,鹦鹉,0.369449,2.860901,1,11,12,0.004768,0.005202,0.000433
朝朝,青松,0.369449,2.860901,1,12,11,0.005202,0.004768,0.000433
翡翠,青松,0.369449,2.860901,1,12,11,0.005202,0.004768,0.000433
年年,玉堂,0.369449,2.860901,1,33,4,0.014304,0.001734,0.000433
白玉,红尘,0.369449,2.860901,1,11,12,0.004768,0.005202,0.000433
白玉,鹦鹉,0.369449,2.860901,1,11,12,0.004768,0.005202,0.000433
朝朝,白玉,0.369449,2.860901,1,12,11,0.005202,0.004768,0.000433
南山,杜陵,0.369449,2.860901,1,33,4,0.014304,0.001734,0.000433
年年,杜陵,0.369449,2.860901,1,33,4,0.014304,0.001734,0.000433
桃源,辛苦,0.369449,2.860901,1,11,12,0.004768,0.005202,0.000433
向东,年年,0.369449,2.860901,1,4,33,0.001734,0.014304,0.000433
兄弟,南山,0.369449,2.860901,1,4,33,0.001734,0.014304,0.000433
今夜,春草,0.369449,2.860901,1,12,11,0.005202,0.004768,0.000433
人归,自怜,0.369449,2.860901,1,6,22,0.002601,0.009536,0.000433
今夜,阳城,0.369449,2.860901,1,12,11,0.005202,0.004768,0.000433
仙人,泉声,0.369449,2.860901,1,22,6,0.009536,0.002601,0.000433
南山,相忆,0.369449,2.860901,1,33,4,0.014304,0.001734,0.000433
无情,落日,0.369449,2.860901,1,6,22,0.002601,0.009536,0.000433
菊花,重阳,0.369449,2.860901,1,12,11,0.005202,0.004768,0.000433
落花,高树,0.369449,2.860901,1,33,4,0.014304,0.001734,0.000433
望乡,江山,0.369449,2.860901,1,11,12,0.004768,0.005202,0.000433
望乡,物外,0.369449,2.860901,1,11,12,0.004768,0.005202,0.000433
浮云,萧萧,0.369449,2.860901,1,22,6,0.009536,0.002601,0.000433
汉家,焚香,0.369449,2.860901,1,22,6,0.009536,0.002601,0.000433
汉家,萧萧,0.369449,2.860901,1,22,6,0.009536,0.002601,0.000433
南山,城下,0.369449,2.860901,1,33,4,0.014304,0.001734,0.000433
白雪,黄金,0.369449,2.860901,1,6,22,0.002601,0.009536,0.000433
南北,南山,0.369449,2.860901,1,4,33,0.001734,0.014304,0.000433
羽翼,黄金,0.369449,2.860901,1,6,22,0.002601,0.009536,0.000433
朱门,黄金,0.369449,2.860901,1,6,22,0.002601,0.009536,0.000433
垂杨,黄金,0.369449,2.860901,1,6,22,0.002601,0.009536,0.000433
浮云,羽翼,0.369449,2.860901,1,22,6,0.009536,0.002601,0.000433
垂杨,浮云,0.369449,2.860901,1,6,22,0.002601,0.009536,0.000433
浮云,金陵,0.369449,2.860901,1,22,6,0.009536,0.002601,0.000433
汉家,羽翼,0.369449,2.860901,1,22,6,0.009536,0.002601,0.000433
朱门,汉家,0.369449,2.860901,1,6,22,0.002601,0.009536,0.000433
垂杨,汉家,0.369449,2.860901,1,6,22,0.002601,0.009536,0.000433
汉家,金陵,0.369449,2.860901,1,22,6,0.009536,0.002601,0.000433
天涯,寂寞,0.369449,2.860901,1,11,12,0.004768,0.005202,0.000433
东南,天涯,0.369449,2.860901,1,12,11,0.005202,0.004768,0.000433
丈夫,伤心,0.369449,2.860901,1,12,11,0.005202,0.004768,0.000433
丈夫,桃源,0.369449,2.860901,1,12,11,0.005202,0.004768,0.000433
丈夫,龙门,0.369449,2.860901,1,12,11,0.005202,0.004768,0.000433
伤心,迢递,0.369449,2.860901,1,11,12,0.004768,0.005202,0.000433
桃源,迢递,0.369449,2.860901,1,11,12,0.004768,0.005202,0.000433
迢递,龙门,0.369449,2.860901,1,12,11,0.005202,0.004768,0.000433
伤心,寂寞,0.369449,2.860901,1,11,12,0.004768,0.005202,0.000433
寂寞,桃源,0.369449,2.860901,1,12,11,0.005202,0.004768,0.000433
寂寞,龙门,0.369449,2.860901,1,12,11,0.005202,0.004768,0.000433
东南,伤心,0.369449,2.860901,1,12,11,0.005202,0.004768,0.000433
东南,桃源,0.369449,2.860901,1,12,11,0.005202,0.004768,0.000433
东南,龙门,0.369449,2.860901,1,12,11,0.005202,0.004768,0.000433
寥落,年年,0.369449,2.860901,1,4,33,0.001734,0.014304,0.000433
别后,独坐,0.369449,2.860901,1,12,11,0.005202,0.004768,0.000433
今夜,日照,0.369449,2.860901,1,12,11,0.005202,0.004768,0.000433
日照,迢递,0.369449,2.860901,1,11,12,0.004768,0.005202,0.000433
日照,鹦鹉,0.369449,2.860901,1,11,12,0.004768,0.005202,0.000433
日照,朝朝,0.369449,2.860901,1,11,12,0.004768,0.005202,0.000433
春草,风景,0.369449,2.860901,1,11,12,0.004768,0.005202,0.000433
武陵,相思,0.369449,2.860901,1,4,33,0.001734,0.014304,0.000433
伤心,归去,0.369449,2.860901,1,11,12,0.004768,0.005202,0.000433
东南,秋色,0.369449,2.860901,1,12,11,0.005202,0.004768,0.000433
相对,相思,0.369449,2.860901,1,4,33,0.001734,0.014304,0.000433
十载,巫山,0.369449,2.860901,1,6,22,0.002601,0.009536,0.000433
十载,黄金,0.369449,2.860901,1,6,22,0.002601,0.009536,0.000433
丈夫,春光,0.369449,2.860901,1,12,11,0.005202,0.004768,0.000433
丈夫,黄叶,0.369449,2.860901,1,12,11,0.005202,0.004768,0.000433
归去,春光,0.369449,2.860901,1,12,11,0.005202,0.004768,0.000433
归去,黄叶,0.369449,2.860901,1,12,11,0.005202,0.004768,0.000433
迢递,高楼,0.369449,2.860901,1,12,11,0.005202,0.004768,0.000433
含情,迢递,0.369449,2.860901,1,11,12,0.004768,0.005202,0.000433
归去,独坐,0.369449,2.860901,1,12,11,0.005202,0.004768,0.000433
夜月,江山,0.369449,2.860901,1,11,12,0.004768,0.005202,0.000433
草绿,高楼,0.369449,2.860901,1,12,11,0.005202,0.004768,0.000433
辛苦,高楼,0.369449,2.860901,1,12,11,0.005202,0.004768,0.000433
春草,辛苦,0.369449,2.860901,1,11,12,0.004768,0.005202,0.000433
还家,闻道,0.369449,2.860901,1,6,22,0.002601,0.009536,0.000433
草绿,行人,0.369449,2.860901,1,12,11,0.005202,0.004768,0.000433
东南,春草,0.369449,2.860901,1,12,11,0.005202,0.004768,0.000433
东南,行人,0.369449,2.860901,1,12,11,0.005202,0.004768,0.000433
春草,月下,0.369449,2.860901,1,11,12,0.004768,0.005202,0.000433
春草,游子,0.369449,2.860901,1,11,12,0.004768,0.005202,0.000433
月下,行人,0.369449,2.860901,1,12,11,0.005202,0.004768,0.000433
游子,行人,0.369449,2.860901,1,12,11,0.005202,0.004768,0.000433
伤心,红粉,0.369449,2.860901,1,11,12,0.004768,0.005202,0.000433
闻道,青苔,0.369449,2.860901,1,22,6,0.009536,0.002601,0.000433
青苔,黄金,0.369449,2.860901,1,6,22,0.002601,0.009536,0.000433
巫山,青苔,0.369449,2.860901,1,22,6,0.009536,0.002601,0.000433
游子,白玉,0.369449,2.860901,1,12,11,0.005202,0.004768,0.000433
圣人,白玉,0.369449,2.860901,1,12,11,0.005202,0.004768,0.000433
摇落,白玉,0.369449,2.860901,1,12,11,0.005202,0.004768,0.000433
月满,白玉,0.369449,2.860901,1,12,11,0.005202,0.004768,0.000433
南山,清净,0.369449,2.860901,1,33,4,0.014304,0.001734,0.000433
日晚,游子,0.369449,2.860901,1,11,12,0.004768,0.005202,0.000433
圣人,日晚,0.369449,2.860901,1,12,11,0.005202,0.004768,0.000433
摇落,日晚,0.369449,2.860901,1,12,11,0.005202,0.004768,0.000433
日晚,月满,0.369449,2.860901,1,11,12,0.004768,0.005202,0.000433
南山,诸侯,0.369449,2.860901,1,33,4,0.014304,0.001734,0.000433
忆昔,闻道,0.369449,2.860901,1,6,22,0.002601,0.009536,0.000433
茫茫,闻道,0.369449,2.860901,1,6,22,0.002601,0.009536,0.000433
忆昔,黄金,0.369449,2.860901,1,6,22,0.002601,0.009536,0.000433
茫茫,黄金,0.369449,2.860901,1,6,22,0.002601,0.009536,0.000433
巫山,茫茫,0.369449,2.860901,1,22,6,0.009536,0.002601,0.000433
丹青,白玉,0.369449,2.860901,1,12,11,0.005202,0.004768,0.000433
交亲,南山,0.369449,2.860901,1,4,33,0.001734,0.014304,0.000433
日照,月满,0.369449,2.860901,1,11,12,0.004768,0.005202,0.000433
圣人,高楼,0.369449,2.860901,1,12,11,0.005202,0.004768,0.000433
红粉,高楼,0.369449,2.860901,1,12,11,0.005202,0.004768,0.000433
送客,闻道,0.369449,2.860901,1,6,22,0.002601,0.009536,0.000433
秋色,长沙,0.369449,2.860901,1,11,12,0.004768,0.005202,0.000433
君恩,摇落,0.369449,2.860901,1,11,12,0.004768,0.005202,0.000433
含情,摇落,0.369449,2.860901,1,11,12,0.004768,0.005202,0.000433
年年,相忆,0.369449,2.860901,1,33,4,0.014304,0.001734,0.000433
太平,行乐,0.369449,2.860901,1,11,12,0.004768,0.005202,0.000433
落日,送客,0.369449,2.860901,1,22,6,0.009536,0.002601,0.000433
今朝,相看,0.369449,2.860901,1,22,6,0.009536,0.002601,0.000433
临风,仙人,0.369449,2.860901,1,6,22,0.002601,0.009536,0.000433
佳人,秋风,0.369302,2.347806,4,18,49,0.007802,0.02124,0.001734
公卿,风吹,0.369055,2.60204,2,9,38,0.003901,0.016472,0.000867
北斗,芙蓉,0.369055,2.60204,2,19,18,0.008236,0.007802,0.000867
烟霞,登高,0.369055,2.60204,2,19,18,0.008236,0.007802,0.000867
白发,纵横,0.369055,2.60204,2,18,19,0.007802,0.008236,0.000867
歌舞,罗衣,0.36864,2.59912,2,49,7,0.02124,0.003034,0.000867
庭前,歌舞,0.36864,2.59912,2,7,49,0.003034,0.02124,0.000867
咸阳,秋风,0.36864,2.59912,2,7,49,0.003034,0.02124,0.000867
十年,窈窕,0.368501,2.448725,3,23,26,0.00997,0.01127,0.0013
月明,风波,0.368474,2.853354,1,19,7,0.008236,0.003034,0.000433
月明,烟波,0.368474,2.853354,1,19,7,0.008236,0.003034,0.000433
婵娟,月明,0.368474,2.853354,1,7,19,0.003034,0.008236,0.000433
江流,纵横,0.368474,2.853354,1,7,19,0.003034,0.008236,0.000433
惆怅,烟霞,0.368474,2.853354,1,7,19,0.003034,0.008236,0.000433
帝城,纵横,0.368474,2.853354,1,7,19,0.003034,0.008236,0.000433
有情,秋月,0.368474,2.853354,1,7,19,0.003034,0.008236,0.000433
千秋,相见,0.368474,2.853354,1,19,7,0.008236,0.003034,0.000433
纵横,骨肉,0.368474,2.853354,1,19,7,0.008236,0.003034,0.000433
咸阳,纵横,0.368474,2.853354,1,7,19,0.003034,0.008236,0.000433
纵横,雨雪,0.368474,2.853354,1,19,7,0.008236,0.003034,0.000433
月明,阳台,0.368474,2.853354,1,19,7,0.008236,0.003034,0.000433
无穷,长安,0.367999,2.445386,3,15,40,0.006502,0.017339,0.0013
江上,风烟,0.367999,2.445386,3,20,30,0.008669,0.013004,0.0013
万里,故园,0.367882,2.338776,4,89,10,0.038578,0.004335,0.001734
十年,宛转,0.367816,2.593306,2,23,15,0.00997,0.006502,0.000867
无穷,明主,0.367816,2.593306,2,15,23,0.006502,0.00997,0.000867
人间,桃花,0.367816,2.593306,2,15,23,0.006502,0.00997,0.000867
日落,风尘,0.367816,2.593306,2,15,23,0.006502,0.00997,0.000867
楼上,风尘,0.367816,2.593306,2,15,23,0.006502,0.00997,0.000867
天子,天涯,0.36675,2.437087,3,55,11,0.02384,0.004768,0.0013
今夜,桃李,0.366588,2.584648,2,12,29,0.005202,0.01257,0.000867
摇落,桃李,0.366588,2.584648,2,12,29,0.005202,0.01257,0.000867
桃李,红尘,0.366588,2.584648,2,29,12,0.01257,0.005202,0.000867
桃李,翡翠,0.366588,2.584648,2,29,12,0.01257,0.005202,0.000867
桃李,游子,0.366588,2.584648,2,29,12,0.01257,0.005202,0.000867
千年,迢递,0.366588,2.584648,2,29,12,0.01257,0.005202,0.000867
千年,鹦鹉,0.366588,2.584648,2,29,12,0.01257,0.005202,0.000867
万里,他乡,0.366581,2.076412,8,89,26,0.038578,0.01127,0.003468
风动,风起,0.366547,2.838428,1,5,27,0.002167,0.011704,0.000433
东方,日月,0.366547,2.838428,1,5,27,0.002167,0.011704,0.000433
紫微,肠断,0.366547,2.838428,1,15,9,0.006502,0.003901,0.000433
登临,紫微,0.366547,2.838428,1,9,15,0.003901,0.006502,0.000433
夕阳,无穷,0.366547,2.838428,1,9,15,0.003901,0.006502,0.000433
人间,飘飖,0.366547,2.838428,1,15,9,0.006502,0.003901,0.000433
楼上,绿水,0.366547,2.838428,1,15,9,0.006502,0.003901,0.000433
楼上,逍遥,0.366547,2.838428,1,15,9,0.006502,0.003901,0.000433
楼上,花满,0.366547,2.838428,1,15,9,0.006502,0.003901,0.000433
管弦,逍遥,0.366547,2.838428,1,15,9,0.006502,0.003901,0.000433
白首,肠断,0.366547,2.838428,1,15,9,0.006502,0.003901,0.000433
紫微,绿水,0.366547,2.838428,1,15,9,0.006502,0.003901,0.000433
宛转,绿水,0.366547,2.838428,1,15,9,0.006502,0.003901,0.000433
干戈,紫微,0.366547,2.838428,1,9,15,0.003901,0.006502,0.000433
宛转,干戈,0.366547,2.838428,1,15,9,0.006502,0.003901,0.000433
君子,雨露,0.366547,2.838428,1,15,9,0.006502,0.003901,0.000433
公卿,管弦,0.366547,2.838428,1,9,15,0.003901,0.006502,0.000433
圣主,管弦,0.366547,2.838428,1,9,15,0.003901,0.006502,0.000433
人间,公卿,0.366547,2.838428,1,15,9,0.006502,0.003901,0.000433
人间,圣主,0.366547,2.838428,1,15,9,0.006502,0.003901,0.000433
分明,游人,0.366547,2.838428,1,9,15,0.003901,0.006502,0.000433
游人,生死,0.366547,2.838428,1,15,9,0.006502,0.003901,0.000433
无穷,衣冠,0.366547,2.838428,1,15,9,0.006502,0.003901,0.000433
无穷,飘飖,0.366547,2.838428,1,15,9,0.006502,0.003901,0.000433
无穷,高秋,0.366547,2.838428,1,15,9,0.006502,0.003901,0.000433
无穷,竹林,0.366547,2.838428,1,15,9,0.006502,0.003901,0.000433
佳期,无穷,0.366547,2.838428,1,9,15,0.003901,0.006502,0.000433
无穷,昨夜,0.366547,2.838428,1,15,9,0.006502,0.003901,0.000433
白首,衣冠,0.366547,2.838428,1,15,9,0.006502,0.003901,0.000433
白首,飘飖,0.366547,2.838428,1,15,9,0.006502,0.003901,0.000433
白首,竹林,0.366547,2.838428,1,15,9,0.006502,0.003901,0.000433
佳期,白首,0.366547,2.838428,1,9,15,0.003901,0.006502,0.000433
昨夜,白首,0.366547,2.838428,1,9,15,0.003901,0.006502,0.000433
离别,肠断,0.366547,2.838428,1,15,9,0.006502,0.003901,0.000433
分明,离别,0.366547,2.838428,1,9,15,0.003901,0.006502,0.000433
大道,楼上,0.366547,2.838428,1,9,15,0.003901,0.006502,0.000433
大道,无穷,0.366547,2.838428,1,9,15,0.003901,0.006502,0.000433
人间,大道,0.366547,2.838428,1,15,9,0.006502,0.003901,0.000433
明日,游人,0.366547,2.838428,1,9,15,0.003901,0.006502,0.000433
宛转,寂寥,0.366547,2.838428,1,15,9,0.006502,0.003901,0.000433
人间,今已,0.366547,2.838428,1,15,9,0.006502,0.003901,0.000433
寒山,风起,0.366547,2.838428,1,5,27,0.002167,0.011704,0.000433
双飞,青云,0.366547,2.838428,1,9,15,0.003901,0.006502,0.000433
得意,日月,0.366547,2.838428,1,5,27,0.002167,0.011704,0.000433
日月,自古,0.366547,2.838428,1,27,5,0.011704,0.002167,0.000433
日月,衣裳,0.366547,2.838428,1,27,5,0.011704,0.002167,0.000433
怅望,白首,0.366547,2.838428,1,9,15,0.003901,0.006502,0.000433
怅望,无穷,0.366547,2.838428,1,9,15,0.003901,0.006502,0.000433
昨夜,青云,0.366547,2.838428,1,9,15,0.003901,0.006502,0.000433
富贵,青云,0.366547,2.838428,1,9,15,0.003901,0.006502,0.000433
青云,鱼龙,0.366547,2.838428,1,15,9,0.006502,0.003901,0.000433
人间,闲居,0.366547,2.838428,1,15,9,0.006502,0.003901,0.000433
日落,车马,0.366547,2.838428,1,15,9,0.006502,0.003901,0.000433
富贵,紫微,0.366547,2.838428,1,9,15,0.003901,0.006502,0.000433
大道,紫微,0.366547,2.838428,1,9,15,0.003901,0.006502,0.000433
双飞,离别,0.366547,2.838428,1,9,15,0.003901,0.006502,0.000433
东山,明日,0.366547,2.838428,1,15,9,0.006502,0.003901,0.000433
君子,富贵,0.366547,2.838428,1,15,9,0.006502,0.003901,0.000433
白首,逍遥,0.366547,2.838428,1,15,9,0.006502,0.003901,0.000433
君子,逍遥,0.366547,2.838428,1,15,9,0.006502,0.003901,0.000433
大道,白首,0.366547,2.838428,1,9,15,0.003901,0.006502,0.000433
君子,大道,0.366547,2.838428,1,15,9,0.006502,0.003901,0.000433
清晨,紫微,0.366547,2.838428,1,9,15,0.003901,0.006502,0.000433
宛转,飘飖,0.366547,2.838428,1,15,9,0.006502,0.003901,0.000433
云间,花满,0.366547,2.838428,1,15,9,0.006502,0.003901,0.000433
万事,日月,0.366547,2.838428,1,5,27,0.002167,0.011704,0.000433
平生,秋来,0.366547,2.838428,1,45,3,0.019506,0.0013,0.000433
平生,曲江,0.366547,2.838428,1,45,3,0.019506,0.0013,0.000433
平生,白蘋,0.366547,2.838428,1,45,3,0.019506,0.0013,0.000433
他人,平生,0.366547,2.838428,1,3,45,0.0013,0.019506,0.000433
平生,所思,0.366547,2.838428,1,45,3,0.019506,0.0013,0.000433
八月,平生,0.366547,2.838428,1,3,45,0.0013,0.019506,0.000433
平生,永日,0.366547,2.838428,1,45,3,0.019506,0.0013,0.000433
平生,西风,0.366547,2.838428,1,45,3,0.019506,0.0013,0.000433
平生,鹧鸪,0.366547,2.838428,1,45,3,0.019506,0.0013,0.000433
凤凰,桃李,0.36613,2.179183,6,54,29,0.023407,0.01257,0.002601
将军,芳树,0.366124,2.327603,4,36,25,0.015605,0.010837,0.001734
山川,风波,0.365775,2.578917,2,50,7,0.021673,0.003034,0.000867
神仙,零落,0.365775,2.578917,2,35,10,0.015171,0.004335,0.000867
昔日,神仙,0.365775,2.578917,2,10,35,0.004335,0.015171,0.000867
北阙,花开,0.365775,2.578917,2,14,25,0.006068,0.010837,0.000867
神仙,自然,0.365775,2.578917,2,35,10,0.015171,0.004335,0.000867
千载,相识,0.365775,2.578917,2,25,14,0.010837,0.006068,0.000867
相识,花开,0.365775,2.578917,2,14,25,0.006068,0.010837,0.000867
相识,芳树,0.365775,2.578917,2,14,25,0.006068,0.010837,0.000867
桃李,风光,0.365758,2.430497,3,29,21,0.01257,0.009103,0.0013
可怜,鸟飞,0.365594,2.831048,1,34,4,0.014738,0.001734,0.000433
主人,相逢,0.365594,2.831048,1,8,17,0.003468,0.007369,0.000433
归来,朝廷,0.365594,2.831048,1,17,8,0.007369,0.003468,0.000433
千门,陌上,0.365594,2.831048,1,17,8,0.007369,0.003468,0.000433
千门,相知,0.365594,2.831048,1,17,8,0.007369,0.003468,0.000433
千门,双阙,0.365594,2.831048,1,17,8,0.007369,0.003468,0.000433
意气,门前,0.365594,2.831048,1,17,8,0.007369,0.003468,0.000433
相逢,门前,0.365594,2.831048,1,17,8,0.007369,0.003468,0.000433
意气,陌上,0.365594,2.831048,1,17,8,0.007369,0.003468,0.000433
意气,相知,0.365594,2.831048,1,17,8,0.007369,0.003468,0.000433
双阙,意气,0.365594,2.831048,1,8,17,0.003468,0.007369,0.000433
相逢,须臾,0.365594,2.831048,1,17,8,0.007369,0.003468,0.000433
相逢,陌上,0.365594,2.831048,1,17,8,0.007369,0.003468,0.000433
相知,相逢,0.365594,2.831048,1,8,17,0.003468,0.007369,0.000433
双阙,相逢,0.365594,2.831048,1,8,17,0.003468,0.007369,0.000433
万物,千门,0.365594,2.831048,1,8,17,0.003468,0.007369,0.000433
城中,归来,0.365594,2.831048,1,8,17,0.003468,0.007369,0.000433
携手,笙歌,0.365594,2.831048,1,17,8,0.007369,0.003468,0.000433
归来,笙歌,0.365594,2.831048,1,17,8,0.007369,0.003468,0.000433
千门,河汉,0.365594,2.831048,1,17,8,0.007369,0.003468,0.000433
万物,翠微,0.365594,2.831048,1,8,17,0.003468,0.007369,0.000433
不归,笙歌,0.365594,2.831048,1,17,8,0.007369,0.003468,0.000433
山路,相逢,0.365594,2.831048,1,8,17,0.003468,0.007369,0.000433
别离,山路,0.365594,2.831048,1,17,8,0.007369,0.003468,0.000433
不归,昔年,0.365594,2.831048,1,17,8,0.007369,0.003468,0.000433
城中,携手,0.365594,2.831048,1,8,17,0.003468,0.007369,0.000433
城中,相逢,0.365594,2.831048,1,8,17,0.003468,0.007369,0.000433
百尺,翠微,0.365594,2.831048,1,8,17,0.003468,0.007369,0.000433
千门,当时,0.365594,2.831048,1,17,8,0.007369,0.003468,0.000433
千门,南宫,0.365594,2.831048,1,17,8,0.007369,0.003468,0.000433
南宫,青门,0.365594,2.831048,1,8,17,0.003468,0.007369,0.000433
青门,须臾,0.365594,2.831048,1,17,8,0.007369,0.003468,0.000433
南宫,意气,0.365594,2.831048,1,8,17,0.003468,0.007369,0.000433
当时,梅花,0.365594,2.831048,1,8,17,0.003468,0.007369,0.000433
可怜,逢人,0.365594,2.831048,1,34,4,0.014738,0.001734,0.000433
梅花,莺啼,0.365594,2.831048,1,17,8,0.007369,0.003468,0.000433
别离,莺啼,0.365594,2.831048,1,17,8,0.007369,0.003468,0.000433
君心,梅花,0.365594,2.831048,1,8,17,0.003468,0.007369,0.000433
别离,君心,0.365594,2.831048,1,17,8,0.007369,0.003468,0.000433
别离,千万,0.365594,2.831048,1,17,8,0.007369,0.003468,0.000433
可怜,秋天,0.365594,2.831048,1,34,4,0.014738,0.001734,0.000433
梅花,走马,0.365594,2.831048,1,17,8,0.007369,0.003468,0.000433
不归,颜色,0.365594,2.831048,1,17,8,0.007369,0.003468,0.000433
携手,颜色,0.365594,2.831048,1,17,8,0.007369,0.003468,0.000433
可怜,清净,0.365594,2.831048,1,34,4,0.014738,0.001734,0.000433
万物,不归,0.365594,2.831048,1,8,17,0.003468,0.007369,0.000433
万物,携手,0.365594,2.831048,1,8,17,0.003468,0.007369,0.000433
不归,单于,0.365594,2.831048,1,17,8,0.007369,0.003468,0.000433
单于,携手,0.365594,2.831048,1,8,17,0.003468,0.007369,0.000433
可怜,诸侯,0.365594,2.831048,1,34,4,0.014738,0.001734,0.000433
不归,须臾,0.365594,2.831048,1,17,8,0.007369,0.003468,0.000433
不归,昆仑,0.365594,2.831048,1,17,8,0.007369,0.003468,0.000433
不归,蹉跎,0.365594,2.831048,1,17,8,0.007369,0.003468,0.000433
携手,须臾,0.365594,2.831048,1,17,8,0.007369,0.003468,0.000433
携手,昆仑,0.365594,2.831048,1,17,8,0.007369,0.003468,0.000433
可怜,玉堂,0.365594,2.831048,1,34,4,0.014738,0.001734,0.000433
乔木,归来,0.365594,2.831048,1,8,17,0.003468,0.007369,0.000433
翠微,蹉跎,0.365594,2.831048,1,17,8,0.007369,0.003468,0.000433
两相,可怜,0.365594,2.831048,1,4,34,0.001734,0.014738,0.000433
归来,昆仑,0.365594,2.831048,1,17,8,0.007369,0.003468,0.000433
梅花,行路,0.365594,2.831048,1,17,8,0.007369,0.003468,0.000433
可怜,相忆,0.365594,2.831048,1,34,4,0.014738,0.001734,0.000433
城中,青门,0.365594,2.831048,1,8,17,0.003468,0.007369,0.000433
江南,风起,0.36537,2.576064,2,13,27,0.005635,0.011704,0.000867
春风,相逢,0.365019,2.425583,3,36,17,0.015605,0.007369,0.0013
巫山,思君,0.364967,2.573219,2,22,16,0.009536,0.006935,0.000867
千金,日斜,0.364967,2.573219,2,32,11,0.013871,0.004768,0.000867
东流,汉家,0.364967,2.573219,2,16,22,0.006935,0.009536,0.000867
春来,闻道,0.364967,2.573219,2,16,22,0.006935,0.009536,0.000867
东流,闻道,0.364967,2.573219,2,16,22,0.006935,0.009536,0.000867
白头,落日,0.364967,2.573219,2,16,22,0.006935,0.009536,0.000867
春来,浮云,0.364967,2.573219,2,16,22,0.006935,0.009536,0.000867
逶迤,黄金,0.364967,2.573219,2,16,22,0.006935,0.009536,0.000867
千金,松柏,0.364967,2.573219,2,32,11,0.013871,0.004768,0.000867
明年,汉家,0.364967,2.573219,2,16,22,0.006935,0.009536,0.000867
神仙,花落,0.364386,2.316553,4,35,26,0.015171,0.01127,0.001734
宁知,自怜,0.364038,2.419069,3,28,22,0.012137,0.009536,0.0013
万年,黄金,0.364038,2.419069,3,28,22,0.012137,0.009536,0.0013
萧萧,风尘,0.363708,2.81645,1,6,23,0.002601,0.00997,0.000433
明主,萧萧,0.363708,2.81645,1,23,6,0.00997,0.002601,0.000433
天地,相看,0.363708,2.81645,1,23,6,0.00997,0.002601,0.000433
相看,风尘,0.363708,2.81645,1,6,23,0.002601,0.00997,0.000433
天地,萧索,0.363708,2.81645,1,23,6,0.00997,0.002601,0.000433
天地,苍生,0.363708,2.81645,1,23,6,0.00997,0.002601,0.000433
天地,相亲,0.363708,2.81645,1,23,6,0.00997,0.002601,0.000433
十年,忆昔,0.363708,2.81645,1,23,6,0.00997,0.002601,0.000433
十载,明主,0.363708,2.81645,1,6,23,0.002601,0.00997,0.000433
野花,风尘,0.363708,2.81645,1,6,23,0.002601,0.00997,0.000433
十年,羽翼,0.363708,2.81645,1,23,6,0.00997,0.002601,0.000433
十年,垂杨,0.363708,2.81645,1,23,6,0.00997,0.002601,0.000433
十年,金陵,0.363708,2.81645,1,23,6,0.00997,0.002601,0.000433
相亲,风尘,0.363708,2.81645,1,6,23,0.002601,0.00997,0.000433
相寻,风尘,0.363708,2.81645,1,6,23,0.002601,0.00997,0.000433
十年,心事,0.363708,2.81645,1,23,6,0.00997,0.002601,0.000433
天地,青苔,0.363708,2.81645,1,23,6,0.00997,0.002601,0.000433
天地,忆昔,0.363708,2.81645,1,23,6,0.00997,0.002601,0.000433
十年,送客,0.363708,2.81645,1,23,6,0.00997,0.002601,0.000433
明主,朱门,0.363708,2.81645,1,23,6,0.00997,0.002601,0.000433
万里,可惜,0.363364,2.56192,2,89,4,0.038578,0.001734,0.000867
万里,从军,0.363364,2.56192,2,89,4,0.038578,0.001734,0.000867
万里,寥落,0.363364,2.56192,2,89,4,0.038578,0.001734,0.000867
今日,封侯,0.363064,2.412596,3,62,10,0.026875,0.004335,0.0013
今日,花发,0.363064,2.412596,3,62,10,0.026875,0.004335,0.0013
蛾眉,青门,0.362966,2.559115,2,21,17,0.009103,0.007369,0.000867
意气,风光,0.362966,2.559115,2,17,21,0.007369,0.009103,0.000867
不归,公子,0.362966,2.559115,2,17,21,0.007369,0.009103,0.000867
梅花,风光,0.362966,2.559115,2,17,21,0.007369,0.009103,0.000867
岁月,青门,0.362966,2.559115,2,21,17,0.009103,0.007369,0.000867
万里,烟波,0.362338,2.407769,3,89,7,0.038578,0.003034,0.0013
参差,思君,0.362097,2.406165,3,39,16,0.016905,0.006935,0.0013
夜长,明月,0.362097,2.406165,3,8,78,0.003468,0.03381,0.0013
欢娱,花落,0.362097,2.406165,3,24,26,0.010403,0.01127,0.0013
花开,芳树,0.361856,2.404564,3,25,25,0.010837,0.010837,0.0013
叹息,花开,0.361856,2.404564,3,25,25,0.010837,0.010837,0.0013
叹息,芳树,0.361856,2.404564,3,25,25,0.010837,0.010837,0.0013
可惜,神仙,0.36185,2.802061,1,4,35,0.001734,0.015171,0.000433
北阙,猿啼,0.36185,2.802061,1,14,10,0.006068,0.004335,0.000433
岐路,烟波,0.36185,2.802061,1,20,7,0.008669,0.003034,0.000433
流水,风飘,0.36185,2.802061,1,28,5,0.012137,0.002167,0.000433
少年,萧条,0.36185,2.802061,1,14,10,0.006068,0.004335,0.000433
自然,青楼,0.36185,2.802061,1,10,14,0.004335,0.006068,0.000433
南国,青楼,0.36185,2.802061,1,10,14,0.004335,0.006068,0.000433
楼台,落叶,0.36185,2.802061,1,14,10,0.006068,0.004335,0.000433
惆怅,海上,0.36185,2.802061,1,7,20,0.003034,0.008669,0.000433
相识,自言,0.36185,2.802061,1,14,10,0.006068,0.004335,0.000433
相识,花发,0.36185,2.802061,1,14,10,0.006068,0.004335,0.000433
白马,相识,0.36185,2.802061,1,10,14,0.004335,0.006068,0.000433
流水,自古,0.36185,2.802061,1,28,5,0.012137,0.002167,0.000433
云雨,风霜,0.36185,2.802061,1,10,14,0.004335,0.006068,0.000433
关河,风霜,0.36185,2.802061,1,10,14,0.004335,0.006068,0.000433
岐路,相见,0.36185,2.802061,1,20,7,0.008669,0.003034,0.000433
万年,林下,0.36185,2.802061,1,28,5,0.012137,0.002167,0.000433
北阙,故园,0.36185,2.802061,1,14,10,0.006068,0.004335,0.000433
故园,马上,0.36185,2.802061,1,10,14,0.004335,0.006068,0.000433
江海,空馀,0.36185,2.802061,1,10,14,0.004335,0.006068,0.000433
空馀,零落,0.36185,2.802061,1,14,10,0.006068,0.004335,0.000433
海上,雨雪,0.36185,2.802061,1,20,7,0.008669,0.003034,0.000433
阳春,马蹄,0.36185,2.802061,1,20,7,0.008669,0.003034,0.000433
阳春,雨雪,0.36185,2.802061,1,20,7,0.008669,0.003034,0.000433
岐路,雨雪,0.36185,2.802061,1,20,7,0.008669,0.003034,0.000433
天外,花飞,0.36185,2.802061,1,10,14,0.004335,0.006068,0.000433
天外,山河,0.36185,2.802061,1,10,14,0.004335,0.006068,0.000433
今年,百花,0.36185,2.802061,1,14,10,0.006068,0.004335,0.000433
惆怅,江上,0.36185,2.802061,1,7,20,0.003034,0.008669,0.000433
尘埃,白马,0.36185,2.802061,1,14,10,0.006068,0.004335,0.000433
昔日,青楼,0.36185,2.802061,1,10,14,0.004335,0.006068,0.000433
淹留,自然,0.36185,2.802061,1,14,10,0.006068,0.004335,0.000433
无限,自然,0.36185,2.802061,1,14,10,0.006068,0.004335,0.000433
乾坤,神仙,0.36185,2.802061,1,4,35,0.001734,0.015171,0.000433
神仙,诸侯,0.36185,2.802061,1,35,4,0.015171,0.001734,0.000433
殷勤,青楼,0.36185,2.802061,1,10,14,0.004335,0.006068,0.000433
山河,旌旗,0.36185,2.802061,1,14,10,0.006068,0.004335,0.000433
帝城,海上,0.36185,2.802061,1,7,20,0.003034,0.008669,0.000433
东海,神仙,0.36185,2.802061,1,4,35,0.001734,0.015171,0.000433
旌旗,楼台,0.36185,2.802061,1,10,14,0.004335,0.006068,0.000433
咸阳,未央,0.36185,2.802061,1,7,20,0.003034,0.008669,0.000433
百花,青楼,0.36185,2.802061,1,10,14,0.004335,0.006068,0.000433
人家,流水,0.36185,2.802061,1,5,28,0.002167,0.012137,0.000433
江海,相识,0.36185,2.802061,1,10,14,0.004335,0.006068,0.000433
相识,风月,0.36185,2.802061,1,14,10,0.006068,0.004335,0.000433
封侯,空馀,0.36185,2.802061,1,10,14,0.004335,0.006068,0.000433
江水,空馀,0.36185,2.802061,1,10,14,0.004335,0.006068,0.000433
经过,青楼,0.36185,2.802061,1,10,14,0.004335,0.006068,0.000433
北阙,自言,0.36185,2.802061,1,14,10,0.006068,0.004335,0.000433
山河,自言,0.36185,2.802061,1,14,10,0.006068,0.004335,0.000433
北阙,经过,0.36185,2.802061,1,14,10,0.006068,0.004335,0.000433
万户,宁知,0.36185,2.802061,1,5,28,0.002167,0.012137,0.000433
山河,经过,0.36185,2.802061,1,14,10,0.006068,0.004335,0.000433
使君,宁知,0.36185,2.802061,1,5,28,0.002167,0.012137,0.000433
少年,知音,0.36185,2.802061,1,14,10,0.006068,0.004335,0.000433
少年,故园,0.36185,2.802061,1,14,10,0.006068,0.004335,0.000433
少年,自言,0.36185,2.802061,1,14,10,0.006068,0.004335,0.000433
少年,花发,0.36185,2.802061,1,14,10,0.006068,0.004335,0.000433
少年,白马,0.36185,2.802061,1,14,10,0.006068,0.004335,0.000433
少年,风月,0.36185,2.802061,1,14,10,0.006068,0.004335,0.000433
少年,憔悴,0.36185,2.802061,1,14,10,0.006068,0.004335,0.000433
少年,经过,0.36185,2.802061,1,14,10,0.006068,0.004335,0.000433
无限,知音,0.36185,2.802061,1,14,10,0.006068,0.004335,0.000433
山中,知音,0.36185,2.802061,1,14,10,0.006068,0.004335,0.000433
淹留,知音,0.36185,2.802061,1,14,10,0.006068,0.004335,0.000433
故园,无限,0.36185,2.802061,1,10,14,0.004335,0.006068,0.000433
山中,故园,0.36185,2.802061,1,14,10,0.006068,0.004335,0.000433
故园,淹留,0.36185,2.802061,1,10,14,0.004335,0.006068,0.000433
无限,花发,0.36185,2.802061,1,14,10,0.006068,0.004335,0.000433
无限,白马,0.36185,2.802061,1,14,10,0.006068,0.004335,0.000433
无限,风月,0.36185,2.802061,1,14,10,0.006068,0.004335,0.000433
憔悴,无限,0.36185,2.802061,1,10,14,0.004335,0.006068,0.000433
无限,经过,0.36185,2.802061,1,14,10,0.006068,0.004335,0.000433
山中,自言,0.36185,2.802061,1,14,10,0.006068,0.004335,0.000433
山中,花发,0.36185,2.802061,1,14,10,0.006068,0.004335,0.000433
山中,白马,0.36185,2.802061,1,14,10,0.006068,0.004335,0.000433
山中,风月,0.36185,2.802061,1,14,10,0.006068,0.004335,0.000433
山中,憔悴,0.36185,2.802061,1,14,10,0.006068,0.004335,0.000433
山中,经过,0.36185,2.802061,1,14,10,0.006068,0.004335,0.000433
淹留,花发,0.36185,2.802061,1,14,10,0.006068,0.004335,0.000433
淹留,白马,0.36185,2.802061,1,14,10,0.006068,0.004335,0.000433
淹留,风月,0.36185,2.802061,1,14,10,0.006068,0.004335,0.000433
憔悴,淹留,0.36185,2.802061,1,10,14,0.004335,0.006068,0.000433
淹留,经过,0.36185,2.802061,1,14,10,0.006068,0.004335,0.000433
去年,天上,0.36185,2.802061,1,5,28,0.002167,0.012137,0.000433
天上,残月,0.36185,2.802061,1,28,5,0.012137,0.002167,0.000433
清明,空馀,0.36185,2.802061,1,10,14,0.004335,0.006068,0.000433
宁知,浮生,0.36185,2.802061,1,28,5,0.012137,0.002167,0.000433
流水,浮生,0.36185,2.802061,1,28,5,0.012137,0.002167,0.000433
山河,憔悴,0.36185,2.802061,1,14,10,0.006068,0.004335,0.000433
山河,生涯,0.36185,2.802061,1,14,10,0.006068,0.004335,0.000433
古木,风霜,0.36185,2.802061,1,10,14,0.004335,0.006068,0.000433
今来,相识,0.36185,2.802061,1,10,14,0.004335,0.006068,0.000433
封侯,相识,0.36185,2.802061,1,10,14,0.004335,0.006068,0.000433
岁寒,相识,0.36185,2.802061,1,10,14,0.004335,0.006068,0.000433
万年,得意,0.36185,2.802061,1,28,5,0.012137,0.002167,0.000433
得意,流水,0.36185,2.802061,1,5,28,0.002167,0.012137,0.000433
尚书,未央,0.36185,2.802061,1,7,20,0.003034,0.008669,0.000433
寒山,流水,0.36185,2.802061,1,5,28,0.002167,0.012137,0.000433
古人,青楼,0.36185,2.802061,1,10,14,0.004335,0.006068,0.000433
古人,风霜,0.36185,2.802061,1,10,14,0.004335,0.006068,0.000433
相见,鸳鸯,0.36185,2.802061,1,7,20,0.003034,0.008669,0.000433
相见,阳春,0.36185,2.802061,1,7,20,0.003034,0.008669,0.000433
天下,得意,0.36185,2.802061,1,28,5,0.012137,0.002167,0.000433
封侯,尘埃,0.36185,2.802061,1,10,14,0.004335,0.006068,0.000433
封侯,马上,0.36185,2.802061,1,10,14,0.004335,0.006068,0.000433
宁知,自古,0.36185,2.802061,1,28,5,0.012137,0.002167,0.000433
宁知,衣裳,0.36185,2.802061,1,28,5,0.012137,0.002167,0.000433
丞相,海上,0.36185,2.802061,1,7,20,0.003034,0.008669,0.000433
丞相,青春,0.36185,2.802061,1,7,20,0.003034,0.008669,0.000433
尘埃,昔日,0.36185,2.802061,1,14,10,0.006068,0.004335,0.000433
尘埃,萧条,0.36185,2.802061,1,14,10,0.006068,0.004335,0.000433
尘埃,湘水,0.36185,2.802061,1,14,10,0.006068,0.004335,0.000433
昔日,马上,0.36185,2.802061,1,10,14,0.004335,0.006068,0.000433
天下,自古,0.36185,2.802061,1,28,5,0.012137,0.002167,0.000433
天下,衣裳,0.36185,2.802061,1,28,5,0.012137,0.002167,0.000433
海上,骨肉,0.36185,2.802061,1,20,7,0.008669,0.003034,0.000433
青春,骨肉,0.36185,2.802061,1,20,7,0.008669,0.003034,0.000433
咸阳,海上,0.36185,2.802061,1,7,20,0.003034,0.008669,0.000433
咸阳,青春,0.36185,2.802061,1,7,20,0.003034,0.008669,0.000433
萧条,马上,0.36185,2.802061,1,10,14,0.004335,0.006068,0.000433
自言,马上,0.36185,2.802061,1,10,14,0.004335,0.006068,0.000433
湘水,马上,0.36185,2.802061,1,10,14,0.004335,0.006068,0.000433
古木,无限,0.36185,2.802061,1,10,14,0.004335,0.006068,0.000433
武陵,神仙,0.36185,2.802061,1,4,35,0.001734,0.015171,0.000433
世上,宁知,0.36185,2.802061,1,5,28,0.002167,0.012137,0.000433
承恩,无限,0.36185,2.802061,1,10,14,0.004335,0.006068,0.000433
山中,百花,0.36185,2.802061,1,14,10,0.006068,0.004335,0.000433
宁知,潇湘,0.36185,2.802061,1,28,5,0.012137,0.002167,0.000433
宁知,莓苔,0.36185,2.802061,1,28,5,0.012137,0.002167,0.000433
清净,神仙,0.36185,2.802061,1,4,35,0.001734,0.015171,0.000433
云飞,徘徊,0.36185,2.802061,1,10,14,0.004335,0.006068,0.000433
承恩,楼台,0.36185,2.802061,1,10,14,0.004335,0.006068,0.000433
楼台,百花,0.36185,2.802061,1,14,10,0.006068,0.004335,0.000433
江上,风波,0.36185,2.802061,1,20,7,0.008669,0.003034,0.000433
尘埃,松风,0.36185,2.802061,1,14,10,0.006068,0.004335,0.000433
尘埃,路傍,0.36185,2.802061,1,14,10,0.006068,0.004335,0.000433
路傍,马上,0.36185,2.802061,1,10,14,0.004335,0.006068,0.000433
旌旗,马上,0.36185,2.802061,1,10,14,0.004335,0.006068,0.000433
关河,徘徊,0.36185,2.802061,1,10,14,0.004335,0.006068,0.000433
相识,经过,0.36185,2.802061,1,14,10,0.006068,0.004335,0.000433
丞相,九重,0.36185,2.802061,1,7,20,0.003034,0.008669,0.000433
神仙,霄汉,0.36185,2.802061,1,35,4,0.015171,0.001734,0.000433
万年,莓苔,0.36185,2.802061,1,28,5,0.012137,0.002167,0.000433
天上,莓苔,0.36185,2.802061,1,28,5,0.012137,0.002167,0.000433
功名,岐路,0.36185,2.802061,1,7,20,0.003034,0.008669,0.000433
马蹄,鸳鸯,0.36185,2.802061,1,7,20,0.003034,0.008669,0.000433
东西,流水,0.36185,2.802061,1,5,28,0.002167,0.012137,0.000433
淹留,清明,0.36185,2.802061,1,14,10,0.006068,0.004335,0.000433
神仙,道士,0.36185,2.802061,1,35,4,0.015171,0.001734,0.000433
云雨,裴回,0.361779,2.550746,2,10,36,0.004335,0.015605,0.000867
天外,裴回,0.361779,2.550746,2,10,36,0.004335,0.015605,0.000867
佳期,长安,0.361779,2.550746,2,9,40,0.003901,0.017339,0.000867
光辉,月满,0.361779,2.550746,2,30,12,0.013004,0.005202,0.000867
光辉,辛苦,0.361779,2.550746,2,30,12,0.013004,0.005202,0.000867
平生,黄河,0.361779,2.550746,2,45,8,0.019506,0.003468,0.000867
江上,芙蓉,0.361779,2.550746,2,20,18,0.008669,0.007802,0.000867
佳人,江上,0.361779,2.550746,2,18,20,0.007802,0.008669,0.000867
春风,零落,0.361779,2.550746,2,36,10,0.015605,0.004335,0.000867
公卿,长安,0.361779,2.550746,2,9,40,0.003901,0.017339,0.000867
昔日,春风,0.361779,2.550746,2,10,36,0.004335,0.015605,0.000867
绿水,长安,0.361779,2.550746,2,9,40,0.003901,0.017339,0.000867
君王,无穷,0.361779,2.550746,2,24,15,0.010403,0.006502,0.000867
将军,江水,0.361779,2.550746,2,36,10,0.015605,0.004335,0.000867
长安,雨露,0.361779,2.550746,2,40,9,0.017339,0.003901,0.000867
佳人,鸳鸯,0.361779,2.550746,2,18,20,0.007802,0.008669,0.000867
物外,风烟,0.361779,2.550746,2,12,30,0.005202,0.013004,0.000867
芙蓉,鸳鸯,0.361779,2.550746,2,18,20,0.007802,0.008669,0.000867
春风,白马,0.361779,2.550746,2,36,10,0.015605,0.004335,0.000867
无穷,美人,0.361779,2.550746,2,15,24,0.006502,0.010403,0.000867
海上,白发,0.361779,2.550746,2,20,18,0.008669,0.007802,0.000867
将军,萧条,0.361779,2.550746,2,36,10,0.015605,0.004335,0.000867
君王,宛转,0.361779,2.550746,2,24,15,0.010403,0.006502,0.000867
宛转,氛氲,0.361779,2.550746,2,15,24,0.006502,0.010403,0.000867
东山,氛氲,0.361779,2.550746,2,15,24,0.006502,0.010403,0.000867
摇落,风烟,0.361779,2.550746,2,12,30,0.005202,0.013004,0.000867
自言,裴回,0.361779,2.550746,2,10,36,0.004335,0.015605,0.000867
单于,平生,0.361779,2.550746,2,8,45,0.003468,0.019506,0.000867
古来,青春,0.361779,2.550746,2,18,20,0.007802,0.008669,0.000867
杨柳,梅花,0.360896,2.398184,3,37,17,0.016038,0.007369,0.0013
月明,秋风,0.360798,2.293738,4,19,49,0.008236,0.02124,0.001734
年年,歌舞,0.360745,2.147135,6,33,49,0.014304,0.02124,0.002601
日照,落花,0.360602,2.542448,2,11,33,0.004768,0.014304,0.000867
君恩,年年,0.360602,2.542448,2,11,33,0.004768,0.014304,0.000867
天涯,相思,0.360602,2.542448,2,11,33,0.004768,0.014304,0.000867
南山,白玉,0.360602,2.542448,2,33,11,0.014304,0.004768,0.000867
南山,高楼,0.360602,2.542448,2,33,11,0.014304,0.004768,0.000867
天上,知己,0.360212,2.539697,2,28,13,0.012137,0.005635,0.000867
万年,人生,0.360212,2.539697,2,28,13,0.012137,0.005635,0.000867
人生,流水,0.360212,2.539697,2,13,28,0.005635,0.012137,0.000867
万年,西山,0.360212,2.539697,2,28,13,0.012137,0.005635,0.000867
徘徊,窈窕,0.360212,2.539697,2,14,26,0.006068,0.01127,0.000867
山中,百年,0.360212,2.539697,2,14,26,0.006068,0.01127,0.000867
天下,西山,0.360212,2.539697,2,28,13,0.012137,0.005635,0.000867
山中,花落,0.360212,2.539697,2,14,26,0.006068,0.01127,0.000867
相识,花落,0.360212,2.539697,2,14,26,0.006068,0.01127,0.000867
山河,窈窕,0.360212,2.539697,2,14,26,0.006068,0.01127,0.000867
无限,百年,0.360212,2.539697,2,14,26,0.006068,0.01127,0.000867
淹留,百年,0.360212,2.539697,2,14,26,0.006068,0.01127,0.000867
天子,归来,0.360123,2.289451,4,55,17,0.02384,0.007369,0.001734
明月,清风,0.359955,2.288382,4,78,12,0.03381,0.005202,0.001734
百年,裴回,0.359955,2.288382,4,26,36,0.01127,0.015605,0.001734
含情,江南,0.359112,2.780859,1,11,13,0.004768,0.005635,0.000433
日照,江南,0.359112,2.780859,1,11,13,0.004768,0.005635,0.000433
春光,柳色,0.359112,2.780859,1,11,13,0.004768,0.005635,0.000433
昔时,青松,0.359112,2.780859,1,13,11,0.005635,0.004768,0.000433
昔时,白玉,0.359112,2.780859,1,13,11,0.005635,0.004768,0.000433
年华,独坐,0.359112,2.780859,1,13,11,0.005635,0.004768,0.000433
日斜,柳色,0.359112,2.780859,1,11,13,0.004768,0.005635,0.000433
西山,阳城,0.359112,2.780859,1,13,11,0.005635,0.004768,0.000433
含情,相送,0.359112,2.780859,1,11,13,0.004768,0.005635,0.000433
行人,黄鹤,0.359112,2.780859,1,11,13,0.004768,0.005635,0.000433
日照,苦辛,0.359112,2.780859,1,11,13,0.004768,0.005635,0.000433
桃源,黄鹤,0.359112,2.780859,1,11,13,0.004768,0.005635,0.000433
秋色,苦辛,0.359112,2.780859,1,11,13,0.004768,0.005635,0.000433
天涯,金谷,0.359112,2.780859,1,11,13,0.004768,0.005635,0.000433
伤心,金谷,0.359112,2.780859,1,11,13,0.004768,0.005635,0.000433
桃源,金谷,0.359112,2.780859,1,11,13,0.004768,0.005635,0.000433
金谷,龙门,0.359112,2.780859,1,13,11,0.005635,0.004768,0.000433
伤心,知己,0.359112,2.780859,1,11,13,0.004768,0.005635,0.000433
桃源,知己,0.359112,2.780859,1,11,13,0.004768,0.005635,0.000433
知己,龙门,0.359112,2.780859,1,13,11,0.005635,0.004768,0.000433
伤心,江南,0.359112,2.780859,1,11,13,0.004768,0.005635,0.000433
桃源,江南,0.359112,2.780859,1,11,13,0.004768,0.005635,0.000433
江南,龙门,0.359112,2.780859,1,13,11,0.005635,0.004768,0.000433
独坐,金谷,0.359112,2.780859,1,11,13,0.004768,0.005635,0.000433
同心,春光,0.359112,2.780859,1,13,11,0.005635,0.004768,0.000433
同心,黄叶,0.359112,2.780859,1,13,11,0.005635,0.004768,0.000433
金谷,高楼,0.359112,2.780859,1,13,11,0.005635,0.004768,0.000433
春草,西山,0.359112,2.780859,1,11,13,0.004768,0.005635,0.000433
昔时,高楼,0.359112,2.780859,1,13,11,0.005635,0.004768,0.000433
昔时,行人,0.359112,2.780859,1,13,11,0.005635,0.004768,0.000433
北风,春草,0.359112,2.780859,1,13,11,0.005635,0.004768,0.000433
北风,行人,0.359112,2.780859,1,13,11,0.005635,0.004768,0.000433
伤心,西山,0.359112,2.780859,1,11,13,0.004768,0.005635,0.000433
人生,君恩,0.359112,2.780859,1,13,11,0.005635,0.004768,0.000433
白玉,西山,0.359112,2.780859,1,11,13,0.004768,0.005635,0.000433
日晚,西山,0.359112,2.780859,1,11,13,0.004768,0.005635,0.000433
日照,柳色,0.359112,2.780859,1,11,13,0.004768,0.005635,0.000433
同心,太平,0.359112,2.780859,1,13,11,0.005635,0.004768,0.000433
客心,阳城,0.359112,2.780859,1,13,11,0.005635,0.004768,0.000433
人生,望乡,0.359112,2.780859,1,13,11,0.005635,0.004768,0.000433
君恩,昔时,0.359112,2.780859,1,11,13,0.004768,0.005635,0.000433
含情,昔时,0.359112,2.780859,1,11,13,0.004768,0.005635,0.000433
同心,夜月,0.359112,2.780859,1,13,11,0.005635,0.004768,0.000433
人生,天涯,0.359112,2.780859,1,13,11,0.005635,0.004768,0.000433
客心,秋风,0.358994,2.385546,3,13,49,0.005635,0.02124,0.0013
桃李,闻道,0.358758,2.383977,3,29,22,0.01257,0.009536,0.0013
巫山,桃李,0.358758,2.383977,3,22,29,0.009536,0.01257,0.0013
明主,春来,0.358662,2.528768,2,23,16,0.00997,0.006935,0.000867
东流,明主,0.358662,2.528768,2,16,23,0.006935,0.00997,0.000867
十年,白头,0.358662,2.528768,2,23,16,0.00997,0.006935,0.000867
十年,春来,0.358662,2.528768,2,23,16,0.00997,0.006935,0.000867
御沟,风尘,0.358662,2.528768,2,16,23,0.006935,0.00997,0.000867
御沟,长安,0.358287,2.380847,3,16,40,0.006935,0.017339,0.0013
千万,千里,0.358287,2.380847,3,8,80,0.003468,0.034677,0.0013
春来,长安,0.358287,2.380847,3,16,40,0.006935,0.017339,0.0013
千里,路难,0.358287,2.380847,3,80,8,0.034677,0.003468,0.0013
悠悠,衣冠,0.358277,2.526054,2,41,9,0.017772,0.003901,0.000867
悠悠,昨夜,0.358277,2.526054,2,41,9,0.017772,0.003901,0.000867
富贵,悠悠,0.358277,2.526054,2,9,41,0.003901,0.017772,0.000867
清风,玉树,0.358212,2.77389,1,12,12,0.005202,0.005202,0.000433
人情,氛氲,0.358212,2.77389,1,6,24,0.002601,0.010403,0.000433
人情,洞庭,0.358212,2.77389,1,6,24,0.002601,0.010403,0.000433
千万,芙蓉,0.358212,2.77389,1,8,18,0.003468,0.007802,0.000433
忆昔,氛氲,0.358212,2.77389,1,6,24,0.002601,0.010403,0.000433
忆昔,洞庭,0.358212,2.77389,1,6,24,0.002601,0.010403,0.000433
清晨,瑶池,0.358212,2.77389,1,9,16,0.003901,0.006935,0.000433
垂杨,欢娱,0.358212,2.77389,1,6,24,0.002601,0.010403,0.000433
空山,芳草,0.358212,2.77389,1,12,12,0.005202,0.005202,0.000433
月下,莲花,0.358212,2.77389,1,12,12,0.005202,0.005202,0.000433
王孙,相望,0.358212,2.77389,1,9,16,0.003901,0.006935,0.000433
故乡,门前,0.358212,2.77389,1,18,8,0.007802,0.003468,0.000433
朝朝,菊花,0.358212,2.77389,1,12,12,0.005202,0.005202,0.000433
寂寞,菊花,0.358212,2.77389,1,12,12,0.005202,0.005202,0.000433
寂寞,朝朝,0.358212,2.77389,1,12,12,0.005202,0.005202,0.000433
君王,萧萧,0.358212,2.77389,1,24,6,0.010403,0.002601,0.000433
游子,红尘,0.358212,2.77389,1,12,12,0.005202,0.005202,0.000433
丈夫,清风,0.358212,2.77389,1,12,12,0.005202,0.005202,0.000433
将军,诸侯,0.358212,2.77389,1,36,4,0.015605,0.001734,0.000433
东南,物外,0.358212,2.77389,1,12,12,0.005202,0.005202,0.000433
公卿,相望,0.358212,2.77389,1,9,16,0.003901,0.006935,0.000433
故乡,日夕,0.358212,2.77389,1,18,8,0.007802,0.003468,0.000433
路长,飘飖,0.358212,2.77389,1,16,9,0.006935,0.003901,0.000433
双飞,相望,0.358212,2.77389,1,9,16,0.003901,0.006935,0.000433
春风,玉堂,0.358212,2.77389,1,36,4,0.015605,0.001734,0.000433
芙蓉,门前,0.358212,2.77389,1,18,8,0.007802,0.003468,0.000433
芙蓉,须臾,0.358212,2.77389,1,18,8,0.007802,0.003468,0.000433
芙蓉,陌上,0.358212,2.77389,1,18,8,0.007802,0.003468,0.000433
相知,芙蓉,0.358212,2.77389,1,8,18,0.003468,0.007802,0.000433
双阙,芙蓉,0.358212,2.77389,1,8,18,0.003468,0.007802,0.000433
大道,相望,0.358212,2.77389,1,9,16,0.003901,0.006935,0.000433
寂寥,相望,0.358212,2.77389,1,9,16,0.003901,0.006935,0.000433
红尘,鹦鹉,0.358212,2.77389,1,12,12,0.005202,0.005202,0.000433
朝朝,红尘,0.358212,2.77389,1,12,12,0.005202,0.005202,0.000433
红尘,翡翠,0.358212,2.77389,1,12,12,0.005202,0.005202,0.000433
翡翠,鹦鹉,0.358212,2.77389,1,12,12,0.005202,0.005202,0.000433
春风,杜陵,0.358212,2.77389,1,36,4,0.015605,0.001734,0.000433
朝朝,翡翠,0.358212,2.77389,1,12,12,0.005202,0.005202,0.000433
圣主,逶迤,0.358212,2.77389,1,9,16,0.003901,0.006935,0.000433
摇落,迢递,0.358212,2.77389,1,12,12,0.005202,0.005202,0.000433
夜长,镜中,0.358212,2.77389,1,8,18,0.003468,0.007802,0.000433
寒食,故乡,0.358212,2.77389,1,8,18,0.003468,0.007802,0.000433
凉风,逶迤,0.358212,2.77389,1,9,16,0.003901,0.006935,0.000433
万物,登高,0.358212,2.77389,1,8,18,0.003468,0.007802,0.000433
佳人,黄河,0.358212,2.77389,1,18,8,0.007802,0.003468,0.000433
登高,黄河,0.358212,2.77389,1,18,8,0.007802,0.003468,0.000433
佳人,思归,0.358212,2.77389,1,18,8,0.007802,0.003468,0.000433
佳人,南宫,0.358212,2.77389,1,18,8,0.007802,0.003468,0.000433
主人,佳人,0.358212,2.77389,1,8,18,0.003468,0.007802,0.000433
登高,颜色,0.358212,2.77389,1,18,8,0.007802,0.003468,0.000433
思归,登高,0.358212,2.77389,1,8,18,0.003468,0.007802,0.000433
南宫,登高,0.358212,2.77389,1,8,18,0.003468,0.007802,0.000433
主人,登高,0.358212,2.77389,1,8,18,0.003468,0.007802,0.000433
渭水,路长,0.358212,2.77389,1,9,16,0.003901,0.006935,0.000433
将军,相忆,0.358212,2.77389,1,36,4,0.015605,0.001734,0.000433
丈夫,芳草,0.358212,2.77389,1,12,12,0.005202,0.005202,0.000433
山路,芙蓉,0.358212,2.77389,1,8,18,0.003468,0.007802,0.000433
佳人,山路,0.358212,2.77389,1,18,8,0.007802,0.003468,0.000433
游子,风景,0.358212,2.77389,1,12,12,0.005202,0.005202,0.000433
月下,朝朝,0.358212,2.77389,1,12,12,0.005202,0.005202,0.000433
裴回,高树,0.358212,2.77389,1,36,4,0.015605,0.001734,0.000433
人归,氛氲,0.358212,2.77389,1,6,24,0.002601,0.010403,0.000433
氛氲,花间,0.358212,2.77389,1,24,6,0.010403,0.002601,0.000433
台上,氛氲,0.358212,2.77389,1,6,24,0.002601,0.010403,0.000433
江山,物外,0.358212,2.77389,1,12,12,0.005202,0.005202,0.000433
相望,草木,0.358212,2.77389,1,16,9,0.006935,0.003901,0.000433
欢娱,焚香,0.358212,2.77389,1,24,6,0.010403,0.002601,0.000433
城中,芙蓉,0.358212,2.77389,1,8,18,0.003468,0.007802,0.000433
莲花,鹦鹉,0.358212,2.77389,1,12,12,0.005202,0.005202,0.000433
君心,月照,0.358212,2.77389,1,8,18,0.003468,0.007802,0.000433
古来,当时,0.358212,2.77389,1,18,8,0.007802,0.003468,0.000433
大道,白头,0.358212,2.77389,1,9,16,0.003901,0.006935,0.000433
南宫,古来,0.358212,2.77389,1,8,18,0.003468,0.007802,0.000433
归去,红尘,0.358212,2.77389,1,12,12,0.005202,0.005202,0.000433
归去,长沙,0.358212,2.77389,1,12,12,0.005202,0.005202,0.000433
红尘,长沙,0.358212,2.77389,1,12,12,0.005202,0.005202,0.000433
春来,衣冠,0.358212,2.77389,1,16,9,0.006935,0.003901,0.000433
春来,飘飖,0.358212,2.77389,1,16,9,0.006935,0.003901,0.000433
春来,高秋,0.358212,2.77389,1,16,9,0.006935,0.003901,0.000433
春来,竹林,0.358212,2.77389,1,16,9,0.006935,0.003901,0.000433
佳期,春来,0.358212,2.77389,1,9,16,0.003901,0.006935,0.000433
春来,昨夜,0.358212,2.77389,1,16,9,0.006935,0.003901,0.000433
当时,白发,0.358212,2.77389,1,8,18,0.003468,0.007802,0.000433
当时,登高,0.358212,2.77389,1,8,18,0.003468,0.007802,0.000433
丈夫,迢递,0.358212,2.77389,1,12,12,0.005202,0.005202,0.000433
丈夫,寂寞,0.358212,2.77389,1,12,12,0.005202,0.005202,0.000433
寂寞,迢递,0.358212,2.77389,1,12,12,0.005202,0.005202,0.000433
东南,迢递,0.358212,2.77389,1,12,12,0.005202,0.005202,0.000433
东南,寂寞,0.358212,2.77389,1,12,12,0.005202,0.005202,0.000433
富贵,春来,0.358212,2.77389,1,9,16,0.003901,0.006935,0.000433
分明,春来,0.358212,2.77389,1,9,16,0.003901,0.006935,0.000433
思君,肠断,0.358212,2.77389,1,16,9,0.006935,0.003901,0.000433
相望,肠断,0.358212,2.77389,1,16,9,0.006935,0.003901,0.000433
富贵,思君,0.358212,2.77389,1,9,16,0.003901,0.006935,0.000433
分明,思君,0.358212,2.77389,1,9,16,0.003901,0.006935,0.000433
富贵,相望,0.358212,2.77389,1,9,16,0.003901,0.006935,0.000433
分明,相望,0.358212,2.77389,1,9,16,0.003901,0.006935,0.000433
今夜,鹦鹉,0.358212,2.77389,1,12,12,0.005202,0.005202,0.000433
今夜,朝朝,0.358212,2.77389,1,12,12,0.005202,0.005202,0.000433
迢递,鹦鹉,0.358212,2.77389,1,12,12,0.005202,0.005202,0.000433
别后,摇落,0.358212,2.77389,1,12,12,0.005202,0.005202,0.000433
山路,月照,0.358212,2.77389,1,8,18,0.003468,0.007802,0.000433
从军,裴回,0.358212,2.77389,1,4,36,0.001734,0.015605,0.000433
千万,故乡,0.358212,2.77389,1,8,18,0.003468,0.007802,0.000433
十载,欢娱,0.358212,2.77389,1,6,24,0.002601,0.010403,0.000433
丈夫,归去,0.358212,2.77389,1,12,12,0.005202,0.005202,0.000433
古来,走马,0.358212,2.77389,1,18,8,0.007802,0.003468,0.000433
将军,秋天,0.358212,2.77389,1,36,4,0.015605,0.001734,0.000433
东海,春风,0.358212,2.77389,1,4,36,0.001734,0.015605,0.000433
今夜,江山,0.358212,2.77389,1,12,12,0.005202,0.005202,0.000433
归去,草绿,0.358212,2.77389,1,12,12,0.005202,0.005202,0.000433
草绿,辛苦,0.358212,2.77389,1,12,12,0.005202,0.005202,0.000433
双飞,思君,0.358212,2.77389,1,9,16,0.003901,0.006935,0.000433
双飞,明年,0.358212,2.77389,1,9,16,0.003901,0.006935,0.000433
东南,草绿,0.358212,2.77389,1,12,12,0.005202,0.005202,0.000433
月下,草绿,0.358212,2.77389,1,12,12,0.005202,0.005202,0.000433
游子,草绿,0.358212,2.77389,1,12,12,0.005202,0.005202,0.000433
东南,游子,0.358212,2.77389,1,12,12,0.005202,0.005202,0.000433
月下,游子,0.358212,2.77389,1,12,12,0.005202,0.005202,0.000433
古来,断肠,0.358212,2.77389,1,18,8,0.007802,0.003468,0.000433
山路,白发,0.358212,2.77389,1,8,18,0.003468,0.007802,0.000433
万物,佳人,0.358212,2.77389,1,8,18,0.003468,0.007802,0.000433
佳人,单于,0.358212,2.77389,1,18,8,0.007802,0.003468,0.000433
佳人,须臾,0.358212,2.77389,1,18,8,0.007802,0.003468,0.000433
佳人,昆仑,0.358212,2.77389,1,18,8,0.007802,0.003468,0.000433
佳人,蹉跎,0.358212,2.77389,1,18,8,0.007802,0.003468,0.000433
故乡,颜色,0.358212,2.77389,1,18,8,0.007802,0.003468,0.000433
怅望,逶迤,0.358212,2.77389,1,9,16,0.003901,0.006935,0.000433
游子,翡翠,0.358212,2.77389,1,12,12,0.005202,0.005202,0.000433
圣人,游子,0.358212,2.77389,1,12,12,0.005202,0.005202,0.000433
摇落,游子,0.358212,2.77389,1,12,12,0.005202,0.005202,0.000433
月满,游子,0.358212,2.77389,1,12,12,0.005202,0.005202,0.000433
圣人,翡翠,0.358212,2.77389,1,12,12,0.005202,0.005202,0.000433
摇落,翡翠,0.358212,2.77389,1,12,12,0.005202,0.005202,0.000433
月满,翡翠,0.358212,2.77389,1,12,12,0.005202,0.005202,0.000433
万物,古来,0.358212,2.77389,1,8,18,0.003468,0.007802,0.000433
万物,故乡,0.358212,2.77389,1,8,18,0.003468,0.007802,0.000433
万物,白发,0.358212,2.77389,1,8,18,0.003468,0.007802,0.000433
单于,古来,0.358212,2.77389,1,8,18,0.003468,0.007802,0.000433
古来,昆仑,0.358212,2.77389,1,18,8,0.007802,0.003468,0.000433
古来,蹉跎,0.358212,2.77389,1,18,8,0.007802,0.003468,0.000433
忆昔,美人,0.358212,2.77389,1,6,24,0.002601,0.010403,0.000433
单于,故乡,0.358212,2.77389,1,8,18,0.003468,0.007802,0.000433
故乡,须臾,0.358212,2.77389,1,18,8,0.007802,0.003468,0.000433
故乡,昆仑,0.358212,2.77389,1,18,8,0.007802,0.003468,0.000433
故乡,蹉跎,0.358212,2.77389,1,18,8,0.007802,0.003468,0.000433
单于,白发,0.358212,2.77389,1,8,18,0.003468,0.007802,0.000433
美人,茫茫,0.358212,2.77389,1,24,6,0.010403,0.002601,0.000433
圣人,摇落,0.358212,2.77389,1,12,12,0.005202,0.005202,0.000433
昆仑,白发,0.358212,2.77389,1,8,18,0.003468,0.007802,0.000433
白发,蹉跎,0.358212,2.77389,1,18,8,0.007802,0.003468,0.000433
怅望,瑶池,0.358212,2.77389,1,9,16,0.003901,0.006935,0.000433
摇落,月满,0.358212,2.77389,1,12,12,0.005202,0.005202,0.000433
氛氲,茫茫,0.358212,2.77389,1,24,6,0.010403,0.002601,0.000433
氛氲,苍生,0.358212,2.77389,1,24,6,0.010403,0.002601,0.000433
寂寞,月满,0.358212,2.77389,1,12,12,0.005202,0.005202,0.000433
芳草,行乐,0.358212,2.77389,1,12,12,0.005202,0.005202,0.000433
乔木,古来,0.358212,2.77389,1,8,18,0.003468,0.007802,0.000433
洞庭,霓裳,0.358212,2.77389,1,24,6,0.010403,0.002601,0.000433
洞庭,羽翼,0.358212,2.77389,1,24,6,0.010403,0.002601,0.000433
圣人,红粉,0.358212,2.77389,1,12,12,0.005202,0.005202,0.000433
绿水,逶迤,0.358212,2.77389,1,9,16,0.003901,0.006935,0.000433
芙蓉,莺啼,0.358212,2.77389,1,18,8,0.007802,0.003468,0.000433
东南,江山,0.358212,2.77389,1,12,12,0.005202,0.005202,0.000433
江山,长沙,0.358212,2.77389,1,12,12,0.005202,0.005202,0.000433
洞庭,黄花,0.358212,2.77389,1,24,6,0.010403,0.002601,0.000433
花满,逶迤,0.358212,2.77389,1,9,16,0.003901,0.006935,0.000433
洞庭,还家,0.358212,2.77389,1,24,6,0.010403,0.002601,0.000433
歌声,裴回,0.358212,2.77389,1,4,36,0.001734,0.015605,0.000433
欢娱,泉声,0.358212,2.77389,1,24,6,0.010403,0.002601,0.000433
回首,车马,0.358212,2.77389,1,16,9,0.006935,0.003901,0.000433
凉风,春来,0.358212,2.77389,1,9,16,0.003901,0.006935,0.000433
春风,梦里,0.358212,2.77389,1,36,4,0.015605,0.001734,0.000433
思君,雨露,0.358212,2.77389,1,16,9,0.006935,0.003901,0.000433
圣人,归去,0.358212,2.77389,1,12,12,0.005202,0.005202,0.000433
欢娱,相寻,0.358212,2.77389,1,24,6,0.010403,0.002601,0.000433
城下,将军,0.358212,2.77389,1,4,36,0.001734,0.015605,0.000433
封侯,杨柳,0.357893,2.523347,2,10,37,0.004335,0.016038,0.000867
天上,桃花,0.357349,2.374617,3,28,23,0.012137,0.00997,0.0013
桃李,楼前,0.357319,2.76697,1,29,5,0.01257,0.002167,0.000433
东方,千年,0.357319,2.76697,1,5,29,0.002167,0.01257,0.000433
万户,桃李,0.357319,2.76697,1,5,29,0.002167,0.01257,0.000433
使君,桃李,0.357319,2.76697,1,5,29,0.002167,0.01257,0.000433
千年,去年,0.357319,2.76697,1,29,5,0.01257,0.002167,0.000433
千年,残月,0.357319,2.76697,1,29,5,0.01257,0.002167,0.000433
桃李,浮生,0.357319,2.76697,1,29,5,0.01257,0.002167,0.000433
得意,桃李,0.357319,2.76697,1,5,29,0.002167,0.01257,0.000433
桃李,自古,0.357319,2.76697,1,29,5,0.01257,0.002167,0.000433
桃李,衣裳,0.357319,2.76697,1,29,5,0.01257,0.002167,0.000433
千年,山阴,0.357319,2.76697,1,29,5,0.01257,0.002167,0.000433
翡翠,芳菲,0.357129,2.517957,2,12,31,0.005202,0.013437,0.000867
归去,春色,0.357129,2.517957,2,12,31,0.005202,0.013437,0.000867
关山,莲花,0.357129,2.517957,2,31,12,0.013437,0.005202,0.000867
春色,草绿,0.357129,2.517957,2,31,12,0.013437,0.005202,0.000867
关山,朝朝,0.357129,2.517957,2,31,12,0.013437,0.005202,0.000867
红尘,芳菲,0.357129,2.517957,2,12,31,0.005202,0.013437,0.000867
今日,朱门,0.357129,2.517957,2,62,6,0.026875,0.002601,0.000867
归去,芳菲,0.357129,2.517957,2,12,31,0.005202,0.013437,0.000867
丈夫,关山,0.357129,2.517957,2,12,31,0.005202,0.013437,0.000867
丈夫,芳菲,0.357129,2.517957,2,12,31,0.005202,0.013437,0.000867
摇落,芳菲,0.357129,2.517957,2,12,31,0.005202,0.013437,0.000867
携手,白日,0.356882,2.371516,3,17,38,0.007369,0.016472,0.0013
今夜,凤凰,0.356417,2.368425,3,12,54,0.005202,0.023407,0.0013
凤凰,迢递,0.356417,2.368425,3,54,12,0.023407,0.005202,0.0013
凤凰,红粉,0.356417,2.368425,3,54,12,0.023407,0.005202,0.0013
凤凰,清风,0.356417,2.368425,3,54,12,0.023407,0.005202,0.0013
凤凰,归去,0.356417,2.368425,3,54,12,0.023407,0.005202,0.0013
将军,月照,0.356417,2.368425,3,36,18,0.015605,0.007802,0.0013
可怜,君恩,0.356368,2.512595,2,34,11,0.014738,0.004768,0.000867
可怜,含情,0.356368,2.512595,2,34,11,0.014738,0.004768,0.000867
相逢,落日,0.356368,2.512595,2,17,22,0.007369,0.009536,0.000867
归来,浮云,0.356368,2.512595,2,17,22,0.007369,0.009536,0.000867
汉家,青门,0.356368,2.512595,2,22,17,0.009536,0.007369,0.000867
千门,汉家,0.356368,2.512595,2,17,22,0.007369,0.009536,0.000867
千门,浮云,0.356368,2.512595,2,17,22,0.007369,0.009536,0.000867
意气,汉家,0.356368,2.512595,2,17,22,0.007369,0.009536,0.000867
意气,黄金,0.356368,2.512595,2,17,22,0.007369,0.009536,0.000867
浮云,青门,0.356368,2.512595,2,22,17,0.009536,0.007369,0.000867
意气,浮云,0.356368,2.512595,2,17,22,0.007369,0.009536,0.000867
可怜,独坐,0.356368,2.512595,2,34,11,0.014738,0.004768,0.000867
今朝,梅花,0.356368,2.512595,2,22,17,0.009536,0.007369,0.000867
宛转,花开,0.35599,2.509924,2,15,25,0.006502,0.010837,0.000867
宛转,芳树,0.35599,2.509924,2,15,25,0.006502,0.010837,0.000867
叹息,宛转,0.35599,2.509924,2,25,15,0.010837,0.006502,0.000867
千里,迢递,0.355973,2.263064,4,80,12,0.034677,0.005202,0.001734
花开,花落,0.355953,2.365343,3,25,26,0.010837,0.01127,0.0013
叹息,花落,0.355953,2.365343,3,25,26,0.010837,0.01127,0.0013
客心,山川,0.355953,2.365343,3,13,50,0.005635,0.021673,0.0013
关山,风光,0.355722,2.363806,3,31,21,0.013437,0.009103,0.0013
关山,岁月,0.355722,2.363806,3,31,21,0.013437,0.009103,0.0013
芳菲,蛾眉,0.355722,2.363806,3,31,21,0.013437,0.009103,0.0013
帝乡,烟波,0.35555,2.753271,1,21,7,0.009103,0.003034,0.000433
帝乡,惆怅,0.35555,2.753271,1,21,7,0.009103,0.003034,0.000433
微风,歌舞,0.35555,2.753271,1,3,49,0.0013,0.02124,0.000433
公子,帝城,0.35555,2.753271,1,21,7,0.009103,0.003034,0.000433
始知,岁月,0.35555,2.753271,1,7,21,0.003034,0.009103,0.000433
世事,歌舞,0.35555,2.753271,1,3,49,0.0013,0.02124,0.000433
白露,造化,0.35555,2.753271,1,21,7,0.009103,0.003034,0.000433
始知,蛾眉,0.35555,2.753271,1,7,21,0.003034,0.009103,0.000433
帝城,风光,0.35555,2.753271,1,7,21,0.003034,0.009103,0.000433
风光,风流,0.35555,2.753271,1,21,7,0.009103,0.003034,0.000433
蛾眉,风流,0.35555,2.753271,1,21,7,0.009103,0.003034,0.000433
潺湲,蛾眉,0.35555,2.753271,1,7,21,0.003034,0.009103,0.000433
玉楼,秋风,0.35555,2.753271,1,3,49,0.0013,0.02124,0.000433
烟雨,秋风,0.35555,2.753271,1,3,49,0.0013,0.02124,0.000433
春水,歌舞,0.35555,2.753271,1,3,49,0.0013,0.02124,0.000433
公子,相见,0.35555,2.753271,1,21,7,0.009103,0.003034,0.000433
丞相,公子,0.35555,2.753271,1,7,21,0.003034,0.009103,0.000433
公子,骨肉,0.35555,2.753271,1,21,7,0.009103,0.003034,0.000433
公子,咸阳,0.35555,2.753271,1,21,7,0.009103,0.003034,0.000433
丞相,蛾眉,0.35555,2.753271,1,7,21,0.003034,0.009103,0.000433
白露,骨肉,0.35555,2.753271,1,21,7,0.009103,0.003034,0.000433
咸阳,白露,0.35555,2.753271,1,7,21,0.003034,0.009103,0.000433
蛾眉,骨肉,0.35555,2.753271,1,21,7,0.009103,0.003034,0.000433
他人,秋风,0.35555,2.753271,1,3,49,0.0013,0.02124,0.000433
所思,秋风,0.35555,2.753271,1,3,49,0.0013,0.02124,0.000433
咸阳,蛾眉,0.35555,2.753271,1,7,21,0.003034,0.009103,0.000433
潺湲,白露,0.35555,2.753271,1,7,21,0.003034,0.009103,0.000433
丞相,归路,0.35555,2.753271,1,7,21,0.003034,0.009103,0.000433
帝乡,风波,0.35555,2.753271,1,21,7,0.009103,0.003034,0.000433
江流,白露,0.35555,2.753271,1,7,21,0.003034,0.009103,0.000433
八月,歌舞,0.35555,2.753271,1,3,49,0.0013,0.02124,0.000433
歌舞,自知,0.35555,2.753271,1,49,3,0.02124,0.0013,0.000433
白露,马蹄,0.35555,2.753271,1,21,7,0.009103,0.003034,0.000433
桃李,苦辛,0.355235,2.504605,2,29,13,0.01257,0.005635,0.000867
桃李,黄鹤,0.355235,2.504605,2,29,13,0.01257,0.005635,0.000867
凤凰,池上,0.354859,2.501956,2,54,7,0.023407,0.003034,0.000867
公子,白发,0.354859,2.501956,2,21,18,0.009103,0.007802,0.000867
凤凰,阙下,0.354859,2.501956,2,54,7,0.023407,0.003034,0.000867
月照,风光,0.354859,2.501956,2,18,21,0.007802,0.009103,0.000867
岁月,登高,0.354859,2.501956,2,21,18,0.009103,0.007802,0.000867
登高,风光,0.354859,2.501956,2,18,21,0.007802,0.009103,0.000867
古来,白露,0.354859,2.501956,2,18,21,0.007802,0.009103,0.000867
杨柳,霄汉,0.354674,2.746491,1,37,4,0.016038,0.001734,0.000433
东海,杨柳,0.354674,2.746491,1,4,37,0.001734,0.016038,0.000433
杨柳,歌声,0.354674,2.746491,1,37,4,0.016038,0.001734,0.000433
零落,风吹,0.354111,2.496679,2,10,38,0.004335,0.016472,0.000867
月明,未央,0.354111,2.496679,2,19,20,0.008236,0.008669,0.000867
月明,鸳鸯,0.354111,2.496679,2,19,20,0.008236,0.008669,0.000867
纵横,鸳鸯,0.354111,2.496679,2,19,20,0.008236,0.008669,0.000867
千秋,未央,0.354111,2.496679,2,19,20,0.008236,0.008669,0.000867
千秋,鸳鸯,0.354111,2.496679,2,19,20,0.008236,0.008669,0.000867
白日,经过,0.354111,2.496679,2,38,10,0.016472,0.004335,0.000867
白日,白马,0.354111,2.496679,2,38,10,0.016472,0.004335,0.000867
白日,苍梧,0.354111,2.496679,2,38,10,0.016472,0.004335,0.000867
丈夫,天子,0.353656,2.350076,3,12,55,0.005202,0.02384,0.0013
天子,朝朝,0.353656,2.350076,3,55,12,0.02384,0.005202,0.0013
参差,翠微,0.352973,2.345541,3,39,17,0.016905,0.007369,0.0013
携手,故人,0.352973,2.345541,3,17,39,0.007369,0.016905,0.0013
人情,芳树,0.352941,2.733068,1,6,25,0.002601,0.010837,0.000433
沧海,离别,0.352941,2.733068,1,10,15,0.004335,0.006502,0.000433
忆昔,芳树,0.352941,2.733068,1,6,25,0.002601,0.010837,0.000433
湘水,离别,0.352941,2.733068,1,10,15,0.004335,0.006502,0.000433
古人,日落,0.352941,2.733068,1,10,15,0.004335,0.006502,0.000433
宛转,岁寒,0.352941,2.733068,1,15,10,0.006502,0.004335,0.000433
宛转,自言,0.352941,2.733068,1,15,10,0.006502,0.004335,0.000433
对酒,风烟,0.352941,2.733068,1,5,30,0.002167,0.013004,0.000433
云间,湘水,0.352941,2.733068,1,15,10,0.006502,0.004335,0.000433
归心,风烟,0.352941,2.733068,1,5,30,0.002167,0.013004,0.000433
人世,山川,0.352941,2.733068,1,3,50,0.0013,0.021673,0.000433
云雨,君子,0.352941,2.733068,1,10,15,0.004335,0.006502,0.000433
关河,君子,0.352941,2.733068,1,10,15,0.004335,0.006502,0.000433
猿啼,离别,0.352941,2.733068,1,10,15,0.004335,0.006502,0.000433
故园,紫微,0.352941,2.733068,1,10,15,0.004335,0.006502,0.000433
人间,沧海,0.352941,2.733068,1,15,10,0.006502,0.004335,0.000433
封侯,青云,0.352941,2.733068,1,10,15,0.004335,0.006502,0.000433
天外,青云,0.352941,2.733068,1,10,15,0.004335,0.006502,0.000433
清明,青云,0.352941,2.733068,1,10,15,0.004335,0.006502,0.000433
故园,青云,0.352941,2.733068,1,10,15,0.004335,0.006502,0.000433
芳树,萧索,0.352941,2.733068,1,25,6,0.010837,0.002601,0.000433
楼上,殷勤,0.352941,2.733068,1,15,10,0.006502,0.004335,0.000433
百花,管弦,0.352941,2.733068,1,10,15,0.004335,0.006502,0.000433
百花,离别,0.352941,2.733068,1,10,15,0.004335,0.006502,0.000433
云间,沧海,0.352941,2.733068,1,15,10,0.006502,0.004335,0.000433
日落,苍梧,0.352941,2.733068,1,15,10,0.006502,0.004335,0.000433
世事,山川,0.352941,2.733068,1,3,50,0.0013,0.021673,0.000433
叹息,焚香,0.352941,2.733068,1,25,6,0.010837,0.002601,0.000433
离别,路傍,0.352941,2.733068,1,15,10,0.006502,0.004335,0.000433
故园,离别,0.352941,2.733068,1,10,15,0.004335,0.006502,0.000433
君子,零落,0.352941,2.733068,1,15,10,0.006502,0.004335,0.000433
殷勤,青云,0.352941,2.733068,1,10,15,0.004335,0.006502,0.000433
光辉,林下,0.352941,2.733068,1,30,5,0.013004,0.002167,0.000433
千载,白雪,0.352941,2.733068,1,25,6,0.010837,0.002601,0.000433
人家,风烟,0.352941,2.733068,1,5,30,0.002167,0.013004,0.000433
叹息,白雪,0.352941,2.733068,1,25,6,0.010837,0.002601,0.000433
江海,游人,0.352941,2.733068,1,10,15,0.004335,0.006502,0.000433
游人,风月,0.352941,2.733068,1,15,10,0.006502,0.004335,0.000433
潇湘,风烟,0.352941,2.733068,1,5,30,0.002167,0.013004,0.000433
千载,羽翼,0.352941,2.733068,1,25,6,0.010837,0.002601,0.000433
千载,朱门,0.352941,2.733068,1,25,6,0.010837,0.002601,0.000433
千载,垂杨,0.352941,2.733068,1,25,6,0.010837,0.002601,0.000433
千载,金陵,0.352941,2.733068,1,25,6,0.010837,0.002601,0.000433
无穷,知音,0.352941,2.733068,1,15,10,0.006502,0.004335,0.000433
白首,知音,0.352941,2.733068,1,15,10,0.006502,0.004335,0.000433
故园,无穷,0.352941,2.733068,1,10,15,0.004335,0.006502,0.000433
故园,白首,0.352941,2.733068,1,10,15,0.004335,0.006502,0.000433
无穷,花发,0.352941,2.733068,1,15,10,0.006502,0.004335,0.000433
无穷,白马,0.352941,2.733068,1,15,10,0.006502,0.004335,0.000433
无穷,风月,0.352941,2.733068,1,15,10,0.006502,0.004335,0.000433
憔悴,无穷,0.352941,2.733068,1,10,15,0.004335,0.006502,0.000433
无穷,经过,0.352941,2.733068,1,15,10,0.006502,0.004335,0.000433
白首,花发,0.352941,2.733068,1,15,10,0.006502,0.004335,0.000433
白首,白马,0.352941,2.733068,1,15,10,0.006502,0.004335,0.000433
白首,风月,0.352941,2.733068,1,15,10,0.006502,0.004335,0.000433
憔悴,白首,0.352941,2.733068,1,10,15,0.004335,0.006502,0.000433
白首,经过,0.352941,2.733068,1,15,10,0.006502,0.004335,0.000433
楼上,自言,0.352941,2.733068,1,15,10,0.006502,0.004335,0.000433
人间,自言,0.352941,2.733068,1,15,10,0.006502,0.004335,0.000433
千载,萧索,0.352941,2.733068,1,25,6,0.010837,0.002601,0.000433
百里,风烟,0.352941,2.733068,1,5,30,0.002167,0.013004,0.000433
人间,今来,0.352941,2.733068,1,15,10,0.006502,0.004335,0.000433
人间,封侯,0.352941,2.733068,1,15,10,0.006502,0.004335,0.000433
人间,岁寒,0.352941,2.733068,1,15,10,0.006502,0.004335,0.000433
宛转,憔悴,0.352941,2.733068,1,15,10,0.006502,0.004335,0.000433
宛转,零落,0.352941,2.733068,1,15,10,0.006502,0.004335,0.000433
东山,自然,0.352941,2.733068,1,15,10,0.006502,0.004335,0.000433
千载,青苔,0.352941,2.733068,1,25,6,0.010837,0.002601,0.000433
叹息,青苔,0.352941,2.733068,1,25,6,0.010837,0.002601,0.000433
千载,忆昔,0.352941,2.733068,1,25,6,0.010837,0.002601,0.000433
千载,茫茫,0.352941,2.733068,1,25,6,0.010837,0.002601,0.000433
封侯,白首,0.352941,2.733068,1,10,15,0.004335,0.006502,0.000433
叹息,忆昔,0.352941,2.733068,1,25,6,0.010837,0.002601,0.000433
昔日,白首,0.352941,2.733068,1,10,15,0.004335,0.006502,0.000433
无穷,昔日,0.352941,2.733068,1,15,10,0.006502,0.004335,0.000433
叹息,茫茫,0.352941,2.733068,1,25,6,0.010837,0.002601,0.000433
白首,萧条,0.352941,2.733068,1,15,10,0.006502,0.004335,0.000433
无穷,萧条,0.352941,2.733068,1,15,10,0.006502,0.004335,0.000433
湘水,白首,0.352941,2.733068,1,10,15,0.004335,0.006502,0.000433
无穷,湘水,0.352941,2.733068,1,15,10,0.006502,0.004335,0.000433
君子,苍梧,0.352941,2.733068,1,15,10,0.006502,0.004335,0.000433
白马,青云,0.352941,2.733068,1,10,15,0.004335,0.006502,0.000433
离别,零落,0.352941,2.733068,1,15,10,0.006502,0.004335,0.000433
千载,焚香,0.352941,2.733068,1,25,6,0.010837,0.002601,0.000433
生涯,白首,0.352941,2.733068,1,10,15,0.004335,0.006502,0.000433
山川,秋草,0.352941,2.733068,1,50,3,0.021673,0.0013,0.000433
宛转,昔日,0.352941,2.733068,1,15,10,0.006502,0.004335,0.000433
山川,微风,0.352941,2.733068,1,50,3,0.021673,0.0013,0.000433
管弦,经过,0.352941,2.733068,1,15,10,0.006502,0.004335,0.000433
楼上,百花,0.352941,2.733068,1,15,10,0.006502,0.004335,0.000433
相寻,芳树,0.352941,2.733068,1,6,25,0.002601,0.010837,0.000433
楼上,花前,0.352941,2.733068,1,15,10,0.006502,0.004335,0.000433
相看,花开,0.352941,2.733068,1,6,25,0.002601,0.010837,0.000433
君王,春来,0.352626,2.486208,2,24,16,0.010403,0.006935,0.000867
东流,君王,0.352626,2.486208,2,16,24,0.006935,0.010403,0.000867
归去,日暮,0.352626,2.486208,2,12,32,0.005202,0.013871,0.000867
美人,逶迤,0.352626,2.486208,2,24,16,0.010403,0.006935,0.000867
功名,天子,0.352257,2.483607,2,7,55,0.003034,0.02384,0.000867
天子,烟波,0.352257,2.483607,2,55,7,0.02384,0.003034,0.000867
双阙,烟霞,0.35123,2.719823,1,8,19,0.003468,0.008236,0.000433
千万,月明,0.35123,2.719823,1,8,19,0.003468,0.008236,0.000433
夜长,秋月,0.35123,2.719823,1,8,19,0.003468,0.008236,0.000433
烟霞,玲珑,0.35123,2.719823,1,19,8,0.008236,0.003468,0.000433
山路,烟霞,0.35123,2.719823,1,8,19,0.003468,0.008236,0.000433
纵横,门前,0.35123,2.719823,1,19,8,0.008236,0.003468,0.000433
纵横,陌上,0.35123,2.719823,1,19,8,0.008236,0.003468,0.000433
相知,纵横,0.35123,2.719823,1,8,19,0.003468,0.008236,0.000433
双阙,纵横,0.35123,2.719823,1,8,19,0.003468,0.008236,0.000433
万物,千秋,0.35123,2.719823,1,8,19,0.003468,0.008236,0.000433
北斗,昆仑,0.35123,2.719823,1,19,8,0.008236,0.003468,0.000433
城中,烟霞,0.35123,2.719823,1,8,19,0.003468,0.008236,0.000433
万物,烟霞,0.35123,2.719823,1,8,19,0.003468,0.008236,0.000433
当时,烟霞,0.35123,2.719823,1,8,19,0.003468,0.008236,0.000433
寥落,白日,0.35123,2.719823,1,4,38,0.001734,0.016472,0.000433
千秋,路难,0.35123,2.719823,1,19,8,0.008236,0.003468,0.000433
北斗,河汉,0.35123,2.719823,1,19,8,0.008236,0.003468,0.000433
白日,秋天,0.35123,2.719823,1,38,4,0.016472,0.001734,0.000433
月明,颜色,0.35123,2.719823,1,19,8,0.008236,0.003468,0.000433
月明,笙歌,0.35123,2.719823,1,19,8,0.008236,0.003468,0.000433
千秋,朝廷,0.35123,2.719823,1,19,8,0.008236,0.003468,0.000433
千秋,断肠,0.35123,2.719823,1,19,8,0.008236,0.003468,0.000433
清净,白日,0.35123,2.719823,1,4,38,0.001734,0.016472,0.000433
白日,诸侯,0.35123,2.719823,1,38,4,0.016472,0.001734,0.000433
玉堂,白日,0.35123,2.719823,1,4,38,0.001734,0.016472,0.000433
纵横,颜色,0.35123,2.719823,1,19,8,0.008236,0.003468,0.000433
清净,风吹,0.35123,2.719823,1,4,38,0.001734,0.016472,0.000433
诸侯,风吹,0.35123,2.719823,1,4,38,0.001734,0.016472,0.000433
玉堂,风吹,0.35123,2.719823,1,4,38,0.001734,0.016472,0.000433
万物,纵横,0.35123,2.719823,1,8,19,0.003468,0.008236,0.000433
单于,纵横,0.35123,2.719823,1,8,19,0.003468,0.008236,0.000433
昆仑,纵横,0.35123,2.719823,1,8,19,0.003468,0.008236,0.000433
纵横,蹉跎,0.35123,2.719823,1,19,8,0.008236,0.003468,0.000433
沧洲,白日,0.35123,2.719823,1,4,38,0.001734,0.016472,0.000433
交亲,风吹,0.35123,2.719823,1,4,38,0.001734,0.016472,0.000433
千秋,城中,0.35123,2.719823,1,19,8,0.008236,0.003468,0.000433
千秋,日夕,0.35123,2.719823,1,19,8,0.008236,0.003468,0.000433
子孙,风吹,0.35123,2.719823,1,4,38,0.001734,0.016472,0.000433
今日,春来,0.350815,2.230275,4,62,16,0.026875,0.006935,0.001734
宛转,窈窕,0.350427,2.470704,2,15,26,0.006502,0.01127,0.000867
金谷,风烟,0.350427,2.470704,2,13,30,0.005635,0.013004,0.000867
宛转,花落,0.350427,2.470704,2,15,26,0.006502,0.01127,0.000867
故人,零落,0.350427,2.470704,2,39,10,0.016905,0.004335,0.000867
明月,风飘,0.350427,2.470704,2,78,5,0.03381,0.002167,0.000867
故人,风月,0.350427,2.470704,2,39,10,0.016905,0.004335,0.000867
太守,明月,0.350427,2.470704,2,5,78,0.002167,0.03381,0.000867
无穷,百年,0.350427,2.470704,2,15,26,0.006502,0.01127,0.000867
参差,自言,0.350427,2.470704,2,39,10,0.016905,0.004335,0.000867
关河,故人,0.350427,2.470704,2,10,39,0.004335,0.016905,0.000867
今已,携手,0.350383,2.713265,1,9,17,0.003901,0.007369,0.000433
公卿,归来,0.350383,2.713265,1,9,17,0.003901,0.007369,0.000433
干戈,归来,0.350383,2.713265,1,9,17,0.003901,0.007369,0.000433
公卿,意气,0.350383,2.713265,1,9,17,0.003901,0.007369,0.000433
所以,洛阳,0.350383,2.713265,1,3,51,0.0013,0.022107,0.000433
千门,双飞,0.350383,2.713265,1,17,9,0.007369,0.003901,0.000433
双飞,意气,0.350383,2.713265,1,9,17,0.003901,0.007369,0.000433
双飞,相逢,0.350383,2.713265,1,9,17,0.003901,0.007369,0.000433
千门,寂寥,0.350383,2.713265,1,17,9,0.007369,0.003901,0.000433
寂寥,意气,0.350383,2.713265,1,9,17,0.003901,0.007369,0.000433
大道,相逢,0.350383,2.713265,1,9,17,0.003901,0.007369,0.000433
寂寥,相逢,0.350383,2.713265,1,9,17,0.003901,0.007369,0.000433
梅花,车马,0.350383,2.713265,1,17,9,0.007369,0.003901,0.000433
公卿,梅花,0.350383,2.713265,1,9,17,0.003901,0.007369,0.000433
梅花,生死,0.350383,2.713265,1,17,9,0.007369,0.003901,0.000433
万国,圣主,0.350383,2.713265,1,17,9,0.007369,0.003901,0.000433
千门,鱼龙,0.350383,2.713265,1,17,9,0.007369,0.003901,0.000433
千门,风雨,0.350383,2.713265,1,17,9,0.007369,0.003901,0.000433
公卿,千门,0.350383,2.713265,1,9,17,0.003901,0.007369,0.000433
千门,明日,0.350383,2.713265,1,17,9,0.007369,0.003901,0.000433
八月,洛阳,0.350383,2.713265,1,3,51,0.0013,0.022107,0.000433
凉风,千门,0.350383,2.713265,1,9,17,0.003901,0.007369,0.000433
不归,凉风,0.350383,2.713265,1,17,9,0.007369,0.003901,0.000433
微风,洛阳,0.350383,2.713265,1,3,51,0.0013,0.022107,0.000433
归来,明朝,0.350383,2.713265,1,17,9,0.007369,0.003901,0.000433
万国,衣冠,0.350383,2.713265,1,17,9,0.007369,0.003901,0.000433
清晨,翠微,0.350383,2.713265,1,9,17,0.003901,0.007369,0.000433
富贵,意气,0.350383,2.713265,1,9,17,0.003901,0.007369,0.000433
相逢,竹林,0.350383,2.713265,1,17,9,0.007369,0.003901,0.000433
别离,竹林,0.350383,2.713265,1,17,9,0.007369,0.003901,0.000433
明日,相逢,0.350383,2.713265,1,9,17,0.003901,0.007369,0.000433
别离,明日,0.350383,2.713265,1,17,9,0.007369,0.003901,0.000433
别离,高秋,0.350383,2.713265,1,17,9,0.007369,0.003901,0.000433
洛阳,连天,0.350383,2.713265,1,51,3,0.022107,0.0013,0.000433
意气,生死,0.350383,2.713265,1,17,9,0.007369,0.003901,0.000433
别离,寂寥,0.350383,2.713265,1,17,9,0.007369,0.003901,0.000433
大道,青门,0.350383,2.713265,1,9,17,0.003901,0.007369,0.000433
洛阳,玉楼,0.350383,2.713265,1,51,3,0.022107,0.0013,0.000433
意气,衣冠,0.350383,2.713265,1,17,9,0.007369,0.003901,0.000433
衣冠,青门,0.350383,2.713265,1,9,17,0.003901,0.007369,0.000433
梅花,衣冠,0.350383,2.713265,1,17,9,0.007369,0.003901,0.000433
意气,高秋,0.350383,2.713265,1,17,9,0.007369,0.003901,0.000433
意气,竹林,0.350383,2.713265,1,17,9,0.007369,0.003901,0.000433
佳期,意气,0.350383,2.713265,1,9,17,0.003901,0.007369,0.000433
意气,昨夜,0.350383,2.713265,1,17,9,0.007369,0.003901,0.000433
青门,飘飖,0.350383,2.713265,1,17,9,0.007369,0.003901,0.000433
青门,高秋,0.350383,2.713265,1,17,9,0.007369,0.003901,0.000433
竹林,青门,0.350383,2.713265,1,9,17,0.003901,0.007369,0.000433
佳期,青门,0.350383,2.713265,1,9,17,0.003901,0.007369,0.000433
昨夜,青门,0.350383,2.713265,1,9,17,0.003901,0.007369,0.000433
梅花,飘飖,0.350383,2.713265,1,17,9,0.007369,0.003901,0.000433
梅花,高秋,0.350383,2.713265,1,17,9,0.007369,0.003901,0.000433
梅花,竹林,0.350383,2.713265,1,17,9,0.007369,0.003901,0.000433
佳期,梅花,0.350383,2.713265,1,9,17,0.003901,0.007369,0.000433
昨夜,梅花,0.350383,2.713265,1,9,17,0.003901,0.007369,0.000433
大道,梅花,0.350383,2.713265,1,9,17,0.003901,0.007369,0.000433
别离,大道,0.350383,2.713265,1,17,9,0.007369,0.003901,0.000433
佳期,携手,0.350383,2.713265,1,9,17,0.003901,0.007369,0.000433
不归,怅望,0.350383,2.713265,1,17,9,0.007369,0.003901,0.000433
怅望,携手,0.350383,2.713265,1,9,17,0.003901,0.007369,0.000433
别离,风雨,0.350383,2.713265,1,17,9,0.007369,0.003901,0.000433
富贵,归来,0.350383,2.713265,1,9,17,0.003901,0.007369,0.000433
闲居,青门,0.350383,2.713265,1,9,17,0.003901,0.007369,0.000433
生死,相逢,0.350383,2.713265,1,9,17,0.003901,0.007369,0.000433
圣主,梅花,0.350383,2.713265,1,9,17,0.003901,0.007369,0.000433
雨露,青门,0.350383,2.713265,1,9,17,0.003901,0.007369,0.000433
翠微,花满,0.350383,2.713265,1,17,9,0.007369,0.003901,0.000433
万国,明朝,0.350383,2.713265,1,17,9,0.007369,0.003901,0.000433
渭水,青门,0.350383,2.713265,1,9,17,0.003901,0.007369,0.000433
天地,携手,0.350064,2.468143,2,23,17,0.00997,0.007369,0.000867
不归,十年,0.350064,2.468143,2,17,23,0.007369,0.00997,0.000867
十年,携手,0.350064,2.468143,2,23,17,0.00997,0.007369,0.000867
明主,青门,0.350064,2.468143,2,23,17,0.00997,0.007369,0.000867
别离,风尘,0.350064,2.468143,2,17,23,0.007369,0.00997,0.000867
十年,青门,0.350064,2.468143,2,23,17,0.00997,0.007369,0.000867
意气,风尘,0.350064,2.468143,2,17,23,0.007369,0.00997,0.000867
他乡,青山,0.350051,2.326122,3,26,26,0.01127,0.01127,0.0013
山路,秋风,0.349701,2.465589,2,8,49,0.003468,0.02124,0.000867
秋风,颜色,0.349701,2.465589,2,49,8,0.02124,0.003468,0.000867
天上,马上,0.349701,2.465589,2,28,14,0.012137,0.006068,0.000867
万年,今年,0.349701,2.465589,2,28,14,0.012137,0.006068,0.000867
万年,无限,0.349701,2.465589,2,28,14,0.012137,0.006068,0.000867
流水,相识,0.349701,2.465589,2,28,14,0.012137,0.006068,0.000867
巫山,暮雨,0.349542,2.706751,1,22,7,0.009536,0.003034,0.000433
相识,秋色,0.349542,2.706751,1,14,11,0.006068,0.004768,0.000433
惆怅,自怜,0.349542,2.706751,1,7,22,0.003034,0.009536,0.000433
相识,青松,0.349542,2.706751,1,14,11,0.006068,0.004768,0.000433
日夜,黄金,0.349542,2.706751,1,7,22,0.003034,0.009536,0.000433
山中,阳城,0.349542,2.706751,1,14,11,0.006068,0.004768,0.000433
太平,山中,0.349542,2.706751,1,11,14,0.004768,0.006068,0.000433
今年,春草,0.349542,2.706751,1,14,11,0.006068,0.004768,0.000433
山中,独坐,0.349542,2.706751,1,14,11,0.006068,0.004768,0.000433
山中,青松,0.349542,2.706751,1,14,11,0.006068,0.004768,0.000433
山中,行人,0.349542,2.706751,1,14,11,0.006068,0.004768,0.000433
无限,松柏,0.349542,2.706751,1,14,11,0.006068,0.004768,0.000433
春光,花飞,0.349542,2.706751,1,11,14,0.004768,0.006068,0.000433
山河,春光,0.349542,2.706751,1,14,11,0.006068,0.004768,0.000433
含情,尘埃,0.349542,2.706751,1,11,14,0.004768,0.006068,0.000433
丞相,汉家,0.349542,2.706751,1,7,22,0.003034,0.009536,0.000433
丞相,落日,0.349542,2.706751,1,7,22,0.003034,0.009536,0.000433
始知,汉家,0.349542,2.706751,1,7,22,0.003034,0.009536,0.000433
天涯,空馀,0.349542,2.706751,1,11,14,0.004768,0.006068,0.000433
天涯,少年,0.349542,2.706751,1,11,14,0.004768,0.006068,0.000433
伤心,少年,0.349542,2.706751,1,11,14,0.004768,0.006068,0.000433
少年,桃源,0.349542,2.706751,1,14,11,0.006068,0.004768,0.000433
少年,龙门,0.349542,2.706751,1,14,11,0.006068,0.004768,0.000433
天涯,无限,0.349542,2.706751,1,11,14,0.004768,0.006068,0.000433
天涯,山中,0.349542,2.706751,1,11,14,0.004768,0.006068,0.000433
天涯,淹留,0.349542,2.706751,1,11,14,0.004768,0.006068,0.000433
伤心,无限,0.349542,2.706751,1,11,14,0.004768,0.006068,0.000433
无限,桃源,0.349542,2.706751,1,14,11,0.006068,0.004768,0.000433
无限,龙门,0.349542,2.706751,1,14,11,0.006068,0.004768,0.000433
伤心,山中,0.349542,2.706751,1,11,14,0.004768,0.006068,0.000433
伤心,淹留,0.349542,2.706751,1,11,14,0.004768,0.006068,0.000433
山中,桃源,0.349542,2.706751,1,14,11,0.006068,0.004768,0.000433
山中,龙门,0.349542,2.706751,1,14,11,0.006068,0.004768,0.000433
淹留,龙门,0.349542,2.706751,1,14,11,0.006068,0.004768,0.000433
日照,青楼,0.349542,2.706751,1,11,14,0.004768,0.006068,0.000433
无限,日照,0.349542,2.706751,1,14,11,0.006068,0.004768,0.000433
日照,淹留,0.349542,2.706751,1,11,14,0.004768,0.006068,0.000433
山中,春草,0.349542,2.706751,1,14,11,0.006068,0.004768,0.000433
独坐,空馀,0.349542,2.706751,1,11,14,0.004768,0.006068,0.000433
秋色,风霜,0.349542,2.706751,1,11,14,0.004768,0.006068,0.000433
春光,相识,0.349542,2.706751,1,11,14,0.004768,0.006068,0.000433
相识,黄叶,0.349542,2.706751,1,14,11,0.006068,0.004768,0.000433
潺湲,黄金,0.349542,2.706751,1,7,22,0.003034,0.009536,0.000433
夜月,空馀,0.349542,2.706751,1,11,14,0.004768,0.006068,0.000433
潺湲,落日,0.349542,2.706751,1,7,22,0.003034,0.009536,0.000433
山河,高楼,0.349542,2.706751,1,14,11,0.006068,0.004768,0.000433
山河,春草,0.349542,2.706751,1,14,11,0.006068,0.004768,0.000433
有情,闻道,0.349542,2.706751,1,7,22,0.003034,0.009536,0.000433
君恩,青楼,0.349542,2.706751,1,11,14,0.004768,0.006068,0.000433
尘埃,白玉,0.349542,2.706751,1,14,11,0.006068,0.004768,0.000433
白玉,马上,0.349542,2.706751,1,11,14,0.004768,0.006068,0.000433
尘埃,日晚,0.349542,2.706751,1,14,11,0.006068,0.004768,0.000433
日晚,马上,0.349542,2.706751,1,11,14,0.004768,0.006068,0.000433
丞相,黄金,0.349542,2.706751,1,7,22,0.003034,0.009536,0.000433
丞相,巫山,0.349542,2.706751,1,7,22,0.003034,0.009536,0.000433
闻道,骨肉,0.349542,2.706751,1,22,7,0.009536,0.003034,0.000433
咸阳,闻道,0.349542,2.706751,1,7,22,0.003034,0.009536,0.000433
骨肉,黄金,0.349542,2.706751,1,7,22,0.003034,0.009536,0.000433
巫山,骨肉,0.349542,2.706751,1,22,7,0.009536,0.003034,0.000433
咸阳,巫山,0.349542,2.706751,1,7,22,0.003034,0.009536,0.000433
汉家,雨雪,0.349542,2.706751,1,22,7,0.009536,0.003034,0.000433
楼台,阳城,0.349542,2.706751,1,14,11,0.006068,0.004768,0.000433
汉家,风流,0.349542,2.706751,1,22,7,0.009536,0.003034,0.000433
庭前,汉家,0.349542,2.706751,1,7,22,0.003034,0.009536,0.000433
江流,自怜,0.349542,2.706751,1,7,22,0.003034,0.009536,0.000433
北阙,春光,0.349542,2.706751,1,14,11,0.006068,0.004768,0.000433
巫山,阳台,0.349542,2.706751,1,22,7,0.009536,0.003034,0.000433
可怜,鸳鸯,0.349163,2.320223,3,34,20,0.014738,0.008669,0.0013
相逢,长安,0.349163,2.320223,3,17,40,0.007369,0.017339,0.0013
可怜,洛阳,0.349008,2.077277,6,34,51,0.014738,0.022107,0.002601
今日,天涯,0.348721,2.317286,3,62,11,0.026875,0.004768,0.0013
对酒,芳菲,0.348706,2.700278,1,5,31,0.002167,0.013437,0.000433
关山,梧桐,0.348706,2.700278,1,31,5,0.013437,0.002167,0.000433
东方,关山,0.348706,2.700278,1,5,31,0.002167,0.013437,0.000433
春色,衣裳,0.348706,2.700278,1,31,5,0.013437,0.002167,0.000433
林下,芳菲,0.348706,2.700278,1,5,31,0.002167,0.013437,0.000433
人家,芳菲,0.348706,2.700278,1,5,31,0.002167,0.013437,0.000433
万户,芳菲,0.348706,2.700278,1,5,31,0.002167,0.013437,0.000433
使君,芳菲,0.348706,2.700278,1,5,31,0.002167,0.013437,0.000433
关山,叶落,0.348706,2.700278,1,31,5,0.013437,0.002167,0.000433
叶落,芳菲,0.348706,2.700278,1,5,31,0.002167,0.013437,0.000433
关山,秋水,0.348706,2.700278,1,31,5,0.013437,0.002167,0.000433
东西,关山,0.348706,2.700278,1,5,31,0.002167,0.013437,0.000433
自古,芳菲,0.348706,2.700278,1,5,31,0.002167,0.013437,0.000433
芳菲,衣裳,0.348706,2.700278,1,31,5,0.013437,0.002167,0.000433
春色,楼前,0.348706,2.700278,1,31,5,0.013437,0.002167,0.000433
世上,芳菲,0.348706,2.700278,1,5,31,0.002167,0.013437,0.000433
芳菲,风动,0.348706,2.700278,1,31,5,0.013437,0.002167,0.000433
故山,春色,0.348706,2.700278,1,5,31,0.002167,0.013437,0.000433
千里,意气,0.348518,2.137901,5,80,17,0.034677,0.007369,0.002167
不归,千里,0.348518,2.137901,5,17,80,0.007369,0.034677,0.002167
古来,白日,0.348281,2.314358,3,18,38,0.007802,0.016472,0.0013
春风,高台,0.348261,2.455436,2,36,11,0.015605,0.004768,0.000867
春风,行人,0.348261,2.455436,2,36,11,0.015605,0.004768,0.000867
年年,月满,0.348261,2.455436,2,33,12,0.014304,0.005202,0.000867
年年,辛苦,0.348261,2.455436,2,33,12,0.014304,0.005202,0.000867
清风,相思,0.348261,2.455436,2,12,33,0.005202,0.014304,0.000867
相思,莲花,0.348261,2.455436,2,33,12,0.014304,0.005202,0.000867
月照,闻道,0.348261,2.455436,2,18,22,0.007802,0.009536,0.000867
芳草,落花,0.348261,2.455436,2,12,33,0.005202,0.014304,0.000867
东南,相思,0.348261,2.455436,2,12,33,0.005202,0.014304,0.000867
南山,鹦鹉,0.348261,2.455436,2,33,12,0.014304,0.005202,0.000867
南山,翡翠,0.348261,2.455436,2,33,12,0.014304,0.005202,0.000867
两相,白云,0.348261,2.455436,2,4,99,0.001734,0.042913,0.000867
山头,白云,0.348261,2.455436,2,4,99,0.001734,0.042913,0.000867
寂寞,年年,0.348261,2.455436,2,12,33,0.005202,0.014304,0.000867
古来,黄金,0.348261,2.455436,2,18,22,0.007802,0.009536,0.000867
古来,汉家,0.348261,2.455436,2,18,22,0.007802,0.009536,0.000867
伤心,裴回,0.348261,2.455436,2,11,36,0.004768,0.015605,0.000867
丈夫,相思,0.348261,2.455436,2,12,33,0.005202,0.014304,0.000867
将军,秋色,0.348261,2.455436,2,36,11,0.015605,0.004768,0.000867
佳人,闻道,0.348261,2.455436,2,18,22,0.007802,0.009536,0.000867
凄凉,白云,0.348261,2.455436,2,4,99,0.001734,0.042913,0.000867
参差,可惜,0.347876,2.693847,1,39,4,0.016905,0.001734,0.000433
江南,翡翠,0.347876,2.693847,1,13,12,0.005635,0.005202,0.000433
垂杨,花落,0.347876,2.693847,1,6,26,0.002601,0.01127,0.000433
年华,空山,0.347876,2.693847,1,13,12,0.005635,0.005202,0.000433
年华,芳草,0.347876,2.693847,1,13,12,0.005635,0.005202,0.000433
月夜,草绿,0.347876,2.693847,1,13,12,0.005635,0.005202,0.000433
参差,巫峡,0.347876,2.693847,1,39,4,0.016905,0.001734,0.000433
丈夫,相送,0.347876,2.693847,1,12,13,0.005202,0.005635,0.000433
明月,独立,0.347876,2.693847,1,78,2,0.03381,0.000867,0.000433
昔时,红尘,0.347876,2.693847,1,13,12,0.005635,0.005202,0.000433
昔时,鹦鹉,0.347876,2.693847,1,13,12,0.005635,0.005202,0.000433
昔时,翡翠,0.347876,2.693847,1,13,12,0.005635,0.005202,0.000433
月夜,清风,0.347876,2.693847,1,13,12,0.005635,0.005202,0.000433
故人,秋天,0.347876,2.693847,1,39,4,0.016905,0.001734,0.000433
十载,百年,0.347876,2.693847,1,6,26,0.002601,0.01127,0.000433
江山,知己,0.347876,2.693847,1,12,13,0.005202,0.005635,0.000433
知己,红尘,0.347876,2.693847,1,13,12,0.005635,0.005202,0.000433
月夜,迢递,0.347876,2.693847,1,13,12,0.005635,0.005202,0.000433
别后,相送,0.347876,2.693847,1,12,13,0.005202,0.005635,0.000433
昔时,玉树,0.347876,2.693847,1,13,12,0.005635,0.005202,0.000433
今夜,西山,0.347876,2.693847,1,12,13,0.005202,0.005635,0.000433
苍生,青山,0.347876,2.693847,1,6,26,0.002601,0.01127,0.000433
寥落,故人,0.347876,2.693847,1,4,39,0.001734,0.016905,0.000433
心事,百年,0.347876,2.693847,1,6,26,0.002601,0.01127,0.000433
梦中,百年,0.347876,2.693847,1,6,26,0.002601,0.01127,0.000433
泉声,百年,0.347876,2.693847,1,6,26,0.002601,0.01127,0.000433
客心,风景,0.347876,2.693847,1,13,12,0.005635,0.005202,0.000433
客心,游子,0.347876,2.693847,1,13,12,0.005635,0.005202,0.000433
月夜,江山,0.347876,2.693847,1,13,12,0.005635,0.005202,0.000433
人情,他乡,0.347876,2.693847,1,6,26,0.002601,0.01127,0.000433
他乡,送客,0.347876,2.693847,1,26,6,0.01127,0.002601,0.000433
人归,花落,0.347876,2.693847,1,6,26,0.002601,0.01127,0.000433
花落,花间,0.347876,2.693847,1,26,6,0.01127,0.002601,0.000433
台上,花落,0.347876,2.693847,1,6,26,0.002601,0.01127,0.000433
寂寞,昔时,0.347876,2.693847,1,12,13,0.005202,0.005635,0.000433
山水,梦中,0.347876,2.693847,1,26,6,0.01127,0.002601,0.000433
临风,花落,0.347876,2.693847,1,6,26,0.002601,0.01127,0.000433
今夜,绮罗,0.347876,2.693847,1,12,13,0.005202,0.005635,0.000433
红尘,蓬莱,0.347876,2.693847,1,12,13,0.005202,0.005635,0.000433
白雪,青山,0.347876,2.693847,1,6,26,0.002601,0.01127,0.000433
摇落,苦辛,0.347876,2.693847,1,12,13,0.005202,0.005635,0.000433
人生,红尘,0.347876,2.693847,1,13,12,0.005635,0.005202,0.000433
人生,长沙,0.347876,2.693847,1,13,12,0.005635,0.005202,0.000433
同心,红尘,0.347876,2.693847,1,13,12,0.005635,0.005202,0.000433
同心,长沙,0.347876,2.693847,1,13,12,0.005635,0.005202,0.000433
朱门,窈窕,0.347876,2.693847,1,6,26,0.002601,0.01127,0.000433
垂杨,窈窕,0.347876,2.693847,1,6,26,0.002601,0.01127,0.000433
窈窕,金陵,0.347876,2.693847,1,26,6,0.01127,0.002601,0.000433
朱门,花落,0.347876,2.693847,1,6,26,0.002601,0.01127,0.000433
丈夫,金谷,0.347876,2.693847,1,12,13,0.005202,0.005635,0.000433
迢递,金谷,0.347876,2.693847,1,12,13,0.005202,0.005635,0.000433
寂寞,金谷,0.347876,2.693847,1,12,13,0.005202,0.005635,0.000433
东南,金谷,0.347876,2.693847,1,12,13,0.005202,0.005635,0.000433
丈夫,知己,0.347876,2.693847,1,12,13,0.005202,0.005635,0.000433
丈夫,江南,0.347876,2.693847,1,12,13,0.005202,0.005635,0.000433
知己,迢递,0.347876,2.693847,1,13,12,0.005635,0.005202,0.000433
江南,迢递,0.347876,2.693847,1,13,12,0.005635,0.005202,0.000433
寂寞,知己,0.347876,2.693847,1,12,13,0.005202,0.005635,0.000433
寂寞,江南,0.347876,2.693847,1,12,13,0.005202,0.005635,0.000433
东南,知己,0.347876,2.693847,1,12,13,0.005202,0.005635,0.000433
东南,江南,0.347876,2.693847,1,12,13,0.005202,0.005635,0.000433
他乡,朱门,0.347876,2.693847,1,26,6,0.01127,0.002601,0.000433
朱门,百年,0.347876,2.693847,1,6,26,0.002601,0.01127,0.000433
参差,寥落,0.347876,2.693847,1,39,4,0.016905,0.001734,0.000433
别后,金谷,0.347876,2.693847,1,12,13,0.005202,0.005635,0.000433
百年,相寻,0.347876,2.693847,1,26,6,0.01127,0.002601,0.000433
百年,萧索,0.347876,2.693847,1,26,6,0.01127,0.002601,0.000433
丈夫,同心,0.347876,2.693847,1,12,13,0.005202,0.005635,0.000433
人情,百年,0.347876,2.693847,1,6,26,0.002601,0.01127,0.000433
忆昔,花落,0.347876,2.693847,1,6,26,0.002601,0.01127,0.000433
草绿,西山,0.347876,2.693847,1,12,13,0.005202,0.005635,0.000433
明月,读书,0.347876,2.693847,1,78,2,0.03381,0.000867,0.000433
昔时,辛苦,0.347876,2.693847,1,13,12,0.005635,0.005202,0.000433
东南,昔时,0.347876,2.693847,1,12,13,0.005202,0.005635,0.000433
昔时,月下,0.347876,2.693847,1,13,12,0.005635,0.005202,0.000433
昔时,游子,0.347876,2.693847,1,13,12,0.005635,0.005202,0.000433
北风,草绿,0.347876,2.693847,1,13,12,0.005635,0.005202,0.000433
参差,秋天,0.347876,2.693847,1,39,4,0.016905,0.001734,0.000433
东南,北风,0.347876,2.693847,1,12,13,0.005202,0.005635,0.000433
北风,游子,0.347876,2.693847,1,13,12,0.005635,0.005202,0.000433
红粉,西山,0.347876,2.693847,1,12,13,0.005202,0.005635,0.000433
百年,青草,0.347876,2.693847,1,26,6,0.01127,0.002601,0.000433
出入,明月,0.347876,2.693847,1,2,78,0.000867,0.03381,0.000433
世人,明月,0.347876,2.693847,1,2,78,0.000867,0.03381,0.000433
感激,明月,0.347876,2.693847,1,2,78,0.000867,0.03381,0.000433
明月,楚水,0.347876,2.693847,1,78,2,0.03381,0.000867,0.000433
游子,西山,0.347876,2.693847,1,12,13,0.005202,0.005635,0.000433
翡翠,西山,0.347876,2.693847,1,12,13,0.005202,0.005635,0.000433
圣人,西山,0.347876,2.693847,1,12,13,0.005202,0.005635,0.000433
摇落,西山,0.347876,2.693847,1,12,13,0.005202,0.005635,0.000433
故人,秋日,0.347876,2.693847,1,39,4,0.016905,0.001734,0.000433
菊花,黄鹤,0.347876,2.693847,1,12,13,0.005202,0.005635,0.000433
客心,物外,0.347876,2.693847,1,13,12,0.005635,0.005202,0.000433
窈窕,霓裳,0.347876,2.693847,1,26,6,0.01127,0.002601,0.000433
山水,青草,0.347876,2.693847,1,26,6,0.01127,0.002601,0.000433
焚香,窈窕,0.347876,2.693847,1,6,26,0.002601,0.01127,0.000433
山水,还家,0.347876,2.693847,1,26,6,0.01127,0.002601,0.000433
月下,相送,0.347876,2.693847,1,12,13,0.005202,0.005635,0.000433
摇落,昔时,0.347876,2.693847,1,12,13,0.005202,0.005635,0.000433
月夜,长沙,0.347876,2.693847,1,13,12,0.005635,0.005202,0.000433
乾坤,参差,0.347876,2.693847,1,4,39,0.001734,0.016905,0.000433
人生,月满,0.347876,2.693847,1,13,12,0.005635,0.005202,0.000433
百年,相看,0.347876,2.693847,1,26,6,0.01127,0.002601,0.000433
少年,歌舞,0.347841,2.311438,3,14,49,0.006068,0.02124,0.0013
歌舞,相识,0.347841,2.311438,3,49,14,0.02124,0.006068,0.0013
明月,相思,0.347782,1.969928,8,78,33,0.03381,0.014304,0.003468
将军,白日,0.347562,2.132036,5,36,38,0.015605,0.016472,0.002167
明月,江南,0.347365,2.208339,4,78,13,0.03381,0.005635,0.001734
明月,知己,0.347365,2.208339,4,78,13,0.03381,0.005635,0.001734
月明,白露,0.347191,2.447889,2,19,21,0.008236,0.009103,0.000867
归路,烟霞,0.347191,2.447889,2,21,19,0.009103,0.008236,0.000867
岁月,烟霞,0.347191,2.447889,2,21,19,0.009103,0.008236,0.000867
纵横,蛾眉,0.347191,2.447889,2,19,21,0.008236,0.009103,0.000867
白露,纵横,0.347191,2.447889,2,21,19,0.009103,0.008236,0.000867
光辉,桃花,0.346966,2.305624,3,30,23,0.013004,0.00997,0.0013
长安,零落,0.346836,2.445386,2,40,10,0.017339,0.004335,0.000867
昔日,长安,0.346836,2.445386,2,10,40,0.004335,0.017339,0.000867
海上,鸳鸯,0.346836,2.445386,2,20,20,0.008669,0.008669,0.000867
封侯,长安,0.346836,2.445386,2,10,40,0.004335,0.017339,0.000867
江水,长安,0.346836,2.445386,2,10,40,0.004335,0.017339,0.000867
千里,风飘,0.346836,2.445386,2,80,5,0.034677,0.002167,0.000867
自言,长安,0.346836,2.445386,2,10,40,0.004335,0.017339,0.000867
千里,秋水,0.346836,2.445386,2,80,5,0.034677,0.002167,0.000867
海上,青春,0.346836,2.445386,2,20,20,0.008669,0.008669,0.000867
千里,故山,0.346836,2.445386,2,80,5,0.034677,0.002167,0.000867
花开,路长,0.346836,2.445386,2,25,16,0.010837,0.006935,0.000867
思君,芳树,0.346836,2.445386,2,16,25,0.006935,0.010837,0.000867
叹息,回首,0.346836,2.445386,2,25,16,0.010837,0.006935,0.000867
叹息,逶迤,0.346836,2.445386,2,25,16,0.010837,0.006935,0.000867
千载,相望,0.346836,2.445386,2,25,16,0.010837,0.006935,0.000867
千载,春来,0.346836,2.445386,2,25,16,0.010837,0.006935,0.000867
千载,逶迤,0.346836,2.445386,2,25,16,0.010837,0.006935,0.000867
千载,天子,0.34673,2.126932,5,25,55,0.010837,0.02384,0.002167
公子,落花,0.346314,2.301286,3,21,33,0.009103,0.014304,0.0013
公子,年年,0.346314,2.301286,3,21,33,0.009103,0.014304,0.0013
江南,芳菲,0.345776,2.437914,2,13,31,0.005635,0.013437,0.000867
关山,苦辛,0.345776,2.437914,2,31,13,0.013437,0.005635,0.000867
关山,昔时,0.345776,2.437914,2,31,13,0.013437,0.005635,0.000867
芳菲,金谷,0.345776,2.437914,2,31,13,0.013437,0.005635,0.000867
关山,柳色,0.345776,2.437914,2,31,13,0.013437,0.005635,0.000867
同心,芳菲,0.345776,2.437914,2,13,31,0.005635,0.013437,0.000867
桃李,氛氲,0.345664,2.296966,3,29,24,0.01257,0.010403,0.0013
桃李,美人,0.345664,2.296966,3,29,24,0.01257,0.010403,0.0013
平生,衣冠,0.345074,2.432963,2,45,9,0.019506,0.003901,0.000867
平生,竹林,0.345074,2.432963,2,45,9,0.019506,0.003901,0.000867
公子,歌舞,0.345055,2.193655,4,21,49,0.009103,0.02124,0.001734
千载,宁知,0.344801,2.291235,3,25,28,0.010837,0.012137,0.0013
叹息,宁知,0.344801,2.291235,3,25,28,0.010837,0.012137,0.0013
千年,尘埃,0.344724,2.430497,2,29,14,0.01257,0.006068,0.000867
九重,双阙,0.344606,2.668529,1,20,8,0.008669,0.003468,0.000433
今来,回首,0.344606,2.668529,1,10,16,0.004335,0.006935,0.000433
岐路,行路,0.344606,2.668529,1,20,8,0.008669,0.003468,0.000433
千万,岐路,0.344606,2.668529,1,8,20,0.003468,0.008669,0.000433
断肠,青春,0.344606,2.668529,1,8,20,0.003468,0.008669,0.000433
岁寒,明年,0.344606,2.668529,1,10,16,0.004335,0.006935,0.000433
岁寒,相望,0.344606,2.668529,1,10,16,0.004335,0.006935,0.000433
明年,自言,0.344606,2.668529,1,16,10,0.006935,0.004335,0.000433
山下,生涯,0.344606,2.668529,1,16,10,0.006935,0.004335,0.000433
逢人,长安,0.344606,2.668529,1,4,40,0.001734,0.017339,0.000433
山阴,日暮,0.344606,2.668529,1,5,32,0.002167,0.013871,0.000433
自然,逶迤,0.344606,2.668529,1,10,16,0.004335,0.006935,0.000433
南国,逶迤,0.344606,2.668529,1,10,16,0.004335,0.006935,0.000433
御沟,自然,0.344606,2.668529,1,16,10,0.006935,0.004335,0.000433
南国,御沟,0.344606,2.668529,1,10,16,0.004335,0.006935,0.000433
相望,落叶,0.344606,2.668529,1,16,10,0.006935,0.004335,0.000433
未央,莺啼,0.344606,2.668529,1,20,8,0.008669,0.003468,0.000433
日暮,楼前,0.344606,2.668529,1,32,5,0.013871,0.002167,0.000433
玉堂,长安,0.344606,2.668529,1,4,40,0.001734,0.017339,0.000433
门前,鸳鸯,0.344606,2.668529,1,8,20,0.003468,0.008669,0.000433
相望,花发,0.344606,2.668529,1,16,10,0.006935,0.004335,0.000433
白马,相望,0.344606,2.668529,1,10,16,0.004335,0.006935,0.000433
相知,鸳鸯,0.344606,2.668529,1,8,20,0.003468,0.008669,0.000433
双阙,鸳鸯,0.344606,2.668529,1,8,20,0.003468,0.008669,0.000433
云雨,白头,0.344606,2.668529,1,10,16,0.004335,0.006935,0.000433
千里,昨日,0.344606,2.668529,1,80,2,0.034677,0.000867,0.000433
回首,猿啼,0.344606,2.668529,1,16,10,0.006935,0.004335,0.000433
河汉,鸳鸯,0.344606,2.668529,1,8,20,0.003468,0.008669,0.000433
海上,黄河,0.344606,2.668529,1,20,8,0.008669,0.003468,0.000433
岐路,颜色,0.344606,2.668529,1,20,8,0.008669,0.003468,0.000433
单于,阳春,0.344606,2.668529,1,8,20,0.003468,0.008669,0.000433
单于,岐路,0.344606,2.668529,1,8,20,0.003468,0.008669,0.000433
山路,江上,0.344606,2.668529,1,8,20,0.003468,0.008669,0.000433
相望,萧条,0.344606,2.668529,1,16,10,0.006935,0.004335,0.000433
御沟,殷勤,0.344606,2.668529,1,16,10,0.006935,0.004335,0.000433
御沟,路傍,0.344606,2.668529,1,16,10,0.006935,0.004335,0.000433
岐路,黄河,0.344606,2.668529,1,20,8,0.008669,0.003468,0.000433
思君,湘水,0.344606,2.668529,1,16,10,0.006935,0.004335,0.000433
瑶池,知音,0.344606,2.668529,1,16,10,0.006935,0.004335,0.000433
君心,阳春,0.344606,2.668529,1,8,20,0.003468,0.008669,0.000433
九重,当时,0.344606,2.668529,1,20,8,0.008669,0.003468,0.000433
白头,自言,0.344606,2.668529,1,16,10,0.006935,0.004335,0.000433
白头,经过,0.344606,2.668529,1,16,10,0.006935,0.004335,0.000433
九重,南宫,0.344606,2.668529,1,20,8,0.008669,0.003468,0.000433
九重,须臾,0.344606,2.668529,1,20,8,0.008669,0.003468,0.000433
万户,日暮,0.344606,2.668529,1,5,32,0.002167,0.013871,0.000433
使君,日暮,0.344606,2.668529,1,5,32,0.002167,0.013871,0.000433
春来,知音,0.344606,2.668529,1,16,10,0.006935,0.004335,0.000433
故园,春来,0.344606,2.668529,1,10,16,0.004335,0.006935,0.000433
春来,花发,0.344606,2.668529,1,16,10,0.006935,0.004335,0.000433
春来,白马,0.344606,2.668529,1,16,10,0.006935,0.004335,0.000433
春来,风月,0.344606,2.668529,1,16,10,0.006935,0.004335,0.000433
憔悴,春来,0.344606,2.668529,1,10,16,0.004335,0.006935,0.000433
御沟,自言,0.344606,2.668529,1,16,10,0.006935,0.004335,0.000433
岐路,思归,0.344606,2.668529,1,20,8,0.008669,0.003468,0.000433
封侯,山下,0.344606,2.668529,1,10,16,0.004335,0.006935,0.000433
关河,御沟,0.344606,2.668529,1,10,16,0.004335,0.006935,0.000433
憔悴,白头,0.344606,2.668529,1,10,16,0.004335,0.006935,0.000433
御沟,憔悴,0.344606,2.668529,1,16,10,0.006935,0.004335,0.000433
生涯,白头,0.344606,2.668529,1,10,16,0.004335,0.006935,0.000433
御沟,生涯,0.344606,2.668529,1,16,10,0.006935,0.004335,0.000433
东流,知音,0.344606,2.668529,1,16,10,0.006935,0.004335,0.000433
相望,零落,0.344606,2.668529,1,16,10,0.006935,0.004335,0.000433
相望,知音,0.344606,2.668529,1,16,10,0.006935,0.004335,0.000433
万古,阳春,0.344606,2.668529,1,8,20,0.003468,0.008669,0.000433
断肠,鸳鸯,0.344606,2.668529,1,8,20,0.003468,0.008669,0.000433
断肠,阳春,0.344606,2.668529,1,8,20,0.003468,0.008669,0.000433
海上,颜色,0.344606,2.668529,1,20,8,0.008669,0.003468,0.000433
青春,颜色,0.344606,2.668529,1,20,8,0.008669,0.003468,0.000433
封侯,逶迤,0.344606,2.668529,1,10,16,0.004335,0.006935,0.000433
萧条,逶迤,0.344606,2.668529,1,10,16,0.004335,0.006935,0.000433
自言,逶迤,0.344606,2.668529,1,10,16,0.004335,0.006935,0.000433
湘水,逶迤,0.344606,2.668529,1,10,16,0.004335,0.006935,0.000433
封侯,瑶池,0.344606,2.668529,1,10,16,0.004335,0.006935,0.000433
出入,千里,0.344606,2.668529,1,2,80,0.000867,0.034677,0.000433
世人,千里,0.344606,2.668529,1,2,80,0.000867,0.034677,0.000433
万物,海上,0.344606,2.668529,1,8,20,0.003468,0.008669,0.000433
万物,青春,0.344606,2.668529,1,8,20,0.003468,0.008669,0.000433
千里,感激,0.344606,2.668529,1,80,2,0.034677,0.000867,0.000433
昔日,瑶池,0.344606,2.668529,1,10,16,0.004335,0.006935,0.000433
单于,海上,0.344606,2.668529,1,8,20,0.003468,0.008669,0.000433
单于,青春,0.344606,2.668529,1,8,20,0.003468,0.008669,0.000433
瑶池,萧条,0.344606,2.668529,1,16,10,0.006935,0.004335,0.000433
千里,楚水,0.344606,2.668529,1,80,2,0.034677,0.000867,0.000433
瑶池,自言,0.344606,2.668529,1,16,10,0.006935,0.004335,0.000433
青春,须臾,0.344606,2.668529,1,20,8,0.008669,0.003468,0.000433
昆仑,海上,0.344606,2.668529,1,8,20,0.003468,0.008669,0.000433
湘水,瑶池,0.344606,2.668529,1,10,16,0.004335,0.006935,0.000433
海上,蹉跎,0.344606,2.668529,1,20,8,0.008669,0.003468,0.000433
蹉跎,青春,0.344606,2.668529,1,8,20,0.003468,0.008669,0.000433
文章,逶迤,0.344606,2.668529,1,10,16,0.004335,0.006935,0.000433
思君,苍梧,0.344606,2.668529,1,16,10,0.006935,0.004335,0.000433
主人,海上,0.344606,2.668529,1,8,20,0.003468,0.008669,0.000433
白头,白马,0.344606,2.668529,1,16,10,0.006935,0.004335,0.000433
山下,江海,0.344606,2.668529,1,16,10,0.006935,0.004335,0.000433
承恩,春来,0.344606,2.668529,1,10,16,0.004335,0.006935,0.000433
春来,零落,0.344606,2.668529,1,16,10,0.006935,0.004335,0.000433
乔木,青春,0.344606,2.668529,1,8,20,0.003468,0.008669,0.000433
云飞,春来,0.344606,2.668529,1,10,16,0.004335,0.006935,0.000433
万户,千金,0.344606,2.668529,1,5,32,0.002167,0.013871,0.000433
世上,千金,0.344606,2.668529,1,5,32,0.002167,0.013871,0.000433
千金,风动,0.344606,2.668529,1,32,5,0.013871,0.002167,0.000433
双阙,青春,0.344606,2.668529,1,8,20,0.003468,0.008669,0.000433
山下,猿啼,0.344606,2.668529,1,16,10,0.006935,0.004335,0.000433
回首,落叶,0.344606,2.668529,1,16,10,0.006935,0.004335,0.000433
山下,松风,0.344606,2.668529,1,16,10,0.006935,0.004335,0.000433
明年,萧条,0.344606,2.668529,1,16,10,0.006935,0.004335,0.000433
走马,青春,0.344606,2.668529,1,8,20,0.003468,0.008669,0.000433
千里,山僧,0.344606,2.668529,1,80,2,0.034677,0.000867,0.000433
君恩,杨柳,0.344375,2.428037,2,11,37,0.004768,0.016038,0.000867
杨柳,白玉,0.344375,2.428037,2,37,11,0.016038,0.004768,0.000867
杨柳,行人,0.344375,2.428037,2,37,11,0.016038,0.004768,0.000867
杨柳,龙门,0.344375,2.428037,2,37,11,0.016038,0.004768,0.000867
天涯,杨柳,0.344375,2.428037,2,11,37,0.004768,0.016038,0.000867
伤心,杨柳,0.344375,2.428037,2,11,37,0.004768,0.016038,0.000867
人生,凤凰,0.344372,2.288382,3,13,54,0.005635,0.023407,0.0013
凤凰,西山,0.344372,2.288382,3,54,13,0.023407,0.005635,0.0013
古来,故人,0.344372,2.288382,3,18,39,0.007802,0.016905,0.0013
可怜,翡翠,0.344027,2.425583,2,34,12,0.014738,0.005202,0.000867
万国,欢娱,0.344027,2.425583,2,17,24,0.007369,0.010403,0.000867
梅花,欢娱,0.344027,2.425583,2,17,24,0.007369,0.010403,0.000867
主人,洛阳,0.344027,2.425583,2,8,51,0.003468,0.022107,0.000867
思归,洛阳,0.344027,2.425583,2,8,51,0.003468,0.022107,0.000867
意气,氛氲,0.344027,2.425583,2,17,24,0.007369,0.010403,0.000867
南宫,洛阳,0.344027,2.425583,2,8,51,0.003468,0.022107,0.000867
可怜,游子,0.344027,2.425583,2,34,12,0.014738,0.005202,0.000867
天地,花枝,0.343802,2.662299,1,23,7,0.00997,0.003034,0.000433
十年,日夜,0.343802,2.662299,1,23,7,0.00997,0.003034,0.000433
风尘,骨肉,0.343802,2.662299,1,23,7,0.00997,0.003034,0.000433
十年,相见,0.343802,2.662299,1,23,7,0.00997,0.003034,0.000433
日夜,明主,0.343802,2.662299,1,7,23,0.003034,0.00997,0.000433
雨雪,风尘,0.343802,2.662299,1,7,23,0.003034,0.00997,0.000433
十年,雨雪,0.343802,2.662299,1,23,7,0.00997,0.003034,0.000433
尚书,明主,0.343802,2.662299,1,7,23,0.003034,0.00997,0.000433
丞相,明主,0.343802,2.662299,1,7,23,0.003034,0.00997,0.000433
丞相,风尘,0.343802,2.662299,1,7,23,0.003034,0.00997,0.000433
风尘,风流,0.343802,2.662299,1,23,7,0.00997,0.003034,0.000433
十年,潺湲,0.343802,2.662299,1,23,7,0.00997,0.003034,0.000433
丞相,天地,0.343802,2.662299,1,7,23,0.003034,0.00997,0.000433
天地,骨肉,0.343802,2.662299,1,23,7,0.00997,0.003034,0.000433
咸阳,天地,0.343802,2.662299,1,7,23,0.003034,0.00997,0.000433
十年,造化,0.343802,2.662299,1,23,7,0.00997,0.003034,0.000433
桃花,风流,0.343802,2.662299,1,23,7,0.00997,0.003034,0.000433
十年,风波,0.343802,2.662299,1,23,7,0.00997,0.003034,0.000433
宁知,山川,0.343792,2.108914,5,28,50,0.012137,0.021673,0.002167
千里,江南,0.343382,2.183022,4,80,13,0.034677,0.005635,0.001734
岁寒,悠悠,0.343334,2.420693,2,10,41,0.004335,0.017772,0.000867
悠悠,萧条,0.343334,2.420693,2,41,10,0.017772,0.004335,0.000867
王孙,白发,0.343002,2.656107,1,9,18,0.003901,0.007802,0.000433
凤凰,秋来,0.343002,2.656107,1,54,3,0.023407,0.0013,0.000433
日月,还家,0.343002,2.656107,1,27,6,0.011704,0.002601,0.000433
佳人,清晨,0.343002,2.656107,1,18,9,0.007802,0.003901,0.000433
故乡,飘飖,0.343002,2.656107,1,18,9,0.007802,0.003901,0.000433
双飞,芙蓉,0.343002,2.656107,1,9,18,0.003901,0.007802,0.000433
寂寥,芙蓉,0.343002,2.656107,1,9,18,0.003901,0.007802,0.000433
凤凰,沧浪,0.343002,2.656107,1,54,3,0.023407,0.0013,0.000433
凤凰,姓名,0.343002,2.656107,1,54,3,0.023407,0.0013,0.000433
分明,镜中,0.343002,2.656107,1,9,18,0.003901,0.007802,0.000433
日月,萧索,0.343002,2.656107,1,27,6,0.011704,0.002601,0.000433
天台,日月,0.343002,2.656107,1,6,27,0.002601,0.011704,0.000433
故乡,明朝,0.343002,2.656107,1,18,9,0.007802,0.003901,0.000433
佳人,肠断,0.343002,2.656107,1,18,9,0.007802,0.003901,0.000433
登高,肠断,0.343002,2.656107,1,18,9,0.007802,0.003901,0.000433
佳人,登临,0.343002,2.656107,1,18,9,0.007802,0.003901,0.000433
登临,登高,0.343002,2.656107,1,9,18,0.003901,0.007802,0.000433
先生,凤凰,0.343002,2.656107,1,3,54,0.0013,0.023407,0.000433
凤凰,江城,0.343002,2.656107,1,54,3,0.023407,0.0013,0.000433
古来,大道,0.343002,2.656107,1,18,9,0.007802,0.003901,0.000433
凤凰,玉楼,0.343002,2.656107,1,54,3,0.023407,0.0013,0.000433
白发,衣冠,0.343002,2.656107,1,18,9,0.007802,0.003901,0.000433
登高,衣冠,0.343002,2.656107,1,18,9,0.007802,0.003901,0.000433
白发,飘飖,0.343002,2.656107,1,18,9,0.007802,0.003901,0.000433
登高,飘飖,0.343002,2.656107,1,18,9,0.007802,0.003901,0.000433
白发,高秋,0.343002,2.656107,1,18,9,0.007802,0.003901,0.000433
白发,竹林,0.343002,2.656107,1,18,9,0.007802,0.003901,0.000433
登高,竹林,0.343002,2.656107,1,18,9,0.007802,0.003901,0.000433
佳期,白发,0.343002,2.656107,1,9,18,0.003901,0.007802,0.000433
昨夜,白发,0.343002,2.656107,1,9,18,0.003901,0.007802,0.000433
佳期,登高,0.343002,2.656107,1,9,18,0.003901,0.007802,0.000433
昨夜,登高,0.343002,2.656107,1,9,18,0.003901,0.007802,0.000433
凤凰,消息,0.343002,2.656107,1,54,3,0.023407,0.0013,0.000433
古来,干戈,0.343002,2.656107,1,18,9,0.007802,0.003901,0.000433
忆昔,风起,0.343002,2.656107,1,6,27,0.002601,0.011704,0.000433
佳人,双飞,0.343002,2.656107,1,18,9,0.007802,0.003901,0.000433
日月,青苔,0.343002,2.656107,1,27,6,0.011704,0.002601,0.000433
古来,怅望,0.343002,2.656107,1,18,9,0.007802,0.003901,0.000433
忆昔,日月,0.343002,2.656107,1,6,27,0.002601,0.011704,0.000433
怅望,故乡,0.343002,2.656107,1,9,18,0.003901,0.007802,0.000433
怅望,白发,0.343002,2.656107,1,9,18,0.003901,0.007802,0.000433
日月,茫茫,0.343002,2.656107,1,27,6,0.011704,0.002601,0.000433
富贵,登高,0.343002,2.656107,1,9,18,0.003901,0.007802,0.000433
明日,芙蓉,0.343002,2.656107,1,9,18,0.003901,0.007802,0.000433
富贵,芙蓉,0.343002,2.656107,1,9,18,0.003901,0.007802,0.000433
花满,镜中,0.343002,2.656107,1,9,18,0.003901,0.007802,0.000433
白雪,风起,0.343002,2.656107,1,6,27,0.002601,0.011704,0.000433
古来,生死,0.343002,2.656107,1,18,9,0.007802,0.003901,0.000433
人心,芙蓉,0.343002,2.656107,1,9,18,0.003901,0.007802,0.000433
生死,白发,0.343002,2.656107,1,9,18,0.003901,0.007802,0.000433
春风,桃李,0.342778,2.179183,4,36,29,0.015605,0.01257,0.001734
天子,纵横,0.342628,2.178225,4,55,19,0.02384,0.008236,0.001734
万里,走马,0.342243,2.274238,3,89,8,0.038578,0.003468,0.0013
明主,月照,0.341957,2.410984,2,23,18,0.00997,0.007802,0.000867
十年,月照,0.341957,2.410984,2,23,18,0.00997,0.007802,0.000867
十年,白发,0.341957,2.410984,2,23,18,0.00997,0.007802,0.000867
天地,白发,0.341957,2.410984,2,23,18,0.00997,0.007802,0.000867
少年,洛阳,0.341821,2.271433,3,14,51,0.006068,0.022107,0.0013
今年,洛阳,0.341821,2.271433,3,14,51,0.006068,0.022107,0.0013
洛阳,马上,0.341821,2.271433,3,51,14,0.022107,0.006068,0.0013
人生,天子,0.341611,2.270033,3,13,55,0.005635,0.02384,0.0013
天子,昔时,0.341611,2.270033,3,55,13,0.02384,0.005635,0.0013
悠悠,相忆,0.341418,2.643837,1,41,4,0.017772,0.001734,0.000433
悠悠,逢人,0.341418,2.643837,1,41,4,0.017772,0.001734,0.000433
悠悠,相对,0.341418,2.643837,1,41,4,0.017772,0.001734,0.000433
东海,悠悠,0.341418,2.643837,1,4,41,0.001734,0.017772,0.000433
悠悠,清净,0.341418,2.643837,1,41,4,0.017772,0.001734,0.000433
悠悠,玉堂,0.341418,2.643837,1,41,4,0.017772,0.001734,0.000433
悠悠,高树,0.341418,2.643837,1,41,4,0.017772,0.001734,0.000433
悠悠,武陵,0.341418,2.643837,1,41,4,0.017772,0.001734,0.000433
悠悠,江湖,0.341418,2.643837,1,41,4,0.017772,0.001734,0.000433
桃李,歌舞,0.341365,2.094025,5,29,49,0.01257,0.02124,0.002167
路长,青山,0.341273,2.406165,2,16,26,0.006935,0.01127,0.000867
东流,他乡,0.341273,2.406165,2,16,26,0.006935,0.01127,0.000867
他乡,路长,0.341273,2.406165,2,26,16,0.01127,0.006935,0.000867
相望,青山,0.341273,2.406165,2,16,26,0.006935,0.01127,0.000867
人生,日暮,0.341273,2.406165,2,13,32,0.005635,0.013871,0.000867
同心,日暮,0.341273,2.406165,2,13,32,0.005635,0.013871,0.000867
春来,百年,0.341273,2.406165,2,16,26,0.006935,0.01127,0.000867
含情,离别,0.340633,2.637758,1,11,15,0.004768,0.006502,0.000433
日照,离别,0.340633,2.637758,1,11,15,0.004768,0.006502,0.000433
天子,秋来,0.340633,2.637758,1,55,3,0.02384,0.0013,0.000433
天子,相随,0.340633,2.637758,1,55,3,0.02384,0.0013,0.000433
对酒,落花,0.340633,2.637758,1,5,33,0.002167,0.014304,0.000433
壮士,天子,0.340633,2.637758,1,3,55,0.0013,0.02384,0.000433
先生,天子,0.340633,2.637758,1,3,55,0.0013,0.02384,0.000433
天子,姓名,0.340633,2.637758,1,55,3,0.02384,0.0013,0.000433
天子,弟子,0.340633,2.637758,1,55,3,0.02384,0.0013,0.000433
南山,楼前,0.340633,2.637758,1,33,5,0.014304,0.002167,0.000433
年年,楼前,0.340633,2.637758,1,33,5,0.014304,0.002167,0.000433
天子,微风,0.340633,2.637758,1,55,3,0.02384,0.0013,0.000433
山阴,落花,0.340633,2.637758,1,5,33,0.002167,0.014304,0.000433
无穷,独坐,0.340633,2.637758,1,15,11,0.006502,0.004768,0.000433
无穷,青松,0.340633,2.637758,1,15,11,0.006502,0.004768,0.000433
无穷,行人,0.340633,2.637758,1,15,11,0.006502,0.004768,0.000433
太平,紫微,0.340633,2.637758,1,11,15,0.004768,0.006502,0.000433
林下,落花,0.340633,2.637758,1,5,33,0.002167,0.014304,0.000433
望乡,楼上,0.340633,2.637758,1,11,15,0.004768,0.006502,0.000433
楼上,阳城,0.340633,2.637758,1,15,11,0.006502,0.004768,0.000433
含情,楼上,0.340633,2.637758,1,11,15,0.004768,0.006502,0.000433
人间,阳城,0.340633,2.637758,1,15,11,0.006502,0.004768,0.000433
春光,管弦,0.340633,2.637758,1,11,15,0.004768,0.006502,0.000433
天涯,游人,0.340633,2.637758,1,11,15,0.004768,0.006502,0.000433
云间,望乡,0.340633,2.637758,1,15,11,0.006502,0.004768,0.000433
天涯,日落,0.340633,2.637758,1,11,15,0.004768,0.006502,0.000433
南山,太守,0.340633,2.637758,1,33,5,0.014304,0.002167,0.000433
太守,年年,0.340633,2.637758,1,5,33,0.002167,0.014304,0.000433
世事,天子,0.340633,2.637758,1,3,55,0.0013,0.02384,0.000433
人家,南山,0.340633,2.637758,1,5,33,0.002167,0.014304,0.000433
天子,玉楼,0.340633,2.637758,1,55,3,0.02384,0.0013,0.000433
天涯,白首,0.340633,2.637758,1,11,15,0.004768,0.006502,0.000433
伤心,无穷,0.340633,2.637758,1,11,15,0.004768,0.006502,0.000433
无穷,桃源,0.340633,2.637758,1,15,11,0.006502,0.004768,0.000433
无穷,龙门,0.340633,2.637758,1,15,11,0.006502,0.004768,0.000433
叶落,年年,0.340633,2.637758,1,5,33,0.002167,0.014304,0.000433
伤心,白首,0.340633,2.637758,1,11,15,0.004768,0.006502,0.000433
桃源,白首,0.340633,2.637758,1,11,15,0.004768,0.006502,0.000433
白首,龙门,0.340633,2.637758,1,15,11,0.006502,0.004768,0.000433
独坐,离别,0.340633,2.637758,1,11,15,0.004768,0.006502,0.000433
去年,落花,0.340633,2.637758,1,5,33,0.002167,0.014304,0.000433
残月,落花,0.340633,2.637758,1,5,33,0.002167,0.014304,0.000433
日照,楼上,0.340633,2.637758,1,11,15,0.004768,0.006502,0.000433
无穷,日照,0.340633,2.637758,1,15,11,0.006502,0.004768,0.000433
人间,日照,0.340633,2.637758,1,15,11,0.006502,0.004768,0.000433
相思,秋水,0.340633,2.637758,1,33,5,0.014304,0.002167,0.000433
得意,相思,0.340633,2.637758,1,5,33,0.002167,0.014304,0.000433
人间,春光,0.340633,2.637758,1,15,11,0.006502,0.004768,0.000433
人间,黄叶,0.340633,2.637758,1,15,11,0.006502,0.004768,0.000433
离别,高楼,0.340633,2.637758,1,15,11,0.006502,0.004768,0.000433
宛转,高楼,0.340633,2.637758,1,15,11,0.006502,0.004768,0.000433
含情,宛转,0.340633,2.637758,1,11,15,0.004768,0.006502,0.000433
东山,独坐,0.340633,2.637758,1,15,11,0.006502,0.004768,0.000433
白首,高楼,0.340633,2.637758,1,15,11,0.006502,0.004768,0.000433
春草,白首,0.340633,2.637758,1,11,15,0.004768,0.006502,0.000433
春草,青云,0.340633,2.637758,1,11,15,0.004768,0.006502,0.000433
行人,青云,0.340633,2.637758,1,11,15,0.004768,0.006502,0.000433
伤心,青云,0.340633,2.637758,1,11,15,0.004768,0.006502,0.000433
南山,得意,0.340633,2.637758,1,33,5,0.014304,0.002167,0.000433
白玉,白首,0.340633,2.637758,1,11,15,0.004768,0.006502,0.000433
无穷,白玉,0.340633,2.637758,1,15,11,0.006502,0.004768,0.000433
日晚,白首,0.340633,2.637758,1,11,15,0.004768,0.006502,0.000433
无穷,日晚,0.340633,2.637758,1,15,11,0.006502,0.004768,0.000433
南山,自古,0.340633,2.637758,1,33,5,0.014304,0.002167,0.000433
南山,衣裳,0.340633,2.637758,1,33,5,0.014304,0.002167,0.000433
他人,天子,0.340633,2.637758,1,3,55,0.0013,0.02384,0.000433
天子,所思,0.340633,2.637758,1,55,3,0.02384,0.0013,0.000433
年年,梧桐,0.340633,2.637758,1,33,5,0.014304,0.002167,0.000433
青云,高台,0.340633,2.637758,1,15,11,0.006502,0.004768,0.000433
紫微,高楼,0.340633,2.637758,1,15,11,0.006502,0.004768,0.000433
东山,太平,0.340633,2.637758,1,15,11,0.006502,0.004768,0.000433
无穷,春光,0.340633,2.637758,1,15,11,0.006502,0.004768,0.000433
人间,太平,0.340633,2.637758,1,15,11,0.006502,0.004768,0.000433
白首,黄叶,0.340633,2.637758,1,15,11,0.006502,0.004768,0.000433
紫微,重阳,0.340633,2.637758,1,15,11,0.006502,0.004768,0.000433
宛转,龙门,0.340633,2.637758,1,15,11,0.006502,0.004768,0.000433
天子,宫中,0.340633,2.637758,1,55,3,0.02384,0.0013,0.000433
日晚,楼上,0.340633,2.637758,1,11,15,0.004768,0.006502,0.000433
千里,怅望,0.340562,2.263064,3,80,9,0.034677,0.003901,0.0013
佳期,千里,0.340562,2.263064,3,9,80,0.003901,0.034677,0.0013
月照,长安,0.340562,2.263064,3,18,40,0.007802,0.017339,0.0013
平生,白头,0.340562,2.263064,3,45,16,0.019506,0.006935,0.0013
玉树,神仙,0.339916,2.396596,2,12,35,0.005202,0.015171,0.000867
光辉,楼台,0.339916,2.396596,2,30,14,0.013004,0.006068,0.000867
未央,蛾眉,0.339916,2.396596,2,20,21,0.008669,0.009103,0.000867
蛾眉,鸳鸯,0.339916,2.396596,2,21,20,0.009103,0.008669,0.000867
帝乡,未央,0.339916,2.396596,2,21,20,0.009103,0.008669,0.000867
帝乡,鸳鸯,0.339916,2.396596,2,21,20,0.009103,0.008669,0.000867
九重,白露,0.339916,2.396596,2,20,21,0.008669,0.009103,0.000867
宁知,管弦,0.339916,2.396596,2,28,15,0.012137,0.006502,0.000867
归去,神仙,0.339916,2.396596,2,12,35,0.005202,0.015171,0.000867
万年,云间,0.339916,2.396596,2,28,15,0.012137,0.006502,0.000867
万年,游人,0.339916,2.396596,2,28,15,0.012137,0.006502,0.000867
云间,流水,0.339916,2.396596,2,15,28,0.006502,0.012137,0.000867
未央,白露,0.339916,2.396596,2,20,21,0.008669,0.009103,0.000867
白露,鸳鸯,0.339916,2.396596,2,21,20,0.009103,0.008669,0.000867
山河,风烟,0.339916,2.396596,2,14,30,0.006068,0.013004,0.000867
人间,宁知,0.339916,2.396596,2,15,28,0.006502,0.012137,0.000867
万年,紫微,0.339916,2.396596,2,28,15,0.012137,0.006502,0.000867
岁月,岐路,0.339916,2.396596,2,21,20,0.009103,0.008669,0.000867
公子,青春,0.339916,2.396596,2,21,20,0.009103,0.008669,0.000867
白露,青春,0.339916,2.396596,2,21,20,0.009103,0.008669,0.000867
蛾眉,青春,0.339916,2.396596,2,21,20,0.009103,0.008669,0.000867
桃李,花开,0.33952,2.256144,3,29,25,0.01257,0.010837,0.0013
千载,桃李,0.33952,2.256144,3,25,29,0.010837,0.01257,0.0013
凤凰,可怜,0.339405,2.020118,6,54,34,0.023407,0.014738,0.002601
将军,洛阳,0.339405,2.020118,6,36,51,0.015605,0.022107,0.002601
巫山,相思,0.339313,2.254766,3,22,33,0.009536,0.014304,0.0013
年年,闻道,0.339313,2.254766,3,33,22,0.014304,0.009536,0.0013
万里,辛苦,0.339203,2.156455,4,89,12,0.038578,0.005202,0.001734
万里,丈夫,0.339203,2.156455,4,89,12,0.038578,0.005202,0.001734
万里,东南,0.339203,2.156455,4,89,12,0.038578,0.005202,0.001734
春风,长安,0.3392,2.080743,5,36,40,0.015605,0.017339,0.002167
洛阳,蛾眉,0.338762,2.15365,4,51,21,0.022107,0.009103,0.001734
公子,洛阳,0.338762,2.15365,4,21,51,0.009103,0.022107,0.001734
平生,悠悠,0.338583,2.015228,6,45,41,0.019506,0.017772,0.002601
淹留,玉树,0.338306,2.619739,1,14,12,0.006068,0.005202,0.000433
淹留,清风,0.338306,2.619739,1,14,12,0.006068,0.005202,0.000433
氛氲,风波,0.338306,2.619739,1,24,7,0.010403,0.003034,0.000433
氛氲,烟波,0.338306,2.619739,1,24,7,0.010403,0.003034,0.000433
婵娟,氛氲,0.338306,2.619739,1,7,24,0.003034,0.010403,0.000433
洞庭,烟波,0.338306,2.619739,1,24,7,0.010403,0.003034,0.000433
婵娟,洞庭,0.338306,2.619739,1,7,24,0.003034,0.010403,0.000433
徘徊,莲花,0.338306,2.619739,1,14,12,0.006068,0.005202,0.000433
君王,花枝,0.338306,2.619739,1,24,7,0.010403,0.003034,0.000433
宁知,蛟龙,0.338306,2.619739,1,28,6,0.012137,0.002601,0.000433
山中,物外,0.338306,2.619739,1,14,12,0.006068,0.005202,0.000433
摇落,风霜,0.338306,2.619739,1,12,14,0.005202,0.006068,0.000433
北阙,游子,0.338306,2.619739,1,14,12,0.006068,0.005202,0.000433
门前,风光,0.338306,2.619739,1,8,21,0.003468,0.009103,0.000433
须臾,风光,0.338306,2.619739,1,8,21,0.003468,0.009103,0.000433
陌上,风光,0.338306,2.619739,1,8,21,0.003468,0.009103,0.000433
相知,风光,0.338306,2.619739,1,8,21,0.003468,0.009103,0.000433
双阙,风光,0.338306,2.619739,1,8,21,0.003468,0.009103,0.000433
相识,鹦鹉,0.338306,2.619739,1,14,12,0.006068,0.005202,0.000433
朝朝,相识,0.338306,2.619739,1,12,14,0.005202,0.006068,0.000433
相识,翡翠,0.338306,2.619739,1,14,12,0.006068,0.005202,0.000433
公子,河汉,0.338306,2.619739,1,21,8,0.009103,0.003468,0.000433
无限,游子,0.338306,2.619739,1,14,12,0.006068,0.005202,0.000433
淹留,辛苦,0.338306,2.619739,1,14,12,0.006068,0.005202,0.000433
天下,萧索,0.338306,2.619739,1,28,6,0.012137,0.002601,0.000433
美人,风波,0.338306,2.619739,1,24,7,0.010403,0.003034,0.000433
归去,无限,0.338306,2.619739,1,12,14,0.005202,0.006068,0.000433
天下,相亲,0.338306,2.619739,1,28,6,0.012137,0.002601,0.000433
丹青,花飞,0.338306,2.619739,1,12,14,0.005202,0.006068,0.000433
玉树,花飞,0.338306,2.619739,1,12,14,0.005202,0.006068,0.000433
今夜,今年,0.338306,2.619739,1,12,14,0.005202,0.006068,0.000433
山中,芳草,0.338306,2.619739,1,14,12,0.006068,0.005202,0.000433
淹留,芳草,0.338306,2.619739,1,14,12,0.006068,0.005202,0.000433
楼台,芳草,0.338306,2.619739,1,14,12,0.006068,0.005202,0.000433
山河,芳草,0.338306,2.619739,1,14,12,0.006068,0.005202,0.000433
岁月,黄河,0.338306,2.619739,1,21,8,0.009103,0.003468,0.000433
北阙,行乐,0.338306,2.619739,1,14,12,0.006068,0.005202,0.000433
岁月,颜色,0.338306,2.619739,1,21,8,0.009103,0.003468,0.000433
岁月,思归,0.338306,2.619739,1,21,8,0.009103,0.003468,0.000433
南宫,岁月,0.338306,2.619739,1,8,21,0.003468,0.009103,0.000433
主人,岁月,0.338306,2.619739,1,8,21,0.003468,0.009103,0.000433
归路,笙歌,0.338306,2.619739,1,21,8,0.009103,0.003468,0.000433
君心,白露,0.338306,2.619739,1,8,21,0.003468,0.009103,0.000433
寂寞,青楼,0.338306,2.619739,1,12,14,0.005202,0.006068,0.000433
尘埃,风景,0.338306,2.619739,1,14,12,0.006068,0.005202,0.000433
帝乡,朝廷,0.338306,2.619739,1,21,8,0.009103,0.003468,0.000433
红粉,马上,0.338306,2.619739,1,12,14,0.005202,0.006068,0.000433
天上,朱门,0.338306,2.619739,1,28,6,0.012137,0.002601,0.000433
日夜,美人,0.338306,2.619739,1,7,24,0.003034,0.010403,0.000433
空馀,迢递,0.338306,2.619739,1,14,12,0.006068,0.005202,0.000433
朝朝,空馀,0.338306,2.619739,1,12,14,0.005202,0.006068,0.000433
长沙,青楼,0.338306,2.619739,1,12,14,0.005202,0.006068,0.000433
公子,当时,0.338306,2.619739,1,21,8,0.009103,0.003468,0.000433
北阙,归去,0.338306,2.619739,1,14,12,0.006068,0.005202,0.000433
山河,归去,0.338306,2.619739,1,14,12,0.006068,0.005202,0.000433
公子,南宫,0.338306,2.619739,1,21,8,0.009103,0.003468,0.000433
北阙,长沙,0.338306,2.619739,1,14,12,0.006068,0.005202,0.000433
山河,红尘,0.338306,2.619739,1,14,12,0.006068,0.005202,0.000433
山河,长沙,0.338306,2.619739,1,14,12,0.006068,0.005202,0.000433
宁知,羽翼,0.338306,2.619739,1,28,6,0.012137,0.002601,0.000433
宁知,朱门,0.338306,2.619739,1,28,6,0.012137,0.002601,0.000433
垂杨,宁知,0.338306,2.619739,1,6,28,0.002601,0.012137,0.000433
宁知,金陵,0.338306,2.619739,1,28,6,0.012137,0.002601,0.000433
丈夫,少年,0.338306,2.619739,1,12,14,0.005202,0.006068,0.000433
少年,迢递,0.338306,2.619739,1,14,12,0.006068,0.005202,0.000433
寂寞,少年,0.338306,2.619739,1,12,14,0.005202,0.006068,0.000433
东南,少年,0.338306,2.619739,1,12,14,0.005202,0.006068,0.000433
当时,风光,0.338306,2.619739,1,8,21,0.003468,0.009103,0.000433
当时,蛾眉,0.338306,2.619739,1,8,21,0.003468,0.009103,0.000433
帝乡,当时,0.338306,2.619739,1,21,8,0.009103,0.003468,0.000433
岁月,当时,0.338306,2.619739,1,21,8,0.009103,0.003468,0.000433
丈夫,无限,0.338306,2.619739,1,12,14,0.005202,0.006068,0.000433
丈夫,山中,0.338306,2.619739,1,12,14,0.005202,0.006068,0.000433
丈夫,淹留,0.338306,2.619739,1,12,14,0.005202,0.006068,0.000433
山中,迢递,0.338306,2.619739,1,14,12,0.006068,0.005202,0.000433
寂寞,无限,0.338306,2.619739,1,12,14,0.005202,0.006068,0.000433
寂寞,山中,0.338306,2.619739,1,12,14,0.005202,0.006068,0.000433
寂寞,淹留,0.338306,2.619739,1,12,14,0.005202,0.006068,0.000433
东南,无限,0.338306,2.619739,1,12,14,0.005202,0.006068,0.000433
东南,淹留,0.338306,2.619739,1,12,14,0.005202,0.006068,0.000433
今夜,尘埃,0.338306,2.619739,1,12,14,0.005202,0.006068,0.000433
今夜,无限,0.338306,2.619739,1,12,14,0.005202,0.006068,0.000433
今夜,淹留,0.338306,2.619739,1,12,14,0.005202,0.006068,0.000433
青楼,鹦鹉,0.338306,2.619739,1,14,12,0.006068,0.005202,0.000433
朝朝,青楼,0.338306,2.619739,1,12,14,0.005202,0.006068,0.000433
尘埃,迢递,0.338306,2.619739,1,14,12,0.006068,0.005202,0.000433
尘埃,鹦鹉,0.338306,2.619739,1,14,12,0.006068,0.005202,0.000433
尘埃,朝朝,0.338306,2.619739,1,14,12,0.006068,0.005202,0.000433
莺啼,风光,0.338306,2.619739,1,8,21,0.003468,0.009103,0.000433
君心,风光,0.338306,2.619739,1,8,21,0.003468,0.009103,0.000433
天上,相亲,0.338306,2.619739,1,28,6,0.012137,0.002601,0.000433
莺啼,蛾眉,0.338306,2.619739,1,8,21,0.003468,0.009103,0.000433
无限,鹦鹉,0.338306,2.619739,1,14,12,0.006068,0.005202,0.000433
无限,朝朝,0.338306,2.619739,1,14,12,0.006068,0.005202,0.000433
淹留,鹦鹉,0.338306,2.619739,1,14,12,0.006068,0.005202,0.000433
天上,相寻,0.338306,2.619739,1,28,6,0.012137,0.002601,0.000433
朝朝,淹留,0.338306,2.619739,1,12,14,0.005202,0.006068,0.000433
山中,风景,0.338306,2.619739,1,14,12,0.006068,0.005202,0.000433
宁知,萧索,0.338306,2.619739,1,28,6,0.012137,0.002601,0.000433
流水,萧索,0.338306,2.619739,1,28,6,0.012137,0.002601,0.000433
山路,岁月,0.338306,2.619739,1,8,21,0.003468,0.009103,0.000433
丈夫,风霜,0.338306,2.619739,1,12,14,0.005202,0.006068,0.000433
东南,风霜,0.338306,2.619739,1,12,14,0.005202,0.006068,0.000433
万年,十载,0.338306,2.619739,1,28,6,0.012137,0.002601,0.000433
十载,流水,0.338306,2.619739,1,6,28,0.002601,0.012137,0.000433
丈夫,相识,0.338306,2.619739,1,12,14,0.005202,0.006068,0.000433
千万,蛾眉,0.338306,2.619739,1,8,21,0.003468,0.009103,0.000433
欢娱,潺湲,0.338306,2.619739,1,24,7,0.010403,0.003034,0.000433
今夜,空馀,0.338306,2.619739,1,12,14,0.005202,0.006068,0.000433
江山,空馀,0.338306,2.619739,1,12,14,0.005202,0.006068,0.000433
月光,青楼,0.338306,2.619739,1,12,14,0.005202,0.006068,0.000433
月光,风霜,0.338306,2.619739,1,12,14,0.005202,0.006068,0.000433
山河,草绿,0.338306,2.619739,1,14,12,0.006068,0.005202,0.000433
岁月,朝廷,0.338306,2.619739,1,21,8,0.009103,0.003468,0.000433
公子,断肠,0.338306,2.619739,1,21,8,0.009103,0.003468,0.000433
蛾眉,走马,0.338306,2.619739,1,21,8,0.009103,0.003468,0.000433
宁知,青苔,0.338306,2.619739,1,28,6,0.012137,0.002601,0.000433
天下,青苔,0.338306,2.619739,1,28,6,0.012137,0.002601,0.000433
白露,颜色,0.338306,2.619739,1,21,8,0.009103,0.003468,0.000433
万物,公子,0.338306,2.619739,1,8,21,0.003468,0.009103,0.000433
公子,单于,0.338306,2.619739,1,21,8,0.009103,0.003468,0.000433
公子,昆仑,0.338306,2.619739,1,21,8,0.009103,0.003468,0.000433
公子,蹉跎,0.338306,2.619739,1,21,8,0.009103,0.003468,0.000433
宁知,忆昔,0.338306,2.619739,1,28,6,0.012137,0.002601,0.000433
宁知,茫茫,0.338306,2.619739,1,28,6,0.012137,0.002601,0.000433
尘埃,游子,0.338306,2.619739,1,14,12,0.006068,0.005202,0.000433
游子,马上,0.338306,2.619739,1,12,14,0.005202,0.006068,0.000433
尘埃,翡翠,0.338306,2.619739,1,14,12,0.006068,0.005202,0.000433
翡翠,马上,0.338306,2.619739,1,12,14,0.005202,0.006068,0.000433
丞相,美人,0.338306,2.619739,1,7,24,0.003034,0.010403,0.000433
圣人,尘埃,0.338306,2.619739,1,12,14,0.005202,0.006068,0.000433
尘埃,摇落,0.338306,2.619739,1,14,12,0.006068,0.005202,0.000433
尘埃,月满,0.338306,2.619739,1,14,12,0.006068,0.005202,0.000433
万物,白露,0.338306,2.619739,1,8,21,0.003468,0.009103,0.000433
单于,白露,0.338306,2.619739,1,8,21,0.003468,0.009103,0.000433
白露,须臾,0.338306,2.619739,1,21,8,0.009103,0.003468,0.000433
昆仑,白露,0.338306,2.619739,1,8,21,0.003468,0.009103,0.000433
万物,蛾眉,0.338306,2.619739,1,8,21,0.003468,0.009103,0.000433
天下,忆昔,0.338306,2.619739,1,28,6,0.012137,0.002601,0.000433
美人,骨肉,0.338306,2.619739,1,24,7,0.010403,0.003034,0.000433
圣人,马上,0.338306,2.619739,1,12,14,0.005202,0.006068,0.000433
昆仑,蛾眉,0.338306,2.619739,1,8,21,0.003468,0.009103,0.000433
蛾眉,蹉跎,0.338306,2.619739,1,21,8,0.009103,0.003468,0.000433
摇落,马上,0.338306,2.619739,1,12,14,0.005202,0.006068,0.000433
月满,马上,0.338306,2.619739,1,12,14,0.005202,0.006068,0.000433
婵娟,美人,0.338306,2.619739,1,7,24,0.003034,0.010403,0.000433
红尘,花飞,0.338306,2.619739,1,12,14,0.005202,0.006068,0.000433
无限,芳草,0.338306,2.619739,1,14,12,0.006068,0.005202,0.000433
无限,行乐,0.338306,2.619739,1,14,12,0.006068,0.005202,0.000433
乔木,白露,0.338306,2.619739,1,8,21,0.003468,0.009103,0.000433
乔木,岁月,0.338306,2.619739,1,8,21,0.003468,0.009103,0.000433
圣人,徘徊,0.338306,2.619739,1,12,14,0.005202,0.006068,0.000433
山中,莲花,0.338306,2.619739,1,14,12,0.006068,0.005202,0.000433
圣人,楼台,0.338306,2.619739,1,12,14,0.005202,0.006068,0.000433
天上,焚香,0.338306,2.619739,1,28,6,0.012137,0.002601,0.000433
主人,公子,0.338306,2.619739,1,8,21,0.003468,0.009103,0.000433
徘徊,游子,0.338306,2.619739,1,14,12,0.006068,0.005202,0.000433
徘徊,长沙,0.338306,2.619739,1,14,12,0.006068,0.005202,0.000433
天下,黄花,0.338306,2.619739,1,28,6,0.012137,0.002601,0.000433
月下,马上,0.338306,2.619739,1,12,14,0.005202,0.006068,0.000433
归路,走马,0.338306,2.619739,1,21,8,0.009103,0.003468,0.000433
流水,茫茫,0.338306,2.619739,1,28,6,0.012137,0.002601,0.000433
寒食,帝乡,0.338306,2.619739,1,8,21,0.003468,0.009103,0.000433
北阙,鹦鹉,0.338306,2.619739,1,14,12,0.006068,0.005202,0.000433
楼台,鹦鹉,0.338306,2.619739,1,14,12,0.006068,0.005202,0.000433
今年,归去,0.338306,2.619739,1,14,12,0.006068,0.005202,0.000433
今年,圣人,0.338306,2.619739,1,14,12,0.006068,0.005202,0.000433
今夜,北阙,0.338306,2.619739,1,12,14,0.005202,0.006068,0.000433
万年,天台,0.338306,2.619739,1,28,6,0.012137,0.002601,0.000433
天上,天台,0.338306,2.619739,1,28,6,0.012137,0.002601,0.000433
公子,走马,0.338306,2.619739,1,21,8,0.009103,0.003468,0.000433
流水,还家,0.338306,2.619739,1,28,6,0.012137,0.002601,0.000433
台上,流水,0.338306,2.619739,1,6,28,0.002601,0.012137,0.000433
城中,归路,0.338306,2.619739,1,8,21,0.003468,0.009103,0.000433
蛾眉,门前,0.338306,2.619739,1,21,8,0.009103,0.003468,0.000433
相识,草绿,0.338306,2.619739,1,14,12,0.006068,0.005202,0.000433
淹留,行乐,0.338306,2.619739,1,14,12,0.006068,0.005202,0.000433
叹息,相逢,0.338237,2.384761,2,25,17,0.010837,0.007369,0.000867
千载,千门,0.338237,2.384761,2,25,17,0.010837,0.007369,0.000867
叹息,意气,0.338237,2.384761,2,25,17,0.010837,0.007369,0.000867
人生,同心,0.337539,2.613805,1,13,13,0.005635,0.005635,0.000433
知己,金谷,0.337539,2.613805,1,13,13,0.005635,0.005635,0.000433
江南,知己,0.337539,2.613805,1,13,13,0.005635,0.005635,0.000433
北风,昔时,0.337539,2.613805,1,13,13,0.005635,0.005635,0.000433
月夜,绮罗,0.337539,2.613805,1,13,13,0.005635,0.005635,0.000433
昔时,柳色,0.337539,2.613805,1,13,13,0.005635,0.005635,0.000433
凤凰,未央,0.337446,2.145281,4,54,20,0.023407,0.008669,0.001734
君王,平生,0.337446,2.145281,4,24,45,0.010403,0.019506,0.001734
年年,西山,0.336909,2.375394,2,33,13,0.014304,0.005635,0.000867
相思,相送,0.336909,2.375394,2,33,13,0.014304,0.005635,0.000867
相思,金谷,0.336909,2.375394,2,33,13,0.014304,0.005635,0.000867
同心,落花,0.336909,2.375394,2,13,33,0.005635,0.014304,0.000867
相思,苦辛,0.336909,2.375394,2,33,13,0.014304,0.005635,0.000867
昔时,相思,0.336909,2.375394,2,13,33,0.005635,0.014304,0.000867
南山,昔时,0.336909,2.375394,2,33,13,0.014304,0.005635,0.000867
年年,江南,0.336909,2.375394,2,33,13,0.014304,0.005635,0.000867
伤心,参差,0.336909,2.375394,2,11,39,0.004768,0.016905,0.000867
南山,蓬莱,0.336909,2.375394,2,33,13,0.014304,0.005635,0.000867
百花,青门,0.336777,2.607905,1,10,17,0.004335,0.007369,0.000433
千门,百花,0.336777,2.607905,1,17,10,0.007369,0.004335,0.000433
生涯,相逢,0.336777,2.607905,1,10,17,0.004335,0.007369,0.000433
归来,生涯,0.336777,2.607905,1,17,10,0.007369,0.004335,0.000433
封侯,青门,0.336777,2.607905,1,10,17,0.004335,0.007369,0.000433
生涯,青门,0.336777,2.607905,1,10,17,0.004335,0.007369,0.000433
不归,落叶,0.336777,2.607905,1,17,10,0.007369,0.004335,0.000433
千门,落叶,0.336777,2.607905,1,17,10,0.007369,0.004335,0.000433
千门,花发,0.336777,2.607905,1,17,10,0.007369,0.004335,0.000433
千门,白马,0.336777,2.607905,1,17,10,0.007369,0.004335,0.000433
相逢,自言,0.336777,2.607905,1,17,10,0.007369,0.004335,0.000433
相逢,花发,0.336777,2.607905,1,17,10,0.007369,0.004335,0.000433
白马,相逢,0.336777,2.607905,1,10,17,0.004335,0.007369,0.000433
千门,清明,0.336777,2.607905,1,17,10,0.007369,0.004335,0.000433
携手,零落,0.336777,2.607905,1,17,10,0.007369,0.004335,0.000433
归来,零落,0.336777,2.607905,1,17,10,0.007369,0.004335,0.000433
南国,翠微,0.336777,2.607905,1,10,17,0.004335,0.007369,0.000433
猿啼,翠微,0.336777,2.607905,1,10,17,0.004335,0.007369,0.000433
不归,云飞,0.336777,2.607905,1,17,10,0.007369,0.004335,0.000433
路傍,青门,0.336777,2.607905,1,10,17,0.004335,0.007369,0.000433
携手,知音,0.336777,2.607905,1,17,10,0.007369,0.004335,0.000433
携手,路傍,0.336777,2.607905,1,17,10,0.007369,0.004335,0.000433
携手,故园,0.336777,2.607905,1,17,10,0.007369,0.004335,0.000433
相逢,路傍,0.336777,2.607905,1,17,10,0.007369,0.004335,0.000433
故园,相逢,0.336777,2.607905,1,10,17,0.004335,0.007369,0.000433
意气,江海,0.336777,2.607905,1,17,10,0.007369,0.004335,0.000433
别离,知音,0.336777,2.607905,1,17,10,0.007369,0.004335,0.000433
别离,风月,0.336777,2.607905,1,17,10,0.007369,0.004335,0.000433
意气,知音,0.336777,2.607905,1,17,10,0.007369,0.004335,0.000433
知音,青门,0.336777,2.607905,1,10,17,0.004335,0.007369,0.000433
梅花,知音,0.336777,2.607905,1,17,10,0.007369,0.004335,0.000433
意气,故园,0.336777,2.607905,1,17,10,0.007369,0.004335,0.000433
故园,青门,0.336777,2.607905,1,10,17,0.004335,0.007369,0.000433
故园,梅花,0.336777,2.607905,1,10,17,0.004335,0.007369,0.000433
花发,青门,0.336777,2.607905,1,10,17,0.004335,0.007369,0.000433
白马,青门,0.336777,2.607905,1,10,17,0.004335,0.007369,0.000433
青门,风月,0.336777,2.607905,1,17,10,0.007369,0.004335,0.000433
憔悴,青门,0.336777,2.607905,1,10,17,0.004335,0.007369,0.000433
梅花,白马,0.336777,2.607905,1,17,10,0.007369,0.004335,0.000433
梅花,风月,0.336777,2.607905,1,17,10,0.007369,0.004335,0.000433
憔悴,梅花,0.336777,2.607905,1,10,17,0.004335,0.007369,0.000433
梅花,经过,0.336777,2.607905,1,17,10,0.007369,0.004335,0.000433
去年,可怜,0.336777,2.607905,1,5,34,0.002167,0.014738,0.000433
别离,自言,0.336777,2.607905,1,17,10,0.007369,0.004335,0.000433
可怜,残月,0.336777,2.607905,1,34,5,0.014738,0.002167,0.000433
关河,意气,0.336777,2.607905,1,10,17,0.004335,0.007369,0.000433
关河,梅花,0.336777,2.607905,1,10,17,0.004335,0.007369,0.000433
千门,憔悴,0.336777,2.607905,1,17,10,0.007369,0.004335,0.000433
千门,生涯,0.336777,2.607905,1,17,10,0.007369,0.004335,0.000433
可怜,秋水,0.336777,2.607905,1,34,5,0.014738,0.002167,0.000433
归来,猿啼,0.336777,2.607905,1,17,10,0.007369,0.004335,0.000433
可怜,得意,0.336777,2.607905,1,34,5,0.014738,0.002167,0.000433
不归,封侯,0.336777,2.607905,1,17,10,0.007369,0.004335,0.000433
封侯,携手,0.336777,2.607905,1,10,17,0.004335,0.007369,0.000433
不归,昔日,0.336777,2.607905,1,17,10,0.007369,0.004335,0.000433
携手,昔日,0.336777,2.607905,1,17,10,0.007369,0.004335,0.000433
可怜,自古,0.336777,2.607905,1,34,5,0.014738,0.002167,0.000433
不归,萧条,0.336777,2.607905,1,17,10,0.007369,0.004335,0.000433
不归,自言,0.336777,2.607905,1,17,10,0.007369,0.004335,0.000433
携手,自言,0.336777,2.607905,1,17,10,0.007369,0.004335,0.000433
不归,湘水,0.336777,2.607905,1,17,10,0.007369,0.004335,0.000433
携手,湘水,0.336777,2.607905,1,17,10,0.007369,0.004335,0.000433
别离,文章,0.336777,2.607905,1,17,10,0.007369,0.004335,0.000433
岁寒,携手,0.336777,2.607905,1,10,17,0.004335,0.007369,0.000433
携手,苍梧,0.336777,2.607905,1,17,10,0.007369,0.004335,0.000433
关河,携手,0.336777,2.607905,1,10,17,0.004335,0.007369,0.000433
旌旗,梅花,0.336777,2.607905,1,10,17,0.004335,0.007369,0.000433
承恩,青门,0.336777,2.607905,1,10,17,0.004335,0.007369,0.000433
别离,岁寒,0.336777,2.607905,1,17,10,0.007369,0.004335,0.000433
归来,旌旗,0.336777,2.607905,1,17,10,0.007369,0.004335,0.000433
千门,天外,0.336777,2.607905,1,17,10,0.007369,0.004335,0.000433
南山,年年,0.33614,2.136982,4,33,33,0.014304,0.014304,0.001734
依然,烟霞,0.33602,2.60204,1,9,19,0.003901,0.008236,0.000433
王孙,纵横,0.33602,2.60204,1,9,19,0.003901,0.008236,0.000433
烟霞,王孙,0.33602,2.60204,1,19,9,0.008236,0.003901,0.000433
双飞,纵横,0.33602,2.60204,1,9,19,0.003901,0.008236,0.000433
大道,纵横,0.33602,2.60204,1,9,19,0.003901,0.008236,0.000433
寂寥,纵横,0.33602,2.60204,1,9,19,0.003901,0.008236,0.000433
千秋,圣主,0.33602,2.60204,1,19,9,0.008236,0.003901,0.000433
千秋,风雨,0.33602,2.60204,1,19,9,0.008236,0.003901,0.000433
公卿,千秋,0.33602,2.60204,1,9,19,0.003901,0.008236,0.000433
千秋,明日,0.33602,2.60204,1,19,9,0.008236,0.003901,0.000433
烟霞,闲居,0.33602,2.60204,1,19,9,0.008236,0.003901,0.000433
千秋,富贵,0.33602,2.60204,1,19,9,0.008236,0.003901,0.000433
千秋,登临,0.33602,2.60204,1,19,9,0.008236,0.003901,0.000433
烟霞,衣冠,0.33602,2.60204,1,19,9,0.008236,0.003901,0.000433
烟霞,飘飖,0.33602,2.60204,1,19,9,0.008236,0.003901,0.000433
烟霞,高秋,0.33602,2.60204,1,19,9,0.008236,0.003901,0.000433
烟霞,竹林,0.33602,2.60204,1,19,9,0.008236,0.003901,0.000433
佳期,烟霞,0.33602,2.60204,1,9,19,0.003901,0.008236,0.000433
昨夜,烟霞,0.33602,2.60204,1,9,19,0.003901,0.008236,0.000433
纵横,衣冠,0.33602,2.60204,1,19,9,0.008236,0.003901,0.000433
纵横,飘飖,0.33602,2.60204,1,19,9,0.008236,0.003901,0.000433
纵横,高秋,0.33602,2.60204,1,19,9,0.008236,0.003901,0.000433
竹林,纵横,0.33602,2.60204,1,9,19,0.003901,0.008236,0.000433
佳期,纵横,0.33602,2.60204,1,9,19,0.003901,0.008236,0.000433
昨夜,纵横,0.33602,2.60204,1,9,19,0.003901,0.008236,0.000433
纵横,肠断,0.33602,2.60204,1,19,9,0.008236,0.003901,0.000433
分明,纵横,0.33602,2.60204,1,9,19,0.003901,0.008236,0.000433
怅望,纵横,0.33602,2.60204,1,9,19,0.003901,0.008236,0.000433
纵横,闲居,0.33602,2.60204,1,19,9,0.008236,0.003901,0.000433
纵横,车马,0.33602,2.60204,1,19,9,0.008236,0.003901,0.000433
月明,风雨,0.33602,2.60204,1,19,9,0.008236,0.003901,0.000433
月明,高秋,0.33602,2.60204,1,19,9,0.008236,0.003901,0.000433
今夜,春风,0.33592,2.368425,2,12,36,0.005202,0.015605,0.000867
春风,迢递,0.33592,2.368425,2,36,12,0.015605,0.005202,0.000867
凤凰,玲珑,0.33592,2.368425,2,54,8,0.023407,0.003468,0.000867
氛氲,芙蓉,0.33592,2.368425,2,24,18,0.010403,0.007802,0.000867
君王,登高,0.33592,2.368425,2,24,18,0.010403,0.007802,0.000867
洞庭,登高,0.33592,2.368425,2,24,18,0.010403,0.007802,0.000867
万古,凤凰,0.33592,2.368425,2,8,54,0.003468,0.023407,0.000867
凤凰,百尺,0.33592,2.368425,2,54,8,0.023407,0.003468,0.000867
凤凰,千万,0.33592,2.368425,2,54,8,0.023407,0.003468,0.000867
将军,迢递,0.33592,2.368425,2,36,12,0.015605,0.005202,0.000867
君王,月照,0.33592,2.368425,2,24,18,0.010403,0.007802,0.000867
将军,朝朝,0.33592,2.368425,2,36,12,0.015605,0.005202,0.000867
凤凰,夜长,0.33592,2.368425,2,54,8,0.023407,0.003468,0.000867
君王,芙蓉,0.33592,2.368425,2,24,18,0.010403,0.007802,0.000867
裴回,迢递,0.33592,2.368425,2,36,12,0.015605,0.005202,0.000867
春色,青楼,0.335265,2.363806,2,31,14,0.013437,0.006068,0.000867
春色,相识,0.335265,2.363806,2,31,14,0.013437,0.006068,0.000867
今日,烟波,0.335265,2.363806,2,62,7,0.026875,0.003034,0.000867
芳菲,青楼,0.335265,2.363806,2,31,14,0.013437,0.006068,0.000867
今年,春色,0.335265,2.363806,2,14,31,0.006068,0.013437,0.000867
今日,风流,0.335265,2.363806,2,62,7,0.026875,0.003034,0.000867
相识,芳菲,0.335265,2.363806,2,14,31,0.006068,0.013437,0.000867
关山,少年,0.335265,2.363806,2,31,14,0.013437,0.006068,0.000867
关山,马上,0.335265,2.363806,2,31,14,0.013437,0.006068,0.000867
云间,桃李,0.334939,2.361504,2,15,29,0.006502,0.01257,0.000867
宛转,桃李,0.334939,2.361504,2,15,29,0.006502,0.01257,0.000867
千年,君子,0.334939,2.361504,2,29,15,0.01257,0.006502,0.000867
人间,千年,0.334939,2.361504,2,15,29,0.006502,0.01257,0.000867
千秋,桃花,0.334288,2.356917,2,19,23,0.008236,0.00997,0.000867
桃李,萧索,0.333774,2.584648,1,29,6,0.01257,0.002601,0.000433
桃李,羽翼,0.333774,2.584648,1,29,6,0.01257,0.002601,0.000433
朱门,桃李,0.333774,2.584648,1,6,29,0.002601,0.01257,0.000433
垂杨,桃李,0.333774,2.584648,1,6,29,0.002601,0.01257,0.000433
桃李,金陵,0.333774,2.584648,1,29,6,0.01257,0.002601,0.000433
千年,相亲,0.333774,2.584648,1,29,6,0.01257,0.002601,0.000433
千年,相寻,0.333774,2.584648,1,29,6,0.01257,0.002601,0.000433
桃李,相亲,0.333774,2.584648,1,29,6,0.01257,0.002601,0.000433
桃李,青苔,0.333774,2.584648,1,29,6,0.01257,0.002601,0.000433
桃李,茫茫,0.333774,2.584648,1,29,6,0.01257,0.002601,0.000433
千年,焚香,0.333774,2.584648,1,29,6,0.01257,0.002601,0.000433
长安,高台,0.333318,2.350076,2,40,11,0.017339,0.004768,0.000867
天子,黄河,0.333318,2.350076,2,55,8,0.02384,0.003468,0.000867
天子,走马,0.333318,2.350076,2,55,8,0.02384,0.003468,0.000867
汉家,鸳鸯,0.333318,2.350076,2,22,20,0.009536,0.008669,0.000867
汉家,海上,0.333318,2.350076,2,22,20,0.009536,0.008669,0.000867
天涯,长安,0.333318,2.350076,2,11,40,0.004768,0.017339,0.000867
天子,行路,0.333318,2.350076,2,55,8,0.02384,0.003468,0.000867
天子,路难,0.333318,2.350076,2,55,8,0.02384,0.003468,0.000867
千万,天子,0.333318,2.350076,2,8,55,0.003468,0.02384,0.000867
太平,长安,0.333318,2.350076,2,11,40,0.004768,0.017339,0.000867
海上,自怜,0.333318,2.350076,2,20,22,0.008669,0.009536,0.000867
天子,颜色,0.333318,2.350076,2,55,8,0.02384,0.003468,0.000867
天子,须臾,0.333318,2.350076,2,55,8,0.02384,0.003468,0.000867
天子,昆仑,0.333318,2.350076,2,55,8,0.02384,0.003468,0.000867
巫山,青春,0.333318,2.350076,2,22,20,0.009536,0.008669,0.000867
将军,蛾眉,0.33322,2.214274,3,36,21,0.015605,0.009103,0.0013
天下,日月,0.33322,2.214274,3,28,27,0.012137,0.011704,0.0013
芳树,风波,0.333034,2.578917,1,25,7,0.010837,0.003034,0.000433
烟波,芳树,0.333034,2.578917,1,7,25,0.003034,0.010837,0.000433
婵娟,芳树,0.333034,2.578917,1,7,25,0.003034,0.010837,0.000433
芳树,马蹄,0.333034,2.578917,1,25,7,0.010837,0.003034,0.000433
芳树,雨雪,0.333034,2.578917,1,25,7,0.010837,0.003034,0.000433
去年,神仙,0.333034,2.578917,1,5,35,0.002167,0.015171,0.000433
丞相,千载,0.333034,2.578917,1,7,25,0.003034,0.010837,0.000433
千载,骨肉,0.333034,2.578917,1,25,7,0.010837,0.003034,0.000433
叹息,咸阳,0.333034,2.578917,1,25,7,0.010837,0.003034,0.000433
世上,神仙,0.333034,2.578917,1,5,35,0.002167,0.015171,0.000433
千载,暮雨,0.333034,2.578917,1,25,7,0.010837,0.003034,0.000433
千载,池上,0.333034,2.578917,1,25,7,0.010837,0.003034,0.000433
秋风,绿水,0.332996,2.347806,2,49,9,0.02124,0.003901,0.000867
佳期,秋风,0.332996,2.347806,2,9,49,0.003901,0.02124,0.000867
蛾眉,风光,0.332996,2.347806,2,21,21,0.009103,0.009103,0.000867
富贵,秋风,0.332996,2.347806,2,9,49,0.003901,0.02124,0.000867
双飞,秋风,0.332996,2.347806,2,9,49,0.003901,0.02124,0.000867
万国,花落,0.332675,2.345541,2,17,26,0.007369,0.01127,0.000867
他乡,青门,0.332675,2.345541,2,26,17,0.01127,0.007369,0.000867
意气,百年,0.332675,2.345541,2,17,26,0.007369,0.01127,0.000867
梅花,百年,0.332675,2.345541,2,17,26,0.007369,0.01127,0.000867
可怜,金谷,0.332675,2.345541,2,34,13,0.014738,0.005635,0.000867
可怜,西山,0.332675,2.345541,2,34,13,0.014738,0.005635,0.000867
相思,风尘,0.332624,2.210314,3,33,23,0.014304,0.00997,0.0013
海上,风吹,0.332425,2.208997,3,20,38,0.008669,0.016472,0.0013
双阙,落日,0.332298,2.573219,1,8,22,0.003468,0.009536,0.000433
行人,逶迤,0.332298,2.573219,1,11,16,0.004768,0.006935,0.000433
山下,独坐,0.332298,2.573219,1,16,11,0.006935,0.004768,0.000433
仙人,莺啼,0.332298,2.573219,1,22,8,0.009536,0.003468,0.000433
相望,青松,0.332298,2.573219,1,16,11,0.006935,0.004768,0.000433
白玉,相望,0.332298,2.573219,1,11,16,0.004768,0.006935,0.000433
太平,逶迤,0.332298,2.573219,1,11,16,0.004768,0.006935,0.000433
太平,春来,0.332298,2.573219,1,11,16,0.004768,0.006935,0.000433
夜月,思君,0.332298,2.573219,1,11,16,0.004768,0.006935,0.000433
笙歌,自怜,0.332298,2.573219,1,8,22,0.003468,0.009536,0.000433
走马,闻道,0.332298,2.573219,1,8,22,0.003468,0.009536,0.000433
河汉,浮云,0.332298,2.573219,1,8,22,0.003468,0.009536,0.000433
逶迤,阳城,0.332298,2.573219,1,16,11,0.006935,0.004768,0.000433
今朝,城中,0.332298,2.573219,1,22,8,0.009536,0.003468,0.000433
汉家,莺啼,0.332298,2.573219,1,22,8,0.009536,0.003468,0.000433
莺啼,落日,0.332298,2.573219,1,8,22,0.003468,0.009536,0.000433
单于,汉家,0.332298,2.573219,1,8,22,0.003468,0.009536,0.000433
断肠,汉家,0.332298,2.573219,1,8,22,0.003468,0.009536,0.000433
山下,松柏,0.332298,2.573219,1,16,11,0.006935,0.004768,0.000433
乔木,闻道,0.332298,2.573219,1,8,22,0.003468,0.009536,0.000433
当时,黄金,0.332298,2.573219,1,8,22,0.003468,0.009536,0.000433
当时,汉家,0.332298,2.573219,1,8,22,0.003468,0.009536,0.000433
南宫,黄金,0.332298,2.573219,1,8,22,0.003468,0.009536,0.000433
南宫,浮云,0.332298,2.573219,1,8,22,0.003468,0.009536,0.000433
浮云,须臾,0.332298,2.573219,1,22,8,0.009536,0.003468,0.000433
南宫,汉家,0.332298,2.573219,1,8,22,0.003468,0.009536,0.000433
伤心,春来,0.332298,2.573219,1,11,16,0.004768,0.006935,0.000433
春来,桃源,0.332298,2.573219,1,16,11,0.006935,0.004768,0.000433
春来,龙门,0.332298,2.573219,1,16,11,0.006935,0.004768,0.000433
春来,独坐,0.332298,2.573219,1,16,11,0.006935,0.004768,0.000433
当时,落日,0.332298,2.573219,1,8,22,0.003468,0.009536,0.000433
思君,独坐,0.332298,2.573219,1,16,11,0.006935,0.004768,0.000433
独坐,相望,0.332298,2.573219,1,11,16,0.004768,0.006935,0.000433
日照,春来,0.332298,2.573219,1,11,16,0.004768,0.006935,0.000433
御沟,日照,0.332298,2.573219,1,16,11,0.006935,0.004768,0.000433
思归,落日,0.332298,2.573219,1,8,22,0.003468,0.009536,0.000433
秋色,路长,0.332298,2.573219,1,11,16,0.004768,0.006935,0.000433
君心,巫山,0.332298,2.573219,1,8,22,0.003468,0.009536,0.000433
千万,巫山,0.332298,2.573219,1,8,22,0.003468,0.009536,0.000433
君心,黄金,0.332298,2.573219,1,8,22,0.003468,0.009536,0.000433
千万,黄金,0.332298,2.573219,1,8,22,0.003468,0.009536,0.000433
巫山,河汉,0.332298,2.573219,1,22,8,0.009536,0.003468,0.000433
东流,夜月,0.332298,2.573219,1,16,11,0.006935,0.004768,0.000433
仙人,笙歌,0.332298,2.573219,1,22,8,0.009536,0.003468,0.000433
白头,高楼,0.332298,2.573219,1,16,11,0.006935,0.004768,0.000433
春草,白头,0.332298,2.573219,1,11,16,0.004768,0.006935,0.000433
思君,行人,0.332298,2.573219,1,16,11,0.006935,0.004768,0.000433
明年,春草,0.332298,2.573219,1,16,11,0.006935,0.004768,0.000433
今朝,走马,0.332298,2.573219,1,22,8,0.009536,0.003468,0.000433
回首,日照,0.332298,2.573219,1,16,11,0.006935,0.004768,0.000433
闻道,颜色,0.332298,2.573219,1,22,8,0.009536,0.003468,0.000433
颜色,黄金,0.332298,2.573219,1,8,22,0.003468,0.009536,0.000433
巫山,颜色,0.332298,2.573219,1,22,8,0.009536,0.003468,0.000433
瑶池,白玉,0.332298,2.573219,1,16,11,0.006935,0.004768,0.000433
日晚,逶迤,0.332298,2.573219,1,11,16,0.004768,0.006935,0.000433
日晚,瑶池,0.332298,2.573219,1,11,16,0.004768,0.006935,0.000433
万物,闻道,0.332298,2.573219,1,8,22,0.003468,0.009536,0.000433
单于,闻道,0.332298,2.573219,1,8,22,0.003468,0.009536,0.000433
闻道,须臾,0.332298,2.573219,1,22,8,0.009536,0.003468,0.000433
昆仑,闻道,0.332298,2.573219,1,8,22,0.003468,0.009536,0.000433
蹉跎,闻道,0.332298,2.573219,1,8,22,0.003468,0.009536,0.000433
万物,黄金,0.332298,2.573219,1,8,22,0.003468,0.009536,0.000433
万物,巫山,0.332298,2.573219,1,8,22,0.003468,0.009536,0.000433
单于,黄金,0.332298,2.573219,1,8,22,0.003468,0.009536,0.000433
单于,巫山,0.332298,2.573219,1,8,22,0.003468,0.009536,0.000433
巫山,须臾,0.332298,2.573219,1,22,8,0.009536,0.003468,0.000433
昆仑,黄金,0.332298,2.573219,1,8,22,0.003468,0.009536,0.000433
蹉跎,黄金,0.332298,2.573219,1,8,22,0.003468,0.009536,0.000433
巫山,蹉跎,0.332298,2.573219,1,22,8,0.009536,0.003468,0.000433
乔木,黄金,0.332298,2.573219,1,8,22,0.003468,0.009536,0.000433
寒食,汉家,0.332298,2.573219,1,8,22,0.003468,0.009536,0.000433
日照,明年,0.332298,2.573219,1,11,16,0.004768,0.006935,0.000433
闻道,陌上,0.332298,2.573219,1,22,8,0.009536,0.003468,0.000433
巫山,思归,0.332298,2.573219,1,22,8,0.009536,0.003468,0.000433
回首,青松,0.332298,2.573219,1,16,11,0.006935,0.004768,0.000433
夜月,春来,0.332298,2.573219,1,11,16,0.004768,0.006935,0.000433
回首,高台,0.332298,2.573219,1,16,11,0.006935,0.004768,0.000433
君恩,春来,0.332298,2.573219,1,11,16,0.004768,0.006935,0.000433
含情,春来,0.332298,2.573219,1,11,16,0.004768,0.006935,0.000433
相知,黄金,0.332298,2.573219,1,8,22,0.003468,0.009536,0.000433
明年,秋色,0.332298,2.573219,1,16,11,0.006935,0.004768,0.000433
天涯,明年,0.332298,2.573219,1,11,16,0.004768,0.006935,0.000433
城中,落日,0.332298,2.573219,1,8,22,0.003468,0.009536,0.000433
杨柳,迢递,0.332034,2.341026,2,37,12,0.016038,0.005202,0.000867
朝朝,杨柳,0.332034,2.341026,2,12,37,0.005202,0.016038,0.000867
杨柳,草绿,0.332034,2.341026,2,37,12,0.016038,0.005202,0.000867
万里,孤城,0.331715,2.338776,2,89,5,0.038578,0.002167,0.000867
万里,潇湘,0.331715,2.338776,2,89,5,0.038578,0.002167,0.000867
万里,衣裳,0.331715,2.338776,2,89,5,0.038578,0.002167,0.000867
可怜,年年,0.331445,2.10713,4,34,33,0.014738,0.014304,0.001734
洛阳,浮云,0.331445,2.10713,4,51,22,0.022107,0.009536,0.001734
楼上,洛阳,0.331439,2.20244,3,15,51,0.006502,0.022107,0.0013
叹息,平生,0.331025,2.104459,4,25,45,0.010837,0.019506,0.001734
万里,长江,0.330839,2.56192,1,89,2,0.038578,0.000867,0.000433
万里,新月,0.330839,2.56192,1,89,2,0.038578,0.000867,0.000433
万里,夜雨,0.330839,2.56192,1,89,2,0.038578,0.000867,0.000433
万里,咫尺,0.330839,2.56192,1,89,2,0.038578,0.000867,0.000433
千金,马上,0.330762,2.332057,2,32,14,0.013871,0.006068,0.000867
千金,少年,0.330762,2.332057,2,32,14,0.013871,0.006068,0.000867
万年,东流,0.330762,2.332057,2,28,16,0.012137,0.006935,0.000867
天上,逶迤,0.330762,2.332057,2,28,16,0.012137,0.006935,0.000867
氛氲,白云,0.330546,1.91644,7,24,99,0.010403,0.042913,0.003034
汉家,神仙,0.330458,2.195925,3,22,35,0.009536,0.015171,0.0013
天子,马上,0.330458,2.195925,3,55,14,0.02384,0.006068,0.0013
游人,风烟,0.33013,2.327603,2,15,30,0.006502,0.013004,0.000867
平生,湘水,0.33013,2.327603,2,45,10,0.019506,0.004335,0.000867
佳人,芳树,0.33013,2.327603,2,18,25,0.007802,0.010837,0.000867
古来,花开,0.33013,2.327603,2,18,25,0.007802,0.010837,0.000867
古来,芳树,0.33013,2.327603,2,18,25,0.007802,0.010837,0.000867
山川,生死,0.33013,2.327603,2,50,9,0.021673,0.003901,0.000867
千载,古来,0.33013,2.327603,2,25,18,0.010837,0.007802,0.000867
凤凰,帝乡,0.329771,2.096491,4,54,21,0.023407,0.009103,0.001734
叹息,春色,0.329484,2.189453,3,25,31,0.010837,0.013437,0.0013
平生,鸟飞,0.329396,2.550746,1,45,4,0.019506,0.001734,0.000433
沧海,芙蓉,0.329396,2.550746,1,10,18,0.004335,0.007802,0.000433
湘水,芙蓉,0.329396,2.550746,1,10,18,0.004335,0.007802,0.000433
离别,翡翠,0.329396,2.550746,1,15,12,0.006502,0.005202,0.000433
羽翼,风烟,0.329396,2.550746,1,6,30,0.002601,0.013004,0.000433
白发,花前,0.329396,2.550746,1,18,10,0.007802,0.004335,0.000433
古人,白发,0.329396,2.550746,1,10,18,0.004335,0.007802,0.000433
岐路,绿水,0.329396,2.550746,1,20,9,0.008669,0.003901,0.000433
今已,未央,0.329396,2.550746,1,9,20,0.003901,0.008669,0.000433
宛转,月下,0.329396,2.550746,1,15,12,0.006502,0.005202,0.000433
东南,宛转,0.329396,2.550746,1,12,15,0.005202,0.006502,0.000433
王孙,鸳鸯,0.329396,2.550746,1,9,20,0.003901,0.008669,0.000433
故乡,殷勤,0.329396,2.550746,1,18,10,0.007802,0.004335,0.000433
故乡,故园,0.329396,2.550746,1,18,10,0.007802,0.004335,0.000433
岐路,清晨,0.329396,2.550746,1,20,9,0.008669,0.003901,0.000433
清晨,鸳鸯,0.329396,2.550746,1,9,20,0.003901,0.008669,0.000433
佳人,路傍,0.329396,2.550746,1,18,10,0.007802,0.004335,0.000433
江上,车马,0.329396,2.550746,1,20,9,0.008669,0.003901,0.000433
无力,裴回,0.329396,2.550746,1,5,36,0.002167,0.015605,0.000433
双飞,鸳鸯,0.329396,2.550746,1,9,20,0.003901,0.008669,0.000433
春风,楼前,0.329396,2.550746,1,36,5,0.015605,0.002167,0.000433
自言,芙蓉,0.329396,2.550746,1,10,18,0.004335,0.007802,0.000433
芙蓉,花发,0.329396,2.550746,1,18,10,0.007802,0.004335,0.000433
白马,芙蓉,0.329396,2.550746,1,10,18,0.004335,0.007802,0.000433
寂寥,鸳鸯,0.329396,2.550746,1,9,20,0.003901,0.008669,0.000433
人间,辛苦,0.329396,2.550746,1,15,12,0.006502,0.005202,0.000433
圣主,未央,0.329396,2.550746,1,9,20,0.003901,0.008669,0.000433
摇落,日落,0.329396,2.550746,1,12,15,0.005202,0.006502,0.000433
日落,迢递,0.329396,2.550746,1,15,12,0.006502,0.005202,0.000433
日落,江山,0.329396,2.550746,1,15,12,0.006502,0.005202,0.000433
知音,镜中,0.329396,2.550746,1,10,18,0.004335,0.007802,0.000433
寒山,裴回,0.329396,2.550746,1,5,36,0.002167,0.015605,0.000433
君子,菊花,0.329396,2.550746,1,15,12,0.006502,0.005202,0.000433
光辉,相亲,0.329396,2.550746,1,30,6,0.013004,0.002601,0.000433
衣冠,阳春,0.329396,2.550746,1,9,20,0.003901,0.008669,0.000433
凉风,鸳鸯,0.329396,2.550746,1,9,20,0.003901,0.008669,0.000433
佳人,故园,0.329396,2.550746,1,18,10,0.007802,0.004335,0.000433
紫微,行乐,0.329396,2.550746,1,15,12,0.006502,0.005202,0.000433
分明,阳春,0.329396,2.550746,1,9,20,0.003901,0.008669,0.000433
天外,白发,0.329396,2.550746,1,10,18,0.004335,0.007802,0.000433
天外,登高,0.329396,2.550746,1,10,18,0.004335,0.007802,0.000433
江海,镜中,0.329396,2.550746,1,10,18,0.004335,0.007802,0.000433
白马,镜中,0.329396,2.550746,1,10,18,0.004335,0.007802,0.000433
路傍,镜中,0.329396,2.550746,1,10,18,0.004335,0.007802,0.000433
阳春,鱼龙,0.329396,2.550746,1,20,9,0.008669,0.003901,0.000433
岐路,鱼龙,0.329396,2.550746,1,20,9,0.008669,0.003901,0.000433
依然,江上,0.329396,2.550746,1,9,20,0.003901,0.008669,0.000433
云间,月下,0.329396,2.550746,1,15,12,0.006502,0.005202,0.000433
云间,朝朝,0.329396,2.550746,1,15,12,0.006502,0.005202,0.000433
云间,物外,0.329396,2.550746,1,15,12,0.006502,0.005202,0.000433
日落,朝朝,0.329396,2.550746,1,15,12,0.006502,0.005202,0.000433
月光,游人,0.329396,2.550746,1,12,15,0.005202,0.006502,0.000433
花发,镜中,0.329396,2.550746,1,10,18,0.004335,0.007802,0.000433
九重,鸡鸣,0.329396,2.550746,1,20,9,0.008669,0.003901,0.000433
君子,莲花,0.329396,2.550746,1,15,12,0.006502,0.005202,0.000433
宛转,翡翠,0.329396,2.550746,1,15,12,0.006502,0.005202,0.000433
旌旗,登高,0.329396,2.550746,1,10,18,0.004335,0.007802,0.000433
光辉,朱门,0.329396,2.550746,1,30,6,0.013004,0.002601,0.000433
自然,镜中,0.329396,2.550746,1,10,18,0.004335,0.007802,0.000433
君子,寂寞,0.329396,2.550746,1,15,12,0.006502,0.005202,0.000433
南北,平生,0.329396,2.550746,1,4,45,0.001734,0.019506,0.000433
寂寥,阳春,0.329396,2.550746,1,9,20,0.003901,0.008669,0.000433
岐路,生死,0.329396,2.550746,1,20,9,0.008669,0.003901,0.000433
海上,生死,0.329396,2.550746,1,20,9,0.008669,0.003901,0.000433
承恩,故乡,0.329396,2.550746,1,10,18,0.004335,0.007802,0.000433
万户,将军,0.329396,2.550746,1,5,36,0.002167,0.015605,0.000433
使君,将军,0.329396,2.550746,1,5,36,0.002167,0.015605,0.000433
九重,大道,0.329396,2.550746,1,20,9,0.008669,0.003901,0.000433
古来,经过,0.329396,2.550746,1,18,10,0.007802,0.004335,0.000433
白发,知音,0.329396,2.550746,1,18,10,0.007802,0.004335,0.000433
登高,知音,0.329396,2.550746,1,18,10,0.007802,0.004335,0.000433
故园,白发,0.329396,2.550746,1,10,18,0.004335,0.007802,0.000433
丈夫,无穷,0.329396,2.550746,1,12,15,0.005202,0.006502,0.000433
丈夫,白首,0.329396,2.550746,1,12,15,0.005202,0.006502,0.000433
叶落,裴回,0.329396,2.550746,1,5,36,0.002167,0.015605,0.000433
寂寞,无穷,0.329396,2.550746,1,12,15,0.005202,0.006502,0.000433
寂寞,白首,0.329396,2.550746,1,12,15,0.005202,0.006502,0.000433
东南,无穷,0.329396,2.550746,1,12,15,0.005202,0.006502,0.000433
东南,白首,0.329396,2.550746,1,12,15,0.005202,0.006502,0.000433
登高,自言,0.329396,2.550746,1,18,10,0.007802,0.004335,0.000433
白发,花发,0.329396,2.550746,1,18,10,0.007802,0.004335,0.000433
白发,白马,0.329396,2.550746,1,18,10,0.007802,0.004335,0.000433
白发,风月,0.329396,2.550746,1,18,10,0.007802,0.004335,0.000433
憔悴,白发,0.329396,2.550746,1,10,18,0.004335,0.007802,0.000433
白发,经过,0.329396,2.550746,1,18,10,0.007802,0.004335,0.000433
登高,花发,0.329396,2.550746,1,18,10,0.007802,0.004335,0.000433
登高,白马,0.329396,2.550746,1,18,10,0.007802,0.004335,0.000433
登高,风月,0.329396,2.550746,1,18,10,0.007802,0.004335,0.000433
憔悴,登高,0.329396,2.550746,1,10,18,0.004335,0.007802,0.000433
登高,经过,0.329396,2.550746,1,18,10,0.007802,0.004335,0.000433
今夜,楼上,0.329396,2.550746,1,12,15,0.005202,0.006502,0.000433
今夜,无穷,0.329396,2.550746,1,12,15,0.005202,0.006502,0.000433
人间,今夜,0.329396,2.550746,1,15,12,0.006502,0.005202,0.000433
楼上,迢递,0.329396,2.550746,1,15,12,0.006502,0.005202,0.000433
楼上,鹦鹉,0.329396,2.550746,1,15,12,0.006502,0.005202,0.000433
朝朝,楼上,0.329396,2.550746,1,12,15,0.005202,0.006502,0.000433
去年,裴回,0.329396,2.550746,1,5,36,0.002167,0.015605,0.000433
残月,裴回,0.329396,2.550746,1,5,36,0.002167,0.015605,0.000433
无穷,鹦鹉,0.329396,2.550746,1,15,12,0.006502,0.005202,0.000433
人间,迢递,0.329396,2.550746,1,15,12,0.006502,0.005202,0.000433
人间,鹦鹉,0.329396,2.550746,1,15,12,0.006502,0.005202,0.000433
人间,朝朝,0.329396,2.550746,1,15,12,0.006502,0.005202,0.000433
别后,白首,0.329396,2.550746,1,12,15,0.005202,0.006502,0.000433
岐路,怅望,0.329396,2.550746,1,20,9,0.008669,0.003901,0.000433
将军,秋水,0.329396,2.550746,1,36,5,0.015605,0.002167,0.000433
古木,月照,0.329396,2.550746,1,10,18,0.004335,0.007802,0.000433
九重,寂寥,0.329396,2.550746,1,20,9,0.008669,0.003901,0.000433
丈夫,人间,0.329396,2.550746,1,12,15,0.005202,0.006502,0.000433
人间,归去,0.329396,2.550746,1,15,12,0.006502,0.005202,0.000433
宛转,迢递,0.329396,2.550746,1,15,12,0.006502,0.005202,0.000433
将军,百里,0.329396,2.550746,1,36,5,0.015605,0.002167,0.000433
平生,秋天,0.329396,2.550746,1,45,4,0.019506,0.001734,0.000433
东山,归去,0.329396,2.550746,1,15,12,0.006502,0.005202,0.000433
白首,草绿,0.329396,2.550746,1,15,12,0.006502,0.005202,0.000433
白首,辛苦,0.329396,2.550746,1,15,12,0.006502,0.005202,0.000433
草绿,青云,0.329396,2.550746,1,12,15,0.005202,0.006502,0.000433
东南,青云,0.329396,2.550746,1,12,15,0.005202,0.006502,0.000433
月下,青云,0.329396,2.550746,1,12,15,0.005202,0.006502,0.000433
游子,青云,0.329396,2.550746,1,12,15,0.005202,0.006502,0.000433
红粉,青云,0.329396,2.550746,1,12,15,0.005202,0.006502,0.000433
平生,清净,0.329396,2.550746,1,45,4,0.019506,0.001734,0.000433
平生,诸侯,0.329396,2.550746,1,45,4,0.019506,0.001734,0.000433
平生,玉堂,0.329396,2.550746,1,45,4,0.019506,0.001734,0.000433
佳人,封侯,0.329396,2.550746,1,18,10,0.007802,0.004335,0.000433
佳人,昔日,0.329396,2.550746,1,18,10,0.007802,0.004335,0.000433
佳人,萧条,0.329396,2.550746,1,18,10,0.007802,0.004335,0.000433
佳人,自言,0.329396,2.550746,1,18,10,0.007802,0.004335,0.000433
佳人,湘水,0.329396,2.550746,1,18,10,0.007802,0.004335,0.000433
古来,封侯,0.329396,2.550746,1,18,10,0.007802,0.004335,0.000433
封侯,故乡,0.329396,2.550746,1,10,18,0.004335,0.007802,0.000433
封侯,白发,0.329396,2.550746,1,10,18,0.004335,0.007802,0.000433
游子,白首,0.329396,2.550746,1,12,15,0.005202,0.006502,0.000433
无穷,游子,0.329396,2.550746,1,15,12,0.006502,0.005202,0.000433
白首,翡翠,0.329396,2.550746,1,15,12,0.006502,0.005202,0.000433
无穷,翡翠,0.329396,2.550746,1,15,12,0.006502,0.005202,0.000433
古来,萧条,0.329396,2.550746,1,18,10,0.007802,0.004335,0.000433
古来,湘水,0.329396,2.550746,1,18,10,0.007802,0.004335,0.000433
故乡,昔日,0.329396,2.550746,1,18,10,0.007802,0.004335,0.000433
昔日,白发,0.329396,2.550746,1,10,18,0.004335,0.007802,0.000433
故乡,萧条,0.329396,2.550746,1,18,10,0.007802,0.004335,0.000433
故乡,湘水,0.329396,2.550746,1,18,10,0.007802,0.004335,0.000433
白发,萧条,0.329396,2.550746,1,18,10,0.007802,0.004335,0.000433
圣人,白首,0.329396,2.550746,1,12,15,0.005202,0.006502,0.000433
圣人,无穷,0.329396,2.550746,1,12,15,0.005202,0.006502,0.000433
湘水,白发,0.329396,2.550746,1,10,18,0.004335,0.007802,0.000433
月满,白首,0.329396,2.550746,1,12,15,0.005202,0.006502,0.000433
怅望,海上,0.329396,2.550746,1,9,20,0.003901,0.008669,0.000433
怅望,青春,0.329396,2.550746,1,9,20,0.003901,0.008669,0.000433
摇落,无穷,0.329396,2.550746,1,12,15,0.005202,0.006502,0.000433
无穷,月满,0.329396,2.550746,1,15,12,0.006502,0.005202,0.000433
富贵,海上,0.329396,2.550746,1,9,20,0.003901,0.008669,0.000433
富贵,青春,0.329396,2.550746,1,9,20,0.003901,0.008669,0.000433
古木,故乡,0.329396,2.550746,1,10,18,0.004335,0.007802,0.000433
交亲,平生,0.329396,2.550746,1,4,45,0.001734,0.019506,0.000433
圣人,青云,0.329396,2.550746,1,12,15,0.005202,0.006502,0.000433
人间,寂寞,0.329396,2.550746,1,15,12,0.006502,0.005202,0.000433
日落,红尘,0.329396,2.550746,1,15,12,0.006502,0.005202,0.000433
九重,人心,0.329396,2.550746,1,20,9,0.008669,0.003901,0.000433
江上,逍遥,0.329396,2.550746,1,20,9,0.008669,0.003901,0.000433
海上,逍遥,0.329396,2.550746,1,20,9,0.008669,0.003901,0.000433
君子,鹦鹉,0.329396,2.550746,1,15,12,0.006502,0.005202,0.000433
富贵,鸳鸯,0.329396,2.550746,1,9,20,0.003901,0.008669,0.000433
圣人,紫微,0.329396,2.550746,1,12,15,0.005202,0.006502,0.000433
紫微,红粉,0.329396,2.550746,1,15,12,0.006502,0.005202,0.000433
光辉,焚香,0.329396,2.550746,1,30,6,0.013004,0.002601,0.000433
九重,依然,0.329396,2.550746,1,20,9,0.008669,0.003901,0.000433
平生,马嘶,0.329396,2.550746,1,45,4,0.019506,0.001734,0.000433
管弦,鹦鹉,0.329396,2.550746,1,15,12,0.006502,0.005202,0.000433
光辉,送客,0.329396,2.550746,1,30,6,0.013004,0.002601,0.000433
云间,长沙,0.329396,2.550746,1,15,12,0.006502,0.005202,0.000433
生涯,镜中,0.329396,2.550746,1,10,18,0.004335,0.007802,0.000433
宛转,红粉,0.329396,2.550746,1,15,12,0.006502,0.005202,0.000433
光辉,青草,0.329396,2.550746,1,30,6,0.013004,0.002601,0.000433
管弦,红粉,0.329396,2.550746,1,15,12,0.006502,0.005202,0.000433
光辉,萧萧,0.329396,2.550746,1,30,6,0.013004,0.002601,0.000433
东山,今夜,0.329396,2.550746,1,15,12,0.006502,0.005202,0.000433
十里,将军,0.329396,2.550746,1,5,36,0.002167,0.015605,0.000433
日落,芳草,0.329396,2.550746,1,15,12,0.006502,0.005202,0.000433
人生,神仙,0.328563,2.316553,2,13,35,0.005635,0.015171,0.000867
神仙,西山,0.328563,2.316553,2,35,13,0.015171,0.005635,0.000867
天子,宁知,0.328255,2.013603,5,55,28,0.02384,0.012137,0.002167
白日,红粉,0.328252,2.314358,2,38,12,0.016472,0.005202,0.000867
北斗,君王,0.328252,2.314358,2,19,24,0.008236,0.010403,0.000867
君王,秋月,0.328252,2.314358,2,24,19,0.010403,0.008236,0.000867
摇落,风吹,0.328252,2.314358,2,12,38,0.005202,0.016472,0.000867
徘徊,江南,0.327969,2.539697,1,14,13,0.006068,0.005635,0.000433
人生,少年,0.327969,2.539697,1,13,14,0.005635,0.006068,0.000433
昔时,相识,0.327969,2.539697,1,13,14,0.005635,0.006068,0.000433
青山,风流,0.327969,2.539697,1,26,7,0.01127,0.003034,0.000433
山水,有情,0.327969,2.539697,1,26,7,0.01127,0.003034,0.000433
客心,花飞,0.327969,2.539697,1,13,14,0.005635,0.006068,0.000433
潺湲,窈窕,0.327969,2.539697,1,7,26,0.003034,0.01127,0.000433
昔时,青楼,0.327969,2.539697,1,13,14,0.005635,0.006068,0.000433
他乡,相见,0.327969,2.539697,1,26,7,0.01127,0.003034,0.000433
苦辛,风霜,0.327969,2.539697,1,13,14,0.005635,0.006068,0.000433
昔时,空馀,0.327969,2.539697,1,13,14,0.005635,0.006068,0.000433
人生,北阙,0.327969,2.539697,1,13,14,0.005635,0.006068,0.000433
人生,山河,0.327969,2.539697,1,13,14,0.005635,0.006068,0.000433
北阙,同心,0.327969,2.539697,1,14,13,0.006068,0.005635,0.000433
同心,山河,0.327969,2.539697,1,13,14,0.005635,0.006068,0.000433
少年,金谷,0.327969,2.539697,1,14,13,0.006068,0.005635,0.000433
少年,江南,0.327969,2.539697,1,14,13,0.006068,0.005635,0.000433
无限,金谷,0.327969,2.539697,1,14,13,0.006068,0.005635,0.000433
山中,金谷,0.327969,2.539697,1,14,13,0.006068,0.005635,0.000433
淹留,金谷,0.327969,2.539697,1,14,13,0.006068,0.005635,0.000433
无限,知己,0.327969,2.539697,1,14,13,0.006068,0.005635,0.000433
山中,知己,0.327969,2.539697,1,14,13,0.006068,0.005635,0.000433
淹留,知己,0.327969,2.539697,1,14,13,0.006068,0.005635,0.000433
无限,江南,0.327969,2.539697,1,14,13,0.006068,0.005635,0.000433
山中,江南,0.327969,2.539697,1,14,13,0.006068,0.005635,0.000433
江南,淹留,0.327969,2.539697,1,13,14,0.005635,0.006068,0.000433
百年,风流,0.327969,2.539697,1,26,7,0.01127,0.003034,0.000433
山河,年华,0.327969,2.539697,1,14,13,0.006068,0.005635,0.000433
同心,相识,0.327969,2.539697,1,13,14,0.005635,0.006068,0.000433
山河,昔时,0.327969,2.539697,1,14,13,0.006068,0.005635,0.000433
百年,相见,0.327969,2.539697,1,26,7,0.01127,0.003034,0.000433
尘埃,西山,0.327969,2.539697,1,14,13,0.006068,0.005635,0.000433
西山,马上,0.327969,2.539697,1,13,14,0.005635,0.006068,0.000433
山水,江流,0.327969,2.539697,1,26,7,0.01127,0.003034,0.000433
人生,今年,0.327969,2.539697,1,13,14,0.005635,0.006068,0.000433
江流,青山,0.327969,2.539697,1,7,26,0.003034,0.01127,0.000433
相送,马上,0.327969,2.539697,1,13,14,0.005635,0.006068,0.000433
空馀,黄鹤,0.327969,2.539697,1,14,13,0.006068,0.005635,0.000433
北阙,蓬莱,0.327969,2.539697,1,14,13,0.006068,0.005635,0.000433
山中,苦辛,0.327969,2.539697,1,14,13,0.006068,0.005635,0.000433
东流,歌舞,0.327747,2.177907,3,16,49,0.006935,0.02124,0.0013
歌舞,瑶池,0.327747,2.177907,3,49,16,0.02124,0.006935,0.0013
相望,秋风,0.327747,2.177907,3,16,49,0.006935,0.02124,0.0013
万年,流水,0.327747,2.177907,3,28,28,0.012137,0.012137,0.0013
相逢,风起,0.327322,2.3078,2,17,27,0.007369,0.011704,0.000867
别离,风起,0.327322,2.3078,2,17,27,0.007369,0.011704,0.000867
洛阳,登临,0.327322,2.3078,2,51,9,0.022107,0.003901,0.000867
分明,洛阳,0.327322,2.3078,2,9,51,0.003901,0.022107,0.000867
天地,阳春,0.327013,2.305624,2,23,20,0.00997,0.008669,0.000867
天地,海上,0.327013,2.305624,2,23,20,0.00997,0.008669,0.000867
神仙,落花,0.326885,2.078142,4,35,33,0.015171,0.014304,0.001734
十年,笙歌,0.326558,2.528768,1,23,8,0.00997,0.003468,0.000433
寒食,明主,0.326558,2.528768,1,8,23,0.003468,0.00997,0.000433
风尘,黄河,0.326558,2.528768,1,23,8,0.00997,0.003468,0.000433
十年,黄河,0.326558,2.528768,1,23,8,0.00997,0.003468,0.000433
十年,城中,0.326558,2.528768,1,23,8,0.00997,0.003468,0.000433
颜色,风尘,0.326558,2.528768,1,8,23,0.003468,0.00997,0.000433
十年,南宫,0.326558,2.528768,1,23,8,0.00997,0.003468,0.000433
十年,须臾,0.326558,2.528768,1,23,8,0.00997,0.003468,0.000433
君心,风尘,0.326558,2.528768,1,8,23,0.003468,0.00997,0.000433
山路,风尘,0.326558,2.528768,1,8,23,0.003468,0.00997,0.000433
十年,千万,0.326558,2.528768,1,23,8,0.00997,0.003468,0.000433
天地,须臾,0.326558,2.528768,1,23,8,0.00997,0.003468,0.000433
天地,昆仑,0.326558,2.528768,1,23,8,0.00997,0.003468,0.000433
天地,蹉跎,0.326558,2.528768,1,23,8,0.00997,0.003468,0.000433
乔木,风尘,0.326558,2.528768,1,8,23,0.003468,0.00997,0.000433
主人,十年,0.326558,2.528768,1,8,23,0.003468,0.00997,0.000433
朝廷,桃花,0.326558,2.528768,1,8,23,0.003468,0.00997,0.000433
寒食,桃花,0.326558,2.528768,1,8,23,0.003468,0.00997,0.000433
十年,日夕,0.326558,2.528768,1,23,8,0.00997,0.003468,0.000433
汉家,白露,0.326398,2.301286,2,22,21,0.009536,0.009103,0.000867
闻道,风光,0.326398,2.301286,2,22,21,0.009536,0.009103,0.000867
汉家,蛾眉,0.326398,2.301286,2,22,21,0.009536,0.009103,0.000867
帝乡,自怜,0.326398,2.301286,2,21,22,0.009103,0.009536,0.000867
巫山,蛾眉,0.326398,2.301286,2,22,21,0.009536,0.009103,0.000867
蛾眉,黄金,0.326398,2.301286,2,21,22,0.009103,0.009536,0.000867
白露,闻道,0.326398,2.301286,2,21,22,0.009103,0.009536,0.000867
相思,空馀,0.326398,2.301286,2,33,14,0.014304,0.006068,0.000867
淹留,相思,0.326398,2.301286,2,14,33,0.006068,0.014304,0.000867
南山,相识,0.326398,2.301286,2,33,14,0.014304,0.006068,0.000867
相识,落花,0.326398,2.301286,2,14,33,0.006068,0.014304,0.000867
年年,空馀,0.326398,2.301286,2,33,14,0.014304,0.006068,0.000867
南山,尘埃,0.326398,2.301286,2,33,14,0.014304,0.006068,0.000867
巫山,裴回,0.326219,2.167754,3,22,36,0.009536,0.015605,0.0013
将军,浮云,0.326219,2.167754,3,36,22,0.015605,0.009536,0.0013
南山,美人,0.326219,2.167754,3,33,24,0.014304,0.010403,0.0013
杨柳,经年,0.325858,2.523347,1,37,5,0.016038,0.002167,0.000433
归心,杨柳,0.325858,2.523347,1,5,37,0.002167,0.016038,0.000433
御沟,桃李,0.325785,2.296966,2,16,29,0.006935,0.01257,0.000867
东流,桃李,0.325785,2.296966,2,16,29,0.006935,0.01257,0.000867
思君,桃李,0.325785,2.296966,2,16,29,0.006935,0.01257,0.000867
桃李,相望,0.325785,2.296966,2,29,16,0.01257,0.006935,0.000867
春色,楼上,0.32548,2.294813,2,31,15,0.013437,0.006502,0.000867
无穷,芳菲,0.32548,2.294813,2,15,31,0.006502,0.013437,0.000867
白首,芳菲,0.32548,2.294813,2,15,31,0.006502,0.013437,0.000867
人情,关山,0.325162,2.517957,1,6,31,0.002601,0.013437,0.000433
关山,忆昔,0.325162,2.517957,1,31,6,0.013437,0.002601,0.000433
人情,芳菲,0.325162,2.517957,1,6,31,0.002601,0.013437,0.000433
无情,芳菲,0.325162,2.517957,1,6,31,0.002601,0.013437,0.000433
关山,白雪,0.325162,2.517957,1,31,6,0.013437,0.002601,0.000433
今日,石上,0.325162,2.517957,1,62,3,0.026875,0.0013,0.000433
泉声,芳菲,0.325162,2.517957,1,6,31,0.002601,0.013437,0.000433
世事,今日,0.325162,2.517957,1,3,62,0.0013,0.026875,0.000433
芳菲,野花,0.325162,2.517957,1,31,6,0.013437,0.002601,0.000433
花间,芳菲,0.325162,2.517957,1,6,31,0.002601,0.013437,0.000433
白雪,芳菲,0.325162,2.517957,1,6,31,0.002601,0.013437,0.000433
羽翼,芳菲,0.325162,2.517957,1,6,31,0.002601,0.013437,0.000433
垂杨,芳菲,0.325162,2.517957,1,6,31,0.002601,0.013437,0.000433
芳菲,金陵,0.325162,2.517957,1,31,6,0.013437,0.002601,0.000433
关山,朱门,0.325162,2.517957,1,31,6,0.013437,0.002601,0.000433
今日,才子,0.325162,2.517957,1,62,3,0.026875,0.0013,0.000433
今日,心期,0.325162,2.517957,1,62,3,0.026875,0.0013,0.000433
今日,猿声,0.325162,2.517957,1,62,3,0.026875,0.0013,0.000433
今日,楚客,0.325162,2.517957,1,62,3,0.026875,0.0013,0.000433
今日,沧浪,0.325162,2.517957,1,62,3,0.026875,0.0013,0.000433
今日,壮士,0.325162,2.517957,1,62,3,0.026875,0.0013,0.000433
十载,芳菲,0.325162,2.517957,1,6,31,0.002601,0.013437,0.000433
今日,春水,0.325162,2.517957,1,62,3,0.026875,0.0013,0.000433
芳菲,青苔,0.325162,2.517957,1,31,6,0.013437,0.002601,0.000433
芳菲,茫茫,0.325162,2.517957,1,31,6,0.013437,0.002601,0.000433
关山,苍生,0.325162,2.517957,1,31,6,0.013437,0.002601,0.000433
今日,微风,0.325162,2.517957,1,62,3,0.026875,0.0013,0.000433
人情,春色,0.325162,2.517957,1,6,31,0.002601,0.013437,0.000433
公子,风吹,0.325083,2.160207,3,21,38,0.009103,0.016472,0.0013
公子,白日,0.325083,2.160207,3,21,38,0.009103,0.016472,0.0013
白日,蛾眉,0.325083,2.160207,3,38,21,0.016472,0.009103,0.0013
白日,白露,0.325083,2.160207,3,38,21,0.016472,0.009103,0.0013
千里,封侯,0.324706,2.157704,3,80,10,0.034677,0.004335,0.0013
千里,江水,0.324706,2.157704,3,80,10,0.034677,0.004335,0.0013
千里,自言,0.324706,2.157704,3,80,10,0.034677,0.004335,0.0013
参差,玉树,0.324568,2.288382,2,39,12,0.016905,0.005202,0.000867
参差,清风,0.324568,2.288382,2,39,12,0.016905,0.005202,0.000867
人情,明月,0.324568,2.288382,2,6,78,0.002601,0.03381,0.000867
白发,花落,0.324568,2.288382,2,18,26,0.007802,0.01127,0.000867
年华,裴回,0.324568,2.288382,2,13,36,0.005635,0.015605,0.000867
将军,知己,0.324568,2.288382,2,36,13,0.015605,0.005635,0.000867
佳人,窈窕,0.324568,2.288382,2,18,26,0.007802,0.01127,0.000867
人生,春风,0.324568,2.288382,2,13,36,0.005635,0.015605,0.000867
将军,苦辛,0.324568,2.288382,2,36,13,0.015605,0.005635,0.000867
将军,昔时,0.324568,2.288382,2,36,13,0.015605,0.005635,0.000867
他乡,月照,0.324568,2.288382,2,26,18,0.01127,0.007802,0.000867
窈窕,芙蓉,0.324568,2.288382,2,26,18,0.01127,0.007802,0.000867
登高,花落,0.324568,2.288382,2,18,26,0.007802,0.01127,0.000867
古来,花落,0.324568,2.288382,2,18,26,0.007802,0.01127,0.000867
江南,裴回,0.324568,2.288382,2,13,36,0.005635,0.015605,0.000867
明月,茫茫,0.324568,2.288382,2,78,6,0.03381,0.002601,0.000867
故人,长沙,0.324568,2.288382,2,39,12,0.016905,0.005202,0.000867
参差,迢递,0.324568,2.288382,2,39,12,0.016905,0.005202,0.000867
东南,参差,0.324568,2.288382,2,12,39,0.005202,0.016905,0.000867
参差,鹦鹉,0.324568,2.288382,2,39,12,0.016905,0.005202,0.000867
意气,独坐,0.324469,2.512595,1,17,11,0.007369,0.004768,0.000433
独坐,相逢,0.324469,2.512595,1,11,17,0.004768,0.007369,0.000433
不归,伤心,0.324469,2.512595,1,17,11,0.007369,0.004768,0.000433
千门,青松,0.324469,2.512595,1,17,11,0.007369,0.004768,0.000433
千门,白玉,0.324469,2.512595,1,17,11,0.007369,0.004768,0.000433
意气,青松,0.324469,2.512595,1,17,11,0.007369,0.004768,0.000433
相逢,青松,0.324469,2.512595,1,17,11,0.007369,0.004768,0.000433
意气,白玉,0.324469,2.512595,1,17,11,0.007369,0.004768,0.000433
春草,翠微,0.324469,2.512595,1,11,17,0.004768,0.007369,0.000433
归来,桃源,0.324469,2.512595,1,17,11,0.007369,0.004768,0.000433
万国,太平,0.324469,2.512595,1,17,11,0.007369,0.004768,0.000433
日斜,梅花,0.324469,2.512595,1,11,17,0.004768,0.007369,0.000433
千门,阳城,0.324469,2.512595,1,17,11,0.007369,0.004768,0.000433
不归,阳城,0.324469,2.512595,1,17,11,0.007369,0.004768,0.000433
归来,望乡,0.324469,2.512595,1,17,11,0.007369,0.004768,0.000433
阳城,青门,0.324469,2.512595,1,11,17,0.004768,0.007369,0.000433
携手,道路,0.324469,2.512595,1,17,11,0.007369,0.004768,0.000433
天涯,意气,0.324469,2.512595,1,11,17,0.004768,0.007369,0.000433
天涯,青门,0.324469,2.512595,1,11,17,0.004768,0.007369,0.000433
天涯,梅花,0.324469,2.512595,1,11,17,0.004768,0.007369,0.000433
伤心,意气,0.324469,2.512595,1,11,17,0.004768,0.007369,0.000433
意气,桃源,0.324469,2.512595,1,17,11,0.007369,0.004768,0.000433
意气,龙门,0.324469,2.512595,1,17,11,0.007369,0.004768,0.000433
伤心,青门,0.324469,2.512595,1,11,17,0.004768,0.007369,0.000433
桃源,青门,0.324469,2.512595,1,11,17,0.004768,0.007369,0.000433
伤心,梅花,0.324469,2.512595,1,11,17,0.004768,0.007369,0.000433
桃源,梅花,0.324469,2.512595,1,11,17,0.004768,0.007369,0.000433
梅花,龙门,0.324469,2.512595,1,17,11,0.007369,0.004768,0.000433
日照,梅花,0.324469,2.512595,1,11,17,0.004768,0.007369,0.000433
别离,日照,0.324469,2.512595,1,17,11,0.007369,0.004768,0.000433
不归,龙门,0.324469,2.512595,1,17,11,0.007369,0.004768,0.000433
意气,秋色,0.324469,2.512595,1,17,11,0.007369,0.004768,0.000433
意气,高楼,0.324469,2.512595,1,17,11,0.007369,0.004768,0.000433
不归,白玉,0.324469,2.512595,1,17,11,0.007369,0.004768,0.000433
携手,白玉,0.324469,2.512595,1,17,11,0.007369,0.004768,0.000433
不归,日晚,0.324469,2.512595,1,17,11,0.007369,0.004768,0.000433
携手,日晚,0.324469,2.512595,1,17,11,0.007369,0.004768,0.000433
归来,高台,0.324469,2.512595,1,17,11,0.007369,0.004768,0.000433
夜月,翠微,0.324469,2.512595,1,11,17,0.004768,0.007369,0.000433
君王,歌舞,0.324051,2.060123,4,24,49,0.010403,0.02124,0.001734
欢娱,歌舞,0.324051,2.060123,4,24,49,0.010403,0.02124,0.001734
白日,芳菲,0.323784,2.058424,4,38,31,0.016472,0.013437,0.001734
今日,绮罗,0.323582,2.150232,3,62,13,0.026875,0.005635,0.0013
他乡,关山,0.323582,2.150232,3,26,31,0.01127,0.013437,0.0013
关山,花落,0.323582,2.150232,3,31,26,0.013437,0.01127,0.0013
关山,千里,0.323157,1.8736,7,31,80,0.013437,0.034677,0.003034
岁月,王孙,0.323096,2.501956,1,21,9,0.009103,0.003901,0.000433
公子,车马,0.323096,2.501956,1,21,9,0.009103,0.003901,0.000433
双飞,风光,0.323096,2.501956,1,9,21,0.003901,0.009103,0.000433
寂寥,风光,0.323096,2.501956,1,9,21,0.003901,0.009103,0.000433
岁月,登临,0.323096,2.501956,1,21,9,0.009103,0.003901,0.000433
登临,白露,0.323096,2.501956,1,9,21,0.003901,0.009103,0.000433
帝乡,风雨,0.323096,2.501956,1,21,9,0.009103,0.003901,0.000433
帝乡,草木,0.323096,2.501956,1,21,9,0.009103,0.003901,0.000433
帝城,风起,0.323096,2.501956,1,7,27,0.003034,0.011704,0.000433
公子,大道,0.323096,2.501956,1,21,9,0.009103,0.003901,0.000433
衣冠,风光,0.323096,2.501956,1,9,21,0.003901,0.009103,0.000433
风光,飘飖,0.323096,2.501956,1,21,9,0.009103,0.003901,0.000433
风光,高秋,0.323096,2.501956,1,21,9,0.009103,0.003901,0.000433
竹林,风光,0.323096,2.501956,1,9,21,0.003901,0.009103,0.000433
佳期,风光,0.323096,2.501956,1,9,21,0.003901,0.009103,0.000433
昨夜,风光,0.323096,2.501956,1,9,21,0.003901,0.009103,0.000433
蛾眉,衣冠,0.323096,2.501956,1,21,9,0.009103,0.003901,0.000433
帝乡,衣冠,0.323096,2.501956,1,21,9,0.009103,0.003901,0.000433
蛾眉,飘飖,0.323096,2.501956,1,21,9,0.009103,0.003901,0.000433
帝乡,飘飖,0.323096,2.501956,1,21,9,0.009103,0.003901,0.000433
岁月,飘飖,0.323096,2.501956,1,21,9,0.009103,0.003901,0.000433
蛾眉,高秋,0.323096,2.501956,1,21,9,0.009103,0.003901,0.000433
帝乡,高秋,0.323096,2.501956,1,21,9,0.009103,0.003901,0.000433
岁月,高秋,0.323096,2.501956,1,21,9,0.009103,0.003901,0.000433
竹林,蛾眉,0.323096,2.501956,1,9,21,0.003901,0.009103,0.000433
昨夜,蛾眉,0.323096,2.501956,1,9,21,0.003901,0.009103,0.000433
帝乡,竹林,0.323096,2.501956,1,21,9,0.009103,0.003901,0.000433
岁月,竹林,0.323096,2.501956,1,21,9,0.009103,0.003901,0.000433
帝乡,昨夜,0.323096,2.501956,1,21,9,0.009103,0.003901,0.000433
佳期,岁月,0.323096,2.501956,1,9,21,0.003901,0.009103,0.000433
岁月,昨夜,0.323096,2.501956,1,21,9,0.009103,0.003901,0.000433
渭水,风光,0.323096,2.501956,1,9,21,0.003901,0.009103,0.000433
岁月,怅望,0.323096,2.501956,1,21,9,0.009103,0.003901,0.000433
寂寥,白露,0.323096,2.501956,1,9,21,0.003901,0.009103,0.000433
今已,蛾眉,0.323096,2.501956,1,9,21,0.003901,0.009103,0.000433
公子,怅望,0.323096,2.501956,1,21,9,0.009103,0.003901,0.000433
丞相,日月,0.323096,2.501956,1,7,27,0.003034,0.011704,0.000433
怅望,白露,0.323096,2.501956,1,9,21,0.003901,0.009103,0.000433
咸阳,日月,0.323096,2.501956,1,7,27,0.003034,0.011704,0.000433
怅望,蛾眉,0.323096,2.501956,1,9,21,0.003901,0.009103,0.000433
岁月,闲居,0.323096,2.501956,1,21,9,0.009103,0.003901,0.000433
车马,风光,0.323096,2.501956,1,9,21,0.003901,0.009103,0.000433
帝乡,雨露,0.323096,2.501956,1,21,9,0.009103,0.003901,0.000433
帝乡,肠断,0.323096,2.501956,1,21,9,0.009103,0.003901,0.000433
功名,风起,0.323096,2.501956,1,7,27,0.003034,0.011704,0.000433
风起,骨肉,0.323096,2.501956,1,27,7,0.011704,0.003034,0.000433
天子,桃李,0.322534,1.978512,5,55,29,0.02384,0.01257,0.002167
千载,纵横,0.322462,2.273536,2,25,19,0.010837,0.008236,0.000867
叹息,纵横,0.322462,2.273536,2,25,19,0.010837,0.008236,0.000867
凤凰,汉家,0.322454,2.049971,4,54,22,0.023407,0.009536,0.001734
月明,沧海,0.322414,2.496679,1,19,10,0.008236,0.004335,0.000433
月明,湘水,0.322414,2.496679,1,19,10,0.008236,0.004335,0.000433
秋月,落叶,0.322414,2.496679,1,19,10,0.008236,0.004335,0.000433
岁寒,纵横,0.322414,2.496679,1,10,19,0.004335,0.008236,0.000433
千秋,路傍,0.322414,2.496679,1,19,10,0.008236,0.004335,0.000433
云飞,千秋,0.322414,2.496679,1,10,19,0.004335,0.008236,0.000433
古人,烟霞,0.322414,2.496679,1,10,19,0.004335,0.008236,0.000433
千秋,清明,0.322414,2.496679,1,19,10,0.008236,0.004335,0.000433
关河,烟霞,0.322414,2.496679,1,10,19,0.004335,0.008236,0.000433
千秋,昔日,0.322414,2.496679,1,19,10,0.008236,0.004335,0.000433
承恩,烟霞,0.322414,2.496679,1,10,19,0.004335,0.008236,0.000433
千秋,湘水,0.322414,2.496679,1,19,10,0.008236,0.004335,0.000433
十里,白日,0.322414,2.496679,1,5,38,0.002167,0.016472,0.000433
殷勤,纵横,0.322414,2.496679,1,10,19,0.004335,0.008236,0.000433
万户,白日,0.322414,2.496679,1,5,38,0.002167,0.016472,0.000433
使君,白日,0.322414,2.496679,1,5,38,0.002167,0.016472,0.000433
知音,纵横,0.322414,2.496679,1,10,19,0.004335,0.008236,0.000433
故园,烟霞,0.322414,2.496679,1,10,19,0.004335,0.008236,0.000433
故园,纵横,0.322414,2.496679,1,10,19,0.004335,0.008236,0.000433
烟霞,自言,0.322414,2.496679,1,19,10,0.008236,0.004335,0.000433
烟霞,花发,0.322414,2.496679,1,19,10,0.008236,0.004335,0.000433
烟霞,白马,0.322414,2.496679,1,19,10,0.008236,0.004335,0.000433
憔悴,烟霞,0.322414,2.496679,1,10,19,0.004335,0.008236,0.000433
烟霞,经过,0.322414,2.496679,1,19,10,0.008236,0.004335,0.000433
叶落,白日,0.322414,2.496679,1,5,38,0.002167,0.016472,0.000433
纵横,风月,0.322414,2.496679,1,19,10,0.008236,0.004335,0.000433
憔悴,纵横,0.322414,2.496679,1,10,19,0.004335,0.008236,0.000433
纵横,经过,0.322414,2.496679,1,19,10,0.008236,0.004335,0.000433
浮生,白日,0.322414,2.496679,1,5,38,0.002167,0.016472,0.000433
今来,千秋,0.322414,2.496679,1,10,19,0.004335,0.008236,0.000433
千秋,松风,0.322414,2.496679,1,19,10,0.008236,0.004335,0.000433
千秋,白马,0.322414,2.496679,1,19,10,0.008236,0.004335,0.000433
北斗,憔悴,0.322414,2.496679,1,19,10,0.008236,0.004335,0.000433
北斗,零落,0.322414,2.496679,1,19,10,0.008236,0.004335,0.000433
月明,知音,0.322414,2.496679,1,19,10,0.008236,0.004335,0.000433
今来,月明,0.322414,2.496679,1,10,19,0.004335,0.008236,0.000433
秋水,风吹,0.322414,2.496679,1,5,38,0.002167,0.016472,0.000433
得意,白日,0.322414,2.496679,1,5,38,0.002167,0.016472,0.000433
白日,自古,0.322414,2.496679,1,38,5,0.016472,0.002167,0.000433
白日,衣裳,0.322414,2.496679,1,38,5,0.016472,0.002167,0.000433
得意,风吹,0.322414,2.496679,1,5,38,0.002167,0.016472,0.000433
封侯,纵横,0.322414,2.496679,1,10,19,0.004335,0.008236,0.000433
自古,风吹,0.322414,2.496679,1,5,38,0.002167,0.016472,0.000433
衣裳,风吹,0.322414,2.496679,1,5,38,0.002167,0.016472,0.000433
昔日,纵横,0.322414,2.496679,1,10,19,0.004335,0.008236,0.000433
纵横,萧条,0.322414,2.496679,1,19,10,0.008236,0.004335,0.000433
湘水,纵横,0.322414,2.496679,1,10,19,0.004335,0.008236,0.000433
白日,百里,0.322414,2.496679,1,38,5,0.016472,0.002167,0.000433
世上,风吹,0.322414,2.496679,1,5,38,0.002167,0.016472,0.000433
万事,白日,0.322414,2.496679,1,5,38,0.002167,0.016472,0.000433
北斗,松风,0.322414,2.496679,1,19,10,0.008236,0.004335,0.000433
北斗,路傍,0.322414,2.496679,1,19,10,0.008236,0.004335,0.000433
月明,萧条,0.322414,2.496679,1,19,10,0.008236,0.004335,0.000433
春日,秋月,0.322414,2.496679,1,10,19,0.004335,0.008236,0.000433
秋月,萧条,0.322414,2.496679,1,19,10,0.008236,0.004335,0.000433
悠悠,桃李,0.322322,2.04913,4,41,29,0.017772,0.01257,0.001734
可怜,神仙,0.322189,2.048289,4,34,35,0.014738,0.015171,0.001734
天上,归来,0.322164,2.271433,2,28,17,0.012137,0.007369,0.000867
万年,翠微,0.322164,2.271433,2,28,17,0.012137,0.007369,0.000867
可怜,相识,0.322164,2.271433,2,34,14,0.014738,0.006068,0.000867
可怜,马上,0.322164,2.271433,2,34,14,0.014738,0.006068,0.000867
宁知,青门,0.322164,2.271433,2,28,17,0.012137,0.007369,0.000867
可怜,尘埃,0.322164,2.271433,2,34,14,0.014738,0.006068,0.000867
天下,携手,0.322164,2.271433,2,28,17,0.012137,0.007369,0.000867
万里,登高,0.321821,1.974133,5,89,18,0.038578,0.007802,0.002167
万里,月照,0.321821,1.974133,5,89,18,0.038578,0.007802,0.002167
明年,洛阳,0.321726,2.137901,3,16,51,0.006935,0.022107,0.0013
清风,瑶池,0.321062,2.486208,1,12,16,0.005202,0.006935,0.000433
千万,氛氲,0.321062,2.486208,1,8,24,0.003468,0.010403,0.000433
千万,洞庭,0.321062,2.486208,1,8,24,0.003468,0.010403,0.000433
归去,逶迤,0.321062,2.486208,1,12,16,0.005202,0.006935,0.000433
千金,羽翼,0.321062,2.486208,1,32,6,0.013871,0.002601,0.000433
月下,相望,0.321062,2.486208,1,12,16,0.005202,0.006935,0.000433
千金,蛟龙,0.321062,2.486208,1,32,6,0.013871,0.002601,0.000433
红尘,逶迤,0.321062,2.486208,1,12,16,0.005202,0.006935,0.000433
御沟,红尘,0.321062,2.486208,1,16,12,0.006935,0.005202,0.000433
物外,相望,0.321062,2.486208,1,12,16,0.005202,0.006935,0.000433
月满,相望,0.321062,2.486208,1,12,16,0.005202,0.006935,0.000433
氛氲,门前,0.321062,2.486208,1,24,8,0.010403,0.003468,0.000433
氛氲,须臾,0.321062,2.486208,1,24,8,0.010403,0.003468,0.000433
氛氲,陌上,0.321062,2.486208,1,24,8,0.010403,0.003468,0.000433
氛氲,相知,0.321062,2.486208,1,24,8,0.010403,0.003468,0.000433
双阙,氛氲,0.321062,2.486208,1,8,24,0.003468,0.010403,0.000433
相望,红尘,0.321062,2.486208,1,16,12,0.006935,0.005202,0.000433
相望,鹦鹉,0.321062,2.486208,1,16,12,0.006935,0.005202,0.000433
朝朝,相望,0.321062,2.486208,1,12,16,0.005202,0.006935,0.000433
相望,翡翠,0.321062,2.486208,1,16,12,0.006935,0.005202,0.000433
别后,御沟,0.321062,2.486208,1,12,16,0.005202,0.006935,0.000433
千金,白雪,0.321062,2.486208,1,32,6,0.013871,0.002601,0.000433
今夜,逶迤,0.321062,2.486208,1,12,16,0.005202,0.006935,0.000433
瑶池,芳草,0.321062,2.486208,1,16,12,0.006935,0.005202,0.000433
芳草,逶迤,0.321062,2.486208,1,12,16,0.005202,0.006935,0.000433
丈夫,逶迤,0.321062,2.486208,1,12,16,0.005202,0.006935,0.000433
山下,月下,0.321062,2.486208,1,16,12,0.006935,0.005202,0.000433
御沟,风景,0.321062,2.486208,1,16,12,0.006935,0.005202,0.000433
城中,欢娱,0.321062,2.486208,1,8,24,0.003468,0.010403,0.000433
山下,红粉,0.321062,2.486208,1,16,12,0.006935,0.005202,0.000433
归去,春来,0.321062,2.486208,1,12,16,0.005202,0.006935,0.000433
春来,红尘,0.321062,2.486208,1,16,12,0.006935,0.005202,0.000433
春来,长沙,0.321062,2.486208,1,16,12,0.006935,0.005202,0.000433
归去,白头,0.321062,2.486208,1,12,16,0.005202,0.006935,0.000433
白头,红尘,0.321062,2.486208,1,16,12,0.006935,0.005202,0.000433
白头,长沙,0.321062,2.486208,1,16,12,0.006935,0.005202,0.000433
日暮,羽翼,0.321062,2.486208,1,32,6,0.013871,0.002601,0.000433
日暮,朱门,0.321062,2.486208,1,32,6,0.013871,0.002601,0.000433
垂杨,日暮,0.321062,2.486208,1,6,32,0.002601,0.013871,0.000433
日暮,金陵,0.321062,2.486208,1,32,6,0.013871,0.002601,0.000433
丈夫,春来,0.321062,2.486208,1,12,16,0.005202,0.006935,0.000433
寂寞,春来,0.321062,2.486208,1,12,16,0.005202,0.006935,0.000433
东南,春来,0.321062,2.486208,1,12,16,0.005202,0.006935,0.000433
别后,春来,0.321062,2.486208,1,12,16,0.005202,0.006935,0.000433
今夜,春来,0.321062,2.486208,1,12,16,0.005202,0.006935,0.000433
春来,鹦鹉,0.321062,2.486208,1,16,12,0.006935,0.005202,0.000433
御沟,鹦鹉,0.321062,2.486208,1,16,12,0.006935,0.005202,0.000433
御沟,朝朝,0.321062,2.486208,1,16,12,0.006935,0.005202,0.000433
思君,风景,0.321062,2.486208,1,16,12,0.006935,0.005202,0.000433
临风,日暮,0.321062,2.486208,1,6,32,0.002601,0.013871,0.000433
君心,欢娱,0.321062,2.486208,1,8,24,0.003468,0.010403,0.000433
千万,欢娱,0.321062,2.486208,1,8,24,0.003468,0.010403,0.000433
河汉,美人,0.321062,2.486208,1,8,24,0.003468,0.010403,0.000433
日暮,青草,0.321062,2.486208,1,32,6,0.013871,0.002601,0.000433
白头,草绿,0.321062,2.486208,1,16,12,0.006935,0.005202,0.000433
白头,辛苦,0.321062,2.486208,1,16,12,0.006935,0.005202,0.000433
思君,草绿,0.321062,2.486208,1,16,12,0.006935,0.005202,0.000433
明年,草绿,0.321062,2.486208,1,16,12,0.006935,0.005202,0.000433
思君,月下,0.321062,2.486208,1,16,12,0.006935,0.005202,0.000433
思君,游子,0.321062,2.486208,1,16,12,0.006935,0.005202,0.000433
明年,游子,0.321062,2.486208,1,16,12,0.006935,0.005202,0.000433
翡翠,逶迤,0.321062,2.486208,1,12,16,0.005202,0.006935,0.000433
圣人,逶迤,0.321062,2.486208,1,12,16,0.005202,0.006935,0.000433
摇落,逶迤,0.321062,2.486208,1,12,16,0.005202,0.006935,0.000433
月满,逶迤,0.321062,2.486208,1,12,16,0.005202,0.006935,0.000433
游子,瑶池,0.321062,2.486208,1,12,16,0.005202,0.006935,0.000433
瑶池,翡翠,0.321062,2.486208,1,16,12,0.006935,0.005202,0.000433
万物,美人,0.321062,2.486208,1,8,24,0.003468,0.010403,0.000433
单于,美人,0.321062,2.486208,1,8,24,0.003468,0.010403,0.000433
美人,须臾,0.321062,2.486208,1,24,8,0.010403,0.003468,0.000433
昆仑,美人,0.321062,2.486208,1,8,24,0.003468,0.010403,0.000433
美人,蹉跎,0.321062,2.486208,1,24,8,0.010403,0.003468,0.000433
摇落,瑶池,0.321062,2.486208,1,12,16,0.005202,0.006935,0.000433
月满,瑶池,0.321062,2.486208,1,12,16,0.005202,0.006935,0.000433
氛氲,蹉跎,0.321062,2.486208,1,24,8,0.010403,0.003468,0.000433
昆仑,氛氲,0.321062,2.486208,1,8,24,0.003468,0.010403,0.000433
圣人,明年,0.321062,2.486208,1,12,16,0.005202,0.006935,0.000433
玉树,相望,0.321062,2.486208,1,12,16,0.005202,0.006935,0.000433
明年,鹦鹉,0.321062,2.486208,1,16,12,0.006935,0.005202,0.000433
千金,相寻,0.321062,2.486208,1,32,6,0.013871,0.002601,0.000433
千金,梦中,0.321062,2.486208,1,32,6,0.013871,0.002601,0.000433
洞庭,蹉跎,0.321062,2.486208,1,24,8,0.010403,0.003468,0.000433
寒食,洞庭,0.321062,2.486208,1,8,24,0.003468,0.010403,0.000433
摇落,春来,0.321062,2.486208,1,12,16,0.005202,0.006935,0.000433
双阙,美人,0.321062,2.486208,1,8,24,0.003468,0.010403,0.000433
丈夫,明年,0.321062,2.486208,1,12,16,0.005202,0.006935,0.000433
千金,还家,0.321062,2.486208,1,32,6,0.013871,0.002601,0.000433
日夕,洞庭,0.321062,2.486208,1,8,24,0.003468,0.010403,0.000433
千金,相看,0.321062,2.486208,1,32,6,0.013871,0.002601,0.000433
悠悠,海上,0.320991,2.133011,3,41,20,0.017772,0.008669,0.0013
悠悠,青春,0.320991,2.133011,3,41,20,0.017772,0.008669,0.0013
人情,千里,0.320977,2.263064,2,6,80,0.002601,0.034677,0.000867
千里,忆昔,0.320977,2.263064,2,80,6,0.034677,0.002601,0.000867
九重,君王,0.320977,2.263064,2,20,24,0.008669,0.010403,0.000867
归去,长安,0.320977,2.263064,2,12,40,0.005202,0.017339,0.000867
君王,岐路,0.320977,2.263064,2,24,20,0.010403,0.008669,0.000867
欢娱,海上,0.320977,2.263064,2,24,20,0.010403,0.008669,0.000867
莲花,长安,0.320977,2.263064,2,12,40,0.005202,0.017339,0.000867
未央,欢娱,0.320977,2.263064,2,20,24,0.008669,0.010403,0.000867
别后,长安,0.320977,2.263064,2,12,40,0.005202,0.017339,0.000867
君王,鸳鸯,0.320977,2.263064,2,24,20,0.010403,0.008669,0.000867
美人,鸳鸯,0.320977,2.263064,2,24,20,0.010403,0.008669,0.000867
相望,风烟,0.320977,2.263064,2,16,30,0.006935,0.013004,0.000867
红尘,长安,0.320977,2.263064,2,12,40,0.005202,0.017339,0.000867
长安,鹦鹉,0.320977,2.263064,2,40,12,0.017339,0.005202,0.000867
江山,长安,0.320977,2.263064,2,12,40,0.005202,0.017339,0.000867
千里,朱门,0.320977,2.263064,2,80,6,0.034677,0.002601,0.000867
海上,美人,0.320977,2.263064,2,20,24,0.008669,0.010403,0.000867
氛氲,青春,0.320977,2.263064,2,24,20,0.010403,0.008669,0.000867
千里,无穷,0.320873,2.039921,4,80,15,0.034677,0.006502,0.001734
千里,白首,0.320873,2.039921,4,80,15,0.034677,0.006502,0.001734
杨柳,绮罗,0.320682,2.260983,2,37,13,0.016038,0.005635,0.000867
年华,杨柳,0.320682,2.260983,2,13,37,0.005635,0.016038,0.000867
杨柳,苦辛,0.320682,2.260983,2,37,13,0.016038,0.005635,0.000867
昔时,杨柳,0.320682,2.260983,2,13,37,0.005635,0.016038,0.000867
杨柳,西山,0.320682,2.260983,2,37,13,0.016038,0.005635,0.000867
十年,白露,0.320093,2.256834,2,23,21,0.00997,0.009103,0.000867
明主,风光,0.320093,2.256834,2,23,21,0.00997,0.009103,0.000867
叹息,落花,0.320076,2.126932,3,25,33,0.010837,0.014304,0.0013
年年,花开,0.320076,2.126932,3,33,25,0.014304,0.010837,0.0013
年年,芳树,0.320076,2.126932,3,33,25,0.014304,0.010837,0.0013
天子,无穷,0.320076,2.126932,3,55,15,0.02384,0.006502,0.0013
千载,南山,0.320076,2.126932,3,25,33,0.010837,0.014304,0.0013
南山,叹息,0.320076,2.126932,3,33,25,0.014304,0.010837,0.0013
巫山,黄金,0.3198,2.254766,2,22,22,0.009536,0.009536,0.000867
天子,浮云,0.319568,2.031622,4,55,22,0.02384,0.009536,0.001734
佳期,凤凰,0.319215,2.250642,2,9,54,0.003901,0.023407,0.000867
凤凰,双飞,0.319215,2.250642,2,54,9,0.023407,0.003901,0.000867
芙蓉,风起,0.319215,2.250642,2,18,27,0.007802,0.011704,0.000867
佳人,风起,0.319215,2.250642,2,18,27,0.007802,0.011704,0.000867
古来,日月,0.319215,2.250642,2,18,27,0.007802,0.011704,0.000867
参差,往来,0.31906,2.470704,1,39,5,0.016905,0.002167,0.000433
江南,离别,0.31906,2.470704,1,13,15,0.005635,0.006502,0.000433
故人,旧游,0.31906,2.470704,1,39,5,0.016905,0.002167,0.000433
东西,故人,0.31906,2.470704,1,5,39,0.002167,0.016905,0.000433
知己,青云,0.31906,2.470704,1,13,15,0.005635,0.006502,0.000433
知己,离别,0.31906,2.470704,1,13,15,0.005635,0.006502,0.000433
游人,知己,0.31906,2.470704,1,15,13,0.006502,0.005635,0.000433
楼上,苦辛,0.31906,2.470704,1,15,13,0.006502,0.005635,0.000433
人间,黄鹤,0.31906,2.470704,1,15,13,0.006502,0.005635,0.000433
北风,紫微,0.31906,2.470704,1,13,15,0.005635,0.006502,0.000433
参差,林下,0.31906,2.470704,1,39,5,0.016905,0.002167,0.000433
东山,黄鹤,0.31906,2.470704,1,15,13,0.006502,0.005635,0.000433
故人,潇湘,0.31906,2.470704,1,39,5,0.016905,0.002167,0.000433
日落,昔时,0.31906,2.470704,1,15,13,0.006502,0.005635,0.000433
万户,故人,0.31906,2.470704,1,5,39,0.002167,0.016905,0.000433
使君,故人,0.31906,2.470704,1,5,39,0.002167,0.016905,0.000433
无穷,金谷,0.31906,2.470704,1,15,13,0.006502,0.005635,0.000433
白首,金谷,0.31906,2.470704,1,15,13,0.006502,0.005635,0.000433
无穷,知己,0.31906,2.470704,1,15,13,0.006502,0.005635,0.000433
无穷,江南,0.31906,2.470704,1,15,13,0.006502,0.005635,0.000433
白首,知己,0.31906,2.470704,1,15,13,0.006502,0.005635,0.000433
江南,白首,0.31906,2.470704,1,13,15,0.005635,0.006502,0.000433
参差,叶落,0.31906,2.470704,1,39,5,0.016905,0.002167,0.000433
去年,参差,0.31906,2.470704,1,5,39,0.002167,0.016905,0.000433
参差,残月,0.31906,2.470704,1,39,5,0.016905,0.002167,0.000433
故人,浮生,0.31906,2.470704,1,39,5,0.016905,0.002167,0.000433
昔时,白首,0.31906,2.470704,1,13,15,0.005635,0.006502,0.000433
参差,衣裳,0.31906,2.470704,1,39,5,0.016905,0.002167,0.000433
昔时,青云,0.31906,2.470704,1,13,15,0.005635,0.006502,0.000433
北风,青云,0.31906,2.470704,1,13,15,0.005635,0.006502,0.000433
西山,青云,0.31906,2.470704,1,13,15,0.005635,0.006502,0.000433
白首,西山,0.31906,2.470704,1,15,13,0.006502,0.005635,0.000433
无穷,西山,0.31906,2.470704,1,15,13,0.006502,0.005635,0.000433
君子,蓬莱,0.31906,2.470704,1,15,13,0.006502,0.005635,0.000433
云间,江南,0.31906,2.470704,1,15,13,0.006502,0.005635,0.000433
人间,江南,0.31906,2.470704,1,15,13,0.006502,0.005635,0.000433
管弦,苦辛,0.31906,2.470704,1,15,13,0.006502,0.005635,0.000433
离别,苦辛,0.31906,2.470704,1,15,13,0.006502,0.005635,0.000433
北风,白首,0.31906,2.470704,1,13,15,0.005635,0.006502,0.000433
北风,君子,0.31906,2.470704,1,13,15,0.005635,0.006502,0.000433
白首,相送,0.31906,2.470704,1,15,13,0.006502,0.005635,0.000433
客心,白首,0.31906,2.470704,1,13,15,0.005635,0.006502,0.000433
云间,知己,0.31906,2.470704,1,15,13,0.006502,0.005635,0.000433
意气,歌舞,0.318623,2.117282,3,17,49,0.007369,0.02124,0.0013
千里,百年,0.31844,1.89534,6,80,26,0.034677,0.01127,0.002601
水声,秋风,0.318399,2.465589,1,4,49,0.001734,0.02124,0.000433
歌舞,玉堂,0.318399,2.465589,1,49,4,0.02124,0.001734,0.000433
东海,秋风,0.318399,2.465589,1,4,49,0.001734,0.02124,0.000433
秋天,秋风,0.318399,2.465589,1,4,49,0.001734,0.02124,0.000433
清净,秋风,0.318399,2.465589,1,4,49,0.001734,0.02124,0.000433
秋风,诸侯,0.318399,2.465589,1,49,4,0.02124,0.001734,0.000433
玉堂,秋风,0.318399,2.465589,1,4,49,0.001734,0.02124,0.000433
子孙,秋风,0.318399,2.465589,1,4,49,0.001734,0.02124,0.000433
少年,风霜,0.318399,2.465589,1,14,14,0.006068,0.006068,0.000433
山中,楼台,0.318399,2.465589,1,14,14,0.006068,0.006068,0.000433
山中,山河,0.318399,2.465589,1,14,14,0.006068,0.006068,0.000433
楼台,淹留,0.318399,2.465589,1,14,14,0.006068,0.006068,0.000433
山河,淹留,0.318399,2.465589,1,14,14,0.006068,0.006068,0.000433
山河,楼台,0.318399,2.465589,1,14,14,0.006068,0.006068,0.000433
天下,路岐,0.318399,2.465589,1,28,7,0.012137,0.003034,0.000433
天上,相见,0.318399,2.465589,1,28,7,0.012137,0.003034,0.000433
山河,花飞,0.318399,2.465589,1,14,14,0.006068,0.006068,0.000433
空馀,风霜,0.318399,2.465589,1,14,14,0.006068,0.006068,0.000433
万年,尚书,0.318399,2.465589,1,28,7,0.012137,0.003034,0.000433
万年,咸阳,0.318399,2.465589,1,28,7,0.012137,0.003034,0.000433
北阙,青楼,0.318399,2.465589,1,14,14,0.006068,0.006068,0.000433
山河,青楼,0.318399,2.465589,1,14,14,0.006068,0.006068,0.000433
少年,无限,0.318399,2.465589,1,14,14,0.006068,0.006068,0.000433
少年,山中,0.318399,2.465589,1,14,14,0.006068,0.006068,0.000433
少年,淹留,0.318399,2.465589,1,14,14,0.006068,0.006068,0.000433
山中,无限,0.318399,2.465589,1,14,14,0.006068,0.006068,0.000433
尘埃,青楼,0.318399,2.465589,1,14,14,0.006068,0.006068,0.000433
无限,青楼,0.318399,2.465589,1,14,14,0.006068,0.006068,0.000433
淹留,青楼,0.318399,2.465589,1,14,14,0.006068,0.006068,0.000433
尘埃,无限,0.318399,2.465589,1,14,14,0.006068,0.006068,0.000433
尘埃,淹留,0.318399,2.465589,1,14,14,0.006068,0.006068,0.000433
天上,风流,0.318399,2.465589,1,28,7,0.012137,0.003034,0.000433
万年,潺湲,0.318399,2.465589,1,28,7,0.012137,0.003034,0.000433
流水,潺湲,0.318399,2.465589,1,28,7,0.012137,0.003034,0.000433
青楼,风霜,0.318399,2.465589,1,14,14,0.006068,0.006068,0.000433
宁知,骨肉,0.318399,2.465589,1,28,7,0.012137,0.003034,0.000433
咸阳,宁知,0.318399,2.465589,1,7,28,0.003034,0.012137,0.000433
丞相,天下,0.318399,2.465589,1,7,28,0.003034,0.012137,0.000433
尘埃,马上,0.318399,2.465589,1,14,14,0.006068,0.006068,0.000433
天下,骨肉,0.318399,2.465589,1,28,7,0.012137,0.003034,0.000433
咸阳,天下,0.318399,2.465589,1,7,28,0.003034,0.012137,0.000433
宁知,风波,0.318399,2.465589,1,28,7,0.012137,0.003034,0.000433
相识,空馀,0.318399,2.465589,1,14,14,0.006068,0.006068,0.000433
天下,罗衣,0.318399,2.465589,1,28,7,0.012137,0.003034,0.000433
天下,庭前,0.318399,2.465589,1,28,7,0.012137,0.003034,0.000433
天下,风流,0.318399,2.465589,1,28,7,0.012137,0.003034,0.000433
天下,造化,0.318399,2.465589,1,28,7,0.012137,0.003034,0.000433
北阙,楼台,0.318399,2.465589,1,14,14,0.006068,0.006068,0.000433
流水,马蹄,0.318399,2.465589,1,28,7,0.012137,0.003034,0.000433
风吹,黄金,0.318082,2.113687,3,38,22,0.016472,0.009536,0.0013
白日,黄金,0.318082,2.113687,3,38,22,0.016472,0.009536,0.0013
浮云,白日,0.318082,2.113687,3,22,38,0.009536,0.016472,0.0013
淹留,神仙,0.318052,2.242445,2,14,35,0.006068,0.015171,0.000867
知音,秋风,0.318052,2.242445,2,10,49,0.004335,0.02124,0.000867
神仙,青楼,0.318052,2.242445,2,35,14,0.015171,0.006068,0.000867
歌舞,自言,0.318052,2.242445,2,49,10,0.02124,0.004335,0.000867
相识,神仙,0.318052,2.242445,2,14,35,0.006068,0.015171,0.000867
今来,秋风,0.318052,2.242445,2,10,49,0.004335,0.02124,0.000867
芳菲,风起,0.317903,2.112491,3,31,27,0.013437,0.011704,0.0013
关山,风起,0.317903,2.112491,3,31,27,0.013437,0.011704,0.0013
叹息,歌舞,0.31763,2.019301,4,25,49,0.010837,0.02124,0.001734
东南,悠悠,0.317474,2.238372,2,12,41,0.005202,0.017772,0.000867
悠悠,游子,0.317474,2.238372,2,41,12,0.017772,0.005202,0.000867
蛾眉,长安,0.317364,2.108914,3,21,40,0.009103,0.017339,0.0013
帝乡,长安,0.317364,2.108914,3,21,40,0.009103,0.017339,0.0013
千门,桃李,0.317187,2.236341,2,17,29,0.007369,0.01257,0.000867
意气,桃李,0.317187,2.236341,2,17,29,0.007369,0.01257,0.000867
万国,千年,0.317187,2.236341,2,17,29,0.007369,0.01257,0.000867
白云,随风,0.317088,2.455436,1,99,2,0.042913,0.000867,0.000433
天涯,芙蓉,0.317088,2.455436,1,11,18,0.004768,0.007802,0.000433
人情,落花,0.317088,2.455436,1,6,33,0.002601,0.014304,0.000433
忆昔,落花,0.317088,2.455436,1,6,33,0.002601,0.014304,0.000433
含情,芙蓉,0.317088,2.455436,1,11,18,0.004768,0.007802,0.000433
日照,芙蓉,0.317088,2.455436,1,11,18,0.004768,0.007802,0.000433
白发,阳城,0.317088,2.455436,1,18,11,0.007802,0.004768,0.000433
镜中,高台,0.317088,2.455436,1,18,11,0.007802,0.004768,0.000433
仙人,车马,0.317088,2.455436,1,22,9,0.009536,0.003901,0.000433
车马,黄金,0.317088,2.455436,1,9,22,0.003901,0.009536,0.000433
独立,白云,0.317088,2.455436,1,2,99,0.000867,0.042913,0.000433
月照,道路,0.317088,2.455436,1,18,11,0.007802,0.004768,0.000433
芙蓉,青松,0.317088,2.455436,1,18,11,0.007802,0.004768,0.000433
白玉,芙蓉,0.317088,2.455436,1,11,18,0.004768,0.007802,0.000433
松柏,芙蓉,0.317088,2.455436,1,11,18,0.004768,0.007802,0.000433
昨日,白云,0.317088,2.455436,1,2,99,0.000867,0.042913,0.000433
清晨,自怜,0.317088,2.455436,1,9,22,0.003901,0.009536,0.000433
故乡,春草,0.317088,2.455436,1,18,11,0.007802,0.004768,0.000433
凉风,浮云,0.317088,2.455436,1,9,22,0.003901,0.009536,0.000433
茫茫,落花,0.317088,2.455436,1,6,33,0.002601,0.014304,0.000433
垂杨,落花,0.317088,2.455436,1,6,33,0.002601,0.014304,0.000433
登临,落日,0.317088,2.455436,1,9,22,0.003901,0.009536,0.000433
汉家,衣冠,0.317088,2.455436,1,22,9,0.009536,0.003901,0.000433
白发,青松,0.317088,2.455436,1,18,11,0.007802,0.004768,0.000433
落花,青苔,0.317088,2.455436,1,33,6,0.014304,0.002601,0.000433
南山,萧索,0.317088,2.455436,1,33,6,0.014304,0.002601,0.000433
相思,茫茫,0.317088,2.455436,1,33,6,0.014304,0.002601,0.000433
人归,落花,0.317088,2.455436,1,6,33,0.002601,0.014304,0.000433
台上,落花,0.317088,2.455436,1,6,33,0.002601,0.014304,0.000433
绿水,黄金,0.317088,2.455436,1,9,22,0.003901,0.009536,0.000433
干戈,黄金,0.317088,2.455436,1,9,22,0.003901,0.009536,0.000433
富贵,汉家,0.317088,2.455436,1,9,22,0.003901,0.009536,0.000433
南山,焚香,0.317088,2.455436,1,33,6,0.014304,0.002601,0.000433
年年,焚香,0.317088,2.455436,1,33,6,0.014304,0.002601,0.000433
仙人,花满,0.317088,2.455436,1,22,9,0.009536,0.003901,0.000433
汉家,风雨,0.317088,2.455436,1,22,9,0.009536,0.003901,0.000433
汉家,草木,0.317088,2.455436,1,22,9,0.009536,0.003901,0.000433
生死,黄金,0.317088,2.455436,1,9,22,0.003901,0.009536,0.000433
南山,白雪,0.317088,2.455436,1,33,6,0.014304,0.002601,0.000433
大道,浮云,0.317088,2.455436,1,9,22,0.003901,0.009536,0.000433
大道,汉家,0.317088,2.455436,1,9,22,0.003901,0.009536,0.000433
天涯,白发,0.317088,2.455436,1,11,18,0.004768,0.007802,0.000433
浮云,衣冠,0.317088,2.455436,1,22,9,0.009536,0.003901,0.000433
浮云,飘飖,0.317088,2.455436,1,22,9,0.009536,0.003901,0.000433
浮云,高秋,0.317088,2.455436,1,22,9,0.009536,0.003901,0.000433
浮云,竹林,0.317088,2.455436,1,22,9,0.009536,0.003901,0.000433
佳期,浮云,0.317088,2.455436,1,9,22,0.003901,0.009536,0.000433
昨夜,浮云,0.317088,2.455436,1,9,22,0.003901,0.009536,0.000433
伤心,白发,0.317088,2.455436,1,11,18,0.004768,0.007802,0.000433
伤心,登高,0.317088,2.455436,1,11,18,0.004768,0.007802,0.000433
桃源,白发,0.317088,2.455436,1,11,18,0.004768,0.007802,0.000433
白发,龙门,0.317088,2.455436,1,18,11,0.007802,0.004768,0.000433
桃源,登高,0.317088,2.455436,1,11,18,0.004768,0.007802,0.000433
年年,朱门,0.317088,2.455436,1,33,6,0.014304,0.002601,0.000433
登高,龙门,0.317088,2.455436,1,18,11,0.007802,0.004768,0.000433
肠断,落日,0.317088,2.455436,1,9,22,0.003901,0.009536,0.000433
富贵,落日,0.317088,2.455436,1,9,22,0.003901,0.009536,0.000433
分明,落日,0.317088,2.455436,1,9,22,0.003901,0.009536,0.000433
相亲,落花,0.317088,2.455436,1,6,33,0.002601,0.014304,0.000433
相寻,落花,0.317088,2.455436,1,6,33,0.002601,0.014304,0.000433
月照,秋色,0.317088,2.455436,1,18,11,0.007802,0.004768,0.000433
寂寥,汉家,0.317088,2.455436,1,9,22,0.003901,0.009536,0.000433
十载,相思,0.317088,2.455436,1,6,33,0.002601,0.014304,0.000433
今已,巫山,0.317088,2.455436,1,9,22,0.003901,0.009536,0.000433
今已,黄金,0.317088,2.455436,1,9,22,0.003901,0.009536,0.000433
富贵,巫山,0.317088,2.455436,1,9,22,0.003901,0.009536,0.000433
富贵,自怜,0.317088,2.455436,1,9,22,0.003901,0.009536,0.000433
双飞,闻道,0.317088,2.455436,1,9,22,0.003901,0.009536,0.000433
佳人,春草,0.317088,2.455436,1,18,11,0.007802,0.004768,0.000433
佳人,行人,0.317088,2.455436,1,18,11,0.007802,0.004768,0.000433
伤心,古来,0.317088,2.455436,1,11,18,0.004768,0.007802,0.000433
君恩,白发,0.317088,2.455436,1,11,18,0.004768,0.007802,0.000433
南山,青苔,0.317088,2.455436,1,33,6,0.014304,0.002601,0.000433
古来,白玉,0.317088,2.455436,1,18,11,0.007802,0.004768,0.000433
故乡,白玉,0.317088,2.455436,1,18,11,0.007802,0.004768,0.000433
白发,白玉,0.317088,2.455436,1,18,11,0.007802,0.004768,0.000433
古来,日晚,0.317088,2.455436,1,18,11,0.007802,0.004768,0.000433
故乡,日晚,0.317088,2.455436,1,18,11,0.007802,0.004768,0.000433
日晚,白发,0.317088,2.455436,1,11,18,0.004768,0.007802,0.000433
南山,忆昔,0.317088,2.455436,1,33,6,0.014304,0.002601,0.000433
南山,茫茫,0.317088,2.455436,1,33,6,0.014304,0.002601,0.000433
怅望,闻道,0.317088,2.455436,1,9,22,0.003901,0.009536,0.000433
出入,白云,0.317088,2.455436,1,2,99,0.000867,0.042913,0.000433
世人,白云,0.317088,2.455436,1,2,99,0.000867,0.042913,0.000433
感激,白云,0.317088,2.455436,1,2,99,0.000867,0.042913,0.000433
楚水,白云,0.317088,2.455436,1,2,99,0.000867,0.042913,0.000433
怅望,黄金,0.317088,2.455436,1,9,22,0.003901,0.009536,0.000433
巫山,怅望,0.317088,2.455436,1,22,9,0.009536,0.003901,0.000433
仙人,昨夜,0.317088,2.455436,1,22,9,0.009536,0.003901,0.000433
富贵,闻道,0.317088,2.455436,1,9,22,0.003901,0.009536,0.000433
衣冠,闻道,0.317088,2.455436,1,9,22,0.003901,0.009536,0.000433
仙人,寂寥,0.317088,2.455436,1,22,9,0.009536,0.003901,0.000433
南山,蛟龙,0.317088,2.455436,1,33,6,0.014304,0.002601,0.000433
古来,望乡,0.317088,2.455436,1,18,11,0.007802,0.004768,0.000433
富贵,黄金,0.317088,2.455436,1,9,22,0.003901,0.009536,0.000433
芙蓉,高楼,0.317088,2.455436,1,18,11,0.007802,0.004768,0.000433
人情,相思,0.317088,2.455436,1,6,33,0.002601,0.014304,0.000433
相思,送客,0.317088,2.455436,1,33,6,0.014304,0.002601,0.000433
双飞,自怜,0.317088,2.455436,1,9,22,0.003901,0.009536,0.000433
自怜,闲居,0.317088,2.455436,1,22,9,0.009536,0.003901,0.000433
巫山,绿水,0.317088,2.455436,1,22,9,0.009536,0.003901,0.000433
南山,青草,0.317088,2.455436,1,33,6,0.014304,0.002601,0.000433
春光,芙蓉,0.317088,2.455436,1,11,18,0.004768,0.007802,0.000433
登高,重阳,0.317088,2.455436,1,18,11,0.007802,0.004768,0.000433
月落,白云,0.317088,2.455436,1,2,99,0.000867,0.042913,0.000433
巫山,风雨,0.317088,2.455436,1,22,9,0.009536,0.003901,0.000433
昨夜,汉家,0.317088,2.455436,1,9,22,0.003901,0.009536,0.000433
仙人,夕阳,0.317088,2.455436,1,22,9,0.009536,0.003901,0.000433
落花,青草,0.317088,2.455436,1,33,6,0.014304,0.002601,0.000433
山僧,白云,0.317088,2.455436,1,2,99,0.000867,0.042913,0.000433
相思,相看,0.317088,2.455436,1,33,6,0.014304,0.002601,0.000433
人生,风吹,0.316899,2.234315,2,13,38,0.005635,0.016472,0.000867
他乡,月明,0.316899,2.234315,2,26,19,0.01127,0.008236,0.000867
秋月,窈窕,0.316899,2.234315,2,19,26,0.008236,0.01127,0.000867
烟霞,花落,0.316899,2.234315,2,19,26,0.008236,0.01127,0.000867
千秋,百年,0.316899,2.234315,2,19,26,0.008236,0.01127,0.000867
白日,西山,0.316899,2.234315,2,38,13,0.016472,0.005635,0.000867
白日,蓬莱,0.316899,2.234315,2,38,13,0.016472,0.005635,0.000867
平生,日斜,0.316612,2.232293,2,45,11,0.019506,0.004768,0.000867
平生,高台,0.316612,2.232293,2,45,11,0.019506,0.004768,0.000867
宛转,落花,0.316612,2.232293,2,15,33,0.006502,0.014304,0.000867
宛转,年年,0.316612,2.232293,2,15,33,0.006502,0.014304,0.000867
天子,绿水,0.316612,2.232293,2,55,9,0.02384,0.003901,0.000867
无穷,相思,0.316612,2.232293,2,15,33,0.006502,0.014304,0.000867
平生,独坐,0.316612,2.232293,2,45,11,0.019506,0.004768,0.000867
天子,风雨,0.316612,2.232293,2,55,9,0.02384,0.003901,0.000867
梧桐,白云,0.316612,2.232293,2,5,99,0.002167,0.042913,0.000867
太守,白云,0.316612,2.232293,2,5,99,0.002167,0.042913,0.000867
南山,君子,0.316612,2.232293,2,33,15,0.014304,0.006502,0.000867
年年,楼上,0.316612,2.232293,2,33,15,0.014304,0.006502,0.000867
古今,白云,0.316612,2.232293,2,5,99,0.002167,0.042913,0.000867
南山,无穷,0.316612,2.232293,2,33,15,0.014304,0.006502,0.000867
回首,春色,0.316326,2.230275,2,16,31,0.006935,0.013437,0.000867
东流,关山,0.316326,2.230275,2,16,31,0.006935,0.013437,0.000867
今日,行路,0.316326,2.230275,2,62,8,0.026875,0.003468,0.000867
今日,路难,0.316326,2.230275,2,62,8,0.026875,0.003468,0.000867
芳菲,逶迤,0.316326,2.230275,2,31,16,0.013437,0.006935,0.000867
今日,当时,0.316326,2.230275,2,62,8,0.026875,0.003468,0.000867
今日,陌上,0.316326,2.230275,2,62,8,0.026875,0.003468,0.000867
今来,阳春,0.31579,2.445386,1,10,20,0.004335,0.008669,0.000433
封侯,岐路,0.31579,2.445386,1,10,20,0.004335,0.008669,0.000433
岐路,江水,0.31579,2.445386,1,20,10,0.008669,0.004335,0.000433
九重,百花,0.31579,2.445386,1,20,10,0.008669,0.004335,0.000433
岁寒,鸳鸯,0.31579,2.445386,1,10,20,0.004335,0.008669,0.000433
对酒,长安,0.31579,2.445386,1,5,40,0.002167,0.017339,0.000433
未央,路傍,0.31579,2.445386,1,20,10,0.008669,0.004335,0.000433
路傍,鸳鸯,0.31579,2.445386,1,10,20,0.004335,0.008669,0.000433
未央,落叶,0.31579,2.445386,1,20,10,0.008669,0.004335,0.000433
花发,鸳鸯,0.31579,2.445386,1,10,20,0.004335,0.008669,0.000433
白马,鸳鸯,0.31579,2.445386,1,10,20,0.004335,0.008669,0.000433
沧海,阳春,0.31579,2.445386,1,10,20,0.004335,0.008669,0.000433
天外,江上,0.31579,2.445386,1,10,20,0.004335,0.008669,0.000433
百花,阳春,0.31579,2.445386,1,10,20,0.004335,0.008669,0.000433
岐路,百花,0.31579,2.445386,1,20,10,0.008669,0.004335,0.000433
萧条,阳春,0.31579,2.445386,1,10,20,0.004335,0.008669,0.000433
岐路,萧条,0.31579,2.445386,1,20,10,0.008669,0.004335,0.000433
江上,自然,0.31579,2.445386,1,20,10,0.008669,0.004335,0.000433
江上,风月,0.31579,2.445386,1,20,10,0.008669,0.004335,0.000433
旌旗,未央,0.31579,2.445386,1,10,20,0.004335,0.008669,0.000433
阳春,风月,0.31579,2.445386,1,20,10,0.008669,0.004335,0.000433
岐路,沧海,0.31579,2.445386,1,20,10,0.008669,0.004335,0.000433
九重,自言,0.31579,2.445386,1,20,10,0.008669,0.004335,0.000433
九重,经过,0.31579,2.445386,1,20,10,0.008669,0.004335,0.000433
去年,长安,0.31579,2.445386,1,5,40,0.002167,0.017339,0.000433
残月,长安,0.31579,2.445386,1,5,40,0.002167,0.017339,0.000433
岐路,憔悴,0.31579,2.445386,1,20,10,0.008669,0.004335,0.000433
憔悴,未央,0.31579,2.445386,1,10,20,0.004335,0.008669,0.000433
未央,零落,0.31579,2.445386,1,20,10,0.008669,0.004335,0.000433
江水,阳春,0.31579,2.445386,1,10,20,0.004335,0.008669,0.000433
阳春,零落,0.31579,2.445386,1,20,10,0.008669,0.004335,0.000433
封侯,海上,0.31579,2.445386,1,10,20,0.004335,0.008669,0.000433
封侯,青春,0.31579,2.445386,1,10,20,0.004335,0.008669,0.000433
昔日,青春,0.31579,2.445386,1,10,20,0.004335,0.008669,0.000433
海上,萧条,0.31579,2.445386,1,20,10,0.008669,0.004335,0.000433
萧条,青春,0.31579,2.445386,1,10,20,0.004335,0.008669,0.000433
海上,自言,0.31579,2.445386,1,20,10,0.008669,0.004335,0.000433
自言,青春,0.31579,2.445386,1,10,20,0.004335,0.008669,0.000433
湘水,青春,0.31579,2.445386,1,10,20,0.004335,0.008669,0.000433
文章,鸳鸯,0.31579,2.445386,1,10,20,0.004335,0.008669,0.000433
文章,青春,0.31579,2.445386,1,10,20,0.004335,0.008669,0.000433
旧游,长安,0.31579,2.445386,1,5,40,0.002167,0.017339,0.000433
云飞,江上,0.31579,2.445386,1,10,20,0.004335,0.008669,0.000433
自然,青春,0.31579,2.445386,1,10,20,0.004335,0.008669,0.000433
千万,芳树,0.31579,2.445386,1,8,25,0.003468,0.010837,0.000433
山川,鸟飞,0.31579,2.445386,1,50,4,0.021673,0.001734,0.000433
千载,莺啼,0.31579,2.445386,1,25,8,0.010837,0.003468,0.000433
南宫,花开,0.31579,2.445386,1,8,25,0.003468,0.010837,0.000433
千载,朝廷,0.31579,2.445386,1,25,8,0.010837,0.003468,0.000433
千载,门前,0.31579,2.445386,1,25,8,0.010837,0.003468,0.000433
千载,陌上,0.31579,2.445386,1,25,8,0.010837,0.003468,0.000433
千载,相知,0.31579,2.445386,1,25,8,0.010837,0.003468,0.000433
千载,双阙,0.31579,2.445386,1,25,8,0.010837,0.003468,0.000433
河汉,花开,0.31579,2.445386,1,8,25,0.003468,0.010837,0.000433
叹息,百尺,0.31579,2.445386,1,25,8,0.010837,0.003468,0.000433
千载,城中,0.31579,2.445386,1,25,8,0.010837,0.003468,0.000433
单于,芳树,0.31579,2.445386,1,8,25,0.003468,0.010837,0.000433
日夕,花开,0.31579,2.445386,1,8,25,0.003468,0.010837,0.000433
乾坤,山川,0.31579,2.445386,1,4,50,0.001734,0.021673,0.000433
山川,诸侯,0.31579,2.445386,1,50,4,0.021673,0.001734,0.000433
千载,当时,0.31579,2.445386,1,25,8,0.010837,0.003468,0.000433
千载,南宫,0.31579,2.445386,1,25,8,0.010837,0.003468,0.000433
千载,路难,0.31579,2.445386,1,25,8,0.010837,0.003468,0.000433
叹息,山路,0.31579,2.445386,1,25,8,0.010837,0.003468,0.000433
千载,颜色,0.31579,2.445386,1,25,8,0.010837,0.003468,0.000433
千载,单于,0.31579,2.445386,1,25,8,0.010837,0.003468,0.000433
千载,昆仑,0.31579,2.445386,1,25,8,0.010837,0.003468,0.000433
千载,蹉跎,0.31579,2.445386,1,25,8,0.010837,0.003468,0.000433
单于,叹息,0.31579,2.445386,1,8,25,0.003468,0.010837,0.000433
叹息,昆仑,0.31579,2.445386,1,25,8,0.010837,0.003468,0.000433
叹息,蹉跎,0.31579,2.445386,1,25,8,0.010837,0.003468,0.000433
山川,巫峡,0.31579,2.445386,1,50,4,0.021673,0.001734,0.000433
山川,高树,0.31579,2.445386,1,50,4,0.021673,0.001734,0.000433
千载,笙歌,0.31579,2.445386,1,25,8,0.010837,0.003468,0.000433
山川,马嘶,0.31579,2.445386,1,50,4,0.021673,0.001734,0.000433
芳树,陌上,0.31579,2.445386,1,25,8,0.010837,0.003468,0.000433
可怜,花开,0.315583,2.097079,3,34,25,0.014738,0.010837,0.0013
山川,沧海,0.315187,2.222242,2,50,10,0.021673,0.004335,0.000867
关河,山川,0.315187,2.222242,2,10,50,0.004335,0.021673,0.000867
万里,马上,0.314956,2.002304,4,89,14,0.038578,0.006068,0.001734
明月,相望,0.314704,2.0007,4,78,16,0.03381,0.006935,0.001734
他乡,年年,0.314173,2.087711,3,26,33,0.01127,0.014304,0.0013
君王,风光,0.314057,2.214274,2,24,21,0.010403,0.009103,0.000867
天下,故乡,0.314057,2.214274,2,28,18,0.012137,0.007802,0.000867
花飞,裴回,0.314057,2.214274,2,14,36,0.006068,0.015605,0.000867
将军,相识,0.314057,2.214274,2,36,14,0.015605,0.006068,0.000867
古来,宁知,0.314057,2.214274,2,18,28,0.007802,0.012137,0.000867
无限,裴回,0.314057,2.214274,2,14,36,0.006068,0.015605,0.000867
淹留,裴回,0.314057,2.214274,2,14,36,0.006068,0.015605,0.000867
古来,天下,0.314057,2.214274,2,18,28,0.007802,0.012137,0.000867
桃李,马蹄,0.313868,2.430497,1,29,7,0.01257,0.003034,0.000433
桃李,雨雪,0.313868,2.430497,1,29,7,0.01257,0.003034,0.000433
帝城,桃李,0.313868,2.430497,1,7,29,0.003034,0.01257,0.000433
千年,风流,0.313868,2.430497,1,29,7,0.01257,0.003034,0.000433
桃李,相见,0.313868,2.430497,1,29,7,0.01257,0.003034,0.000433
丞相,桃李,0.313868,2.430497,1,7,29,0.003034,0.01257,0.000433
桃李,骨肉,0.313868,2.430497,1,29,7,0.01257,0.003034,0.000433
咸阳,桃李,0.313868,2.430497,1,7,29,0.003034,0.01257,0.000433
不归,白云,0.31378,1.924808,5,17,99,0.007369,0.042913,0.002167
公子,悠悠,0.313648,2.084221,3,21,41,0.009103,0.017772,0.0013
悠悠,蛾眉,0.313648,2.084221,3,41,21,0.017772,0.009103,0.0013
明主,闻道,0.313495,2.210314,2,23,22,0.00997,0.009536,0.000867
十年,落日,0.313495,2.210314,2,23,22,0.00997,0.009536,0.000867
天地,黄金,0.313495,2.210314,2,23,22,0.00997,0.009536,0.000867
十年,浮云,0.313495,2.210314,2,23,22,0.00997,0.009536,0.000867
别后,相逢,0.313233,2.425583,1,12,17,0.005202,0.007369,0.000433
月满,相逢,0.313233,2.425583,1,12,17,0.005202,0.007369,0.000433
中原,洛阳,0.313233,2.425583,1,4,51,0.001734,0.022107,0.000433
洛阳,玉堂,0.313233,2.425583,1,51,4,0.022107,0.001734,0.000433
万国,丹青,0.313233,2.425583,1,17,12,0.007369,0.005202,0.000433
归来,清风,0.313233,2.425583,1,17,12,0.007369,0.005202,0.000433
丈夫,归来,0.313233,2.425583,1,12,17,0.005202,0.007369,0.000433
意气,物外,0.313233,2.425583,1,17,12,0.007369,0.005202,0.000433
千门,鹦鹉,0.313233,2.425583,1,17,12,0.007369,0.005202,0.000433
千门,朝朝,0.313233,2.425583,1,17,12,0.007369,0.005202,0.000433
千门,翡翠,0.313233,2.425583,1,17,12,0.007369,0.005202,0.000433
意气,鹦鹉,0.313233,2.425583,1,17,12,0.007369,0.005202,0.000433
意气,翡翠,0.313233,2.425583,1,17,12,0.007369,0.005202,0.000433
相逢,红尘,0.313233,2.425583,1,17,12,0.007369,0.005202,0.000433
相逢,鹦鹉,0.313233,2.425583,1,17,12,0.007369,0.005202,0.000433
相逢,翡翠,0.313233,2.425583,1,17,12,0.007369,0.005202,0.000433
归来,辛苦,0.313233,2.425583,1,17,12,0.007369,0.005202,0.000433
今夜,千门,0.313233,2.425583,1,12,17,0.005202,0.007369,0.000433
不归,今夜,0.313233,2.425583,1,17,12,0.007369,0.005202,0.000433
翠微,芳草,0.313233,2.425583,1,17,12,0.007369,0.005202,0.000433
归来,物外,0.313233,2.425583,1,17,12,0.007369,0.005202,0.000433
别离,菊花,0.313233,2.425583,1,17,12,0.007369,0.005202,0.000433
携手,玉树,0.313233,2.425583,1,17,12,0.007369,0.005202,0.000433
洛阳,相对,0.313233,2.425583,1,51,4,0.022107,0.001734,0.000433
别离,摇落,0.313233,2.425583,1,17,12,0.007369,0.005202,0.000433
千门,归去,0.313233,2.425583,1,17,12,0.007369,0.005202,0.000433
千门,长沙,0.313233,2.425583,1,17,12,0.007369,0.005202,0.000433
归去,青门,0.313233,2.425583,1,12,17,0.005202,0.007369,0.000433
红尘,青门,0.313233,2.425583,1,12,17,0.005202,0.007369,0.000433
长沙,青门,0.313233,2.425583,1,12,17,0.005202,0.007369,0.000433
归去,意气,0.313233,2.425583,1,12,17,0.005202,0.007369,0.000433
意气,长沙,0.313233,2.425583,1,17,12,0.007369,0.005202,0.000433
丈夫,青门,0.313233,2.425583,1,12,17,0.005202,0.007369,0.000433
丈夫,梅花,0.313233,2.425583,1,12,17,0.005202,0.007369,0.000433
意气,迢递,0.313233,2.425583,1,17,12,0.007369,0.005202,0.000433
迢递,青门,0.313233,2.425583,1,12,17,0.005202,0.007369,0.000433
寂寞,梅花,0.313233,2.425583,1,12,17,0.005202,0.007369,0.000433
东南,青门,0.313233,2.425583,1,12,17,0.005202,0.007369,0.000433
东南,梅花,0.313233,2.425583,1,12,17,0.005202,0.007369,0.000433
今夜,梅花,0.313233,2.425583,1,12,17,0.005202,0.007369,0.000433
今夜,别离,0.313233,2.425583,1,12,17,0.005202,0.007369,0.000433
别离,迢递,0.313233,2.425583,1,17,12,0.007369,0.005202,0.000433
梅花,鹦鹉,0.313233,2.425583,1,17,12,0.007369,0.005202,0.000433
朝朝,梅花,0.313233,2.425583,1,12,17,0.005202,0.007369,0.000433
别离,鹦鹉,0.313233,2.425583,1,17,12,0.007369,0.005202,0.000433
别离,朝朝,0.313233,2.425583,1,17,12,0.007369,0.005202,0.000433
可怜,相寻,0.313233,2.425583,1,34,6,0.014738,0.002601,0.000433
归来,摇落,0.313233,2.425583,1,17,12,0.007369,0.005202,0.000433
可怜,还家,0.313233,2.425583,1,34,6,0.014738,0.002601,0.000433
不归,游子,0.313233,2.425583,1,17,12,0.007369,0.005202,0.000433
携手,游子,0.313233,2.425583,1,17,12,0.007369,0.005202,0.000433
不归,翡翠,0.313233,2.425583,1,17,12,0.007369,0.005202,0.000433
携手,翡翠,0.313233,2.425583,1,17,12,0.007369,0.005202,0.000433
不归,圣人,0.313233,2.425583,1,17,12,0.007369,0.005202,0.000433
圣人,携手,0.313233,2.425583,1,12,17,0.005202,0.007369,0.000433
不归,摇落,0.313233,2.425583,1,17,12,0.007369,0.005202,0.000433
不归,月满,0.313233,2.425583,1,17,12,0.007369,0.005202,0.000433
携手,摇落,0.313233,2.425583,1,17,12,0.007369,0.005202,0.000433
携手,月满,0.313233,2.425583,1,17,12,0.007369,0.005202,0.000433
可怜,茫茫,0.313233,2.425583,1,34,6,0.014738,0.002601,0.000433
洛阳,高树,0.313233,2.425583,1,51,4,0.022107,0.001734,0.000433
江湖,洛阳,0.313233,2.425583,1,4,51,0.001734,0.022107,0.000433
可怜,送客,0.313233,2.425583,1,34,6,0.014738,0.002601,0.000433
圣人,归来,0.313233,2.425583,1,12,17,0.005202,0.007369,0.000433
梦里,洛阳,0.313233,2.425583,1,4,51,0.001734,0.022107,0.000433
意气,红粉,0.313233,2.425583,1,17,12,0.007369,0.005202,0.000433
万国,今夜,0.313233,2.425583,1,17,12,0.007369,0.005202,0.000433
归来,莲花,0.313233,2.425583,1,17,12,0.007369,0.005202,0.000433
携手,草绿,0.313233,2.425583,1,17,12,0.007369,0.005202,0.000433
草绿,青门,0.313233,2.425583,1,12,17,0.005202,0.007369,0.000433
参差,年华,0.313215,2.208339,2,39,13,0.016905,0.005635,0.000867
凤凰,御沟,0.313125,2.080743,3,54,16,0.023407,0.006935,0.0013
凤凰,白头,0.313125,2.080743,3,54,16,0.023407,0.006935,0.0013
东流,凤凰,0.313125,2.080743,3,16,54,0.006935,0.023407,0.0013
凤凰,路长,0.313125,2.080743,3,54,16,0.023407,0.006935,0.0013
万事,悠悠,0.312602,2.420693,1,5,41,0.002167,0.017772,0.000433
悠悠,月中,0.312602,2.420693,1,41,5,0.017772,0.002167,0.000433
叶落,悠悠,0.312602,2.420693,1,5,41,0.002167,0.017772,0.000433
悠悠,自古,0.312602,2.420693,1,41,5,0.017772,0.002167,0.000433
悠悠,衣裳,0.312602,2.420693,1,41,5,0.017772,0.002167,0.000433
世上,悠悠,0.312602,2.420693,1,5,41,0.002167,0.017772,0.000433
天上,春色,0.31243,2.076124,3,28,31,0.012137,0.013437,0.0013
今日,青楼,0.31243,2.076124,3,62,14,0.026875,0.006068,0.0013
云间,可怜,0.312378,2.20244,2,15,34,0.006502,0.014738,0.000867
可怜,宛转,0.312378,2.20244,2,34,15,0.014738,0.006502,0.000867
洛阳,路傍,0.312378,2.20244,2,51,10,0.022107,0.004335,0.000867
意气,风烟,0.312378,2.20244,2,17,30,0.007369,0.013004,0.000867
光辉,千门,0.312378,2.20244,2,30,17,0.013004,0.007369,0.000867
可怜,楼上,0.312378,2.20244,2,34,15,0.014738,0.006502,0.000867
洛阳,清明,0.312378,2.20244,2,51,10,0.022107,0.004335,0.000867
光辉,翠微,0.312378,2.20244,2,30,17,0.013004,0.007369,0.000867
洛阳,自言,0.312378,2.20244,2,51,10,0.022107,0.004335,0.000867
可怜,无穷,0.312378,2.20244,2,34,15,0.014738,0.006502,0.000867
可怜,青云,0.312378,2.20244,2,34,15,0.014738,0.006502,0.000867
可怜,白首,0.312378,2.20244,2,34,15,0.014738,0.006502,0.000867
凤凰,长安,0.3121,1.857599,6,54,40,0.023407,0.017339,0.002601
千金,路长,0.311823,2.198526,2,32,16,0.013871,0.006935,0.000867
歌舞,花落,0.31146,1.980081,4,49,26,0.02124,0.01127,0.001734
风尘,鸡鸣,0.311348,2.410984,1,23,9,0.00997,0.003901,0.000433
今已,天地,0.311348,2.410984,1,9,23,0.003901,0.00997,0.000433
桃花,车马,0.311348,2.410984,1,23,9,0.00997,0.003901,0.000433
公卿,十年,0.311348,2.410984,1,9,23,0.003901,0.00997,0.000433
怅望,风尘,0.311348,2.410984,1,9,23,0.003901,0.00997,0.000433
天地,鱼龙,0.311348,2.410984,1,23,9,0.00997,0.003901,0.000433
公卿,天地,0.311348,2.410984,1,9,23,0.003901,0.00997,0.000433
天地,明日,0.311348,2.410984,1,23,9,0.00997,0.003901,0.000433
天地,衣冠,0.311348,2.410984,1,23,9,0.00997,0.003901,0.000433
明主,肠断,0.311348,2.410984,1,23,9,0.00997,0.003901,0.000433
天地,绿水,0.311348,2.410984,1,23,9,0.00997,0.003901,0.000433
天地,干戈,0.311348,2.410984,1,23,9,0.00997,0.003901,0.000433
寂寥,风尘,0.311348,2.410984,1,9,23,0.003901,0.00997,0.000433
十年,大道,0.311348,2.410984,1,23,9,0.00997,0.003901,0.000433
十年,衣冠,0.311348,2.410984,1,23,9,0.00997,0.003901,0.000433
十年,飘飖,0.311348,2.410984,1,23,9,0.00997,0.003901,0.000433
十年,高秋,0.311348,2.410984,1,23,9,0.00997,0.003901,0.000433
十年,竹林,0.311348,2.410984,1,23,9,0.00997,0.003901,0.000433
十年,昨夜,0.311348,2.410984,1,23,9,0.00997,0.003901,0.000433
大道,风尘,0.311348,2.410984,1,9,23,0.003901,0.00997,0.000433
闲居,风尘,0.311348,2.410984,1,9,23,0.003901,0.00997,0.000433
十年,寂寥,0.311348,2.410984,1,23,9,0.00997,0.003901,0.000433
天地,怅望,0.311348,2.410984,1,23,9,0.00997,0.003901,0.000433
天地,逍遥,0.311348,2.410984,1,23,9,0.00997,0.003901,0.000433
十年,闲居,0.311348,2.410984,1,23,9,0.00997,0.003901,0.000433
十年,草木,0.311348,2.410984,1,23,9,0.00997,0.003901,0.000433
分明,十年,0.311348,2.410984,1,9,23,0.003901,0.00997,0.000433
明主,竹林,0.311348,2.410984,1,23,9,0.00997,0.003901,0.000433
天地,生死,0.311348,2.410984,1,23,9,0.00997,0.003901,0.000433
叹息,洛阳,0.311337,1.979296,4,25,51,0.010837,0.022107,0.001734
神仙,花开,0.311221,2.068092,3,35,25,0.015171,0.010837,0.0013
神仙,芳树,0.311221,2.068092,3,35,25,0.015171,0.010837,0.0013
叹息,神仙,0.311221,2.068092,3,25,35,0.010837,0.015171,0.0013
玲珑,青山,0.310725,2.406165,1,8,26,0.003468,0.01127,0.000433
山路,窈窕,0.310725,2.406165,1,8,26,0.003468,0.01127,0.000433
昔时,相望,0.310725,2.406165,1,13,16,0.005635,0.006935,0.000433
山水,莺啼,0.310725,2.406165,1,26,8,0.01127,0.003468,0.000433
东流,客心,0.310725,2.406165,1,16,13,0.006935,0.005635,0.000433
御沟,相送,0.310725,2.406165,1,16,13,0.006935,0.005635,0.000433
思君,相送,0.310725,2.406165,1,16,13,0.006935,0.005635,0.000433
山下,知己,0.310725,2.406165,1,16,13,0.006935,0.005635,0.000433
万物,花落,0.310725,2.406165,1,8,26,0.003468,0.01127,0.000433
万物,山水,0.310725,2.406165,1,8,26,0.003468,0.01127,0.000433
相知,窈窕,0.310725,2.406165,1,8,26,0.003468,0.01127,0.000433
江南,相望,0.310725,2.406165,1,13,16,0.005635,0.006935,0.000433
回首,知己,0.310725,2.406165,1,16,13,0.006935,0.005635,0.000433
人生,春来,0.310725,2.406165,1,13,16,0.005635,0.006935,0.000433
同心,春来,0.310725,2.406165,1,13,16,0.005635,0.006935,0.000433
当时,窈窕,0.310725,2.406165,1,8,26,0.003468,0.01127,0.000433
人生,白头,0.310725,2.406165,1,13,16,0.005635,0.006935,0.000433
同心,白头,0.310725,2.406165,1,13,16,0.005635,0.006935,0.000433
南宫,窈窕,0.310725,2.406165,1,8,26,0.003468,0.01127,0.000433
窈窕,须臾,0.310725,2.406165,1,26,8,0.01127,0.003468,0.000433
春来,知己,0.310725,2.406165,1,16,13,0.006935,0.005635,0.000433
春来,江南,0.310725,2.406165,1,16,13,0.006935,0.005635,0.000433
当时,花落,0.310725,2.406165,1,8,26,0.003468,0.01127,0.000433
他乡,当时,0.310725,2.406165,1,26,8,0.01127,0.003468,0.000433
当时,百年,0.310725,2.406165,1,8,26,0.003468,0.01127,0.000433
思君,金谷,0.310725,2.406165,1,16,13,0.006935,0.005635,0.000433
相望,金谷,0.310725,2.406165,1,16,13,0.006935,0.005635,0.000433
百年,莺啼,0.310725,2.406165,1,26,8,0.01127,0.003468,0.000433
君心,百年,0.310725,2.406165,1,8,26,0.003468,0.01127,0.000433
百年,路难,0.310725,2.406165,1,26,8,0.01127,0.003468,0.000433
客心,山下,0.310725,2.406165,1,13,16,0.005635,0.006935,0.000433
年华,白头,0.310725,2.406165,1,13,16,0.005635,0.006935,0.000433
年华,御沟,0.310725,2.406165,1,13,16,0.005635,0.006935,0.000433
昔时,白头,0.310725,2.406165,1,13,16,0.005635,0.006935,0.000433
思君,昔时,0.310725,2.406165,1,16,13,0.006935,0.005635,0.000433
明年,昔时,0.310725,2.406165,1,16,13,0.006935,0.005635,0.000433
北风,思君,0.310725,2.406165,1,13,16,0.005635,0.006935,0.000433
北风,明年,0.310725,2.406165,1,13,16,0.005635,0.006935,0.000433
断肠,百年,0.310725,2.406165,1,8,26,0.003468,0.01127,0.000433
同心,回首,0.310725,2.406165,1,13,16,0.005635,0.006935,0.000433
瑶池,西山,0.310725,2.406165,1,16,13,0.006935,0.005635,0.000433
万古,山水,0.310725,2.406165,1,8,26,0.003468,0.01127,0.000433
明年,柳色,0.310725,2.406165,1,16,13,0.006935,0.005635,0.000433
江南,白头,0.310725,2.406165,1,13,16,0.005635,0.006935,0.000433
窈窕,笙歌,0.310725,2.406165,1,26,8,0.01127,0.003468,0.000433
明年,相送,0.310725,2.406165,1,16,13,0.006935,0.005635,0.000433
寒食,山水,0.310725,2.406165,1,8,26,0.003468,0.01127,0.000433
蓬莱,逶迤,0.310725,2.406165,1,13,16,0.005635,0.006935,0.000433
昆仑,窈窕,0.310725,2.406165,1,8,26,0.003468,0.01127,0.000433
千里,春来,0.310721,1.975382,4,80,16,0.034677,0.006935,0.001734
歌舞,神仙,0.310709,1.905973,5,49,35,0.02124,0.015171,0.002167
巫山,明月,0.310614,1.90539,5,22,78,0.009536,0.03381,0.002167
天子,春来,0.310363,2.062394,3,55,16,0.02384,0.006935,0.0013
杨柳,相识,0.310171,2.186875,2,37,14,0.016038,0.006068,0.000867
天涯,月明,0.310106,2.401369,1,11,19,0.004768,0.008236,0.000433
含情,月明,0.310106,2.401369,1,11,19,0.004768,0.008236,0.000433
日照,月明,0.310106,2.401369,1,11,19,0.004768,0.008236,0.000433
千秋,白玉,0.310106,2.401369,1,19,11,0.008236,0.004768,0.000433
千秋,日晚,0.310106,2.401369,1,19,11,0.008236,0.004768,0.000433
烟霞,秋色,0.310106,2.401369,1,19,11,0.008236,0.004768,0.000433
烟霞,独坐,0.310106,2.401369,1,19,11,0.008236,0.004768,0.000433
纵横,青松,0.310106,2.401369,1,19,11,0.008236,0.004768,0.000433
千秋,太平,0.310106,2.401369,1,19,11,0.008236,0.004768,0.000433
北斗,桃源,0.310106,2.401369,1,19,11,0.008236,0.004768,0.000433
春光,秋月,0.310106,2.401369,1,11,19,0.004768,0.008236,0.000433
秋月,龙门,0.310106,2.401369,1,19,11,0.008236,0.004768,0.000433
秋色,纵横,0.310106,2.401369,1,11,19,0.004768,0.008236,0.000433
天涯,烟霞,0.310106,2.401369,1,11,19,0.004768,0.008236,0.000433
天涯,纵横,0.310106,2.401369,1,11,19,0.004768,0.008236,0.000433
伤心,烟霞,0.310106,2.401369,1,11,19,0.004768,0.008236,0.000433
桃源,烟霞,0.310106,2.401369,1,11,19,0.004768,0.008236,0.000433
烟霞,龙门,0.310106,2.401369,1,19,11,0.008236,0.004768,0.000433
伤心,纵横,0.310106,2.401369,1,11,19,0.004768,0.008236,0.000433
桃源,纵横,0.310106,2.401369,1,11,19,0.004768,0.008236,0.000433
纵横,龙门,0.310106,2.401369,1,19,11,0.008236,0.004768,0.000433
独坐,纵横,0.310106,2.401369,1,11,19,0.004768,0.008236,0.000433
北斗,高楼,0.310106,2.401369,1,19,11,0.008236,0.004768,0.000433
北斗,含情,0.310106,2.401369,1,19,11,0.008236,0.004768,0.000433
千秋,夜月,0.310106,2.401369,1,19,11,0.008236,0.004768,0.000433
春草,秋月,0.310106,2.401369,1,11,19,0.004768,0.008236,0.000433
秋月,行人,0.310106,2.401369,1,19,11,0.008236,0.004768,0.000433
伤心,千秋,0.310106,2.401369,1,11,19,0.004768,0.008236,0.000433
日晚,纵横,0.310106,2.401369,1,11,19,0.004768,0.008236,0.000433
千秋,松柏,0.310106,2.401369,1,19,11,0.008236,0.004768,0.000433
秋月,秋色,0.310106,2.401369,1,19,11,0.008236,0.004768,0.000433
天涯,秋月,0.310106,2.401369,1,11,19,0.004768,0.008236,0.000433
春草,月明,0.310106,2.401369,1,11,19,0.004768,0.008236,0.000433
月明,高楼,0.310106,2.401369,1,19,11,0.008236,0.004768,0.000433
秋风,镜中,0.310022,2.060123,3,49,18,0.02124,0.007802,0.0013
古来,歌舞,0.310022,2.060123,3,18,49,0.007802,0.02124,0.0013
可怜,花落,0.309681,2.057858,3,34,26,0.014738,0.01127,0.0013
可怜,百年,0.309681,2.057858,3,34,26,0.014738,0.01127,0.0013
人生,长安,0.309624,2.183022,2,13,40,0.005635,0.017339,0.000867
西山,长安,0.309624,2.183022,2,13,40,0.005635,0.017339,0.000867
他乡,未央,0.309624,2.183022,2,26,20,0.01127,0.008669,0.000867
他乡,鸳鸯,0.309624,2.183022,2,26,20,0.01127,0.008669,0.000867
白雪,神仙,0.30949,2.396596,1,6,35,0.002601,0.015171,0.000433
人间,徘徊,0.30949,2.396596,1,15,14,0.006502,0.006068,0.000433
百花,蛾眉,0.30949,2.396596,1,10,21,0.004335,0.009103,0.000433
岁寒,岁月,0.30949,2.396596,1,10,21,0.004335,0.009103,0.000433
无情,神仙,0.30949,2.396596,1,6,35,0.002601,0.015171,0.000433
归路,落叶,0.30949,2.396596,1,21,10,0.009103,0.004335,0.000433
潺湲,风烟,0.30949,2.396596,1,7,30,0.003034,0.013004,0.000433
惆怅,风烟,0.30949,2.396596,1,7,30,0.003034,0.013004,0.000433
日夜,风烟,0.30949,2.396596,1,7,30,0.003034,0.013004,0.000433
帝乡,湘水,0.30949,2.396596,1,21,10,0.009103,0.004335,0.000433
楼台,游人,0.30949,2.396596,1,14,15,0.006068,0.006502,0.000433
君子,风霜,0.30949,2.396596,1,15,14,0.006502,0.006068,0.000433
北阙,紫微,0.30949,2.396596,1,14,15,0.006068,0.006502,0.000433
人间,今年,0.30949,2.396596,1,15,14,0.006502,0.006068,0.000433
功成,神仙,0.30949,2.396596,1,6,35,0.002601,0.015171,0.000433
归路,故园,0.30949,2.396596,1,21,10,0.009103,0.004335,0.000433
管弦,花飞,0.30949,2.396596,1,15,14,0.006502,0.006068,0.000433
山河,管弦,0.30949,2.396596,1,14,15,0.006068,0.006502,0.000433
今年,管弦,0.30949,2.396596,1,14,15,0.006068,0.006502,0.000433
今年,离别,0.30949,2.396596,1,14,15,0.006068,0.006502,0.000433
花前,风光,0.30949,2.396596,1,10,21,0.004335,0.009103,0.000433
帝乡,苍梧,0.30949,2.396596,1,21,10,0.009103,0.004335,0.000433
紫微,风霜,0.30949,2.396596,1,15,14,0.006502,0.006068,0.000433
宛转,风霜,0.30949,2.396596,1,15,14,0.006502,0.006068,0.000433
归路,承恩,0.30949,2.396596,1,21,10,0.009103,0.004335,0.000433
楼上,空馀,0.30949,2.396596,1,15,14,0.006502,0.006068,0.000433
楼上,风霜,0.30949,2.396596,1,15,14,0.006502,0.006068,0.000433
帝乡,江海,0.30949,2.396596,1,21,10,0.009103,0.004335,0.000433
关河,帝乡,0.30949,2.396596,1,10,21,0.004335,0.009103,0.000433
楼台,管弦,0.30949,2.396596,1,14,15,0.006068,0.006502,0.000433
人间,楼台,0.30949,2.396596,1,15,14,0.006502,0.006068,0.000433
游人,相识,0.30949,2.396596,1,15,14,0.006502,0.006068,0.000433
岁月,殷勤,0.30949,2.396596,1,21,10,0.009103,0.004335,0.000433
无穷,空馀,0.30949,2.396596,1,15,14,0.006502,0.006068,0.000433
公子,经过,0.30949,2.396596,1,21,10,0.009103,0.004335,0.000433
少年,无穷,0.30949,2.396596,1,14,15,0.006068,0.006502,0.000433
少年,白首,0.30949,2.396596,1,14,15,0.006068,0.006502,0.000433
知音,风光,0.30949,2.396596,1,10,21,0.004335,0.009103,0.000433
知音,蛾眉,0.30949,2.396596,1,10,21,0.004335,0.009103,0.000433
帝乡,知音,0.30949,2.396596,1,21,10,0.009103,0.004335,0.000433
岁月,知音,0.30949,2.396596,1,21,10,0.009103,0.004335,0.000433
故园,风光,0.30949,2.396596,1,10,21,0.004335,0.009103,0.000433
故园,蛾眉,0.30949,2.396596,1,10,21,0.004335,0.009103,0.000433
帝乡,故园,0.30949,2.396596,1,21,10,0.009103,0.004335,0.000433
风光,风月,0.30949,2.396596,1,21,10,0.009103,0.004335,0.000433
憔悴,风光,0.30949,2.396596,1,10,21,0.004335,0.009103,0.000433
经过,风光,0.30949,2.396596,1,10,21,0.004335,0.009103,0.000433
白马,蛾眉,0.30949,2.396596,1,10,21,0.004335,0.009103,0.000433
蛾眉,风月,0.30949,2.396596,1,21,10,0.009103,0.004335,0.000433
经过,蛾眉,0.30949,2.396596,1,10,21,0.004335,0.009103,0.000433
无限,白首,0.30949,2.396596,1,14,15,0.006068,0.006502,0.000433
山中,白首,0.30949,2.396596,1,14,15,0.006068,0.006502,0.000433
帝乡,自言,0.30949,2.396596,1,21,10,0.009103,0.004335,0.000433
帝乡,花发,0.30949,2.396596,1,21,10,0.009103,0.004335,0.000433
帝乡,白马,0.30949,2.396596,1,21,10,0.009103,0.004335,0.000433
帝乡,风月,0.30949,2.396596,1,21,10,0.009103,0.004335,0.000433
帝乡,憔悴,0.30949,2.396596,1,21,10,0.009103,0.004335,0.000433
帝乡,经过,0.30949,2.396596,1,21,10,0.009103,0.004335,0.000433
岁月,花发,0.30949,2.396596,1,21,10,0.009103,0.004335,0.000433
岁月,白马,0.30949,2.396596,1,21,10,0.009103,0.004335,0.000433
岁月,风月,0.30949,2.396596,1,21,10,0.009103,0.004335,0.000433
岁月,经过,0.30949,2.396596,1,21,10,0.009103,0.004335,0.000433
淹留,白首,0.30949,2.396596,1,14,15,0.006068,0.006502,0.000433
无穷,青楼,0.30949,2.396596,1,15,14,0.006502,0.006068,0.000433
人间,青楼,0.30949,2.396596,1,15,14,0.006502,0.006068,0.000433
尘埃,楼上,0.30949,2.396596,1,14,15,0.006068,0.006502,0.000433
人间,尘埃,0.30949,2.396596,1,15,14,0.006502,0.006068,0.000433
无限,楼上,0.30949,2.396596,1,14,15,0.006068,0.006502,0.000433
楼上,淹留,0.30949,2.396596,1,15,14,0.006502,0.006068,0.000433
相亲,神仙,0.30949,2.396596,1,6,35,0.002601,0.015171,0.000433
相寻,神仙,0.30949,2.396596,1,6,35,0.002601,0.015171,0.000433
人间,无限,0.30949,2.396596,1,15,14,0.006502,0.006068,0.000433
岁月,生涯,0.30949,2.396596,1,21,10,0.009103,0.004335,0.000433
古木,岁月,0.30949,2.396596,1,10,21,0.004335,0.009103,0.000433
人间,相识,0.30949,2.396596,1,15,14,0.006502,0.006068,0.000433
今来,蛾眉,0.30949,2.396596,1,10,21,0.004335,0.009103,0.000433
岁寒,蛾眉,0.30949,2.396596,1,10,21,0.004335,0.009103,0.000433
古人,岁月,0.30949,2.396596,1,10,21,0.004335,0.009103,0.000433
山河,白首,0.30949,2.396596,1,14,15,0.006068,0.006502,0.000433
宛转,相识,0.30949,2.396596,1,15,14,0.006502,0.006068,0.000433
公子,封侯,0.30949,2.396596,1,21,10,0.009103,0.004335,0.000433
公子,萧条,0.30949,2.396596,1,21,10,0.009103,0.004335,0.000433
公子,湘水,0.30949,2.396596,1,21,10,0.009103,0.004335,0.000433
尘埃,白首,0.30949,2.396596,1,14,15,0.006068,0.006502,0.000433
昔日,白露,0.30949,2.396596,1,10,21,0.004335,0.009103,0.000433
白露,萧条,0.30949,2.396596,1,21,10,0.009103,0.004335,0.000433
白露,自言,0.30949,2.396596,1,21,10,0.009103,0.004335,0.000433
湘水,白露,0.30949,2.396596,1,10,21,0.004335,0.009103,0.000433
昔日,蛾眉,0.30949,2.396596,1,10,21,0.004335,0.009103,0.000433
萧条,蛾眉,0.30949,2.396596,1,10,21,0.004335,0.009103,0.000433
白首,马上,0.30949,2.396596,1,15,14,0.006502,0.006068,0.000433
无穷,马上,0.30949,2.396596,1,15,14,0.006502,0.006068,0.000433
湘水,蛾眉,0.30949,2.396596,1,10,21,0.004335,0.009103,0.000433
岁寒,白露,0.30949,2.396596,1,10,21,0.004335,0.009103,0.000433
白露,苍梧,0.30949,2.396596,1,21,10,0.009103,0.004335,0.000433
关河,白露,0.30949,2.396596,1,10,21,0.004335,0.009103,0.000433
无限,日落,0.30949,2.396596,1,14,15,0.006068,0.006502,0.000433
日落,花飞,0.30949,2.396596,1,15,14,0.006502,0.006068,0.000433
文章,白露,0.30949,2.396596,1,10,21,0.004335,0.009103,0.000433
岁月,文章,0.30949,2.396596,1,21,10,0.009103,0.004335,0.000433
光辉,风流,0.30949,2.396596,1,30,7,0.013004,0.003034,0.000433
北阙,无穷,0.30949,2.396596,1,14,15,0.006068,0.006502,0.000433
楼上,马上,0.30949,2.396596,1,15,14,0.006502,0.006068,0.000433
关河,归路,0.30949,2.396596,1,10,21,0.004335,0.009103,0.000433
帝乡,清明,0.30949,2.396596,1,21,10,0.009103,0.004335,0.000433
泉声,神仙,0.30949,2.396596,1,6,35,0.002601,0.015171,0.000433
岁月,旌旗,0.30949,2.396596,1,21,10,0.009103,0.004335,0.000433
光辉,日夜,0.30949,2.396596,1,30,7,0.013004,0.003034,0.000433
东山,北阙,0.30949,2.396596,1,15,14,0.006502,0.006068,0.000433
蛾眉,路傍,0.30949,2.396596,1,21,10,0.009103,0.004335,0.000433
万里,将军,0.309129,1.750989,8,89,36,0.038578,0.015605,0.003468
桃李,白发,0.30908,2.179183,2,29,18,0.01257,0.007802,0.000867
月照,桃李,0.30908,2.179183,2,18,29,0.007802,0.01257,0.000867
千年,古来,0.30908,2.179183,2,29,18,0.01257,0.007802,0.000867
万里,湘水,0.308663,2.051094,3,89,10,0.038578,0.004335,0.0013
万里,封侯,0.308663,2.051094,3,89,10,0.038578,0.004335,0.0013
富贵,白云,0.308494,2.049971,3,9,99,0.003901,0.042913,0.0013
生死,白云,0.308494,2.049971,3,9,99,0.003901,0.042913,0.0013
宛转,神仙,0.308267,2.173452,2,15,35,0.006502,0.015171,0.000867
游人,神仙,0.308267,2.173452,2,15,35,0.006502,0.015171,0.000867
公子,千载,0.308267,2.173452,2,21,25,0.009103,0.010837,0.000867
叹息,白露,0.308267,2.173452,2,25,21,0.010837,0.009103,0.000867
今日,风光,0.308041,1.958341,4,62,21,0.026875,0.009103,0.001734
春色,相逢,0.307727,2.16965,2,31,17,0.013437,0.007369,0.000867
关山,相逢,0.307727,2.16965,2,31,17,0.013437,0.007369,0.000867
关山,别离,0.307727,2.16965,2,31,17,0.013437,0.007369,0.000867
千门,芳菲,0.307727,2.16965,2,17,31,0.007369,0.013437,0.000867
芳菲,青门,0.307727,2.16965,2,31,17,0.013437,0.007369,0.000867
君王,浮云,0.307459,2.167754,2,24,22,0.010403,0.009536,0.000867
洞庭,浮云,0.307459,2.167754,2,24,22,0.010403,0.009536,0.000867
君王,闻道,0.307459,2.167754,2,24,22,0.010403,0.009536,0.000867
春来,相思,0.307459,2.167754,2,16,33,0.006935,0.014304,0.000867
东流,相思,0.307459,2.167754,2,16,33,0.006935,0.014304,0.000867
东流,年年,0.307459,2.167754,2,16,33,0.006935,0.014304,0.000867
欢娱,闻道,0.307459,2.167754,2,24,22,0.010403,0.009536,0.000867
相思,相望,0.307459,2.167754,2,33,16,0.014304,0.006935,0.000867
欢娱,黄金,0.307459,2.167754,2,24,22,0.010403,0.009536,0.000867
巫山,美人,0.307459,2.167754,2,22,24,0.009536,0.010403,0.000867
巫山,氛氲,0.307459,2.167754,2,22,24,0.009536,0.010403,0.000867
将军,花开,0.306982,2.039921,3,36,25,0.015605,0.010837,0.0013
叹息,将军,0.306982,2.039921,3,25,36,0.010837,0.015605,0.0013
古来,山川,0.306982,2.039921,3,18,50,0.007802,0.021673,0.0013
悠悠,落日,0.306648,2.037701,3,41,22,0.017772,0.009536,0.0013
悠悠,黄金,0.306648,2.037701,3,41,22,0.017772,0.009536,0.0013
巫山,悠悠,0.306648,2.037701,3,22,41,0.009536,0.017772,0.0013
悠悠,闻道,0.306648,2.037701,3,41,22,0.017772,0.009536,0.0013
万年,烟霞,0.306388,2.160207,2,28,19,0.012137,0.008236,0.000867
北阙,风吹,0.306388,2.160207,2,14,38,0.006068,0.016472,0.000867
客心,悠悠,0.306122,2.158329,2,13,41,0.005635,0.017772,0.000867
悠悠,知己,0.306122,2.158329,2,41,13,0.017772,0.005635,0.000867
悠悠,金谷,0.306122,2.158329,2,41,13,0.017772,0.005635,0.000867
万里,茫茫,0.305856,2.156455,2,89,6,0.038578,0.002601,0.000867
白发,行乐,0.305852,2.368425,1,18,12,0.007802,0.005202,0.000433
月照,物外,0.305852,2.368425,1,18,12,0.007802,0.005202,0.000433
君王,清晨,0.305852,2.368425,1,24,9,0.010403,0.003901,0.000433
日月,朝廷,0.305852,2.368425,1,27,8,0.011704,0.003468,0.000433
双飞,氛氲,0.305852,2.368425,1,9,24,0.003901,0.010403,0.000433
红尘,芙蓉,0.305852,2.368425,1,12,18,0.005202,0.007802,0.000433
芙蓉,鹦鹉,0.305852,2.368425,1,18,12,0.007802,0.005202,0.000433
朝朝,芙蓉,0.305852,2.368425,1,12,18,0.005202,0.007802,0.000433
大道,氛氲,0.305852,2.368425,1,9,24,0.003901,0.010403,0.000433
寂寥,氛氲,0.305852,2.368425,1,9,24,0.003901,0.010403,0.000433
相看,裴回,0.305852,2.368425,1,6,36,0.002601,0.015605,0.000433
分明,美人,0.305852,2.368425,1,9,24,0.003901,0.010403,0.000433
佳人,玉树,0.305852,2.368425,1,18,12,0.007802,0.005202,0.000433
登高,芳草,0.305852,2.368425,1,18,12,0.007802,0.005202,0.000433
佳人,行乐,0.305852,2.368425,1,18,12,0.007802,0.005202,0.000433
登高,行乐,0.305852,2.368425,1,18,12,0.007802,0.005202,0.000433
君王,衣冠,0.305852,2.368425,1,24,9,0.010403,0.003901,0.000433
东南,镜中,0.305852,2.368425,1,12,18,0.005202,0.007802,0.000433
将军,萧索,0.305852,2.368425,1,36,6,0.015605,0.002601,0.000433
欢娱,逍遥,0.305852,2.368425,1,24,9,0.010403,0.003901,0.000433
山路,风起,0.305852,2.368425,1,8,27,0.003468,0.011704,0.000433
人归,裴回,0.305852,2.368425,1,6,36,0.002601,0.015605,0.000433
花间,裴回,0.305852,2.368425,1,6,36,0.002601,0.015605,0.000433
台上,裴回,0.305852,2.368425,1,6,36,0.002601,0.015605,0.000433
氛氲,绿水,0.305852,2.368425,1,24,9,0.010403,0.003901,0.000433
君王,干戈,0.305852,2.368425,1,24,9,0.010403,0.003901,0.000433
干戈,氛氲,0.305852,2.368425,1,9,24,0.003901,0.010403,0.000433
富贵,欢娱,0.305852,2.368425,1,9,24,0.003901,0.010403,0.000433
物外,芙蓉,0.305852,2.368425,1,12,18,0.005202,0.007802,0.000433
凤凰,诸侯,0.305852,2.368425,1,54,4,0.023407,0.001734,0.000433
门前,风起,0.305852,2.368425,1,8,27,0.003468,0.011704,0.000433
美人,花满,0.305852,2.368425,1,24,9,0.010403,0.003901,0.000433
寂寥,洞庭,0.305852,2.368425,1,9,24,0.003901,0.010403,0.000433
将军,羽翼,0.305852,2.368425,1,36,6,0.015605,0.002601,0.000433
将军,朱门,0.305852,2.368425,1,36,6,0.015605,0.002601,0.000433
垂杨,将军,0.305852,2.368425,1,6,36,0.002601,0.015605,0.000433
将军,金陵,0.305852,2.368425,1,36,6,0.015605,0.002601,0.000433
古来,归去,0.305852,2.368425,1,18,12,0.007802,0.005202,0.000433
古来,红尘,0.305852,2.368425,1,18,12,0.007802,0.005202,0.000433
丈夫,白发,0.305852,2.368425,1,12,18,0.005202,0.007802,0.000433
丈夫,登高,0.305852,2.368425,1,12,18,0.005202,0.007802,0.000433
白发,迢递,0.305852,2.368425,1,18,12,0.007802,0.005202,0.000433
登高,迢递,0.305852,2.368425,1,18,12,0.007802,0.005202,0.000433
朱门,裴回,0.305852,2.368425,1,6,36,0.002601,0.015605,0.000433
寂寞,白发,0.305852,2.368425,1,12,18,0.005202,0.007802,0.000433
寂寞,登高,0.305852,2.368425,1,12,18,0.005202,0.007802,0.000433
东南,白发,0.305852,2.368425,1,12,18,0.005202,0.007802,0.000433
东南,登高,0.305852,2.368425,1,12,18,0.005202,0.007802,0.000433
相寻,裴回,0.305852,2.368425,1,6,36,0.002601,0.015605,0.000433
归去,故乡,0.305852,2.368425,1,12,18,0.005202,0.007802,0.000433
丈夫,月照,0.305852,2.368425,1,12,18,0.005202,0.007802,0.000433
东南,月照,0.305852,2.368425,1,12,18,0.005202,0.007802,0.000433
今已,欢娱,0.305852,2.368425,1,9,24,0.003901,0.010403,0.000433
忆昔,春风,0.305852,2.368425,1,6,36,0.002601,0.015605,0.000433
颜色,风起,0.305852,2.368425,1,8,27,0.003468,0.011704,0.000433
佳人,草绿,0.305852,2.368425,1,18,12,0.007802,0.005202,0.000433
东南,佳人,0.305852,2.368425,1,12,18,0.005202,0.007802,0.000433
佳人,月下,0.305852,2.368425,1,18,12,0.007802,0.005202,0.000433
古来,红粉,0.305852,2.368425,1,18,12,0.007802,0.005202,0.000433
佳人,圣人,0.305852,2.368425,1,18,12,0.007802,0.005202,0.000433
佳人,摇落,0.305852,2.368425,1,18,12,0.007802,0.005202,0.000433
佳人,月满,0.305852,2.368425,1,18,12,0.007802,0.005202,0.000433
日月,颜色,0.305852,2.368425,1,27,8,0.011704,0.003468,0.000433
古来,游子,0.305852,2.368425,1,18,12,0.007802,0.005202,0.000433
游子,白发,0.305852,2.368425,1,12,18,0.005202,0.007802,0.000433
古来,翡翠,0.305852,2.368425,1,18,12,0.007802,0.005202,0.000433
故乡,翡翠,0.305852,2.368425,1,18,12,0.007802,0.005202,0.000433
白发,翡翠,0.305852,2.368425,1,18,12,0.007802,0.005202,0.000433
古来,摇落,0.305852,2.368425,1,18,12,0.007802,0.005202,0.000433
古来,月满,0.305852,2.368425,1,18,12,0.007802,0.005202,0.000433
圣人,故乡,0.305852,2.368425,1,12,18,0.005202,0.007802,0.000433
摇落,故乡,0.305852,2.368425,1,12,18,0.005202,0.007802,0.000433
故乡,月满,0.305852,2.368425,1,18,12,0.007802,0.005202,0.000433
单于,日月,0.305852,2.368425,1,8,27,0.003468,0.011704,0.000433
怅望,美人,0.305852,2.368425,1,9,24,0.003901,0.010403,0.000433
圣人,白发,0.305852,2.368425,1,12,18,0.005202,0.007802,0.000433
摇落,白发,0.305852,2.368425,1,12,18,0.005202,0.007802,0.000433
月满,白发,0.305852,2.368425,1,12,18,0.005202,0.007802,0.000433
日月,须臾,0.305852,2.368425,1,27,8,0.011704,0.003468,0.000433
日月,昆仑,0.305852,2.368425,1,27,8,0.011704,0.003468,0.000433
日月,蹉跎,0.305852,2.368425,1,27,8,0.011704,0.003468,0.000433
富贵,美人,0.305852,2.368425,1,9,24,0.003901,0.010403,0.000433
欢娱,风雨,0.305852,2.368425,1,24,9,0.010403,0.003901,0.000433
凤凰,江湖,0.305852,2.368425,1,54,4,0.023407,0.001734,0.000433
故乡,辛苦,0.305852,2.368425,1,18,12,0.007802,0.005202,0.000433
白发,长沙,0.305852,2.368425,1,18,12,0.007802,0.005202,0.000433
圣人,芙蓉,0.305852,2.368425,1,12,18,0.005202,0.007802,0.000433
两相,凤凰,0.305852,2.368425,1,4,54,0.001734,0.023407,0.000433
红粉,芙蓉,0.305852,2.368425,1,12,18,0.005202,0.007802,0.000433
洞庭,雨露,0.305852,2.368425,1,24,9,0.010403,0.003901,0.000433
玉树,白发,0.305852,2.368425,1,12,18,0.005202,0.007802,0.000433
凤凰,杜陵,0.305852,2.368425,1,54,4,0.023407,0.001734,0.000433
古来,玉树,0.305852,2.368425,1,18,12,0.007802,0.005202,0.000433
洞庭,逍遥,0.305852,2.368425,1,24,9,0.010403,0.003901,0.000433
大道,洞庭,0.305852,2.368425,1,9,24,0.003901,0.010403,0.000433
依然,氛氲,0.305852,2.368425,1,9,24,0.003901,0.010403,0.000433
春风,焚香,0.305852,2.368425,1,36,6,0.015605,0.002601,0.000433
日月,昔年,0.305852,2.368425,1,27,8,0.011704,0.003468,0.000433
古来,鹦鹉,0.305852,2.368425,1,18,12,0.007802,0.005202,0.000433
明日,欢娱,0.305852,2.368425,1,9,24,0.003901,0.010403,0.000433
古来,草绿,0.305852,2.368425,1,18,12,0.007802,0.005202,0.000433
关山,风波,0.305255,2.363806,1,31,7,0.013437,0.003034,0.000433
关山,婵娟,0.305255,2.363806,1,31,7,0.013437,0.003034,0.000433
芳菲,风波,0.305255,2.363806,1,31,7,0.013437,0.003034,0.000433
烟波,芳菲,0.305255,2.363806,1,7,31,0.003034,0.013437,0.000433
婵娟,芳菲,0.305255,2.363806,1,7,31,0.003034,0.013437,0.000433
关山,日夜,0.305255,2.363806,1,31,7,0.013437,0.003034,0.000433
关山,阳台,0.305255,2.363806,1,31,7,0.013437,0.003034,0.000433
潺湲,芳菲,0.305255,2.363806,1,7,31,0.003034,0.013437,0.000433
丞相,芳菲,0.305255,2.363806,1,7,31,0.003034,0.013437,0.000433
芳菲,骨肉,0.305255,2.363806,1,31,7,0.013437,0.003034,0.000433
咸阳,芳菲,0.305255,2.363806,1,7,31,0.003034,0.013437,0.000433
罗衣,芳菲,0.305255,2.363806,1,7,31,0.003034,0.013437,0.000433
庭前,芳菲,0.305255,2.363806,1,7,31,0.003034,0.013437,0.000433
春色,罗衣,0.305255,2.363806,1,31,7,0.013437,0.003034,0.000433
庭前,春色,0.305255,2.363806,1,7,31,0.003034,0.013437,0.000433
芳菲,造化,0.305255,2.363806,1,31,7,0.013437,0.003034,0.000433
池上,芳菲,0.305255,2.363806,1,7,31,0.003034,0.013437,0.000433
尚书,春色,0.305255,2.363806,1,7,31,0.003034,0.013437,0.000433
功名,春色,0.305255,2.363806,1,7,31,0.003034,0.013437,0.000433
春色,路岐,0.305255,2.363806,1,31,7,0.013437,0.003034,0.000433
洛阳,花落,0.305168,1.940075,4,51,26,0.022107,0.01127,0.001734
白日,美人,0.304988,2.026676,3,38,24,0.016472,0.010403,0.0013
万里,关山,0.304769,1.76699,7,89,31,0.038578,0.013437,0.003034
秋风,道路,0.304534,2.147135,2,49,11,0.02124,0.004768,0.000867
秋风,黄叶,0.304534,2.147135,2,49,11,0.02124,0.004768,0.000867
歌舞,高楼,0.304534,2.147135,2,49,11,0.02124,0.004768,0.000867
春风,楼上,0.304271,2.145281,2,36,15,0.015605,0.006502,0.000867
管弦,裴回,0.304271,2.145281,2,15,36,0.006502,0.015605,0.000867
江上,风起,0.304271,2.145281,2,20,27,0.008669,0.011704,0.000867
凤凰,零落,0.304271,2.145281,2,54,10,0.023407,0.004335,0.000867
凤凰,昔日,0.304271,2.145281,2,54,10,0.023407,0.004335,0.000867
春风,游人,0.304271,2.145281,2,36,15,0.015605,0.006502,0.000867
将军,无穷,0.304271,2.145281,2,36,15,0.015605,0.006502,0.000867
游人,裴回,0.304271,2.145281,2,15,36,0.006502,0.015605,0.000867
无穷,裴回,0.304271,2.145281,2,15,36,0.006502,0.015605,0.000867
阳春,风起,0.304271,2.145281,2,20,27,0.008669,0.011704,0.000867
平生,翡翠,0.304271,2.145281,2,45,12,0.019506,0.005202,0.000867
丈夫,平生,0.304271,2.145281,2,12,45,0.005202,0.019506,0.000867
平生,摇落,0.304271,2.145281,2,45,12,0.019506,0.005202,0.000867
万里,君子,0.304104,1.933311,4,89,15,0.038578,0.006502,0.001734
佳人,洛阳,0.304002,2.020118,3,18,51,0.007802,0.022107,0.0013
凤凰,梅花,0.304002,2.020118,3,54,17,0.023407,0.007369,0.0013
洛阳,登高,0.304002,2.020118,3,51,18,0.022107,0.007802,0.0013
古来,洛阳,0.304002,2.020118,3,18,51,0.007802,0.022107,0.0013
凤凰,青门,0.304002,2.020118,3,54,17,0.023407,0.007369,0.0013
云飞,闻道,0.303482,2.350076,1,10,22,0.004335,0.009536,0.000433
汉家,百花,0.303482,2.350076,1,22,10,0.009536,0.004335,0.000433
春草,未央,0.303482,2.350076,1,11,20,0.004768,0.008669,0.000433
仙人,萧条,0.303482,2.350076,1,22,10,0.009536,0.004335,0.000433
未央,白玉,0.303482,2.350076,1,20,11,0.008669,0.004768,0.000433
日晚,未央,0.303482,2.350076,1,11,20,0.004768,0.008669,0.000433
岐路,白玉,0.303482,2.350076,1,20,11,0.008669,0.004768,0.000433
岐路,日晚,0.303482,2.350076,1,20,11,0.008669,0.004768,0.000433
日晚,鸳鸯,0.303482,2.350076,1,11,20,0.004768,0.008669,0.000433
湘水,自怜,0.303482,2.350076,1,10,22,0.004335,0.009536,0.000433
青松,鸳鸯,0.303482,2.350076,1,11,20,0.004768,0.008669,0.000433
云雨,落日,0.303482,2.350076,1,10,22,0.004335,0.009536,0.000433
江上,行人,0.303482,2.350076,1,20,11,0.008669,0.004768,0.000433
太平,未央,0.303482,2.350076,1,11,20,0.004768,0.008669,0.000433
自怜,零落,0.303482,2.350076,1,22,10,0.009536,0.004335,0.000433
阳城,鸳鸯,0.303482,2.350076,1,11,20,0.004768,0.008669,0.000433
松柏,海上,0.303482,2.350076,1,11,20,0.004768,0.008669,0.000433
天子,相忆,0.303482,2.350076,1,55,4,0.02384,0.001734,0.000433
行人,阳春,0.303482,2.350076,1,11,20,0.004768,0.008669,0.000433
岐路,行人,0.303482,2.350076,1,20,11,0.008669,0.004768,0.000433
百花,落日,0.303482,2.350076,1,10,22,0.004335,0.009536,0.000433
沧海,浮云,0.303482,2.350076,1,10,22,0.004335,0.009536,0.000433
殷勤,落日,0.303482,2.350076,1,10,22,0.004335,0.009536,0.000433
落日,路傍,0.303482,2.350076,1,22,10,0.009536,0.004335,0.000433
仙人,自然,0.303482,2.350076,1,22,10,0.009536,0.004335,0.000433
汉家,江海,0.303482,2.350076,1,22,10,0.009536,0.004335,0.000433
关河,汉家,0.303482,2.350076,1,10,22,0.004335,0.009536,0.000433
憔悴,汉家,0.303482,2.350076,1,10,22,0.004335,0.009536,0.000433
今来,汉家,0.303482,2.350076,1,10,22,0.004335,0.009536,0.000433
江海,黄金,0.303482,2.350076,1,10,22,0.004335,0.009536,0.000433
南北,天子,0.303482,2.350076,1,4,55,0.001734,0.02384,0.000433
风月,黄金,0.303482,2.350076,1,10,22,0.004335,0.009536,0.000433
经过,黄金,0.303482,2.350076,1,10,22,0.004335,0.009536,0.000433
汉家,自言,0.303482,2.350076,1,22,10,0.009536,0.004335,0.000433
汉家,经过,0.303482,2.350076,1,22,10,0.009536,0.004335,0.000433
浮云,知音,0.303482,2.350076,1,22,10,0.009536,0.004335,0.000433
故园,浮云,0.303482,2.350076,1,10,22,0.004335,0.009536,0.000433
浮云,花发,0.303482,2.350076,1,22,10,0.009536,0.004335,0.000433
浮云,白马,0.303482,2.350076,1,22,10,0.009536,0.004335,0.000433
浮云,风月,0.303482,2.350076,1,22,10,0.009536,0.004335,0.000433
憔悴,浮云,0.303482,2.350076,1,10,22,0.004335,0.009536,0.000433
天涯,江上,0.303482,2.350076,1,11,20,0.004768,0.008669,0.000433
今来,巫山,0.303482,2.350076,1,10,22,0.004335,0.009536,0.000433
岁寒,巫山,0.303482,2.350076,1,10,22,0.004335,0.009536,0.000433
今来,黄金,0.303482,2.350076,1,10,22,0.004335,0.009536,0.000433
岁寒,黄金,0.303482,2.350076,1,10,22,0.004335,0.009536,0.000433
未央,高楼,0.303482,2.350076,1,20,11,0.008669,0.004768,0.000433
巫山,憔悴,0.303482,2.350076,1,22,10,0.009536,0.004335,0.000433
含情,未央,0.303482,2.350076,1,11,20,0.004768,0.008669,0.000433
巫山,零落,0.303482,2.350076,1,22,10,0.009536,0.004335,0.000433
巫山,江水,0.303482,2.350076,1,22,10,0.009536,0.004335,0.000433
江水,自怜,0.303482,2.350076,1,10,22,0.004335,0.009536,0.000433
夜月,阳春,0.303482,2.350076,1,11,20,0.004768,0.008669,0.000433
今来,仙人,0.303482,2.350076,1,10,22,0.004335,0.009536,0.000433
猿啼,落日,0.303482,2.350076,1,10,22,0.004335,0.009536,0.000433
伤心,鸳鸯,0.303482,2.350076,1,11,20,0.004768,0.008669,0.000433
伤心,阳春,0.303482,2.350076,1,11,20,0.004768,0.008669,0.000433
海上,白玉,0.303482,2.350076,1,20,11,0.008669,0.004768,0.000433
白玉,青春,0.303482,2.350076,1,11,20,0.004768,0.008669,0.000433
天子,清净,0.303482,2.350076,1,55,4,0.02384,0.001734,0.000433
日晚,海上,0.303482,2.350076,1,11,20,0.004768,0.008669,0.000433
日晚,青春,0.303482,2.350076,1,11,20,0.004768,0.008669,0.000433
昔日,闻道,0.303482,2.350076,1,10,22,0.004335,0.009536,0.000433
萧条,闻道,0.303482,2.350076,1,10,22,0.004335,0.009536,0.000433
自言,闻道,0.303482,2.350076,1,10,22,0.004335,0.009536,0.000433
湘水,闻道,0.303482,2.350076,1,10,22,0.004335,0.009536,0.000433
昔日,黄金,0.303482,2.350076,1,10,22,0.004335,0.009536,0.000433
巫山,昔日,0.303482,2.350076,1,22,10,0.009536,0.004335,0.000433
萧条,黄金,0.303482,2.350076,1,10,22,0.004335,0.009536,0.000433
巫山,萧条,0.303482,2.350076,1,22,10,0.009536,0.004335,0.000433
巫山,自言,0.303482,2.350076,1,22,10,0.009536,0.004335,0.000433
天子,玉堂,0.303482,2.350076,1,55,4,0.02384,0.001734,0.000433
湘水,黄金,0.303482,2.350076,1,10,22,0.004335,0.009536,0.000433
阳春,高台,0.303482,2.350076,1,20,11,0.008669,0.004768,0.000433
海上,高台,0.303482,2.350076,1,20,11,0.008669,0.004768,0.000433
青春,高台,0.303482,2.350076,1,20,11,0.008669,0.004768,0.000433
仙人,江海,0.303482,2.350076,1,22,10,0.009536,0.004335,0.000433
生涯,闻道,0.303482,2.350076,1,10,22,0.004335,0.009536,0.000433
望乡,青春,0.303482,2.350076,1,11,20,0.004768,0.008669,0.000433
九重,松柏,0.303482,2.350076,1,20,11,0.008669,0.004768,0.000433
桃源,江上,0.303482,2.350076,1,11,20,0.004768,0.008669,0.000433
汉家,清明,0.303482,2.350076,1,22,10,0.009536,0.004335,0.000433
文章,自怜,0.303482,2.350076,1,10,22,0.004335,0.009536,0.000433
高楼,鸳鸯,0.303482,2.350076,1,11,20,0.004768,0.008669,0.000433
承恩,自怜,0.303482,2.350076,1,10,22,0.004335,0.009536,0.000433
百花,自怜,0.303482,2.350076,1,10,22,0.004335,0.009536,0.000433
夜月,江上,0.303482,2.350076,1,11,20,0.004768,0.008669,0.000433
今朝,昔日,0.303482,2.350076,1,22,10,0.009536,0.004335,0.000433
仙人,昔日,0.303482,2.350076,1,22,10,0.009536,0.004335,0.000433
九重,日晚,0.303482,2.350076,1,20,11,0.008669,0.004768,0.000433
自怜,落叶,0.303482,2.350076,1,22,10,0.009536,0.004335,0.000433
落叶,闻道,0.303482,2.350076,1,10,22,0.004335,0.009536,0.000433
汉家,落叶,0.303482,2.350076,1,22,10,0.009536,0.004335,0.000433
清明,闻道,0.303482,2.350076,1,10,22,0.004335,0.009536,0.000433
阳春,龙门,0.303482,2.350076,1,20,11,0.008669,0.004768,0.000433
汉家,萧条,0.303482,2.350076,1,22,10,0.009536,0.004335,0.000433
今朝,春日,0.303482,2.350076,1,22,10,0.009536,0.004335,0.000433
日照,鸳鸯,0.303482,2.350076,1,11,20,0.004768,0.008669,0.000433
青春,高楼,0.303482,2.350076,1,20,11,0.008669,0.004768,0.000433
江上,高楼,0.303482,2.350076,1,20,11,0.008669,0.004768,0.000433
今朝,殷勤,0.303482,2.350076,1,22,10,0.009536,0.004335,0.000433
殷勤,闻道,0.303482,2.350076,1,10,22,0.004335,0.009536,0.000433
千金,归来,0.303224,2.137901,2,32,17,0.013871,0.007369,0.000867
千门,日暮,0.303224,2.137901,2,17,32,0.007369,0.013871,0.000867
意气,日暮,0.303224,2.137901,2,17,32,0.007369,0.013871,0.000867
可怜,春来,0.303224,2.137901,2,34,16,0.014738,0.006935,0.000867
可怜,思君,0.303224,2.137901,2,34,16,0.014738,0.006935,0.000867
人生,携手,0.302896,2.345541,1,13,17,0.005635,0.007369,0.000433
归来,相送,0.302896,2.345541,1,17,13,0.007369,0.005635,0.000433
相送,相逢,0.302896,2.345541,1,13,17,0.005635,0.007369,0.000433
千门,昔时,0.302896,2.345541,1,17,13,0.007369,0.005635,0.000433
昔时,相逢,0.302896,2.345541,1,13,17,0.005635,0.007369,0.000433
不归,黄鹤,0.302896,2.345541,1,17,13,0.007369,0.005635,0.000433
千门,西山,0.302896,2.345541,1,17,13,0.007369,0.005635,0.000433
不归,蓬莱,0.302896,2.345541,1,17,13,0.007369,0.005635,0.000433
别离,苦辛,0.302896,2.345541,1,17,13,0.007369,0.005635,0.000433
人生,千门,0.302896,2.345541,1,13,17,0.005635,0.007369,0.000433
千门,同心,0.302896,2.345541,1,17,13,0.007369,0.005635,0.000433
人生,青门,0.302896,2.345541,1,13,17,0.005635,0.007369,0.000433
同心,青门,0.302896,2.345541,1,13,17,0.005635,0.007369,0.000433
同心,意气,0.302896,2.345541,1,13,17,0.005635,0.007369,0.000433
金谷,青门,0.302896,2.345541,1,13,17,0.005635,0.007369,0.000433
梅花,金谷,0.302896,2.345541,1,17,13,0.007369,0.005635,0.000433
意气,知己,0.302896,2.345541,1,17,13,0.007369,0.005635,0.000433
知己,青门,0.302896,2.345541,1,13,17,0.005635,0.007369,0.000433
梅花,知己,0.302896,2.345541,1,17,13,0.007369,0.005635,0.000433
意气,江南,0.302896,2.345541,1,17,13,0.007369,0.005635,0.000433
江南,青门,0.302896,2.345541,1,13,17,0.005635,0.007369,0.000433
梅花,江南,0.302896,2.345541,1,17,13,0.007369,0.005635,0.000433
年华,意气,0.302896,2.345541,1,13,17,0.005635,0.007369,0.000433
千门,年华,0.302896,2.345541,1,17,13,0.007369,0.005635,0.000433
别离,相送,0.302896,2.345541,1,17,13,0.007369,0.005635,0.000433
携手,西山,0.302896,2.345541,1,17,13,0.007369,0.005635,0.000433
别离,知己,0.302896,2.345541,1,17,13,0.007369,0.005635,0.000433
翠微,蓬莱,0.302896,2.345541,1,17,13,0.007369,0.005635,0.000433
昔时,梅花,0.302896,2.345541,1,13,17,0.005635,0.007369,0.000433
白露,窈窕,0.302704,2.134231,2,21,26,0.009103,0.01127,0.000867
少年,故人,0.302704,2.134231,2,14,39,0.006068,0.016905,0.000867
明月,相见,0.302704,2.134231,2,78,7,0.03381,0.003034,0.000867
白露,青山,0.302704,2.134231,2,21,26,0.009103,0.01127,0.000867
青山,风光,0.302704,2.134231,2,26,21,0.01127,0.009103,0.000867
百年,蛾眉,0.302704,2.134231,2,26,21,0.01127,0.009103,0.000867
参差,无限,0.302704,2.134231,2,39,14,0.016905,0.006068,0.000867
日暮,桃李,0.302371,2.009284,3,32,29,0.013871,0.01257,0.0013
山川,日月,0.302346,1.922138,4,50,27,0.021673,0.011704,0.001734
忆昔,杨柳,0.302313,2.341026,1,6,37,0.002601,0.016038,0.000433
杨柳,青草,0.302313,2.341026,1,37,6,0.016038,0.002601,0.000433
杨柳,羽翼,0.302313,2.341026,1,37,6,0.016038,0.002601,0.000433
今日,无穷,0.302047,2.007131,3,62,15,0.026875,0.006502,0.0013
光辉,芳菲,0.302047,2.007131,3,30,31,0.013004,0.013437,0.0013
古木,天子,0.301669,2.126932,2,10,55,0.004335,0.02384,0.000867
叹息,落日,0.301669,2.126932,2,25,22,0.010837,0.009536,0.000867
天子,江水,0.301669,2.126932,2,55,10,0.02384,0.004335,0.000867
千载,汉家,0.301669,2.126932,2,25,22,0.010837,0.009536,0.000867
天子,百花,0.301669,2.126932,2,55,10,0.02384,0.004335,0.000867
天子,萧条,0.301669,2.126932,2,55,10,0.02384,0.004335,0.000867
天子,昔日,0.301669,2.126932,2,55,10,0.02384,0.004335,0.000867
叹息,黄金,0.301669,2.126932,2,25,22,0.010837,0.009536,0.000867
天子,自言,0.301669,2.126932,2,55,10,0.02384,0.004335,0.000867
天子,经过,0.301669,2.126932,2,55,10,0.02384,0.004335,0.000867
叹息,闻道,0.301669,2.126932,2,25,22,0.010837,0.009536,0.000867
相识,逶迤,0.301155,2.332057,1,14,16,0.006068,0.006935,0.000433
思归,流水,0.301155,2.332057,1,8,28,0.003468,0.012137,0.000433
万年,玲珑,0.301155,2.332057,1,28,8,0.012137,0.003468,0.000433
万年,山路,0.301155,2.332057,1,28,8,0.012137,0.003468,0.000433
楼台,相望,0.301155,2.332057,1,14,16,0.006068,0.006935,0.000433
天下,朝廷,0.301155,2.332057,1,28,8,0.012137,0.003468,0.000433
相望,相识,0.301155,2.332057,1,16,14,0.006935,0.006068,0.000433
思君,淹留,0.301155,2.332057,1,16,14,0.006935,0.006068,0.000433
天下,山路,0.301155,2.332057,1,28,8,0.012137,0.003468,0.000433
千金,日夜,0.301155,2.332057,1,32,7,0.013871,0.003034,0.000433
山中,瑶池,0.301155,2.332057,1,14,16,0.006068,0.006935,0.000433
楼台,瑶池,0.301155,2.332057,1,14,16,0.006068,0.006935,0.000433
山河,瑶池,0.301155,2.332057,1,14,16,0.006068,0.006935,0.000433
万年,万物,0.301155,2.332057,1,28,8,0.012137,0.003468,0.000433
天下,笙歌,0.301155,2.332057,1,28,8,0.012137,0.003468,0.000433
山河,路长,0.301155,2.332057,1,14,16,0.006068,0.006935,0.000433
乔木,宁知,0.301155,2.332057,1,8,28,0.003468,0.012137,0.000433
春来,空馀,0.301155,2.332057,1,16,14,0.006935,0.006068,0.000433
东流,空馀,0.301155,2.332057,1,16,14,0.006935,0.006068,0.000433
北阙,春来,0.301155,2.332057,1,14,16,0.006068,0.006935,0.000433
山河,春来,0.301155,2.332057,1,14,16,0.006068,0.006935,0.000433
白头,青楼,0.301155,2.332057,1,16,14,0.006935,0.006068,0.000433
宁知,当时,0.301155,2.332057,1,28,8,0.012137,0.003468,0.000433
北阙,白头,0.301155,2.332057,1,14,16,0.006068,0.006935,0.000433
南宫,宁知,0.301155,2.332057,1,8,28,0.003468,0.012137,0.000433
少年,春来,0.301155,2.332057,1,14,16,0.006068,0.006935,0.000433
山中,春来,0.301155,2.332057,1,14,16,0.006068,0.006935,0.000433
尘埃,春来,0.301155,2.332057,1,14,16,0.006068,0.006935,0.000433
尘埃,御沟,0.301155,2.332057,1,14,16,0.006068,0.006935,0.000433
御沟,无限,0.301155,2.332057,1,16,14,0.006935,0.006068,0.000433
天上,莺啼,0.301155,2.332057,1,28,8,0.012137,0.003468,0.000433
君心,天上,0.301155,2.332057,1,8,28,0.003468,0.012137,0.000433
御沟,淹留,0.301155,2.332057,1,16,14,0.006935,0.006068,0.000433
山中,思君,0.301155,2.332057,1,14,16,0.006068,0.006935,0.000433
宁知,路难,0.301155,2.332057,1,28,8,0.012137,0.003468,0.000433
流水,路难,0.301155,2.332057,1,28,8,0.012137,0.003468,0.000433
宁知,山路,0.301155,2.332057,1,28,8,0.012137,0.003468,0.000433
山河,御沟,0.301155,2.332057,1,14,16,0.006068,0.006935,0.000433
万年,君心,0.301155,2.332057,1,28,8,0.012137,0.003468,0.000433
流水,颜色,0.301155,2.332057,1,28,8,0.012137,0.003468,0.000433
宁知,颜色,0.301155,2.332057,1,28,8,0.012137,0.003468,0.000433
尘埃,逶迤,0.301155,2.332057,1,14,16,0.006068,0.006935,0.000433
逶迤,马上,0.301155,2.332057,1,16,14,0.006935,0.006068,0.000433
万物,宁知,0.301155,2.332057,1,8,28,0.003468,0.012137,0.000433
单于,宁知,0.301155,2.332057,1,8,28,0.003468,0.012137,0.000433
宁知,昆仑,0.301155,2.332057,1,28,8,0.012137,0.003468,0.000433
宁知,蹉跎,0.301155,2.332057,1,28,8,0.012137,0.003468,0.000433
尘埃,瑶池,0.301155,2.332057,1,14,16,0.006068,0.006935,0.000433
单于,天下,0.301155,2.332057,1,8,28,0.003468,0.012137,0.000433
天下,须臾,0.301155,2.332057,1,28,8,0.012137,0.003468,0.000433
天下,昆仑,0.301155,2.332057,1,28,8,0.012137,0.003468,0.000433
瑶池,马上,0.301155,2.332057,1,16,14,0.006935,0.006068,0.000433
徘徊,瑶池,0.301155,2.332057,1,14,16,0.006068,0.006935,0.000433
徘徊,明年,0.301155,2.332057,1,14,16,0.006068,0.006935,0.000433
天上,笙歌,0.301155,2.332057,1,28,8,0.012137,0.003468,0.000433
徘徊,逶迤,0.301155,2.332057,1,14,16,0.006068,0.006935,0.000433
万年,行路,0.301155,2.332057,1,28,8,0.012137,0.003468,0.000433
咸阳,日暮,0.301155,2.332057,1,7,32,0.003034,0.013871,0.000433
千金,池上,0.301155,2.332057,1,32,7,0.013871,0.003034,0.000433
思君,无限,0.301155,2.332057,1,16,14,0.006935,0.006068,0.000433
河汉,流水,0.301155,2.332057,1,8,28,0.003468,0.012137,0.000433
功名,千金,0.301155,2.332057,1,7,32,0.003034,0.013871,0.000433
流水,走马,0.301155,2.332057,1,28,8,0.012137,0.003468,0.000433
桃花,洞庭,0.301154,2.123302,2,23,24,0.00997,0.010403,0.000867
君王,明主,0.301154,2.123302,2,24,23,0.010403,0.00997,0.000867
天地,美人,0.301154,2.123302,2,23,24,0.00997,0.010403,0.000867
明月,翡翠,0.301079,2.0007,3,78,12,0.03381,0.005202,0.0013
将军,花落,0.301079,2.0007,3,36,26,0.015605,0.01127,0.0013
游人,离别,0.30058,2.327603,1,15,15,0.006502,0.006502,0.000433
宛转,紫微,0.30058,2.327603,1,15,15,0.006502,0.006502,0.000433
人间,紫微,0.30058,2.327603,1,15,15,0.006502,0.006502,0.000433
人间,管弦,0.30058,2.327603,1,15,15,0.006502,0.006502,0.000433
无穷,楼上,0.30058,2.327603,1,15,15,0.006502,0.006502,0.000433
人间,楼上,0.30058,2.327603,1,15,15,0.006502,0.006502,0.000433
人间,无穷,0.30058,2.327603,1,15,15,0.006502,0.006502,0.000433
东山,楼上,0.30058,2.327603,1,15,15,0.006502,0.006502,0.000433
云间,人间,0.30058,2.327603,1,15,15,0.006502,0.006502,0.000433
君子,白首,0.30058,2.327603,1,15,15,0.006502,0.006502,0.000433
千载,干戈,0.30058,2.327603,1,25,9,0.010837,0.003901,0.000433
千载,双飞,0.30058,2.327603,1,25,9,0.010837,0.003901,0.000433
千载,寂寥,0.30058,2.327603,1,25,9,0.010837,0.003901,0.000433
叹息,鱼龙,0.30058,2.327603,1,25,9,0.010837,0.003901,0.000433
芳树,鱼龙,0.30058,2.327603,1,25,9,0.010837,0.003901,0.000433
花开,闲居,0.30058,2.327603,1,25,9,0.010837,0.003901,0.000433
千载,草木,0.30058,2.327603,1,25,9,0.010837,0.003901,0.000433
花开,鱼龙,0.30058,2.327603,1,25,9,0.010837,0.003901,0.000433
人家,平生,0.30058,2.327603,1,5,45,0.002167,0.019506,0.000433
千载,生死,0.30058,2.327603,1,25,9,0.010837,0.003901,0.000433
叹息,生死,0.30058,2.327603,1,25,9,0.010837,0.003901,0.000433
平生,潇湘,0.30058,2.327603,1,45,5,0.019506,0.002167,0.000433
平生,自古,0.30058,2.327603,1,45,5,0.019506,0.002167,0.000433
平生,衣裳,0.30058,2.327603,1,45,5,0.019506,0.002167,0.000433
千载,怅望,0.30058,2.327603,1,25,9,0.010837,0.003901,0.000433
叹息,怅望,0.30058,2.327603,1,25,9,0.010837,0.003901,0.000433
世上,平生,0.30058,2.327603,1,5,45,0.002167,0.019506,0.000433
平生,旧游,0.30058,2.327603,1,45,5,0.019506,0.002167,0.000433
凉风,千载,0.30058,2.327603,1,9,25,0.003901,0.010837,0.000433
叹息,高秋,0.30058,2.327603,1,25,9,0.010837,0.003901,0.000433
明日,芳树,0.30058,2.327603,1,9,25,0.003901,0.010837,0.000433
杨柳,楼上,0.300385,2.117882,2,37,15,0.016038,0.006502,0.000867
